event	left_node	right_node	left_date	right_date	midpoint_date	left_date_lower	left_date_upper	right_date_lower	right_date_upper	midpoint_date_all
spe	1094	1048	3784.185	3607.975	3696.08	4116.28	3452.09	3913.75	3302.2	3709.24
spe	1048	278	3607.975	3314.9	3461.4375	3913.75	3302.2	3672.04	2957.76	3435.755
los	278	262	3314.9	3036.86	3175.88	3672.04	2957.76	3353.57	2720.15	3196.095
hgt	None	dead	0.0	0.0	0.0	0.0	0.0	0.0	0.0	0.0
hgt	241	GCA.002841695.1.Bacteria.Elusimicrobiota	1455.26	0.0	727.63	1697.59	1212.93	0.0	0.0	848.795
los	None	dead	0.0	0.0	0.0	0.0	0.0	0.0	0.0	0.0
spe	278	277	3314.9	2637.64	2976.27	3672.04	2957.76	3154.64	2120.64	2896.34
los	277	276	2637.64	2570.7	2604.17	3154.64	2120.64	3089.06	2052.34	2603.49
hgt	None	dead	0.0	0.0	0.0	0.0	0.0	0.0	0.0	0.0
spe	277	267	2637.64	2213.055	2425.3475	3154.64	2120.64	2749.04	1677.07	2415.855
los	267	265	2213.055	1568.825	1890.94	2749.04	1677.07	2039.56	1098.09	1923.565
hgt	220	GCA.003451585.1.Bacteria.Omnitrophota	1229.222	0.0	614.611	1461.7	996.744	0.0	0.0	730.85
hgt	489	GCA.002701885.1.Bacteria.Proteobacteria	1316.195	0.0	658.0975	1571.14	1061.25	0.0	0.0	785.57
los	None	dead	0.0	0.0	0.0	0.0	0.0	0.0	0.0	0.0
spe	1048	1047	3607.975	3589.185	3598.58	3913.75	3302.2	3892.18	3286.19	3599.97
spe	1047	365	3589.185	3304.24	3446.7125	3892.18	3286.19	3615.9	2992.58	3442.38
los	365	GCA.001730085.1.Bacteria.GCA.001730085	3304.24	0.0	1652.12	3615.9	2992.58	0.0	0.0	1807.95
spe	365	364	3304.24	3193.95	3249.095	3615.9	2992.58	3504.98	2882.92	3249.41
hgt	None	dead	0.0	0.0	0.0	0.0	0.0	0.0	0.0	0.0
hgt	380	GCF.000758165.1.Bacteria.Spirochaetota	1262.3525	0.0	631.17625	1540.38	984.325	0.0	0.0	770.19
los	None	dead	0.0	0.0	0.0	0.0	0.0	0.0	0.0	0.0
hgt	None	dead	0.0	0.0	0.0	0.0	0.0	0.0	0.0	0.0
hgt	955	GCF.001280305.1.Bacteria.Bacteroidota	1277.41	0.0	638.705	1498.37	1056.45	0.0	0.0	749.185
los	None	dead	0.0	0.0	0.0	0.0	0.0	0.0	0.0	0.0
hgt	None	dead	0.0	0.0	0.0	0.0	0.0	0.0	0.0	0.0
hgt	979	GCA.002763895.1.Bacteria.Bacteroidota	1531.79	0.0	765.895	1752.93	1310.65	0.0	0.0	876.465
los	None	dead	0.0	0.0	0.0	0.0	0.0	0.0	0.0	0.0
hgt	None	dead	0.0	0.0	0.0	0.0	0.0	0.0	0.0	0.0
hgt	None	dead	0.0	0.0	0.0	0.0	0.0	0.0	0.0	0.0
hgt	155	GCA.000315625.1.Eukaryota.Cryptophyceae	1215.125	0.0	607.5625	1418.96	1011.29	0.0	0.0	709.48
los	None	dead	0.0	0.0	0.0	0.0	0.0	0.0	0.0	0.0
hgt	None	dead	0.0	0.0	0.0	0.0	0.0	0.0	0.0	0.0
hgt	588	587	1773.33	1495.94	1634.635	1953.51	1593.15	1691.37	1300.51	1627.01
los	None	dead	0.0	0.0	0.0	0.0	0.0	0.0	0.0	0.0
spe	588	587	1773.33	1495.94	1634.635	1953.51	1593.15	1691.37	1300.51	1627.01
spe	587	586	1495.94	1375.33	1435.635	1691.37	1300.51	1584.13	1166.53	1428.95
los	586	GCA.003228965.1.Bacteria.Proteobacteria	1375.33	0.0	687.665	1584.13	1166.53	0.0	0.0	792.065
spe	586	585	1375.33	1166.9135	1271.12175	1584.13	1166.53	1423.99	909.837	1246.9835
los	585	GCA.002688175.1.Bacteria.Proteobacteria	1166.9135	0.0	583.45675	1423.99	909.837	0.0	0.0	711.995
spe	587	581	1495.94	1344.875	1420.4075	1691.37	1300.51	1554.57	1135.18	1413.275
los	581	GCA.002868855.1.Bacteria.Proteobacteria	1344.875	0.0	672.4375	1554.57	1135.18	0.0	0.0	777.285
spe	581	579	1344.875	1079.9275	1212.40125	1554.57	1135.18	1322.47	837.385	1195.9775
hgt	536	GCF.002940605.1.Bacteria.Proteobacteria	1675.53	0.0	837.765	2101.36	1249.7	0.0	0.0	1050.68
hgt	None	dead	0.0	0.0	0.0	0.0	0.0	0.0	0.0	0.0
hgt	403	GCF.900177345.1.Bacteria.Proteobacteria	2061.575	0.0	1030.7875	2630.37	1492.78	0.0	0.0	1315.185
los	None	dead	0.0	0.0	0.0	0.0	0.0	0.0	0.0	0.0
hgt	1722	1721	3050.45	2916.245	2983.3475	3307.1	2793.8	3154.47	2678.02	2992.56
spe	364	363	3193.95	2735.485	2964.7175	3504.98	2882.92	3024.57	2446.4	2975.69
los	363	362	2735.485	2549.525	2642.505	3024.57	2446.4	2821.39	2277.66	2651.115
spe	363	321	2735.485	2381.485	2558.485	3024.57	2446.4	2804.33	1958.64	2491.605
los	321	GCA.003136555.1.Bacteria.Planctomycetota	2381.485	0.0	1190.7425	2804.33	1958.64	0.0	0.0	1402.165
hgt	None	dead	0.0	0.0	0.0	0.0	0.0	0.0	0.0	0.0
spe	321	320	2381.485	2045.545	2213.515	2804.33	1958.64	2538.07	1553.02	2178.675
los	320	GCA.003245715.1.Bacteria.Planctomycetota	2045.545	0.0	1022.7725	2538.07	1553.02	0.0	0.0	1269.035
hgt	588	587	1773.33	1495.94	1634.635	1953.51	1593.15	1691.37	1300.51	1627.01
los	None	dead	0.0	0.0	0.0	0.0	0.0	0.0	0.0	0.0
spe	588	587	1773.33	1495.94	1634.635	1953.51	1593.15	1691.37	1300.51	1627.01
spe	587	581	1495.94	1344.875	1420.4075	1691.37	1300.51	1554.57	1135.18	1413.275
los	581	579	1344.875	1079.9275	1212.40125	1554.57	1135.18	1322.47	837.385	1195.9775
spe	587	586	1495.94	1375.33	1435.635	1691.37	1300.51	1584.13	1166.53	1428.95
los	586	GCA.003228965.1.Bacteria.Proteobacteria	1375.33	0.0	687.665	1584.13	1166.53	0.0	0.0	792.065
spe	586	585	1375.33	1166.9135	1271.12175	1584.13	1166.53	1423.99	909.837	1246.9835
los	585	GCA.002338605.1.Bacteria.Proteobacteria	1166.9135	0.0	583.45675	1423.99	909.837	0.0	0.0	711.995
spe	1722	1721	3050.45	2916.245	2983.3475	3307.1	2793.8	3154.47	2678.02	2992.56
spe	1721	1720	2916.245	2510.455	2713.35	3154.47	2678.02	2678.67	2342.24	2748.355
los	1720	GCF.000484535.1.Bacteria.Cyanobacteria	2510.455	0.0	1255.2275	2678.67	2342.24	0.0	0.0	1339.335
spe	1720	1719	2510.455	2371.88	2441.1675	2678.67	2342.24	2533.31	2210.45	2444.56
spe	1719	1718	2371.88	2232.24	2302.06	2533.31	2210.45	2378.44	2086.04	2309.675
los	1718	1704	2232.24	2105.22	2168.73	2378.44	2086.04	2238.26	1972.18	2175.31
spe	1718	1717	2232.24	2064.395	2148.3175	2378.44	2086.04	2238.25	1890.54	2134.49
los	1717	1716	2064.395	1811.985	1938.19	2238.25	1890.54	1996.42	1627.55	1932.9
spe	1721	1667	2916.245	2112.65	2514.4475	3154.47	2678.02	2842.8	1382.5	2268.485
hgt	None	dead	0.0	0.0	0.0	0.0	0.0	0.0	0.0	0.0
los	1667	GCA.003503675.1.Bacteria.Cyanobacteria	2112.65	0.0	1056.325	2842.8	1382.5	0.0	0.0	1421.4
hgt	270	GCA.002746185.1.Bacteria.Hydrogenedentota	2158.53	0.0	1079.265	2761.11	1555.95	0.0	0.0	1380.555
los	None	dead	0.0	0.0	0.0	0.0	0.0	0.0	0.0	0.0
hgt	303	GCA.003477185.1.Bacteria.Verrucomicrobiota	1506.615	0.0	753.3075	1786.55	1226.68	0.0	0.0	893.275
hgt	778	GCA.002715375.1.Bacteria.Bdellovibrionota	1459.395	0.0	729.6975	1758.75	1160.04	0.0	0.0	879.375
los	None	dead	0.0	0.0	0.0	0.0	0.0	0.0	0.0	0.0
spe	364	316	3193.95	2939.28	3066.615	3504.98	2882.92	3260.47	2618.09	3061.535
los	316	315	2939.28	2704.015	2821.6475	3260.47	2618.09	3094.62	2313.41	2786.94
spe	316	308	2939.28	2482.645	2710.9625	3260.47	2618.09	2786.12	2179.17	2719.82
spe	308	307	2482.645	2342.65	2412.6475	2786.12	2179.17	2645.8	2039.5	2412.81
los	307	306	2342.65	1842.35	2092.5	2645.8	2039.5	2147.78	1536.92	2091.36
spe	307	297	2342.65	1989.305	2165.9775	2645.8	2039.5	2332.71	1645.9	2145.85
los	297	296	1989.305	1450.325	1719.815	2332.71	1645.9	1813.73	1086.92	1709.815
spe	297	293	1989.305	1595.865	1792.585	2332.71	1645.9	2014.86	1176.87	1754.79
los	293	GCA.003246265.1.Bacteria.Verrucomicrobiota	1595.865	0.0	797.9325	2014.86	1176.87	0.0	0.0	1007.43
spe	308	290	2482.645	2065.88	2274.2625	2786.12	2179.17	2380.72	1751.04	2268.58
los	290	284	2065.88	1696.525	1881.2025	2380.72	1751.04	2015.71	1377.34	1879.03
spe	290	289	2065.88	1846.505	1956.1925	2380.72	1751.04	2175.31	1517.7	1949.21
los	289	GCA.002708005.1.Bacteria.Verrucomicrobiota	1846.505	0.0	923.2525	2175.31	1517.7	0.0	0.0	1087.655
spe	289	288	1846.505	1496.535	1671.52	2175.31	1517.7	1838.77	1154.3	1664.805
los	288	GCA.002382525.1.Bacteria.Verrucomicrobiota	1496.535	0.0	748.2675	1838.77	1154.3	0.0	0.0	919.385
spe	1047	1046	3589.185	3513.075	3551.13	3892.18	3286.19	3806.64	3219.51	3555.845
spe	1046	1045	3513.075	3138.485	3325.78	3806.64	3219.51	3454.21	2822.76	3314.7
los	1045	921	3138.485	2815.65	2977.0675	3454.21	2822.76	3203.24	2428.06	2941.135
spe	1045	1044	3138.485	2889.865	3014.175	3454.21	2822.76	3174.72	2605.01	3029.61
los	1044	936	2889.865	2638.5	2764.1825	3174.72	2605.01	2969.51	2307.49	2741.105
spe	1044	1043	2889.865	2806.545	2848.205	3174.72	2605.01	3085.33	2527.76	2851.24
spe	1043	1042	2806.545	2551.86	2679.2025	3085.33	2527.76	2892.03	2211.69	2648.51
los	1042	1041	2551.86	2350.395	2451.1275	2892.03	2211.69	2705.43	1995.36	2443.695
spe	1042	1022	2551.86	2284.79	2418.325	2892.03	2211.69	2645.56	1924.02	2408.025
los	1022	1021	2284.79	1900.685	2092.7375	2645.56	1924.02	2296.58	1504.79	2075.175
hgt	None	dead	0.0	0.0	0.0	0.0	0.0	0.0	0.0	0.0
spe	1022	1016	2284.79	2032.895	2158.8425	2645.56	1924.02	2432.67	1633.12	2139.34
los	1016	1015	2032.895	1675.44	1854.1675	2432.67	1633.12	2099.78	1251.1	1841.885
hgt	265	GCA.003290465.1.Bacteria.Sumerlaeota	1568.825	0.0	784.4125	2039.56	1098.09	0.0	0.0	1019.78
los	None	dead	0.0	0.0	0.0	0.0	0.0	0.0	0.0	0.0
spe	1043	1011	2806.545	2645.585	2726.065	3085.33	2527.76	2910.16	2381.01	2733.17
los	1011	1010	2645.585	2376.435	2511.01	2910.16	2381.01	2685.42	2067.45	2488.805
spe	1011	997	2645.585	2454.92	2550.2525	2910.16	2381.01	2702.48	2207.36	2558.76
hgt	None	dead	0.0	0.0	0.0	0.0	0.0	0.0	0.0	0.0
spe	997	996	2454.92	2366.93	2410.925	2702.48	2207.36	2607.93	2125.93	2414.205
spe	996	995	2366.93	1991.73	2179.33	2607.93	2125.93	2330.77	1652.69	2130.31
los	995	989	1991.73	1691.135	1841.4325	2330.77	1652.69	2043.3	1338.97	1834.87
spe	995	994	1991.73	1793.76	1892.745	2330.77	1652.69	2154.86	1432.66	1881.715
spe	994	992	1793.76	1458.26	1626.01	2154.86	1432.66	1829.68	1086.84	1620.85
los	992	GCA.002049825.1.Bacteria.Calditrichota	1458.26	0.0	729.13	1829.68	1086.84	0.0	0.0	914.84
hgt	1008	GCA.000447245.1.Bacteria.Zixibacteria	1720.66	0.0	860.33	2040.66	1400.66	0.0	0.0	1020.33
hgt	136	GCA.000375685.1.Archaea.Thermoproteota	2026.55	0.0	1013.275	2277.08	1776.02	0.0	0.0	1138.54
los	994	GCA.001304035.1.Bacteria.SM23.31	1793.76	0.0	896.88	2154.86	1432.66	0.0	0.0	1077.43
hgt	769	768	1816.45	1657.32	1736.885	2071.96	1560.94	1909.7	1404.94	1738.45
hgt	None	dead	0.0	0.0	0.0	0.0	0.0	0.0	0.0	0.0
hgt	227	GCA.001804315.1.Bacteria.Omnitrophota	2241.54	0.0	1120.77	2512.64	1970.44	0.0	0.0	1256.32
hgt	220	GCA.001805375.1.Bacteria.Omnitrophota	1229.222	0.0	614.611	1461.7	996.744	0.0	0.0	730.85
los	None	dead	0.0	0.0	0.0	0.0	0.0	0.0	0.0	0.0
dup	769	768	1816.45	1657.32	1736.885	2071.96	1560.94	1909.7	1404.94	1738.45
spe	769	768	1816.45	1657.32	1736.885	2071.96	1560.94	1909.7	1404.94	1738.45
los	768	GCA.001798715.1.Bacteria.UBA10199	1657.32	0.0	828.66	1909.7	1404.94	0.0	0.0	954.85
spe	768	767	1657.32	1475.25	1566.285	1909.7	1404.94	1721.88	1228.62	1569.16
los	767	766	1475.25	1283.665	1379.4575	1721.88	1228.62	1510.4	1056.93	1389.405
spe	769	768	1816.45	1657.32	1736.885	2071.96	1560.94	1909.7	1404.94	1738.45
spe	768	767	1657.32	1475.25	1566.285	1909.7	1404.94	1721.88	1228.62	1569.16
los	767	GCA.002796325.1.Bacteria.UBA10199	1475.25	0.0	737.625	1721.88	1228.62	0.0	0.0	860.94
spe	767	766	1475.25	1283.665	1379.4575	1721.88	1228.62	1510.4	1056.93	1389.405
dup	1008	GCA.000447245.1.Bacteria.Zixibacteria	1720.66	0.0	860.33	2040.66	1400.66	0.0	0.0	1020.33
hgt	None	dead	0.0	0.0	0.0	0.0	0.0	0.0	0.0	0.0
hgt	1087	GCA.001778455.1.Bacteria.Bipolaricaulota	1366.82	0.0	683.41	1685.2	1048.44	0.0	0.0	842.6
los	None	dead	0.0	0.0	0.0	0.0	0.0	0.0	0.0	0.0
spe	996	984	2366.93	2294.155	2330.5425	2607.93	2125.93	2535.67	2052.64	2330.285
los	984	950	2294.155	1841.045	2067.6	2535.67	2052.64	2118.54	1563.55	2049.61
hgt	None	dead	0.0	0.0	0.0	0.0	0.0	0.0	0.0	0.0
hgt	1020	GCA.003235575.1.Bacteria.Eisenbacteria	1410.39	0.0	705.195	1757.86	1062.92	0.0	0.0	878.93
los	None	dead	0.0	0.0	0.0	0.0	0.0	0.0	0.0	0.0
spe	984	983	2294.155	2135.355	2214.755	2535.67	2052.64	2367.02	1903.69	2219.68
spe	983	982	2135.355	1900.265	2017.81	2367.02	1903.69	2132.12	1668.41	2017.715
hgt	None	dead	0.0	0.0	0.0	0.0	0.0	0.0	0.0	0.0
hgt	1078	GCA.002898315.1.Bacteria.Calescibacterota	1701.455	0.0	850.7275	2026.85	1376.06	0.0	0.0	1013.425
los	None	dead	0.0	0.0	0.0	0.0	0.0	0.0	0.0	0.0
hgt	1082	GCA.002011615.1.Bacteria.WOR.3	2433.75	0.0	1216.875	2808.36	2059.14	0.0	0.0	1404.18
hgt	None	dead	0.0	0.0	0.0	0.0	0.0	0.0	0.0	0.0
los	982	981	1900.265	1779.97	1840.1175	2132.12	1668.41	2005.01	1554.93	1843.525
hgt	926	GCA.001780825.1.Bacteria.Gemmatimonadota	2022.635	0.0	1011.3175	2505.85	1539.42	0.0	0.0	1252.925
hgt	270	GCA.001567115.1.Bacteria.OLB16	2158.53	0.0	1079.265	2761.11	1555.95	0.0	0.0	1380.555
hgt	1663	GCA.001464165.1.Bacteria.Cyanobacteria	1748.05	0.0	874.025	2269.88	1226.22	0.0	0.0	1134.94
los	None	dead	0.0	0.0	0.0	0.0	0.0	0.0	0.0	0.0
hgt	551	GCA.002699105.1.Bacteria.Bacteroidota	1067.6595	0.0	533.82975	1372.61	762.709	0.0	0.0	686.305
spe	983	967	2135.355	1879.385	2007.37	2367.02	1903.69	2109.43	1649.34	2008.18
hgt	None	dead	0.0	0.0	0.0	0.0	0.0	0.0	0.0	0.0
los	967	GCF.000013045.1.Bacteria.Bacteroidota	1879.385	0.0	939.6925	2109.43	1649.34	0.0	0.0	1054.715
hgt	769	GCA.001798135.1.Bacteria.UBA10199	1816.45	0.0	908.225	2071.96	1560.94	0.0	0.0	1035.98
hgt	811	GCA.002728755.1.Bacteria.Myxococcota	1313.225	0.0	656.6125	1553.88	1072.57	0.0	0.0	776.94
los	None	dead	0.0	0.0	0.0	0.0	0.0	0.0	0.0	0.0
spe	967	966	1879.385	1606.29	1742.8375	2109.43	1649.34	1831.14	1381.44	1745.435
spe	966	965	1606.29	1429.675	1517.9825	1831.14	1381.44	1647.7	1211.65	1521.395
spe	965	955	1429.675	1277.41	1353.5425	1647.7	1211.65	1498.37	1056.45	1352.075
los	955	GCF.001280305.1.Bacteria.Bacteroidota	1277.41	0.0	638.705	1498.37	1056.45	0.0	0.0	749.185
spe	965	964	1429.675	1306.425	1368.05	1647.7	1211.65	1524.94	1087.91	1367.805
los	964	GCA.002483345.1.Bacteria.Bacteroidota	1306.425	0.0	653.2125	1524.94	1087.91	0.0	0.0	762.47
spe	964	963	1306.425	1185.7715	1246.09825	1524.94	1087.91	1421.9	949.643	1237.2915
los	963	GCF.900116225.1.Bacteria.Bacteroidota	1185.7715	0.0	592.88575	1421.9	949.643	0.0	0.0	710.95
spe	963	962	1185.7715	1034.2525	1110.012	1421.9	949.643	1289.8	778.705	1100.3025
los	962	GCA.002455375.1.Bacteria.Bacteroidota	1034.2525	0.0	517.12625	1289.8	778.705	0.0	0.0	644.9
spe	962	961	1034.2525	860.4425	947.3475	1289.8	778.705	1138.96	581.925	935.8625
los	961	GCF.900489485.1.Bacteria.Bacteroidota	860.4425	0.0	430.22125	1138.96	581.925	0.0	0.0	569.48
hgt	None	dead	0.0	0.0	0.0	0.0	0.0	0.0	0.0	0.0
hgt	374	GCF.000266885.1.Bacteria.Spirochaetota	1504.65	0.0	752.325	1879.98	1129.32	0.0	0.0	939.99
hgt	386	GCA.002450905.1.Bacteria.Spirochaetota	1753.72	0.0	876.86	2160.86	1346.58	0.0	0.0	1080.43
los	None	dead	0.0	0.0	0.0	0.0	0.0	0.0	0.0	0.0
hgt	536	GCF.900111015.1.Bacteria.Proteobacteria	1675.53	0.0	837.765	2101.36	1249.7	0.0	0.0	1050.68
hgt	356	GCA.001303885.1.Bacteria.Planctomycetota	1629.915	0.0	814.9575	2024.86	1234.97	0.0	0.0	1012.43
los	None	dead	0.0	0.0	0.0	0.0	0.0	0.0	0.0	0.0
spe	997	941	2454.92	2102.37	2278.645	2702.48	2207.36	2487.46	1717.28	2209.88
los	941	GCA.003477045.1.Bacteria.Delongbacteria	2102.37	0.0	1051.185	2487.46	1717.28	0.0	0.0	1243.73
hgt	None	dead	0.0	0.0	0.0	0.0	0.0	0.0	0.0	0.0
hgt	892	GCA.001873295.1.Bacteria.CG2.30.70.394	1770.59	0.0	885.295	2290.19	1250.99	0.0	0.0	1145.095
los	None	dead	0.0	0.0	0.0	0.0	0.0	0.0	0.0	0.0
spe	941	940	2102.37	1607.495	1854.9325	2487.46	1717.28	2043.23	1171.76	1829.61
los	940	GCA.002127415.1.Bacteria.AABM5.125.24	1607.495	0.0	803.7475	2043.23	1171.76	0.0	0.0	1021.615
hgt	None	dead	0.0	0.0	0.0	0.0	0.0	0.0	0.0	0.0
hgt	698	697	1837.19	1624.47	1730.83	2057.82	1616.56	1840.22	1408.72	1733.27
los	None	dead	0.0	0.0	0.0	0.0	0.0	0.0	0.0	0.0
spe	698	697	1837.19	1624.47	1730.83	2057.82	1616.56	1840.22	1408.72	1733.27
spe	697	696	1624.47	1431.49	1527.98	1840.22	1408.72	1637.29	1225.69	1532.955
hgt	686	684	1587.93	1233.956	1410.943	1852.98	1322.88	1519.9	948.012	1400.496
spe	696	695	1431.49	1326.405	1378.9475	1637.29	1225.69	1521.67	1131.14	1384.215
spe	695	694	1326.405	1256.385	1291.395	1521.67	1131.14	1449.85	1062.92	1292.295
hgt	1109	GCA.002898895.1.Bacteria.Armatimonadota	1709.425	0.0	854.7125	2037.53	1381.32	0.0	0.0	1018.765
dup	694	GCA.001767075.1.Bacteria.Acidobacteriota	1256.385	0.0	628.1925	1449.85	1062.92	0.0	0.0	724.925
spe	694	692	1256.385	1113.508	1184.9465	1449.85	1062.92	1334.67	892.346	1171.098
hgt	376	GCA.002418835.1.Bacteria.Spirochaetota	1994.345	0.0	997.1725	2379.5	1609.19	0.0	0.0	1189.75
spe	686	684	1587.93	1233.956	1410.943	1852.98	1322.88	1519.9	948.012	1400.496
hgt	None	dead	0.0	0.0	0.0	0.0	0.0	0.0	0.0	0.0
hgt	1167	GCA.002413185.1.Bacteria.Actinobacteriota	1838.915	0.0	919.4575	2077.7	1600.13	0.0	0.0	1038.85
los	None	dead	0.0	0.0	0.0	0.0	0.0	0.0	0.0	0.0
hgt	None	dead	0.0	0.0	0.0	0.0	0.0	0.0	0.0	0.0
hgt	None	dead	0.0	0.0	0.0	0.0	0.0	0.0	0.0	0.0
hgt	1474	1473	2094.15	1294.4735	1694.31175	2398.35	1789.95	1671.97	916.977	1657.6635
hgt	328	GCF.002277955.1.Bacteria.Planctomycetota	1867.775	0.0	933.8875	2192.2	1543.35	0.0	0.0	1096.1
hgt	570	GCA.002255365.1.Bacteria.Proteobacteria	1535.435	0.0	767.7175	1809.94	1260.93	0.0	0.0	904.97
hgt	791	GCA.002898795.1.Bacteria.Desulfobacterota.B	1228.3465	0.0	614.17325	1482.5	974.193	0.0	0.0	741.25
los	None	dead	0.0	0.0	0.0	0.0	0.0	0.0	0.0	0.0
spe	1474	1473	2094.15	1294.4735	1694.31175	2398.35	1789.95	1671.97	916.977	1657.6635
hgt	1178	1177	1434.165	1221.364	1327.7645	1689.01	1179.32	1491.65	951.078	1320.044
spe	1178	1177	1434.165	1221.364	1327.7645	1689.01	1179.32	1491.65	951.078	1320.044
dup	1177	GCA.003138355.1.Bacteria.Actinobacteriota	1221.364	0.0	610.682	1491.65	951.078	0.0	0.0	745.825
hgt	210	GCA.002796105.1.Bacteria.Omnitrophota	1576.255	0.0	788.1275	1897.25	1255.26	0.0	0.0	948.625
hgt	1233	GCA.002291985.1.Bacteria.Firmicutes.E	1196.4	0.0	598.2	1500.76	892.04	0.0	0.0	750.38
spe	1046	902	3513.075	3405.845	3459.46	3806.64	3219.51	3689.17	3122.52	3464.58
spe	902	390	3405.845	3029.745	3217.795	3689.17	3122.52	3379.02	2680.47	3184.82
hgt	None	dead	0.0	0.0	0.0	0.0	0.0	0.0	0.0	0.0
los	390	389	3029.745	2648.15	2838.9475	3379.02	2680.47	2985.91	2310.39	2844.705
hgt	1235	GCA.002376005.1.Bacteria.Firmicutes.E	1667.965	0.0	833.9825	1952.79	1383.14	0.0	0.0	976.395
los	None	dead	0.0	0.0	0.0	0.0	0.0	0.0	0.0	0.0
hgt	None	dead	0.0	0.0	0.0	0.0	0.0	0.0	0.0	0.0
hgt	873	GCA.002011835.1.Bacteria.Desulfobacterota	1600.675	0.0	800.3375	1876.83	1324.52	0.0	0.0	938.415
hgt	159	GCF.000091205.1.Eukaryota.Rhodophyta	1084.09	0.0	542.045	1117.61	1050.57	0.0	0.0	558.805
los	None	dead	0.0	0.0	0.0	0.0	0.0	0.0	0.0	0.0
dup	902	901	3405.845	3300.53	3353.1875	3689.17	3122.52	3575.42	3025.64	3357.405
hgt	None	dead	0.0	0.0	0.0	0.0	0.0	0.0	0.0	0.0
hgt	220	GCA.001805375.1.Bacteria.Omnitrophota	1229.222	0.0	614.611	1461.7	996.744	0.0	0.0	730.85
los	None	dead	0.0	0.0	0.0	0.0	0.0	0.0	0.0	0.0
hgt	None	dead	0.0	0.0	0.0	0.0	0.0	0.0	0.0	0.0
hgt	None	dead	0.0	0.0	0.0	0.0	0.0	0.0	0.0	0.0
hgt	825	GCA.002344285.1.Bacteria.Myxococcota	1134.553	0.0	567.2765	1400.01	869.096	0.0	0.0	700.005
hgt	812	GCA.002863065.1.Bacteria.Myxococcota	1516.905	0.0	758.4525	1751.13	1282.68	0.0	0.0	875.565
hgt	1029	GCA.001777915.1.Bacteria.Edwardsbacteria	1661.26	0.0	830.63	2081.07	1241.45	0.0	0.0	1040.535
hgt	1004	GCA.001775395.1.Bacteria.Zixibacteria	1319.595	0.0	659.7975	1615.1	1024.09	0.0	0.0	807.55
los	None	dead	0.0	0.0	0.0	0.0	0.0	0.0	0.0	0.0
hgt	706	GCA.002327305.1.Bacteria.Acidobacteriota	1682.815	0.0	841.4075	1951.22	1414.41	0.0	0.0	975.61
hgt	None	dead	0.0	0.0	0.0	0.0	0.0	0.0	0.0	0.0
hgt	1187	1186	2676.31	2550.565	2613.4375	2970.95	2381.67	2828.93	2272.2	2621.575
los	None	dead	0.0	0.0	0.0	0.0	0.0	0.0	0.0	0.0
spe	1187	1186	2676.31	2550.565	2613.4375	2970.95	2381.67	2828.93	2272.2	2621.575
hgt	None	dead	0.0	0.0	0.0	0.0	0.0	0.0	0.0	0.0
hgt	1143	1141	1606.47	1323.465	1464.9675	1865.47	1347.47	1574.65	1072.28	1468.875
los	None	dead	0.0	0.0	0.0	0.0	0.0	0.0	0.0	0.0
dup	1143	1141	1606.47	1323.465	1464.9675	1865.47	1347.47	1574.65	1072.28	1468.875
spe	1143	1141	1606.47	1323.465	1464.9675	1865.47	1347.47	1574.65	1072.28	1468.875
los	1141	GCA.003140175.1.Bacteria.Actinobacteriota	1323.465	0.0	661.7325	1574.65	1072.28	0.0	0.0	787.325
spe	1141	1140	1323.465	1082.515	1202.99	1574.65	1072.28	1376.91	788.12	1181.385
los	1140	GCA.003162395.1.Bacteria.Actinobacteriota	1082.515	0.0	541.2575	1376.91	788.12	0.0	0.0	688.455
spe	1143	1141	1606.47	1323.465	1464.9675	1865.47	1347.47	1574.65	1072.28	1468.875
spe	1141	1140	1323.465	1082.515	1202.99	1574.65	1072.28	1376.91	788.12	1181.385
los	1140	GCA.002722565.1.Bacteria.Actinobacteriota	1082.515	0.0	541.2575	1376.91	788.12	0.0	0.0	688.455
spe	1186	1136	2550.565	1777.3	2163.9325	2828.93	2272.2	2350.53	1204.07	2016.5
los	1136	GCA.001768645.1.Bacteria.Actinobacteriota	1777.3	0.0	888.65	2350.53	1204.07	0.0	0.0	1175.265
hgt	None	dead	0.0	0.0	0.0	0.0	0.0	0.0	0.0	0.0
hgt	1221	GCA.002375895.1.Bacteria.Firmicutes.E	1546.995	0.0	773.4975	1982.53	1111.46	0.0	0.0	991.265
los	None	dead	0.0	0.0	0.0	0.0	0.0	0.0	0.0	0.0
hgt	None	dead	0.0	0.0	0.0	0.0	0.0	0.0	0.0	0.0
hgt	702	GCA.003223635.1.Bacteria.Acidobacteriota	1226.544	0.0	613.272	1494.48	958.608	0.0	0.0	747.24
los	None	dead	0.0	0.0	0.0	0.0	0.0	0.0	0.0	0.0
hgt	None	dead	0.0	0.0	0.0	0.0	0.0	0.0	0.0	0.0
hgt	1292	GCF.000024605.1.Bacteria.Firmicutes.B	1516.66	0.0	758.33	1936.55	1096.77	0.0	0.0	968.275
los	None	dead	0.0	0.0	0.0	0.0	0.0	0.0	0.0	0.0
hgt	None	dead	0.0	0.0	0.0	0.0	0.0	0.0	0.0	0.0
hgt	733	GCA.003235715.1.Bacteria.Nitrospirota	1467.515	0.0	733.7575	1757.8	1177.23	0.0	0.0	878.9
hgt	1467	GCA.002292925.1.Bacteria.Chloroflexota	1431.56	0.0	715.78	1750.93	1112.19	0.0	0.0	875.465
los	None	dead	0.0	0.0	0.0	0.0	0.0	0.0	0.0	0.0
spe	1186	1185	2550.565	2405.805	2478.185	2828.93	2272.2	2675.17	2136.44	2482.685
spe	1185	1169	2405.805	2113.35	2259.5775	2675.17	2136.44	2359.96	1866.74	2270.955
spe	1169	1145	2113.35	1788.28	1950.815	2359.96	1866.74	2061.89	1514.67	1937.315
los	1145	GCA.001767695.1.Bacteria.Actinobacteriota	1788.28	0.0	894.14	2061.89	1514.67	0.0	0.0	1030.945
spe	1145	1143	1788.28	1606.47	1697.375	2061.89	1514.67	1865.47	1347.47	1704.68
los	1143	1141	1606.47	1323.465	1464.9675	1865.47	1347.47	1574.65	1072.28	1468.875
spe	1169	1168	2113.35	2012.51	2062.93	2359.96	1866.74	2255.75	1769.27	2064.615
spe	1168	1167	2012.51	1838.915	1925.7125	2255.75	1769.27	2077.7	1600.13	1927.94
los	1167	GCA.002413185.1.Bacteria.Actinobacteriota	1838.915	0.0	919.4575	2077.7	1600.13	0.0	0.0	1038.85
dup	1167	1166	1838.915	1480.79	1659.8525	2077.7	1600.13	1697.07	1264.51	1671.105
spe	1167	1166	1838.915	1480.79	1659.8525	2077.7	1600.13	1697.07	1264.51	1671.105
los	1166	GCF.004348535.1.Bacteria.Actinobacteriota	1480.79	0.0	740.395	1697.07	1264.51	0.0	0.0	848.535
spe	1166	1165	1480.79	1370.47	1425.63	1697.07	1264.51	1577.59	1163.35	1430.21
spe	1165	1155	1370.47	1276.115	1323.2925	1577.59	1163.35	1486.51	1065.72	1321.655
spe	1155	1154	1276.115	976.5785	1126.34675	1486.51	1065.72	1290.8	662.357	1074.4335
los	1154	GCF.001591405.1.Bacteria.Actinobacteria	976.5785	0.0	488.28925	1290.8	662.357	0.0	0.0	645.4
spe	1165	1164	1370.47	1261.825	1316.1475	1577.59	1163.35	1459.67	1063.98	1320.785
spe	1164	1160	1261.825	1110.64	1186.2325	1459.67	1063.98	1339.31	881.97	1170.82
los	1160	GCF.000015025.1.Bacteria.Actinobacteriota	1110.64	0.0	555.32	1339.31	881.97	0.0	0.0	669.655
spe	1160	1158	1110.64	987.523	1049.0815	1339.31	881.97	1239.6	735.446	1037.378
los	1158	GCF.001942305.1.Bacteria.Actinobacteriota	987.523	0.0	493.7615	1239.6	735.446	0.0	0.0	619.8
spe	1164	1163	1261.825	1087.464	1174.6445	1459.67	1063.98	1323.49	851.438	1155.554
los	1163	GCA.001437855.1.Bacteria.Actinobacteriota	1087.464	0.0	543.732	1323.49	851.438	0.0	0.0	661.745
spe	1167	1166	1838.915	1480.79	1659.8525	2077.7	1600.13	1697.07	1264.51	1671.105
spe	1166	1165	1480.79	1370.47	1425.63	1697.07	1264.51	1577.59	1163.35	1430.21
spe	1165	1155	1370.47	1276.115	1323.2925	1577.59	1163.35	1486.51	1065.72	1321.655
los	1155	GCF.003443735.1.Bacteria.Actinobacteriota	1276.115	0.0	638.0575	1486.51	1065.72	0.0	0.0	743.255
spe	1155	1154	1276.115	976.5785	1126.34675	1486.51	1065.72	1290.8	662.357	1074.4335
los	1154	GCF.003047285.1.Bacteria.Actinobacteriota	976.5785	0.0	488.28925	1290.8	662.357	0.0	0.0	645.4
spe	1165	1164	1370.47	1261.825	1316.1475	1577.59	1163.35	1459.67	1063.98	1320.785
los	1164	1163	1261.825	1087.464	1174.6445	1459.67	1063.98	1323.49	851.438	1155.554
spe	1164	1160	1261.825	1110.64	1186.2325	1459.67	1063.98	1339.31	881.97	1170.82
spe	1160	1158	1110.64	987.523	1049.0815	1339.31	881.97	1239.6	735.446	1037.378
los	1158	GCF.900106035.1.Bacteria.Actinobacteriota	987.523	0.0	493.7615	1239.6	735.446	0.0	0.0	619.8
spe	1168	1148	2012.51	1487.92	1750.215	2255.75	1769.27	1860.52	1115.32	1685.535
spe	1185	1184	2405.805	2236.7	2321.2525	2675.17	2136.44	2518.83	1954.57	2314.87
los	1184	1183	2236.7	1581.31	1909.005	2518.83	1954.57	2035.82	1126.8	1822.815
spe	1184	1180	2236.7	1876.995	2056.8475	2518.83	1954.57	2165.65	1588.34	2053.585
spe	1180	1179	1876.995	1607.105	1742.05	2165.65	1588.34	1866.08	1348.13	1756.89
los	1179	1178	1607.105	1434.165	1520.635	1866.08	1348.13	1689.01	1179.32	1522.7
hgt	None	dead	0.0	0.0	0.0	0.0	0.0	0.0	0.0	0.0
hgt	1226	GCA.003242195.1.Bacteria.Firmicutes.E	1388.78	0.0	694.39	1687.37	1090.19	0.0	0.0	843.685
los	None	dead	0.0	0.0	0.0	0.0	0.0	0.0	0.0	0.0
spe	1179	1173	1607.105	1376.77	1491.9375	1866.08	1348.13	1664.76	1088.78	1477.43
hgt	801	GCA.001797815.1.Bacteria.RBG.13.61.14	1810.17	0.0	905.085	2217.42	1402.92	0.0	0.0	1108.71
los	1173	GCA.001768675.1.Bacteria.Actinobacteriota	1376.77	0.0	688.385	1664.76	1088.78	0.0	0.0	832.38
hgt	807	GCA.002841945.1.Bacteria.Myxococcota	1389.97	0.0	694.985	1659.67	1120.27	0.0	0.0	829.835
hgt	None	dead	0.0	0.0	0.0	0.0	0.0	0.0	0.0	0.0
hgt	None	dead	0.0	0.0	0.0	0.0	0.0	0.0	0.0	0.0
hgt	1478	1477	3018.815	2723.605	2871.21	3423.42	2614.21	3040.81	2406.4	2914.91
hgt	654	653	2847.715	2587.485	2717.6	3085.46	2609.97	2815.0	2359.97	2722.715
los	None	dead	0.0	0.0	0.0	0.0	0.0	0.0	0.0	0.0
hgt	None	dead	0.0	0.0	0.0	0.0	0.0	0.0	0.0	0.0
hgt	492	GCF.900172325.1.Bacteria.Proteobacteria	1312.7	0.0	656.35	1571.16	1054.24	0.0	0.0	785.58
los	None	dead	0.0	0.0	0.0	0.0	0.0	0.0	0.0	0.0
spe	654	653	2847.715	2587.485	2717.6	3085.46	2609.97	2815.0	2359.97	2722.715
hgt	None	dead	0.0	0.0	0.0	0.0	0.0	0.0	0.0	0.0
hgt	1228	GCA.003023725.1.Bacteria.Firmicutes.E	1712.115	0.0	856.0575	2011.29	1412.94	0.0	0.0	1005.645
hgt	244	GCA.001800075.1.Bacteria.Elusimicrobiota	1375.91	0.0	687.955	1646.78	1105.04	0.0	0.0	823.39
hgt	352	GCA.002167285.1.Bacteria.Planctomycetota	1705.385	0.0	852.6925	2030.4	1380.37	0.0	0.0	1015.2
hgt	816	GCA.002724675.1.Bacteria.Myxococcota.A	1328.145	0.0	664.0725	1593.25	1063.04	0.0	0.0	796.625
hgt	639	GCA.002400775.1.Bacteria.Proteobacteria	1269.845	0.0	634.9225	1517.47	1022.22	0.0	0.0	758.735
hgt	924	GCA.003221825.1.Bacteria.Gemmatimonadota	1568.375	0.0	784.1875	2038.32	1098.43	0.0	0.0	1019.16
los	None	dead	0.0	0.0	0.0	0.0	0.0	0.0	0.0	0.0
spe	653	652	2587.485	2416.38	2501.9325	2815.0	2359.97	2632.34	2200.42	2507.71
los	652	526	2416.38	1930.815	2173.5975	2632.34	2200.42	2270.04	1591.59	2111.965
dup	652	651	2416.38	2271.59	2343.985	2632.34	2200.42	2470.47	2072.71	2352.525
dup	652	651	2416.38	2271.59	2343.985	2632.34	2200.42	2470.47	2072.71	2352.525
spe	652	651	2416.38	2271.59	2343.985	2632.34	2200.42	2470.47	2072.71	2352.525
los	651	650	2271.59	2175.61	2223.6	2470.47	2072.71	2365.28	1985.94	2228.205
spe	651	533	2271.59	1932.55	2102.07	2470.47	2072.71	2227.11	1637.99	2054.23
los	533	532	1932.55	1529.075	1730.8125	2227.11	1637.99	1880.57	1177.58	1702.345
spe	533	529	1932.55	1606.235	1769.3925	2227.11	1637.99	2001.73	1210.74	1718.925
los	529	GCA.002420425.1.Bacteria.Proteobacteria	1606.235	0.0	803.1175	2001.73	1210.74	0.0	0.0	1000.865
hgt	None	dead	0.0	0.0	0.0	0.0	0.0	0.0	0.0	0.0
spe	652	651	2416.38	2271.59	2343.985	2632.34	2200.42	2470.47	2072.71	2352.525
spe	651	650	2271.59	2175.61	2223.6	2470.47	2072.71	2365.28	1985.94	2228.205
los	650	536	2175.61	1675.53	1925.57	2365.28	1985.94	2101.36	1249.7	1807.49
spe	650	649	2175.61	2098.745	2137.1775	2365.28	1985.94	2281.8	1915.69	2140.485
spe	649	543	2098.745	1839.06	1968.9025	2281.8	1915.69	2104.01	1574.11	1927.955
los	543	539	1839.06	1564.68	1701.87	2104.01	1574.11	1897.82	1231.54	1667.775
spe	543	542	1839.06	1583.705	1711.3825	2104.01	1574.11	1912.35	1255.06	1679.535
los	542	GCA.002352565.1.Bacteria.Proteobacteria	1583.705	0.0	791.8525	1912.35	1255.06	0.0	0.0	956.175
spe	649	648	2098.745	2020.585	2059.665	2281.8	1915.69	2196.19	1844.98	2063.39
spe	648	562	2020.585	1844.995	1932.79	2196.19	1844.98	2036.09	1653.9	1925.045
los	562	561	1844.995	1768.445	1806.72	2036.09	1653.9	1961.68	1575.21	1805.65
spe	562	546	1844.995	1417.275	1631.135	2036.09	1653.9	1742.85	1091.7	1563.895
hgt	634	GCF.002020875.1.Bacteria.Proteobacteria	1386.92	0.0	693.46	1651.6	1122.24	0.0	0.0	825.8
hgt	574	GCF.000374645.1.Bacteria.Proteobacteria	1330.6	0.0	665.3	1590.49	1070.71	0.0	0.0	795.245
spe	648	647	2020.585	1948.805	1984.695	2196.19	1844.98	2118.06	1779.55	1987.87
los	647	571	1948.805	1706.635	1827.72	2118.06	1779.55	1950.26	1463.01	1790.535
spe	647	646	1948.805	1902.685	1925.745	2118.06	1779.55	2069.61	1735.76	1926.91
spe	646	588	1902.685	1773.33	1838.0075	2069.61	1735.76	1953.51	1593.15	1831.38
los	588	587	1773.33	1495.94	1634.635	1953.51	1593.15	1691.37	1300.51	1627.01
spe	588	576	1773.33	1581.265	1677.2975	1953.51	1593.15	1817.5	1345.03	1649.27
los	576	GCA.002432655.1.Bacteria.Proteobacteria	1581.265	0.0	790.6325	1817.5	1345.03	0.0	0.0	908.75
spe	576	574	1581.265	1330.6	1455.9325	1817.5	1345.03	1590.49	1070.71	1444.105
los	574	GCF.000374645.1.Bacteria.Proteobacteria	1330.6	0.0	665.3	1590.49	1070.71	0.0	0.0	795.245
spe	646	645	1902.685	1840.255	1871.47	2069.61	1735.76	2005.54	1674.97	1872.29
los	645	631	1840.255	1777.47	1808.8625	2005.54	1674.97	1936.32	1618.62	1812.08
spe	645	644	1840.255	1647.11	1743.6825	2005.54	1674.97	1863.23	1430.99	1718.265
dup	644	643	1647.11	1467.95	1557.53	1863.23	1430.99	1701.45	1234.45	1548.84
spe	644	643	1647.11	1467.95	1557.53	1863.23	1430.99	1701.45	1234.45	1548.84
los	643	639	1467.95	1269.845	1368.8975	1701.45	1234.45	1517.47	1022.22	1361.835
spe	643	642	1467.95	1332.36	1400.155	1701.45	1234.45	1580.86	1083.86	1392.655
los	642	GCA.001447805.1.Bacteria.Proteobacteria	1332.36	0.0	666.18	1580.86	1083.86	0.0	0.0	790.43
spe	644	643	1647.11	1467.95	1557.53	1863.23	1430.99	1701.45	1234.45	1548.84
spe	643	642	1467.95	1332.36	1400.155	1701.45	1234.45	1580.86	1083.86	1392.655
los	642	GCA.001464965.1.Bacteria.Proteobacteria	1332.36	0.0	666.18	1580.86	1083.86	0.0	0.0	790.43
spe	643	639	1467.95	1269.845	1368.8975	1701.45	1234.45	1517.47	1022.22	1361.835
los	639	GCA.002400775.1.Bacteria.Proteobacteria	1269.845	0.0	634.9225	1517.47	1022.22	0.0	0.0	758.735
spe	644	636	1647.11	1555.685	1601.3975	1863.23	1430.99	1786.38	1324.99	1594.11
los	636	GCA.002840095.1.Bacteria.Proteobacteria	1555.685	0.0	777.8425	1786.38	1324.99	0.0	0.0	893.19
spe	636	634	1555.685	1386.92	1471.3025	1786.38	1324.99	1651.6	1122.24	1454.31
hgt	595	GCA.002454015.1.Bacteria.Proteobacteria	1266.66	0.0	633.33	1469.01	1064.31	0.0	0.0	734.505
los	634	GCF.002020875.1.Bacteria.Proteobacteria	1386.92	0.0	693.46	1651.6	1122.24	0.0	0.0	825.8
hgt	None	dead	0.0	0.0	0.0	0.0	0.0	0.0	0.0	0.0
hgt	647	571	1948.805	1706.635	1827.72	2118.06	1779.55	1950.26	1463.01	1790.535
los	None	dead	0.0	0.0	0.0	0.0	0.0	0.0	0.0	0.0
spe	647	571	1948.805	1706.635	1827.72	2118.06	1779.55	1950.26	1463.01	1790.535
spe	571	570	1706.635	1535.435	1621.035	1950.26	1463.01	1809.94	1260.93	1605.595
los	570	GCA.002255365.1.Bacteria.Proteobacteria	1535.435	0.0	767.7175	1809.94	1260.93	0.0	0.0	904.97
spe	570	568	1535.435	1379.435	1457.435	1809.94	1260.93	1661.92	1096.95	1453.445
los	568	GCA.002862435.1.Bacteria.Proteobacteria	1379.435	0.0	689.7175	1661.92	1096.95	0.0	0.0	830.96
spe	571	565	1706.635	1414.39	1560.5125	1950.26	1463.01	1716.39	1112.39	1531.325
hgt	None	dead	0.0	0.0	0.0	0.0	0.0	0.0	0.0	0.0
los	565	GCF.000239355.1.Bacteria.Proteobacteria	1414.39	0.0	707.195	1716.39	1112.39	0.0	0.0	858.195
hgt	592	GCF.000024725.1.Bacteria.Proteobacteria	1273.215	0.0	636.6075	1530.36	1016.07	0.0	0.0	765.18
los	None	dead	0.0	0.0	0.0	0.0	0.0	0.0	0.0	0.0
spe	651	533	2271.59	1932.55	2102.07	2470.47	2072.71	2227.11	1637.99	2054.23
spe	533	529	1932.55	1606.235	1769.3925	2227.11	1637.99	2001.73	1210.74	1718.925
los	529	GCA.002451085.1.Bacteria.Proteobacteria	1606.235	0.0	803.1175	2001.73	1210.74	0.0	0.0	1000.865
spe	533	532	1932.55	1529.075	1730.8125	2227.11	1637.99	1880.57	1177.58	1702.345
hgt	None	dead	0.0	0.0	0.0	0.0	0.0	0.0	0.0	0.0
los	532	GCA.001750625.1.Bacteria.Proteobacteria	1529.075	0.0	764.5375	1880.57	1177.58	0.0	0.0	940.285
hgt	558	GCA.002386945.1.Bacteria.Proteobacteria	1434.31	0.0	717.155	1652.56	1216.06	0.0	0.0	826.28
los	None	dead	0.0	0.0	0.0	0.0	0.0	0.0	0.0	0.0
hgt	646	645	1902.685	1840.255	1871.47	2069.61	1735.76	2005.54	1674.97	1872.29
los	None	dead	0.0	0.0	0.0	0.0	0.0	0.0	0.0	0.0
spe	646	645	1902.685	1840.255	1871.47	2069.61	1735.76	2005.54	1674.97	1872.29
spe	645	631	1840.255	1777.47	1808.8625	2005.54	1674.97	1936.32	1618.62	1812.08
los	631	630	1777.47	1673.23	1725.35	1936.32	1618.62	1832.02	1514.44	1725.38
spe	631	603	1777.47	1696.92	1737.195	1936.32	1618.62	1869.02	1524.82	1730.57
los	603	GCA.002085445.1.Bacteria.Proteobacteria	1696.92	0.0	848.46	1869.02	1524.82	0.0	0.0	934.51
spe	603	602	1696.92	1612.41	1654.665	1869.02	1524.82	1790.83	1433.99	1651.505
spe	602	592	1612.41	1273.215	1442.8125	1790.83	1433.99	1530.36	1016.07	1403.45
los	592	GCF.000024725.1.Bacteria.Proteobacteria	1273.215	0.0	636.6075	1530.36	1016.07	0.0	0.0	765.18
spe	602	601	1612.41	1475.48	1543.945	1790.83	1433.99	1662.78	1288.18	1539.505
los	601	600	1475.48	1276.255	1375.8675	1662.78	1288.18	1480.95	1071.56	1367.17
hgt	560	GCA.001735895.1.Bacteria.Proteobacteria	1588.765	0.0	794.3825	1792.9	1384.63	0.0	0.0	896.45
spe	601	595	1475.48	1266.66	1371.07	1662.78	1288.18	1469.01	1064.31	1363.545
los	595	GCA.002454015.1.Bacteria.Proteobacteria	1266.66	0.0	633.33	1469.01	1064.31	0.0	0.0	734.505
spe	645	644	1840.255	1647.11	1743.6825	2005.54	1674.97	1863.23	1430.99	1718.265
los	644	643	1647.11	1467.95	1557.53	1863.23	1430.99	1701.45	1234.45	1548.84
hgt	None	dead	0.0	0.0	0.0	0.0	0.0	0.0	0.0	0.0
hgt	600	GCA.002007425.1.Bacteria.Proteobacteria	1276.255	0.0	638.1275	1480.95	1071.56	0.0	0.0	740.475
los	None	dead	0.0	0.0	0.0	0.0	0.0	0.0	0.0	0.0
spe	644	636	1647.11	1555.685	1601.3975	1863.23	1430.99	1786.38	1324.99	1594.11
hgt	None	dead	0.0	0.0	0.0	0.0	0.0	0.0	0.0	0.0
los	636	634	1555.685	1386.92	1471.3025	1786.38	1324.99	1651.6	1122.24	1454.31
hgt	553	552	1596.945	1380.83	1488.8875	1821.5	1372.39	1621.66	1140.0	1480.75
los	None	dead	0.0	0.0	0.0	0.0	0.0	0.0	0.0	0.0
spe	553	552	1596.945	1380.83	1488.8875	1821.5	1372.39	1621.66	1140.0	1480.75
spe	552	551	1380.83	1067.6595	1224.24475	1621.66	1140.0	1372.61	762.709	1192.1845
los	551	GCA.002699105.1.Bacteria.Bacteroidota	1067.6595	0.0	533.82975	1372.61	762.709	0.0	0.0	686.305
hgt	None	dead	0.0	0.0	0.0	0.0	0.0	0.0	0.0	0.0
hgt	598	GCA.002292285.1.Bacteria.Proteobacteria	953.337	0.0	476.6685	1225.19	681.484	0.0	0.0	612.595
los	None	dead	0.0	0.0	0.0	0.0	0.0	0.0	0.0	0.0
hgt	None	dead	0.0	0.0	0.0	0.0	0.0	0.0	0.0	0.0
hgt	576	GCA.002432655.1.Bacteria.Proteobacteria	1581.265	0.0	790.6325	1817.5	1345.03	0.0	0.0	908.75
los	None	dead	0.0	0.0	0.0	0.0	0.0	0.0	0.0	0.0
spe	652	651	2416.38	2271.59	2343.985	2632.34	2200.42	2470.47	2072.71	2352.525
spe	651	533	2271.59	1932.55	2102.07	2470.47	2072.71	2227.11	1637.99	2054.23
los	533	529	1932.55	1606.235	1769.3925	2227.11	1637.99	2001.73	1210.74	1718.925
spe	533	532	1932.55	1529.075	1730.8125	2227.11	1637.99	1880.57	1177.58	1702.345
los	532	GCA.002405475.1.Bacteria.Proteobacteria	1529.075	0.0	764.5375	1880.57	1177.58	0.0	0.0	940.285
spe	651	650	2271.59	2175.61	2223.6	2470.47	2072.71	2365.28	1985.94	2228.205
los	650	536	2175.61	1675.53	1925.57	2365.28	1985.94	2101.36	1249.7	1807.49
spe	650	649	2175.61	2098.745	2137.1775	2365.28	1985.94	2281.8	1915.69	2140.485
spe	649	648	2098.745	2020.585	2059.665	2281.8	1915.69	2196.19	1844.98	2063.39
los	648	562	2020.585	1844.995	1932.79	2196.19	1844.98	2036.09	1653.9	1925.045
spe	648	647	2020.585	1948.805	1984.695	2196.19	1844.98	2118.06	1779.55	1987.87
los	647	646	1948.805	1902.685	1925.745	2118.06	1779.55	2069.61	1735.76	1926.91
spe	647	571	1948.805	1706.635	1827.72	2118.06	1779.55	1950.26	1463.01	1790.535
los	571	565	1706.635	1414.39	1560.5125	1950.26	1463.01	1716.39	1112.39	1531.325
spe	571	570	1706.635	1535.435	1621.035	1950.26	1463.01	1809.94	1260.93	1605.595
los	570	GCA.002255365.1.Bacteria.Proteobacteria	1535.435	0.0	767.7175	1809.94	1260.93	0.0	0.0	904.97
spe	570	568	1535.435	1379.435	1457.435	1809.94	1260.93	1661.92	1096.95	1453.445
los	568	GCF.001051235.1.Bacteria.Proteobacteria	1379.435	0.0	689.7175	1661.92	1096.95	0.0	0.0	830.96
spe	649	543	2098.745	1839.06	1968.9025	2281.8	1915.69	2104.01	1574.11	1927.955
los	543	539	1839.06	1564.68	1701.87	2104.01	1574.11	1897.82	1231.54	1667.775
spe	543	542	1839.06	1583.705	1711.3825	2104.01	1574.11	1912.35	1255.06	1679.535
los	542	GCA.002631715.1.Bacteria.Proteobacteria	1583.705	0.0	791.8525	1912.35	1255.06	0.0	0.0	956.175
dup	1478	1477	3018.815	2723.605	2871.21	3423.42	2614.21	3040.81	2406.4	2914.91
spe	1478	1477	3018.815	2723.605	2871.21	3423.42	2614.21	3040.81	2406.4	2914.91
spe	1477	1431	2723.605	2420.455	2572.03	3040.81	2406.4	2714.59	2126.32	2583.565
los	1431	1430	2420.455	1801.635	2111.045	2714.59	2126.32	2276.21	1327.06	2020.825
spe	1431	1427	2420.455	2216.53	2318.4925	2714.59	2126.32	2490.85	1942.21	2328.4
los	1427	1426	2216.53	1994.025	2105.2775	2490.85	1942.21	2287.24	1700.81	2095.83
hgt	None	dead	0.0	0.0	0.0	0.0	0.0	0.0	0.0	0.0
hgt	515	514	2084.22	1954.11	2019.165	2265.7	1902.74	2125.97	1782.25	2023.975
los	None	dead	0.0	0.0	0.0	0.0	0.0	0.0	0.0	0.0
dup	515	514	2084.22	1954.11	2019.165	2265.7	1902.74	2125.97	1782.25	2023.975
spe	515	514	2084.22	1954.11	2019.165	2265.7	1902.74	2125.97	1782.25	2023.975
spe	514	513	1954.11	1885.97	1920.04	2125.97	1782.25	2049.09	1722.85	1924.41
los	513	483	1885.97	1836.685	1861.3275	2049.09	1722.85	1999.79	1673.58	1861.335
spe	513	512	1885.97	1775.885	1830.9275	2049.09	1722.85	1942.07	1609.7	1829.395
los	512	486	1775.885	1397.735	1586.81	1942.07	1609.7	1700.16	1095.31	1518.69
spe	512	511	1775.885	1694.565	1735.225	1942.07	1609.7	1858.49	1530.64	1736.355
los	511	510	1694.565	1636.78	1665.6725	1858.49	1530.64	1799.17	1474.39	1666.44
spe	511	489	1694.565	1316.195	1505.38	1858.49	1530.64	1571.14	1061.25	1459.87
los	489	GCA.002701885.1.Bacteria.Proteobacteria	1316.195	0.0	658.0975	1571.14	1061.25	0.0	0.0	785.57
spe	514	436	1954.11	1751.05	1852.58	2125.97	1782.25	1998.82	1503.28	1814.625
spe	436	435	1751.05	1536.91	1643.98	1998.82	1503.28	1809.13	1264.69	1631.755
spe	435	434	1536.91	1353.935	1445.4225	1809.13	1264.69	1639.23	1068.64	1438.885
los	434	GCA.002898275.1.Bacteria.Proteobacteria	1353.935	0.0	676.9675	1639.23	1068.64	0.0	0.0	819.615
hgt	481	469	1674.98	1543.27	1609.125	1835.32	1514.64	1718.34	1368.2	1601.76
los	435	GCA.006969625.1.Bacteria.Proteobacteria	1536.91	0.0	768.455	1809.13	1264.69	0.0	0.0	904.565
spe	481	469	1674.98	1543.27	1609.125	1835.32	1514.64	1718.34	1368.2	1601.76
spe	469	463	1543.27	1394.155	1468.7125	1718.34	1368.2	1606.24	1182.07	1450.205
los	463	462	1394.155	1117.2015	1255.67825	1606.24	1182.07	1403.11	831.293	1218.7665
spe	469	468	1543.27	1359.195	1451.2325	1718.34	1368.2	1556.34	1162.05	1440.195
los	468	GCF.900167455.1.Bacteria.Proteobacteria	1359.195	0.0	679.5975	1556.34	1162.05	0.0	0.0	778.17
spe	468	467	1359.195	1181.4985	1270.34675	1556.34	1162.05	1405.48	957.517	1256.9285
los	467	GCA.002291925.1.Bacteria.Proteobacteria	1181.4985	0.0	590.74925	1405.48	957.517	0.0	0.0	702.74
hgt	None	dead	0.0	0.0	0.0	0.0	0.0	0.0	0.0	0.0
hgt	1337	GCF.001399675.1.Bacteria.Firmicutes	1365.895	0.0	682.9475	1723.9	1007.89	0.0	0.0	861.95
los	None	dead	0.0	0.0	0.0	0.0	0.0	0.0	0.0	0.0
dup	515	514	2084.22	1954.11	2019.165	2265.7	1902.74	2125.97	1782.25	2023.975
hgt	None	dead	0.0	0.0	0.0	0.0	0.0	0.0	0.0	0.0
spe	515	514	2084.22	1954.11	2019.165	2265.7	1902.74	2125.97	1782.25	2023.975
spe	514	436	1954.11	1751.05	1852.58	2125.97	1782.25	1998.82	1503.28	1814.625
los	436	GCA.002722885.1.Bacteria.Proteobacteria	1751.05	0.0	875.525	1998.82	1503.28	0.0	0.0	999.41
spe	436	435	1751.05	1536.91	1643.98	1998.82	1503.28	1809.13	1264.69	1631.755
hgt	468	GCF.900167455.1.Bacteria.Proteobacteria	1359.195	0.0	679.5975	1556.34	1162.05	0.0	0.0	778.17
hgt	274	GCA.002687025.1.Bacteria.Poribacteria	1625.32	0.0	812.66	2112.15	1138.49	0.0	0.0	1056.075
hgt	746	GCF.900079095.1.Bacteria.Tectomicrobia	1667.435	0.0	833.7175	2098.35	1236.52	0.0	0.0	1049.175
los	435	434	1536.91	1353.935	1445.4225	1809.13	1264.69	1639.23	1068.64	1438.885
spe	514	513	1954.11	1885.97	1920.04	2125.97	1782.25	2049.09	1722.85	1924.41
spe	513	512	1885.97	1775.885	1830.9275	2049.09	1722.85	1942.07	1609.7	1829.395
los	512	511	1775.885	1694.565	1735.225	1942.07	1609.7	1858.49	1530.64	1736.355
spe	512	486	1775.885	1397.735	1586.81	1942.07	1609.7	1700.16	1095.31	1518.69
los	486	GCF.000264455.2.Bacteria.Proteobacteria	1397.735	0.0	698.8675	1700.16	1095.31	0.0	0.0	850.08
spe	513	483	1885.97	1836.685	1861.3275	2049.09	1722.85	1999.79	1673.58	1861.335
spe	483	447	1836.685	1643.315	1740.0	1999.79	1673.58	1842.47	1444.16	1721.975
spe	447	439	1643.315	1422.265	1532.79	1842.47	1444.16	1693.15	1151.38	1496.925
los	439	GCF.001613805.1.Bacteria.Proteobacteria	1422.265	0.0	711.1325	1693.15	1151.38	0.0	0.0	846.575
spe	447	446	1643.315	1453.89	1548.6025	1842.47	1444.16	1664.75	1243.03	1542.75
spe	446	445	1453.89	1339.17	1396.53	1664.75	1243.03	1557.66	1120.68	1392.715
los	445	GCA.002717225.1.Bacteria.Proteobacteria	1339.17	0.0	669.585	1557.66	1120.68	0.0	0.0	778.83
hgt	1253	GCF.900142265.1.Bacteria.Firmicutes.A	1548.89	0.0	774.445	1763.54	1334.24	0.0	0.0	881.77
spe	445	444	1339.17	1137.223	1238.1965	1557.66	1120.68	1395.86	878.586	1218.123
los	444	GCA.002348425.1.Bacteria.Proteobacteria	1137.223	0.0	568.6115	1395.86	878.586	0.0	0.0	697.93
hgt	None	dead	0.0	0.0	0.0	0.0	0.0	0.0	0.0	0.0
hgt	454	GCA.002709155.1.Bacteria.Proteobacteria	1094.241	0.0	547.1205	1336.59	851.892	0.0	0.0	668.295
hgt	944	GCA.002712165.1.Bacteria.Proteobacteria	1373.315	0.0	686.6575	1652.74	1093.89	0.0	0.0	826.37
los	None	dead	0.0	0.0	0.0	0.0	0.0	0.0	0.0	0.0
spe	483	482	1836.685	1750.105	1793.395	1999.79	1673.58	1912.36	1587.85	1793.82
los	482	458	1750.105	1624.365	1687.235	1912.36	1587.85	1810.7	1438.03	1675.195
spe	482	481	1750.105	1674.98	1712.5425	1912.36	1587.85	1835.32	1514.64	1713.5
los	481	480	1674.98	1549.46	1612.22	1835.32	1514.64	1716.36	1382.56	1608.94
spe	481	469	1674.98	1543.27	1609.125	1835.32	1514.64	1718.34	1368.2	1601.76
los	469	468	1543.27	1359.195	1451.2325	1718.34	1368.2	1556.34	1162.05	1440.195
spe	469	463	1543.27	1394.155	1468.7125	1718.34	1368.2	1606.24	1182.07	1450.205
los	463	GCF.002251795.1.Bacteria.Proteobacteria	1394.155	0.0	697.0775	1606.24	1182.07	0.0	0.0	803.12
spe	463	462	1394.155	1117.2015	1255.67825	1606.24	1182.07	1403.11	831.293	1218.7665
hgt	439	GCF.001613805.1.Bacteria.Proteobacteria	1422.265	0.0	711.1325	1693.15	1151.38	0.0	0.0	846.575
hgt	1284	GCF.001553315.1.Bacteria.Firmicutes.C	1065.8455	0.0	532.92275	1351.63	780.061	0.0	0.0	675.815
hgt	458	456	1624.365	1476.57	1550.4675	1810.7	1438.03	1673.09	1280.05	1545.375
los	None	dead	0.0	0.0	0.0	0.0	0.0	0.0	0.0	0.0
spe	458	456	1624.365	1476.57	1550.4675	1810.7	1438.03	1673.09	1280.05	1545.375
spe	456	455	1476.57	1226.72	1351.645	1673.09	1280.05	1447.93	1005.51	1339.3
los	455	454	1226.72	1094.241	1160.4805	1447.93	1005.51	1336.59	851.892	1149.911
spe	515	514	2084.22	1954.11	2019.165	2265.7	1902.74	2125.97	1782.25	2023.975
spe	514	436	1954.11	1751.05	1852.58	2125.97	1782.25	1998.82	1503.28	1814.625
los	436	GCA.002722885.1.Bacteria.Proteobacteria	1751.05	0.0	875.525	1998.82	1503.28	0.0	0.0	999.41
spe	436	435	1751.05	1536.91	1643.98	1998.82	1503.28	1809.13	1264.69	1631.755
los	435	GCA.006969625.1.Bacteria.Proteobacteria	1536.91	0.0	768.455	1809.13	1264.69	0.0	0.0	904.565
spe	435	434	1536.91	1353.935	1445.4225	1809.13	1264.69	1639.23	1068.64	1438.885
los	434	GCA.002238885.1.Bacteria.Proteobacteria	1353.935	0.0	676.9675	1639.23	1068.64	0.0	0.0	819.615
spe	514	513	1954.11	1885.97	1920.04	2125.97	1782.25	2049.09	1722.85	1924.41
los	513	483	1885.97	1836.685	1861.3275	2049.09	1722.85	1999.79	1673.58	1861.335
spe	513	512	1885.97	1775.885	1830.9275	2049.09	1722.85	1942.07	1609.7	1829.395
spe	512	511	1775.885	1694.565	1735.225	1942.07	1609.7	1858.49	1530.64	1736.355
los	511	489	1694.565	1316.195	1505.38	1858.49	1530.64	1571.14	1061.25	1459.87
spe	511	510	1694.565	1636.78	1665.6725	1858.49	1530.64	1799.17	1474.39	1666.44
los	510	509	1636.78	1544.73	1590.755	1799.17	1474.39	1706.12	1383.34	1591.255
spe	510	492	1636.78	1312.7	1474.74	1799.17	1474.39	1571.16	1054.24	1426.705
los	492	GCF.900172325.1.Bacteria.Proteobacteria	1312.7	0.0	656.35	1571.16	1054.24	0.0	0.0	785.58
spe	512	486	1775.885	1397.735	1586.81	1942.07	1609.7	1700.16	1095.31	1518.69
hgt	924	GCA.002348465.1.Bacteria.Gemmatimonadota	1568.375	0.0	784.1875	2038.32	1098.43	0.0	0.0	1019.16
los	486	GCA.002721365.1.Bacteria.Proteobacteria	1397.735	0.0	698.8675	1700.16	1095.31	0.0	0.0	850.08
spe	1427	1413	2216.53	1968.2	2092.365	2490.85	1942.21	2223.13	1713.27	2102.06
los	1413	1399	1968.2	1604.38	1786.29	2223.13	1713.27	1953.48	1255.28	1739.205
hgt	None	dead	0.0	0.0	0.0	0.0	0.0	0.0	0.0	0.0
spe	1413	1412	1968.2	1749.925	1859.0625	2223.13	1713.27	1991.74	1508.11	1865.62
los	1412	1411	1749.925	1413.835	1581.88	1991.74	1508.11	1714.05	1113.62	1552.68
spe	1412	1408	1749.925	1662.42	1706.1725	1991.74	1508.11	1907.66	1417.18	1704.46
spe	1408	1402	1662.42	1501.935	1582.1775	1907.66	1417.18	1778.95	1224.92	1566.29
los	1402	GCA.002721445.1.Bacteria.Chloroflexota	1501.935	0.0	750.9675	1778.95	1224.92	0.0	0.0	889.475
spe	1408	1407	1662.42	1546.495	1604.4575	1907.66	1417.18	1804.4	1288.59	1598.125
los	1407	1406	1546.495	1411.15	1478.8225	1804.4	1288.59	1684.0	1138.3	1471.35
hgt	510	509	1636.78	1544.73	1590.755	1799.17	1474.39	1706.12	1383.34	1591.255
los	None	dead	0.0	0.0	0.0	0.0	0.0	0.0	0.0	0.0
spe	510	509	1636.78	1544.73	1590.755	1799.17	1474.39	1706.12	1383.34	1591.255
hgt	None	dead	0.0	0.0	0.0	0.0	0.0	0.0	0.0	0.0
hgt	614	613	1511.555	1391.71	1451.6325	1698.12	1324.99	1592.53	1190.89	1444.505
hgt	775	GCA.001797335.1.Bacteria.Bdellovibrionota.E	1721.205	0.0	860.6025	2009.3	1433.11	0.0	0.0	1004.65
hgt	557	GCA.002007405.1.Bacteria.Proteobacteria	1225.2445	0.0	612.62225	1451.49	998.999	0.0	0.0	725.745
los	None	dead	0.0	0.0	0.0	0.0	0.0	0.0	0.0	0.0
spe	614	613	1511.555	1391.71	1451.6325	1698.12	1324.99	1592.53	1190.89	1444.505
spe	613	612	1391.71	1256.25	1323.98	1592.53	1190.89	1460.33	1052.17	1322.35
spe	612	611	1256.25	936.1675	1096.20875	1460.33	1052.17	1239.98	632.355	1046.3425
hgt	553	GCF.001641825.1.Bacteria.Proteobacteria	1596.945	0.0	798.4725	1821.5	1372.39	0.0	0.0	910.75
spe	509	495	1544.73	1237.1635	1390.94675	1706.12	1383.34	1474.36	999.967	1353.0435
hgt	977	GCA.001567195.1.Bacteria.Bacteroidota	1110.455	0.0	555.2275	1368.61	852.3	0.0	0.0	684.305
spe	509	508	1544.73	1436.825	1490.7775	1706.12	1383.34	1601.19	1272.46	1489.29
los	508	507	1436.825	1269.025	1352.925	1601.19	1272.46	1436.85	1101.2	1351.195
hgt	None	dead	0.0	0.0	0.0	0.0	0.0	0.0	0.0	0.0
spe	508	498	1436.825	1261.48	1349.1525	1601.19	1272.46	1455.41	1067.55	1334.37
los	498	GCF.000192575.1.Bacteria.Proteobacteria	1261.48	0.0	630.74	1455.41	1067.55	0.0	0.0	727.705
hgt	454	453	1094.241	948.5585	1021.39975	1336.59	851.892	1217.04	680.077	1008.3335
los	None	dead	0.0	0.0	0.0	0.0	0.0	0.0	0.0	0.0
spe	454	453	1094.241	948.5585	1021.39975	1336.59	851.892	1217.04	680.077	1008.3335
spe	1477	1476	2723.605	2416.915	2570.26	3040.81	2406.4	2708.83	2125.0	2582.905
spe	1476	1454	2416.915	1996.555	2206.735	2708.83	2125.0	2245.89	1747.22	2228.025
los	1454	1446	1996.555	1803.385	1899.97	2245.89	1747.22	2040.01	1566.76	1906.325
spe	1454	1453	1996.555	1862.655	1929.605	2245.89	1747.22	2140.61	1584.7	1915.295
los	1453	1449	1862.655	1589.82	1726.2375	2140.61	1584.7	1942.5	1237.14	1688.875
spe	1453	1452	1862.655	1430.125	1646.39	2140.61	1584.7	1777.81	1082.44	1611.525
los	1452	GCA.002348045.1.Bacteria.Chloroflexota	1430.125	0.0	715.0625	1777.81	1082.44	0.0	0.0	888.905
spe	1476	1475	2416.915	2249.485	2333.2	2708.83	2125.0	2543.8	1955.17	2332.0
los	1475	1474	2249.485	2094.15	2171.8175	2543.8	1955.17	2398.35	1789.95	2166.875
spe	1475	1463	2249.485	1987.575	2118.53	2543.8	1955.17	2304.87	1670.28	2107.04
los	1463	1457	1987.575	1538.99	1763.2825	2304.87	1670.28	1931.07	1146.91	1725.89
spe	1463	1462	1987.575	1858.705	1923.14	2304.87	1670.28	2184.36	1533.05	1918.96
los	1462	GCA.002436065.1.Bacteria.Chloroflexota	1858.705	0.0	929.3525	2184.36	1533.05	0.0	0.0	1092.18
spe	1462	1461	1858.705	1519.02	1688.8625	2184.36	1533.05	1882.58	1155.46	1669.91
dup	1478	1477	3018.815	2723.605	2871.21	3423.42	2614.21	3040.81	2406.4	2914.91
dup	1478	1477	3018.815	2723.605	2871.21	3423.42	2614.21	3040.81	2406.4	2914.91
spe	1478	1477	3018.815	2723.605	2871.21	3423.42	2614.21	3040.81	2406.4	2914.91
hgt	1388	1387	2495.045	2426.135	2460.59	2745.25	2244.84	2669.8	2182.47	2463.86
spe	1477	1431	2723.605	2420.455	2572.03	3040.81	2406.4	2714.59	2126.32	2583.565
los	1431	1430	2420.455	1801.635	2111.045	2714.59	2126.32	2276.21	1327.06	2020.825
spe	1431	1427	2420.455	2216.53	2318.4925	2714.59	2126.32	2490.85	1942.21	2328.4
los	1427	1426	2216.53	1994.025	2105.2775	2490.85	1942.21	2287.24	1700.81	2095.83
hgt	None	dead	0.0	0.0	0.0	0.0	0.0	0.0	0.0	0.0
spe	1427	1413	2216.53	1968.2	2092.365	2490.85	1942.21	2223.13	1713.27	2102.06
los	1413	1412	1968.2	1749.925	1859.0625	2223.13	1713.27	1991.74	1508.11	1865.62
spe	1413	1399	1968.2	1604.38	1786.29	2223.13	1713.27	1953.48	1255.28	1739.205
los	1399	GCA.002450835.1.Bacteria.Chloroflexota	1604.38	0.0	802.19	1953.48	1255.28	0.0	0.0	976.74
hgt	396	GCF.000177635.2.Bacteria.Chrysiogenota	2315.495	0.0	1157.7475	2856.45	1774.54	0.0	0.0	1428.225
los	None	dead	0.0	0.0	0.0	0.0	0.0	0.0	0.0	0.0
spe	1388	1387	2495.045	2426.135	2460.59	2745.25	2244.84	2669.8	2182.47	2463.86
spe	1387	1386	2426.135	2312.805	2369.47	2669.8	2182.47	2552.07	2073.54	2371.67
los	1386	1330	2312.805	1602.185	1957.495	2552.07	2073.54	2102.79	1101.58	1826.825
spe	1386	1385	2312.805	2240.33	2276.5675	2552.07	2073.54	2474.59	2006.07	2279.07
los	1385	1333	2240.33	1678.19	1959.26	2474.59	2006.07	2199.0	1157.38	1815.985
spe	1385	1384	2240.33	2049.01	2144.67	2474.59	2006.07	2270.99	1827.03	2150.81
spe	1384	1338	2049.01	1549.595	1799.3025	2270.99	1827.03	1917.57	1181.62	1726.305
los	1338	GCF.002335525.1.Bacteria.Firmicutes	1549.595	0.0	774.7975	1917.57	1181.62	0.0	0.0	958.785
spe	1338	1337	1549.595	1365.895	1457.745	1917.57	1181.62	1723.9	1007.89	1462.73
hgt	1061	GCA.003538775.1.Bacteria.Thermotogota	1271.3955	0.0	635.69775	1646.07	896.721	0.0	0.0	823.035
los	1337	GCF.001399675.1.Bacteria.Firmicutes	1365.895	0.0	682.9475	1723.9	1007.89	0.0	0.0	861.95
spe	1384	1383	2049.01	1971.49	2010.25	2270.99	1827.03	2185.06	1757.92	2014.455
los	1383	1382	1971.49	1907.445	1939.4675	2185.06	1757.92	2119.76	1695.13	1940.095
hgt	None	dead	0.0	0.0	0.0	0.0	0.0	0.0	0.0	0.0
hgt	1116	GCA.002898575.1.Bacteria.Armatimonadota	1799.18	0.0	899.59	2205.43	1392.93	0.0	0.0	1102.715
los	None	dead	0.0	0.0	0.0	0.0	0.0	0.0	0.0	0.0
spe	1383	1341	1971.49	1523.81	1747.65	2185.06	1757.92	1926.97	1120.65	1652.855
los	1341	GCF.001311905.1.Bacteria.Firmicutes	1523.81	0.0	761.905	1926.97	1120.65	0.0	0.0	963.485
spe	1387	1327	2426.135	2263.0	2344.5675	2669.8	2182.47	2518.47	2007.53	2338.665
spe	1327	1289	2263.0	1989.36	2126.18	2518.47	2007.53	2274.49	1704.23	2111.35
los	1289	GCA.002345475.1.Bacteria.Firmicutes.H	1989.36	0.0	994.68	2274.49	1704.23	0.0	0.0	1137.245
spe	1289	1288	1989.36	1620.075	1804.7175	2274.49	1704.23	1888.5	1351.65	1813.07
los	1288	GCA.002411145.1.Bacteria.Firmicutes.C	1620.075	0.0	810.0375	1888.5	1351.65	0.0	0.0	944.25
spe	1288	1287	1620.075	1424.27	1522.1725	1888.5	1351.65	1673.04	1175.5	1532.0
los	1287	GCA.002329525.1.Bacteria.Firmicutes.C	1424.27	0.0	712.135	1673.04	1175.5	0.0	0.0	836.52
spe	1287	1285	1424.27	1338.6	1381.435	1673.04	1175.5	1586.21	1090.99	1382.015
los	1285	1284	1338.6	1065.8455	1202.22275	1586.21	1090.99	1351.63	780.061	1183.1355
spe	1285	1281	1338.6	1109.4215	1224.01075	1586.21	1090.99	1419.04	799.803	1193.0065
los	1281	1280	1109.4215	950.2895	1029.8555	1419.04	799.803	1302.52	598.059	1008.5495
spe	1327	1326	2263.0	2039.05	2151.025	2518.47	2007.53	2290.01	1788.09	2153.28
los	1326	1292	2039.05	1516.66	1777.855	2290.01	1788.09	1936.55	1096.77	1693.39
spe	1326	1325	2039.05	1862.485	1950.7675	2290.01	1788.09	2083.02	1641.95	1965.98
los	1325	1324	1862.485	1779.53	1821.0075	2083.02	1641.95	1989.46	1569.6	1826.31
spe	1325	1297	1862.485	1576.575	1719.53	2083.02	1641.95	1886.7	1266.45	1674.735
los	1297	1296	1576.575	1436.52	1506.5475	1886.7	1266.45	1763.25	1109.79	1498.245
spe	1477	1476	2723.605	2416.915	2570.26	3040.81	2406.4	2708.83	2125.0	2582.905
spe	1476	1454	2416.915	1996.555	2206.735	2708.83	2125.0	2245.89	1747.22	2228.025
los	1454	1453	1996.555	1862.655	1929.605	2245.89	1747.22	2140.61	1584.7	1915.295
spe	1454	1446	1996.555	1803.385	1899.97	2245.89	1747.22	2040.01	1566.76	1906.325
los	1446	1440	1803.385	1679.715	1741.55	2040.01	1566.76	1908.42	1451.01	1745.51
spe	1446	1445	1803.385	1577.91	1690.6475	2040.01	1566.76	1848.3	1307.52	1673.765
los	1445	1444	1577.91	1386.06	1481.985	1848.3	1307.52	1673.58	1098.54	1473.42
spe	1476	1475	2416.915	2249.485	2333.2	2708.83	2125.0	2543.8	1955.17	2332.0
spe	1475	1463	2249.485	1987.575	2118.53	2543.8	1955.17	2304.87	1670.28	2107.04
los	1463	1457	1987.575	1538.99	1763.2825	2304.87	1670.28	1931.07	1146.91	1725.89
spe	1463	1462	1987.575	1858.705	1923.14	2304.87	1670.28	2184.36	1533.05	1918.96
los	1462	1461	1858.705	1519.02	1688.8625	2184.36	1533.05	1882.58	1155.46	1669.91
spe	1475	1474	2249.485	2094.15	2171.8175	2543.8	1955.17	2398.35	1789.95	2166.875
los	1474	1473	2094.15	1294.4735	1694.31175	2398.35	1789.95	1671.97	916.977	1657.6635
spe	1474	1470	2094.15	1749.085	1921.6175	2398.35	1789.95	2065.21	1432.96	1915.655
los	1470	GCF.000025005.1.Bacteria.Chloroflexota	1749.085	0.0	874.5425	2065.21	1432.96	0.0	0.0	1032.605
spe	1470	1469	1749.085	1574.225	1661.655	2065.21	1432.96	1892.87	1255.58	1660.395
los	1469	GCA.001898225.1.Bacteria.Chloroflexota	1574.225	0.0	787.1125	1892.87	1255.58	0.0	0.0	946.435
spe	1469	1467	1574.225	1431.56	1502.8925	1892.87	1255.58	1750.93	1112.19	1502.53
los	1467	GCA.002292925.1.Bacteria.Chloroflexota	1431.56	0.0	715.78	1750.93	1112.19	0.0	0.0	875.465
spe	1478	1477	3018.815	2723.605	2871.21	3423.42	2614.21	3040.81	2406.4	2914.91
spe	1477	1476	2723.605	2416.915	2570.26	3040.81	2406.4	2708.83	2125.0	2582.905
los	1476	1475	2416.915	2249.485	2333.2	2708.83	2125.0	2543.8	1955.17	2332.0
dup	1476	1454	2416.915	1996.555	2206.735	2708.83	2125.0	2245.89	1747.22	2228.025
spe	1476	1454	2416.915	1996.555	2206.735	2708.83	2125.0	2245.89	1747.22	2228.025
spe	1454	1446	1996.555	1803.385	1899.97	2245.89	1747.22	2040.01	1566.76	1906.325
los	1446	1445	1803.385	1577.91	1690.6475	2040.01	1566.76	1848.3	1307.52	1673.765
spe	1446	1440	1803.385	1679.715	1741.55	2040.01	1566.76	1908.42	1451.01	1745.51
los	1440	1439	1679.715	1492.005	1585.86	1908.42	1451.01	1713.37	1270.64	1589.53
spe	1454	1453	1996.555	1862.655	1929.605	2245.89	1747.22	2140.61	1584.7	1915.295
los	1453	1452	1862.655	1430.125	1646.39	2140.61	1584.7	1777.81	1082.44	1611.525
spe	1453	1449	1862.655	1589.82	1726.2375	2140.61	1584.7	1942.5	1237.14	1688.875
los	1449	GCA.002366595.1.Bacteria.Chloroflexota	1589.82	0.0	794.91	1942.5	1237.14	0.0	0.0	971.25
spe	1476	1454	2416.915	1996.555	2206.735	2708.83	2125.0	2245.89	1747.22	2228.025
los	1454	1446	1996.555	1803.385	1899.97	2245.89	1747.22	2040.01	1566.76	1906.325
spe	1454	1453	1996.555	1862.655	1929.605	2245.89	1747.22	2140.61	1584.7	1915.295
spe	1453	1452	1862.655	1430.125	1646.39	2140.61	1584.7	1777.81	1082.44	1611.525
los	1452	GCA.002423325.1.Bacteria.Chloroflexota	1430.125	0.0	715.0625	1777.81	1082.44	0.0	0.0	888.905
spe	1453	1449	1862.655	1589.82	1726.2375	2140.61	1584.7	1942.5	1237.14	1688.875
los	1449	GCA.002400365.1.Bacteria.Chloroflexota	1589.82	0.0	794.91	1942.5	1237.14	0.0	0.0	971.25
spe	1477	1431	2723.605	2420.455	2572.03	3040.81	2406.4	2714.59	2126.32	2583.565
los	1431	1430	2420.455	1801.635	2111.045	2714.59	2126.32	2276.21	1327.06	2020.825
spe	1431	1427	2420.455	2216.53	2318.4925	2714.59	2126.32	2490.85	1942.21	2328.4
spe	1427	1413	2216.53	1968.2	2092.365	2490.85	1942.21	2223.13	1713.27	2102.06
los	1413	1399	1968.2	1604.38	1786.29	2223.13	1713.27	1953.48	1255.28	1739.205
spe	1413	1412	1968.2	1749.925	1859.0625	2223.13	1713.27	1991.74	1508.11	1865.62
los	1412	1411	1749.925	1413.835	1581.88	1991.74	1508.11	1714.05	1113.62	1552.68
spe	1412	1408	1749.925	1662.42	1706.1725	1991.74	1508.11	1907.66	1417.18	1704.46
spe	1408	1407	1662.42	1546.495	1604.4575	1907.66	1417.18	1804.4	1288.59	1598.125
los	1407	GCA.002717565.1.Bacteria.Chloroflexota	1546.495	0.0	773.2475	1804.4	1288.59	0.0	0.0	902.2
spe	1407	1406	1546.495	1411.15	1478.8225	1804.4	1288.59	1684.0	1138.3	1471.35
los	1406	GCA.002717925.1.Bacteria.Chloroflexota	1411.15	0.0	705.575	1684.0	1138.3	0.0	0.0	842.0
spe	1408	1402	1662.42	1501.935	1582.1775	1907.66	1417.18	1778.95	1224.92	1566.29
hgt	681	GCA.002712885.1.Bacteria.Acidobacteriota	1727.015	0.0	863.5075	2032.78	1421.25	0.0	0.0	1016.39
los	1402	GCA.003228115.1.Bacteria.Chloroflexota	1501.935	0.0	750.9675	1778.95	1224.92	0.0	0.0	889.475
spe	1427	1426	2216.53	1994.025	2105.2775	2490.85	1942.21	2287.24	1700.81	2095.83
los	1426	GCF.001953175.1.Bacteria.Chloroflexota	1994.025	0.0	997.0125	2287.24	1700.81	0.0	0.0	1143.62
spe	1426	1425	1994.025	1783.375	1888.7	2287.24	1700.81	2059.01	1507.74	1897.49
spe	1425	1424	1783.375	1648.125	1715.75	2059.01	1507.74	1911.17	1385.08	1722.045
spe	1424	1422	1648.125	1519.76	1583.9425	1911.17	1385.08	1777.68	1261.84	1586.505
los	1422	GCA.003484395.1.Bacteria.Chloroflexota	1519.76	0.0	759.88	1777.68	1261.84	0.0	0.0	888.84
spe	1422	1421	1519.76	1474.28	1497.02	1777.68	1261.84	1734.39	1214.17	1495.925
los	1421	GCA.002347295.1.Bacteria.Chloroflexota	1474.28	0.0	737.14	1734.39	1214.17	0.0	0.0	867.195
spe	1421	1419	1474.28	1336.415	1405.3475	1734.39	1214.17	1593.44	1079.39	1406.89
hgt	None	dead	0.0	0.0	0.0	0.0	0.0	0.0	0.0	0.0
hgt	1203	GCA.002399265.1.Bacteria.Firmicutes.G	1335.97	0.0	667.985	1646.81	1025.13	0.0	0.0	823.405
los	None	dead	0.0	0.0	0.0	0.0	0.0	0.0	0.0	0.0
spe	1478	1477	3018.815	2723.605	2871.21	3423.42	2614.21	3040.81	2406.4	2914.91
spe	1477	1431	2723.605	2420.455	2572.03	3040.81	2406.4	2714.59	2126.32	2583.565
los	1431	1427	2420.455	2216.53	2318.4925	2714.59	2126.32	2490.85	1942.21	2328.4
spe	1431	1430	2420.455	1801.635	2111.045	2714.59	2126.32	2276.21	1327.06	2020.825
los	1430	GCA.001795235.1.Bacteria.Chloroflexota	1801.635	0.0	900.8175	2276.21	1327.06	0.0	0.0	1138.105
spe	1477	1476	2723.605	2416.915	2570.26	3040.81	2406.4	2708.83	2125.0	2582.905
spe	1476	1475	2416.915	2249.485	2333.2	2708.83	2125.0	2543.8	1955.17	2332.0
los	1475	1463	2249.485	1987.575	2118.53	2543.8	1955.17	2304.87	1670.28	2107.04
spe	1475	1474	2249.485	2094.15	2171.8175	2543.8	1955.17	2398.35	1789.95	2166.875
los	1474	1473	2094.15	1294.4735	1694.31175	2398.35	1789.95	1671.97	916.977	1657.6635
hgt	None	dead	0.0	0.0	0.0	0.0	0.0	0.0	0.0	0.0
hgt	1437	GCA.002702065.1.Bacteria.Chloroflexota	1158.264	0.0	579.132	1381.67	934.858	0.0	0.0	690.835
los	None	dead	0.0	0.0	0.0	0.0	0.0	0.0	0.0	0.0
spe	1474	1470	2094.15	1749.085	1921.6175	2398.35	1789.95	2065.21	1432.96	1915.655
los	1470	1469	1749.085	1574.225	1661.655	2065.21	1432.96	1892.87	1255.58	1660.395
spe	1476	1454	2416.915	1996.555	2206.735	2708.83	2125.0	2245.89	1747.22	2228.025
los	1454	1453	1996.555	1862.655	1929.605	2245.89	1747.22	2140.61	1584.7	1915.295
spe	1454	1446	1996.555	1803.385	1899.97	2245.89	1747.22	2040.01	1566.76	1906.325
spe	1446	1445	1803.385	1577.91	1690.6475	2040.01	1566.76	1848.3	1307.52	1673.765
los	1445	GCA.003130875.1.Bacteria.Chloroflexota	1577.91	0.0	788.955	1848.3	1307.52	0.0	0.0	924.15
spe	1445	1444	1577.91	1386.06	1481.985	1848.3	1307.52	1673.58	1098.54	1473.42
los	1444	GCA.003451595.1.Bacteria.Chloroflexota	1386.06	0.0	693.03	1673.58	1098.54	0.0	0.0	836.79
spe	1446	1440	1803.385	1679.715	1741.55	2040.01	1566.76	1908.42	1451.01	1745.51
los	1440	GCF.001306175.1.Bacteria.Chloroflexota	1679.715	0.0	839.8575	1908.42	1451.01	0.0	0.0	954.21
spe	1440	1439	1679.715	1492.005	1585.86	1908.42	1451.01	1713.37	1270.64	1589.53
los	1439	GCF.900187885.1.Bacteria.Chloroflexota	1492.005	0.0	746.0025	1713.37	1270.64	0.0	0.0	856.685
spe	1439	1438	1492.005	1317.205	1404.605	1713.37	1270.64	1528.24	1106.17	1409.77
los	1438	GCA.002841995.1.Bacteria.Chloroflexota	1317.205	0.0	658.6025	1528.24	1106.17	0.0	0.0	764.12
spe	1438	1437	1317.205	1158.264	1237.7345	1528.24	1106.17	1381.67	934.858	1231.549
los	1437	GCA.002702065.1.Bacteria.Chloroflexota	1158.264	0.0	579.132	1381.67	934.858	0.0	0.0	690.835
hgt	None	dead	0.0	0.0	0.0	0.0	0.0	0.0	0.0	0.0
hgt	None	dead	0.0	0.0	0.0	0.0	0.0	0.0	0.0	0.0
dup	902	901	3405.845	3300.53	3353.1875	3689.17	3122.52	3575.42	3025.64	3357.405
spe	902	901	3405.845	3300.53	3353.1875	3689.17	3122.52	3575.42	3025.64	3357.405
los	901	663	3300.53	3210.05	3255.29	3575.42	3025.64	3476.56	2943.54	3259.48
spe	901	900	3300.53	3098.985	3199.7575	3575.42	3025.64	3380.82	2817.15	3196.285
los	900	716	3098.985	2659.235	2879.11	3380.82	2817.15	2943.59	2374.88	2877.85
spe	900	899	3098.985	2936.525	3017.755	3380.82	2817.15	3198.27	2674.78	3027.8
spe	899	898	2936.525	2864.305	2900.415	3198.27	2674.78	3119.95	2608.66	2903.465
spe	898	897	2864.305	2785.14	2824.7225	3119.95	2608.66	3031.51	2538.77	2829.36
los	897	896	2785.14	2307.21	2546.175	3031.51	2538.77	2775.78	1838.64	2435.075
spe	897	889	2785.14	2616.235	2700.6875	3031.51	2538.77	2841.39	2391.08	2711.295
los	889	843	2616.235	2520.86	2568.5475	2841.39	2391.08	2742.85	2298.87	2570.13
spe	889	888	2616.235	2336.71	2476.4725	2841.39	2391.08	2614.71	2058.71	2450.05
los	888	887	2336.71	2137.8	2237.255	2614.71	2058.71	2389.64	1885.96	2250.335
spe	888	854	2336.71	2075.68	2206.195	2614.71	2058.71	2396.33	1755.03	2184.87
los	854	850	2075.68	2017.715	2046.6975	2396.33	1755.03	2343.11	1692.32	2044.325
spe	854	853	2075.68	1743.175	1909.4275	2396.33	1755.03	2129.35	1357.0	1876.665
los	853	GCA.003232385.1.Bacteria.SZUA.79	1743.175	0.0	871.5875	2129.35	1357.0	0.0	0.0	1064.675
spe	898	756	2864.305	2320.99	2592.6475	3119.95	2608.66	2718.41	1923.57	2521.76
los	756	GCA.001790645.1.Bacteria.Schekmanbacteria	2320.99	0.0	1160.495	2718.41	1923.57	0.0	0.0	1359.205
spe	756	754	2320.99	2042.42	2181.705	2718.41	1923.57	2408.05	1676.79	2197.6
los	754	746	2042.42	1667.435	1854.9275	2408.05	1676.79	2098.35	1236.52	1822.285
spe	754	753	2042.42	1778.33	1910.375	2408.05	1676.79	2125.97	1430.69	1919.37
los	753	751	1778.33	1613.625	1695.9775	2125.97	1430.69	1945.94	1281.31	1703.64
spe	899	743	2936.525	2681.09	2808.8075	3198.27	2674.78	3020.99	2341.19	2769.73
los	743	721	2681.09	2277.575	2479.3325	3020.99	2341.19	2744.86	1810.29	2415.64
hgt	None	dead	0.0	0.0	0.0	0.0	0.0	0.0	0.0	0.0
hgt	458	GCA.002340345.1.Bacteria.Proteobacteria	1624.365	0.0	812.1825	1810.7	1438.03	0.0	0.0	905.35
los	None	dead	0.0	0.0	0.0	0.0	0.0	0.0	0.0	0.0
spe	743	742	2681.09	2393.59	2537.34	3020.99	2341.19	2740.14	2047.04	2534.015
los	742	738	2393.59	2076.07	2234.83	2740.14	2047.04	2381.91	1770.23	2255.185
spe	742	741	2393.59	1693.345	2043.4675	2740.14	2047.04	2199.48	1187.21	1963.675
hgt	None	dead	0.0	0.0	0.0	0.0	0.0	0.0	0.0	0.0
los	741	GCA.003220615.1.Bacteria.Methylomirabilota	1693.345	0.0	846.6725	2199.48	1187.21	0.0	0.0	1099.74
hgt	274	GCA.000406005.1.Bacteria.Poribacteria	1625.32	0.0	812.66	2112.15	1138.49	0.0	0.0	1056.075
los	None	dead	0.0	0.0	0.0	0.0	0.0	0.0	0.0	0.0
spe	902	901	3405.845	3300.53	3353.1875	3689.17	3122.52	3575.42	3025.64	3357.405
spe	901	663	3300.53	3210.05	3255.29	3575.42	3025.64	3476.56	2943.54	3259.48
hgt	None	dead	0.0	0.0	0.0	0.0	0.0	0.0	0.0	0.0
hgt	None	dead	0.0	0.0	0.0	0.0	0.0	0.0	0.0	0.0
dup	None	dead	0.0	0.0	0.0	0.0	0.0	0.0	0.0	0.0
hgt	598	GCA.002170535.1.Bacteria.Proteobacteria	953.337	0.0	476.6685	1225.19	681.484	0.0	0.0	612.595
los	None	dead	0.0	0.0	0.0	0.0	0.0	0.0	0.0	0.0
hgt	179	178	3274.245	3153.655	3213.95	3465.96	3082.53	3350.0	2957.31	3211.635
los	None	dead	0.0	0.0	0.0	0.0	0.0	0.0	0.0	0.0
hgt	None	dead	0.0	0.0	0.0	0.0	0.0	0.0	0.0	0.0
dup	179	178	3274.245	3153.655	3213.95	3465.96	3082.53	3350.0	2957.31	3211.635
hgt	None	dead	0.0	0.0	0.0	0.0	0.0	0.0	0.0	0.0
dup	179	178	3274.245	3153.655	3213.95	3465.96	3082.53	3350.0	2957.31	3211.635
spe	179	178	3274.245	3153.655	3213.95	3465.96	3082.53	3350.0	2957.31	3211.635
spe	178	177	3153.655	2975.235	3064.445	3350.0	2957.31	3172.02	2778.45	3064.225
spe	177	95	2975.235	2751.94	2863.5875	3172.02	2778.45	2968.59	2535.29	2853.655
spe	95	94	2751.94	2705.465	2728.7025	2968.59	2535.29	2926.2	2484.73	2726.66
los	94	42	2705.465	2027.525	2366.495	2926.2	2484.73	2532.54	1522.51	2224.355
spe	94	93	2705.465	2558.825	2632.145	2926.2	2484.73	2775.71	2341.94	2634.07
los	93	GCF.000025525.1.Archaea.Methanobacteriota.A	2558.825	0.0	1279.4125	2775.71	2341.94	0.0	0.0	1387.855
spe	93	92	2558.825	2447.115	2502.97	2775.71	2341.94	2665.58	2228.65	2502.18
los	92	91	2447.115	2166.265	2306.69	2665.58	2228.65	2401.72	1930.81	2298.195
spe	92	70	2447.115	2126.625	2286.87	2665.58	2228.65	2338.09	1915.16	2290.37
spe	70	54	2126.625	1938.605	2032.615	2338.09	1915.16	2167.1	1710.11	2024.1
los	54	48	1938.605	1716.14	1827.3725	2167.1	1710.11	1982.66	1449.62	1808.36
spe	54	53	1938.605	1580.44	1759.5225	2167.1	1710.11	1846.71	1314.17	1740.635
los	53	52	1580.44	1320.27	1450.355	1846.71	1314.17	1581.03	1059.51	1453.11
spe	70	69	2126.625	1947.51	2037.0675	2338.09	1915.16	2163.01	1732.01	2035.05
spe	69	68	1947.51	1695.025	1821.2675	2163.01	1732.01	1934.33	1455.72	1809.365
spe	68	67	1695.025	1500.29	1597.6575	1934.33	1455.72	1746.66	1253.92	1594.125
los	67	GCA.001421185.1.Archaea.Thermoplasmatota	1500.29	0.0	750.145	1746.66	1253.92	0.0	0.0	873.33
spe	67	65	1500.29	1261.09	1380.69	1746.66	1253.92	1500.52	1021.66	1384.16
los	65	GCA.001595885.1.Archaea.Thermoplasmatota	1261.09	0.0	630.545	1500.52	1021.66	0.0	0.0	750.26
spe	69	61	1947.51	1811.47	1879.49	2163.01	1732.01	2045.17	1577.77	1870.39
los	61	GCA.002497685.1.Archaea.Thermoplasmatota	1811.47	0.0	905.735	2045.17	1577.77	0.0	0.0	1022.585
spe	61	60	1811.47	1534.115	1672.7925	2045.17	1577.77	1781.72	1286.51	1665.84
spe	60	59	1534.115	1276.445	1405.28	1781.72	1286.51	1522.67	1030.22	1405.97
los	59	GCA.002011395.1.Archaea.Thermoplasmatota	1276.445	0.0	638.2225	1522.67	1030.22	0.0	0.0	761.335
hgt	None	dead	0.0	0.0	0.0	0.0	0.0	0.0	0.0	0.0
hgt	137	GCA.002255045.1.Archaea.Thermoproteota	2168.41	0.0	1084.205	2408.53	1928.29	0.0	0.0	1204.265
hgt	48	47	1716.14	1480.595	1598.3675	1982.66	1449.62	1786.51	1174.68	1578.67
los	None	dead	0.0	0.0	0.0	0.0	0.0	0.0	0.0	0.0
spe	48	47	1716.14	1480.595	1598.3675	1982.66	1449.62	1786.51	1174.68	1578.67
spe	95	39	2751.94	2176.73	2464.335	2968.59	2535.29	2662.29	1691.17	2329.88
los	39	38	2176.73	1770.925	1973.8275	2662.29	1691.17	2300.92	1240.93	1951.61
hgt	None	dead	0.0	0.0	0.0	0.0	0.0	0.0	0.0	0.0
hgt	77	GCA.003194435.1.Archaea.Halobacteriota	1412.42	0.0	706.21	1711.62	1113.22	0.0	0.0	855.81
los	None	dead	0.0	0.0	0.0	0.0	0.0	0.0	0.0	0.0
spe	39	35	2176.73	1886.455	2031.5925	2662.29	1691.17	2412.29	1360.62	2011.455
los	35	GCA.001587715.1.Archaea.Methanobacteriota.B	1886.455	0.0	943.2275	2412.29	1360.62	0.0	0.0	1206.145
hgt	None	dead	0.0	0.0	0.0	0.0	0.0	0.0	0.0	0.0
hgt	1068	GCA.002428295.1.Bacteria.Caldisericota	1488.73	0.0	744.365	1829.99	1147.47	0.0	0.0	914.995
los	None	dead	0.0	0.0	0.0	0.0	0.0	0.0	0.0	0.0
spe	177	176	2975.235	2798.9	2887.0675	3172.02	2778.45	2996.96	2600.84	2886.43
spe	176	140	2798.9	2626.73	2712.815	2996.96	2600.84	2837.91	2415.55	2706.255
los	140	GCF.000019605.1.Archaea.Thermoproteota	2626.73	0.0	1313.365	2837.91	2415.55	0.0	0.0	1418.955
dup	140	139	2626.73	2517.75	2572.24	2837.91	2415.55	2733.29	2302.21	2570.06
spe	140	139	2626.73	2517.75	2572.24	2837.91	2415.55	2733.29	2302.21	2570.06
spe	139	109	2517.75	2214.8	2366.275	2733.29	2302.21	2483.59	1946.01	2339.65
spe	109	108	2214.8	1863.195	2038.9975	2483.59	1946.01	2170.45	1555.94	2019.765
los	108	107	1863.195	1515.18	1689.1875	2170.45	1555.94	1853.29	1177.07	1673.76
dup	109	103	2214.8	1798.43	2006.615	2483.59	1946.01	2110.45	1486.41	1985.0
spe	109	103	2214.8	1798.43	2006.615	2483.59	1946.01	2110.45	1486.41	1985.0
los	103	GCA.002254745.1.Archaea.Thermoproteota	1798.43	0.0	899.215	2110.45	1486.41	0.0	0.0	1055.225
spe	103	101	1798.43	1577.935	1688.1825	2110.45	1486.41	1881.51	1274.36	1692.405
los	101	GCF.000011205.1.Archaea.Thermoproteota	1577.935	0.0	788.9675	1881.51	1274.36	0.0	0.0	940.755
spe	101	99	1577.935	1356.82	1467.3775	1881.51	1274.36	1642.61	1071.03	1476.27
los	99	GCF.001481685.1.Archaea.Thermoproteota	1356.82	0.0	678.41	1642.61	1071.03	0.0	0.0	821.305
spe	109	103	2214.8	1798.43	2006.615	2483.59	1946.01	2110.45	1486.41	1985.0
spe	103	101	1798.43	1577.935	1688.1825	2110.45	1486.41	1881.51	1274.36	1692.405
los	101	99	1577.935	1356.82	1467.3775	1881.51	1274.36	1642.61	1071.03	1476.27
spe	139	138	2517.75	2383.655	2450.7025	2733.29	2302.21	2607.35	2159.96	2446.625
spe	138	137	2383.655	2168.41	2276.0325	2607.35	2159.96	2408.53	1928.29	2267.82
los	137	GCA.002255045.1.Archaea.Thermoproteota	2168.41	0.0	1084.205	2408.53	1928.29	0.0	0.0	1204.265
spe	137	136	2168.41	2026.55	2097.48	2408.53	1928.29	2277.08	1776.02	2092.275
los	136	GCA.000375685.1.Archaea.Thermoproteota	2026.55	0.0	1013.275	2277.08	1776.02	0.0	0.0	1138.54
spe	136	134	2026.55	1807.525	1917.0375	2277.08	1776.02	2062.72	1552.33	1914.705
los	134	130	1807.525	1643.645	1725.585	2062.72	1552.33	1910.35	1376.94	1719.83
spe	134	133	1807.525	1484.13	1645.8275	2062.72	1552.33	1802.63	1165.63	1614.175
los	133	GCA.000405685.1.Archaea.Thermoproteota	1484.13	0.0	742.065	1802.63	1165.63	0.0	0.0	901.315
spe	138	124	2383.655	2123.145	2253.4	2607.35	2159.96	2381.0	1865.29	2236.32
los	124	GCA.002495485.1.Archaea.Thermoproteota	2123.145	0.0	1061.5725	2381.0	1865.29	0.0	0.0	1190.5
spe	124	123	2123.145	1998.805	2060.975	2381.0	1865.29	2251.98	1745.63	2063.315
spe	123	113	1998.805	1643.05	1820.9275	2251.98	1745.63	2015.58	1270.52	1761.25
los	113	GCA.001593865.1.Archaea.Thermoproteota	1643.05	0.0	821.525	2015.58	1270.52	0.0	0.0	1007.79
spe	123	122	1998.805	1853.335	1926.07	2251.98	1745.63	2102.13	1604.54	1928.26
spe	122	118	1853.335	1643.115	1748.225	2102.13	1604.54	1910.17	1376.06	1739.095
los	118	116	1643.115	1108.5585	1375.83675	1910.17	1376.06	1411.12	805.997	1358.0835
hgt	143	GCA.001940655.1.Archaea.Asgardarchaeota	1902.65	0.0	951.325	2361.92	1443.38	0.0	0.0	1180.96
spe	122	121	1853.335	1422.225	1637.78	2102.13	1604.54	1736.27	1108.18	1605.155
spe	140	139	2626.73	2517.75	2572.24	2837.91	2415.55	2733.29	2302.21	2570.06
spe	139	109	2517.75	2214.8	2366.275	2733.29	2302.21	2483.59	1946.01	2339.65
los	109	103	2214.8	1798.43	2006.615	2483.59	1946.01	2110.45	1486.41	1985.0
spe	109	108	2214.8	1863.195	2038.9975	2483.59	1946.01	2170.45	1555.94	2019.765
los	108	GCF.000148385.1.Archaea.Thermoproteota	1863.195	0.0	931.5975	2170.45	1555.94	0.0	0.0	1085.225
spe	108	107	1863.195	1515.18	1689.1875	2170.45	1555.94	1853.29	1177.07	1673.76
spe	139	138	2517.75	2383.655	2450.7025	2733.29	2302.21	2607.35	2159.96	2446.625
los	138	124	2383.655	2123.145	2253.4	2607.35	2159.96	2381.0	1865.29	2236.32
spe	138	137	2383.655	2168.41	2276.0325	2607.35	2159.96	2408.53	1928.29	2267.82
los	137	GCA.002255045.1.Archaea.Thermoproteota	2168.41	0.0	1084.205	2408.53	1928.29	0.0	0.0	1204.265
spe	137	136	2168.41	2026.55	2097.48	2408.53	1928.29	2277.08	1776.02	2092.275
los	136	GCA.000375685.1.Archaea.Thermoproteota	2026.55	0.0	1013.275	2277.08	1776.02	0.0	0.0	1138.54
spe	136	134	2026.55	1807.525	1917.0375	2277.08	1776.02	2062.72	1552.33	1914.705
spe	134	130	1807.525	1643.645	1725.585	2062.72	1552.33	1910.35	1376.94	1719.83
los	130	GCA.001510295.1.Archaea.Thermoproteota	1643.645	0.0	821.8225	1910.35	1376.94	0.0	0.0	955.175
spe	130	128	1643.645	925.9285	1284.78675	1910.35	1376.94	1257.47	594.387	1252.3685
spe	134	133	1807.525	1484.13	1645.8275	2062.72	1552.33	1802.63	1165.63	1614.175
hgt	31	GCA.001723855.1.Archaea.Altiarchaeota	1919.745	0.0	959.8725	2381.01	1458.48	0.0	0.0	1190.505
los	133	GCA.002506605.1.Archaea.Thermoproteota	1484.13	0.0	742.065	1802.63	1165.63	0.0	0.0	901.315
hgt	None	dead	0.0	0.0	0.0	0.0	0.0	0.0	0.0	0.0
hgt	99	GCF.001481685.1.Archaea.Thermoproteota	1356.82	0.0	678.41	1642.61	1071.03	0.0	0.0	821.305
los	None	dead	0.0	0.0	0.0	0.0	0.0	0.0	0.0	0.0
spe	176	175	2798.9	2653.515	2726.2075	2996.96	2600.84	2862.53	2444.5	2720.73
los	175	143	2653.515	1902.65	2278.0825	2862.53	2444.5	2361.92	1443.38	2152.955
hgt	None	dead	0.0	0.0	0.0	0.0	0.0	0.0	0.0	0.0
spe	175	174	2653.515	2527.615	2590.565	2862.53	2444.5	2745.47	2309.76	2586.145
los	174	173	2527.615	2445.14	2486.3775	2745.47	2309.76	2664.86	2225.42	2485.445
hgt	113	GCA.001593865.1.Archaea.Thermoproteota	1643.05	0.0	821.525	2015.58	1270.52	0.0	0.0	1007.79
los	None	dead	0.0	0.0	0.0	0.0	0.0	0.0	0.0	0.0
spe	178	32	3153.655	2402.345	2778.0	3350.0	2957.31	2862.85	1941.84	2645.92
spe	32	31	2402.345	1919.745	2161.045	2862.85	1941.84	2381.01	1458.48	2160.665
los	31	GCA.001723855.1.Archaea.Altiarchaeota	1919.745	0.0	959.8725	2381.01	1458.48	0.0	0.0	1190.505
spe	31	29	1919.745	1492.545	1706.145	2381.01	1458.48	1899.36	1085.73	1733.37
los	29	GCA.002254565.1.Archaea.Altiarchaeota	1492.545	0.0	746.2725	1899.36	1085.73	0.0	0.0	949.68
spe	32	26	2402.345	790.375	1596.36	2862.85	1941.84	1278.57	302.18	1582.515
spe	179	178	3274.245	3153.655	3213.95	3465.96	3082.53	3350.0	2957.31	3211.635
los	178	32	3153.655	2402.345	2778.0	3350.0	2957.31	2862.85	1941.84	2645.92
spe	178	177	3153.655	2975.235	3064.445	3350.0	2957.31	3172.02	2778.45	3064.225
los	177	95	2975.235	2751.94	2863.5875	3172.02	2778.45	2968.59	2535.29	2853.655
spe	177	176	2975.235	2798.9	2887.0675	3172.02	2778.45	2996.96	2600.84	2886.43
los	176	175	2798.9	2653.515	2726.2075	2996.96	2600.84	2862.53	2444.5	2720.73
spe	176	140	2798.9	2626.73	2712.815	2996.96	2600.84	2837.91	2415.55	2706.255
spe	140	139	2626.73	2517.75	2572.24	2837.91	2415.55	2733.29	2302.21	2570.06
los	139	109	2517.75	2214.8	2366.275	2733.29	2302.21	2483.59	1946.01	2339.65
spe	139	138	2517.75	2383.655	2450.7025	2733.29	2302.21	2607.35	2159.96	2446.625
los	138	137	2383.655	2168.41	2276.0325	2607.35	2159.96	2408.53	1928.29	2267.82
spe	138	124	2383.655	2123.145	2253.4	2607.35	2159.96	2381.0	1865.29	2236.32
los	124	GCA.002495485.1.Archaea.Thermoproteota	2123.145	0.0	1061.5725	2381.0	1865.29	0.0	0.0	1190.5
spe	124	123	2123.145	1998.805	2060.975	2381.0	1865.29	2251.98	1745.63	2063.315
los	123	113	1998.805	1643.05	1820.9275	2251.98	1745.63	2015.58	1270.52	1761.25
spe	123	122	1998.805	1853.335	1926.07	2251.98	1745.63	2102.13	1604.54	1928.26
los	122	121	1853.335	1422.225	1637.78	2102.13	1604.54	1736.27	1108.18	1605.155
spe	122	118	1853.335	1643.115	1748.225	2102.13	1604.54	1910.17	1376.06	1739.095
los	118	GCA.001593855.1.Archaea.Thermoproteota	1643.115	0.0	821.5575	1910.17	1376.06	0.0	0.0	955.085
spe	118	116	1643.115	1108.5585	1375.83675	1910.17	1376.06	1411.12	805.997	1358.0835
hgt	88	87	1663.625	1542.125	1602.875	1881.51	1445.74	1762.59	1321.66	1601.585
los	None	dead	0.0	0.0	0.0	0.0	0.0	0.0	0.0	0.0
spe	88	87	1663.625	1542.125	1602.875	1881.51	1445.74	1762.59	1321.66	1601.585
spe	87	86	1542.125	1366.345	1454.235	1762.59	1321.66	1587.43	1145.26	1453.925
los	86	84	1366.345	1169.197	1267.771	1587.43	1145.26	1403.93	934.464	1260.947
spe	179	178	3274.245	3153.655	3213.95	3465.96	3082.53	3350.0	2957.31	3211.635
los	178	32	3153.655	2402.345	2778.0	3350.0	2957.31	2862.85	1941.84	2645.92
spe	178	177	3153.655	2975.235	3064.445	3350.0	2957.31	3172.02	2778.45	3064.225
los	177	176	2975.235	2798.9	2887.0675	3172.02	2778.45	2996.96	2600.84	2886.43
spe	177	95	2975.235	2751.94	2863.5875	3172.02	2778.45	2968.59	2535.29	2853.655
spe	95	94	2751.94	2705.465	2728.7025	2968.59	2535.29	2926.2	2484.73	2726.66
spe	94	42	2705.465	2027.525	2366.495	2926.2	2484.73	2532.54	1522.51	2224.355
los	42	GCA.002502135.1.Archaea.Undinarchaeota	2027.525	0.0	1013.7625	2532.54	1522.51	0.0	0.0	1266.27
spe	94	93	2705.465	2558.825	2632.145	2926.2	2484.73	2775.71	2341.94	2634.07
los	93	GCF.000025525.1.Archaea.Methanobacteriota.A	2558.825	0.0	1279.4125	2775.71	2341.94	0.0	0.0	1387.855
spe	93	92	2558.825	2447.115	2502.97	2775.71	2341.94	2665.58	2228.65	2502.18
los	92	70	2447.115	2126.625	2286.87	2665.58	2228.65	2338.09	1915.16	2290.37
spe	92	91	2447.115	2166.265	2306.69	2665.58	2228.65	2401.72	1930.81	2298.195
hgt	86	84	1366.345	1169.197	1267.771	1587.43	1145.26	1403.93	934.464	1260.947
spe	86	84	1366.345	1169.197	1267.771	1587.43	1145.26	1403.93	934.464	1260.947
hgt	80	GCF.002114285.1.Archaea.Halobacteriota	1371.305	0.0	685.6525	1640.83	1101.78	0.0	0.0	820.415
spe	91	90	2166.265	1969.495	2067.88	2401.72	1930.81	2197.74	1741.25	2071.485
spe	90	89	1969.495	1812.405	1890.95	2197.74	1741.25	2030.99	1593.82	1895.78
los	89	88	1812.405	1663.625	1738.015	2030.99	1593.82	1881.51	1445.74	1738.365
spe	89	77	1812.405	1412.42	1612.4125	2030.99	1593.82	1711.62	1113.22	1572.105
los	77	GCA.003194435.1.Archaea.Halobacteriota	1412.42	0.0	706.21	1711.62	1113.22	0.0	0.0	855.81
hgt	38	GCA.001515205.2.Archaea.Hadarchaeota	1770.925	0.0	885.4625	2300.92	1240.93	0.0	0.0	1150.46
spe	90	74	1969.495	1616.7	1793.0975	2197.74	1741.25	1969.17	1264.23	1730.985
spe	95	39	2751.94	2176.73	2464.335	2968.59	2535.29	2662.29	1691.17	2329.88
spe	39	35	2176.73	1886.455	2031.5925	2662.29	1691.17	2412.29	1360.62	2011.455
los	35	GCF.002201895.1.Archaea.Euryarchaeota	1886.455	0.0	943.2275	2412.29	1360.62	0.0	0.0	1206.145
spe	39	38	2176.73	1770.925	1973.8275	2662.29	1691.17	2300.92	1240.93	1951.61
hgt	93	GCF.000025525.1.Archaea.Methanobacteriota.A	2558.825	0.0	1279.4125	2775.71	2341.94	0.0	0.0	1387.855
los	38	GCA.001515205.2.Archaea.Hadarchaeota	1770.925	0.0	885.4625	2300.92	1240.93	0.0	0.0	1150.46
hgt	1038	1032	1807.925	1430.62	1619.2725	2124.57	1491.28	1762.83	1098.41	1611.49
los	None	dead	0.0	0.0	0.0	0.0	0.0	0.0	0.0	0.0
spe	1038	1032	1807.925	1430.62	1619.2725	2124.57	1491.28	1762.83	1098.41	1611.49
spe	663	662	3210.05	3126.015	3168.0325	3476.56	2943.54	3383.83	2868.2	3172.38
los	662	400	3126.015	1933.765	2529.89	3383.83	2868.2	2579.57	1287.96	2335.895
spe	662	661	3126.015	3067.985	3097.0	3383.83	2868.2	3322.98	2812.99	3098.41
spe	661	655	3067.985	2988.07	3028.0275	3322.98	2812.99	3234.75	2741.39	3032.185
los	655	403	2988.07	2061.575	2524.8225	3234.75	2741.39	2630.37	1492.78	2363.765
spe	655	654	2988.07	2847.715	2917.8925	3234.75	2741.39	3085.46	2609.97	2922.36
los	654	653	2847.715	2587.485	2717.6	3085.46	2609.97	2815.0	2359.97	2722.715
spe	654	520	2847.715	2756.655	2802.185	3085.46	2609.97	2992.66	2520.65	2803.055
spe	520	406	2756.655	2159.8	2458.2275	2992.66	2520.65	2741.58	1578.02	2285.34
hgt	None	dead	0.0	0.0	0.0	0.0	0.0	0.0	0.0	0.0
los	406	GCF.002795805.1.Bacteria.Proteobacteria	2159.8	0.0	1079.9	2741.58	1578.02	0.0	0.0	1370.79
hgt	880	GCA.001577715.1.Bacteria.Desulfobacterota	1365.41	0.0	682.705	1637.86	1092.96	0.0	0.0	818.93
los	None	dead	0.0	0.0	0.0	0.0	0.0	0.0	0.0	0.0
hgt	None	dead	0.0	0.0	0.0	0.0	0.0	0.0	0.0	0.0
hgt	674	GCA.002747255.1.Bacteria.Acidobacteriota	1626.005	0.0	813.0025	2061.09	1190.92	0.0	0.0	1030.545
los	None	dead	0.0	0.0	0.0	0.0	0.0	0.0	0.0	0.0
hgt	None	dead	0.0	0.0	0.0	0.0	0.0	0.0	0.0	0.0
hgt	811	GCA.002726535.1.Bacteria.Myxococcota	1313.225	0.0	656.6125	1553.88	1072.57	0.0	0.0	776.94
los	None	dead	0.0	0.0	0.0	0.0	0.0	0.0	0.0	0.0
spe	520	519	2756.655	2611.035	2683.845	2992.66	2520.65	2836.91	2385.16	2688.91
los	519	GCF.002109495.1.Bacteria.Proteobacteria	2611.035	0.0	1305.5175	2836.91	2385.16	0.0	0.0	1418.455
hgt	None	dead	0.0	0.0	0.0	0.0	0.0	0.0	0.0	0.0
hgt	849	GCA.001896555.1.Bacteria.Desulfobacterota	1605.6	0.0	802.8	2007.54	1203.66	0.0	0.0	1003.77
los	None	dead	0.0	0.0	0.0	0.0	0.0	0.0	0.0	0.0
spe	519	518	2611.035	2442.195	2526.615	2836.91	2385.16	2659.56	2224.83	2530.87
los	518	GCA.002689455.1.Bacteria.Proteobacteria	2442.195	0.0	1221.0975	2659.56	2224.83	0.0	0.0	1329.78
spe	518	517	2442.195	2290.125	2366.16	2659.56	2224.83	2498.47	2081.78	2370.67
los	517	GCA.002937675.1.Bacteria.Proteobacteria	2290.125	0.0	1145.0625	2498.47	2081.78	0.0	0.0	1249.235
hgt	None	dead	0.0	0.0	0.0	0.0	0.0	0.0	0.0	0.0
hgt	780	GCA.001769805.1.Bacteria.Bdellovibrionota	1693.33	0.0	846.665	1987.08	1399.58	0.0	0.0	993.54
hgt	477	GCA.001897475.1.Bacteria.Proteobacteria	1066.3815	0.0	533.19075	1289.59	843.173	0.0	0.0	644.795
los	None	dead	0.0	0.0	0.0	0.0	0.0	0.0	0.0	0.0
spe	517	516	2290.125	2206.765	2248.445	2498.47	2081.78	2397.94	2015.59	2257.03
los	516	428	2206.765	2086.245	2146.505	2397.94	2015.59	2284.48	1888.01	2142.975
hgt	None	dead	0.0	0.0	0.0	0.0	0.0	0.0	0.0	0.0
spe	516	515	2206.765	2084.22	2145.4925	2397.94	2015.59	2265.7	1902.74	2150.34
los	515	514	2084.22	1954.11	2019.165	2265.7	1902.74	2125.97	1782.25	2023.975
hgt	1119	GCF.002973605.1.Bacteria.Armatimonadota	1519.685	0.0	759.8425	1896.55	1142.82	0.0	0.0	948.275
los	None	dead	0.0	0.0	0.0	0.0	0.0	0.0	0.0	0.0
spe	661	660	3067.985	2386.55	2727.2675	3322.98	2812.99	2810.74	1962.36	2642.67
hgt	None	dead	0.0	0.0	0.0	0.0	0.0	0.0	0.0	0.0
los	660	GCA.002395105.1.Bacteria.Proteobacteria	2386.55	0.0	1193.275	2810.74	1962.36	0.0	0.0	1405.37
hgt	426	416	1879.245	1555.63	1717.4375	2079.1	1679.39	1789.07	1322.19	1700.645
los	None	dead	0.0	0.0	0.0	0.0	0.0	0.0	0.0	0.0
spe	426	416	1879.245	1555.63	1717.4375	2079.1	1679.39	1789.07	1322.19	1700.645
spe	416	415	1555.63	1297.065	1426.3475	1789.07	1322.19	1524.67	1069.46	1429.265
hgt	None	dead	0.0	0.0	0.0	0.0	0.0	0.0	0.0	0.0
los	415	GCA.003213135.1.Bacteria.Proteobacteria	1297.065	0.0	648.5325	1524.67	1069.46	0.0	0.0	762.335
hgt	557	GCA.002728355.1.Bacteria.Proteobacteria	1225.2445	0.0	612.62225	1451.49	998.999	0.0	0.0	725.745
los	None	dead	0.0	0.0	0.0	0.0	0.0	0.0	0.0	0.0
spe	660	659	2386.55	1329.6085	1858.07925	2810.74	1962.36	1758.41	900.807	1855.7735
hgt	898	897	2864.305	2785.14	2824.7225	3119.95	2608.66	3031.51	2538.77	2829.36
hgt	1392	1391	3133.075	2803.98	2968.5275	3469.76	2796.39	3089.33	2518.63	2994.195
los	None	dead	0.0	0.0	0.0	0.0	0.0	0.0	0.0	0.0
spe	1392	1391	3133.075	2803.98	2968.5275	3469.76	2796.39	3089.33	2518.63	2994.195
spe	1391	1390	2803.98	2692.555	2748.2675	3089.33	2518.63	2961.03	2424.08	2756.705
spe	1390	1218	2692.555	2397.09	2544.8225	2961.03	2424.08	2801.39	1992.79	2476.91
hgt	None	dead	0.0	0.0	0.0	0.0	0.0	0.0	0.0	0.0
hgt	1427	1413	2216.53	1968.2	2092.365	2490.85	1942.21	2223.13	1713.27	2102.06
los	None	dead	0.0	0.0	0.0	0.0	0.0	0.0	0.0	0.0
spe	1427	1413	2216.53	1968.2	2092.365	2490.85	1942.21	2223.13	1713.27	2102.06
spe	1413	1412	1968.2	1749.925	1859.0625	2223.13	1713.27	1991.74	1508.11	1865.62
los	1412	1408	1749.925	1662.42	1706.1725	1991.74	1508.11	1907.66	1417.18	1704.46
spe	1412	1411	1749.925	1413.835	1581.88	1991.74	1508.11	1714.05	1113.62	1552.68
los	1411	GCA.002450515.1.Bacteria.Chloroflexota	1413.835	0.0	706.9175	1714.05	1113.62	0.0	0.0	857.025
spe	1413	1399	1968.2	1604.38	1786.29	2223.13	1713.27	1953.48	1255.28	1739.205
hgt	370	GCF.000092845.1.Bacteria.Spirochaetota	1820.805	0.0	910.4025	2270.65	1370.96	0.0	0.0	1135.325
los	1399	GCA.002708145.1.Bacteria.Chloroflexota	1604.38	0.0	802.19	1953.48	1255.28	0.0	0.0	976.74
hgt	1655	GCA.001771505.1.Bacteria.Margulisbacteria	1788.135	0.0	894.0675	2347.83	1228.44	0.0	0.0	1173.915
hgt	None	dead	0.0	0.0	0.0	0.0	0.0	0.0	0.0	0.0
hgt	1068	GCA.002877955.1.Bacteria.Caldisericota	1488.73	0.0	744.365	1829.99	1147.47	0.0	0.0	914.995
los	None	dead	0.0	0.0	0.0	0.0	0.0	0.0	0.0	0.0
hgt	383	GCA.001829315.1.Bacteria.Spirochaetota	1799.86	0.0	899.93	2104.95	1494.77	0.0	0.0	1052.475
hgt	None	dead	0.0	0.0	0.0	0.0	0.0	0.0	0.0	0.0
hgt	395	GCA.002402635.1.Bacteria.Deferribacterota	1504.32	0.0	752.16	1938.87	1069.77	0.0	0.0	969.435
los	None	dead	0.0	0.0	0.0	0.0	0.0	0.0	0.0	0.0
hgt	1273	GCF.000166335.1.Bacteria.Firmicutes.A	2085.065	0.0	1042.5325	2326.9	1843.23	0.0	0.0	1163.45
hgt	941	GCA.003477045.1.Bacteria.Delongbacteria	2102.37	0.0	1051.185	2487.46	1717.28	0.0	0.0	1243.73
spe	1218	1216	2397.09	1902.285	2149.6875	2801.39	1992.79	2352.8	1451.77	2126.58
los	1216	GCF.000020005.1.Bacteria.Firmicutes.D	1902.285	0.0	951.1425	2352.8	1451.77	0.0	0.0	1176.4
spe	1216	1215	1902.285	1418.775	1660.53	2352.8	1451.77	1822.09	1015.46	1684.13
hgt	1300	GCA.002418765.1.Bacteria.Firmicutes.B	1333.34	0.0	666.67	1595.67	1071.01	0.0	0.0	797.835
hgt	1375	GCF.000178255.1.Bacteria.Firmicutes	1363.0	0.0	681.5	1548.98	1177.02	0.0	0.0	774.49
hgt	193	GCA.001873945.1.Bacteria.UBA9089	1901.335	0.0	950.6675	2524.47	1278.2	0.0	0.0	1262.235
los	1218	GCA.001513125.1.Bacteria.DTU030	2397.09	0.0	1198.545	2801.39	1992.79	0.0	0.0	1400.695
hgt	198	GCA.002478245.1.Bacteria.UBP18	1971.4	0.0	985.7	2575.64	1367.16	0.0	0.0	1287.82
hgt	1257	GCF.900104115.1.Bacteria.Firmicutes.A	1285.645	0.0	642.8225	1517.55	1053.74	0.0	0.0	758.775
spe	1390	1389	2692.555	2619.07	2655.8125	2961.03	2424.08	2879.48	2358.66	2659.845
los	1389	1237	2619.07	2011.28	2315.175	2879.48	2358.66	2328.85	1693.71	2286.595
dup	1389	1388	2619.07	2495.045	2557.0575	2879.48	2358.66	2745.25	2244.84	2562.16
dup	1389	1388	2619.07	2495.045	2557.0575	2879.48	2358.66	2745.25	2244.84	2562.16
spe	1389	1388	2619.07	2495.045	2557.0575	2879.48	2358.66	2745.25	2244.84	2562.16
spe	1388	1387	2495.045	2426.135	2460.59	2745.25	2244.84	2669.8	2182.47	2463.86
hgt	1187	1133	2676.31	1803.285	2239.7975	2970.95	2381.67	2441.81	1164.76	2067.855
los	1387	1386	2426.135	2312.805	2369.47	2669.8	2182.47	2552.07	2073.54	2371.67
spe	1187	1133	2676.31	1803.285	2239.7975	2970.95	2381.67	2441.81	1164.76	2067.855
hgt	1136	GCA.001768645.1.Bacteria.Actinobacteriota	1777.3	0.0	888.65	2350.53	1204.07	0.0	0.0	1175.265
spe	1387	1327	2426.135	2263.0	2344.5675	2669.8	2182.47	2518.47	2007.53	2338.665
spe	1327	1326	2263.0	2039.05	2151.025	2518.47	2007.53	2290.01	1788.09	2153.28
spe	1326	1325	2039.05	1862.485	1950.7675	2290.01	1788.09	2083.02	1641.95	1965.98
spe	1325	1297	1862.485	1576.575	1719.53	2083.02	1641.95	1886.7	1266.45	1674.735
los	1297	GCA.002329495.1.Bacteria.Firmicutes.B	1576.575	0.0	788.2875	1886.7	1266.45	0.0	0.0	943.35
spe	1297	1296	1576.575	1436.52	1506.5475	1886.7	1266.45	1763.25	1109.79	1498.245
los	1296	GCF.900176005.1.Bacteria.Firmicutes.B	1436.52	0.0	718.26	1763.25	1109.79	0.0	0.0	881.625
spe	1325	1324	1862.485	1779.53	1821.0075	2083.02	1641.95	1989.46	1569.6	1826.31
spe	1324	1308	1779.53	1606.55	1693.04	1989.46	1569.6	1832.18	1380.92	1685.19
los	1308	1300	1606.55	1333.34	1469.945	1832.18	1380.92	1595.67	1071.01	1451.595
dup	1308	1307	1606.55	1451.1	1528.825	1832.18	1380.92	1682.57	1219.63	1525.905
hgt	1210	1209	1896.845	1584.4	1740.6225	2224.85	1568.84	1929.85	1238.95	1731.9
spe	1308	1307	1606.55	1451.1	1528.825	1832.18	1380.92	1682.57	1219.63	1525.905
los	1307	1305	1451.1	1336.995	1394.0475	1682.57	1219.63	1578.59	1095.4	1388.985
spe	1210	1209	1896.845	1584.4	1740.6225	2224.85	1568.84	1929.85	1238.95	1731.9
spe	1209	1208	1584.4	1446.125	1515.2625	1929.85	1238.95	1790.14	1102.11	1515.98
los	1208	GCA.900016865.1.Bacteria.Firmicutes.G	1446.125	0.0	723.0625	1790.14	1102.11	0.0	0.0	895.07
spe	1308	1307	1606.55	1451.1	1528.825	1832.18	1380.92	1682.57	1219.63	1525.905
los	1307	GCA.000987045.1.Bacteria.Firmicutes.B	1451.1	0.0	725.55	1682.57	1219.63	0.0	0.0	841.285
spe	1307	1305	1451.1	1336.995	1394.0475	1682.57	1219.63	1578.59	1095.4	1388.985
spe	1305	1304	1336.995	1096.0955	1216.54525	1578.59	1095.4	1375.0	817.191	1197.8905
hgt	None	dead	0.0	0.0	0.0	0.0	0.0	0.0	0.0	0.0
los	1304	GCA.001508005.1.Bacteria.Firmicutes.B	1096.0955	0.0	548.04775	1375.0	817.191	0.0	0.0	687.5
hgt	1221	GCA.002375925.1.Bacteria.Firmicutes.E	1546.995	0.0	773.4975	1982.53	1111.46	0.0	0.0	991.265
los	None	dead	0.0	0.0	0.0	0.0	0.0	0.0	0.0	0.0
hgt	None	dead	0.0	0.0	0.0	0.0	0.0	0.0	0.0	0.0
hgt	1227	GCA.003242675.1.Bacteria.Firmicutes.E	1509.365	0.0	754.6825	1811.9	1206.83	0.0	0.0	905.95
hgt	857	GCA.001830835.1.Bacteria.Desulfobacterota	1680.31	0.0	840.155	2026.99	1333.63	0.0	0.0	1013.495
los	None	dead	0.0	0.0	0.0	0.0	0.0	0.0	0.0	0.0
spe	1324	1323	1779.53	1708.06	1743.795	1989.46	1569.6	1917.5	1498.62	1744.04
los	1323	1322	1708.06	1384.555	1546.3075	1917.5	1498.62	1682.41	1086.7	1502.1
spe	1323	1319	1708.06	1607.725	1657.8925	1917.5	1498.62	1817.85	1397.6	1657.55
los	1319	GCF.900100785.1.Bacteria.Firmicutes.B	1607.725	0.0	803.8625	1817.85	1397.6	0.0	0.0	908.925
spe	1319	1318	1607.725	1519.645	1563.685	1817.85	1397.6	1736.35	1302.94	1560.395
spe	1318	1312	1519.645	1284.875	1402.26	1736.35	1302.94	1547.99	1021.76	1379.055
los	1312	GCF.000019165.1.Bacteria.Firmicutes.B	1284.875	0.0	642.4375	1547.99	1021.76	0.0	0.0	773.995
spe	1318	1317	1519.645	1148.381	1334.013	1736.35	1302.94	1413.4	883.362	1309.856
los	1317	1315	1148.381	955.8	1052.0905	1413.4	883.362	1256.7	654.9	1034.15
hgt	None	dead	0.0	0.0	0.0	0.0	0.0	0.0	0.0	0.0
los	1326	1292	2039.05	1516.66	1777.855	2290.01	1788.09	1936.55	1096.77	1693.39
hgt	1218	GCA.001513125.1.Bacteria.DTU030	2397.09	0.0	1198.545	2801.39	1992.79	0.0	0.0	1400.695
hgt	1667	GCA.003503675.1.Bacteria.Cyanobacteria	2112.65	0.0	1056.325	2842.8	1382.5	0.0	0.0	1421.4
los	None	dead	0.0	0.0	0.0	0.0	0.0	0.0	0.0	0.0
hgt	1315	GCF.002224645.1.Bacteria.Firmicutes.B	955.8	0.0	477.9	1256.7	654.9	0.0	0.0	628.35
spe	1327	1289	2263.0	1989.36	2126.18	2518.47	2007.53	2274.49	1704.23	2111.35
los	1289	GCA.002345475.1.Bacteria.Firmicutes.H	1989.36	0.0	994.68	2274.49	1704.23	0.0	0.0	1137.245
spe	1289	1288	1989.36	1620.075	1804.7175	2274.49	1704.23	1888.5	1351.65	1813.07
los	1288	GCA.002411145.1.Bacteria.Firmicutes.C	1620.075	0.0	810.0375	1888.5	1351.65	0.0	0.0	944.25
spe	1288	1287	1620.075	1424.27	1522.1725	1888.5	1351.65	1673.04	1175.5	1532.0
spe	1287	1285	1424.27	1338.6	1381.435	1673.04	1175.5	1586.21	1090.99	1382.015
los	1285	1284	1338.6	1065.8455	1202.22275	1586.21	1090.99	1351.63	780.061	1183.1355
spe	1285	1281	1338.6	1109.4215	1224.01075	1586.21	1090.99	1419.04	799.803	1193.0065
los	1281	1280	1109.4215	950.2895	1029.8555	1419.04	799.803	1302.52	598.059	1008.5495
spe	1388	1274	2495.045	2255.985	2375.515	2745.25	2244.84	2515.29	1996.68	2370.965
los	1274	1273	2255.985	2085.065	2170.525	2515.29	1996.68	2326.9	1843.23	2179.26
hgt	None	dead	0.0	0.0	0.0	0.0	0.0	0.0	0.0	0.0
hgt	1280	GCF.000430605.1.Bacteria.Firmicutes.C	950.2895	0.0	475.14475	1302.52	598.059	0.0	0.0	651.26
los	None	dead	0.0	0.0	0.0	0.0	0.0	0.0	0.0	0.0
spe	1274	1240	2255.985	1697.815	1976.9	2515.29	1996.68	2230.68	1164.95	1840.12
los	1240	GCA.002376045.1.Bacteria.Firmicutes.A	1697.815	0.0	848.9075	2230.68	1164.95	0.0	0.0	1115.34
hgt	183	GCA.002402105.1.Bacteria.UBP17	2699.305	0.0	1349.6525	3359.33	2039.28	0.0	0.0	1679.665
spe	1389	1388	2619.07	2495.045	2557.0575	2879.48	2358.66	2745.25	2244.84	2562.16
spe	1388	1387	2495.045	2426.135	2460.59	2745.25	2244.84	2669.8	2182.47	2463.86
los	1387	1327	2426.135	2263.0	2344.5675	2669.8	2182.47	2518.47	2007.53	2338.665
spe	1387	1386	2426.135	2312.805	2369.47	2669.8	2182.47	2552.07	2073.54	2371.67
los	1386	1330	2312.805	1602.185	1957.495	2552.07	2073.54	2102.79	1101.58	1826.825
spe	1386	1385	2312.805	2240.33	2276.5675	2552.07	2073.54	2474.59	2006.07	2279.07
los	1385	1384	2240.33	2049.01	2144.67	2474.59	2006.07	2270.99	1827.03	2150.81
spe	1385	1333	2240.33	1678.19	1959.26	2474.59	2006.07	2199.0	1157.38	1815.985
los	1333	GCA.002423965.1.Bacteria.Firmicutes.D	1678.19	0.0	839.095	2199.0	1157.38	0.0	0.0	1099.5
spe	1388	1274	2495.045	2255.985	2375.515	2745.25	2244.84	2515.29	1996.68	2370.965
spe	1274	1240	2255.985	1697.815	1976.9	2515.29	1996.68	2230.68	1164.95	1840.12
hgt	None	dead	0.0	0.0	0.0	0.0	0.0	0.0	0.0	0.0
los	1240	GCF.900142995.1.Bacteria.Firmicutes.A	1697.815	0.0	848.9075	2230.68	1164.95	0.0	0.0	1115.34
hgt	1216	GCF.000020005.1.Bacteria.Firmicutes.D	1902.285	0.0	951.1425	2352.8	1451.77	0.0	0.0	1176.4
los	None	dead	0.0	0.0	0.0	0.0	0.0	0.0	0.0	0.0
spe	1274	1273	2255.985	2085.065	2170.525	2515.29	1996.68	2326.9	1843.23	2179.26
los	1273	GCF.000166335.1.Bacteria.Firmicutes.A	2085.065	0.0	1042.5325	2326.9	1843.23	0.0	0.0	1163.45
spe	1273	1272	2085.065	1953.09	2019.0775	2326.9	1843.23	2178.34	1727.84	2027.37
los	1272	1246	1953.09	1576.985	1765.0375	2178.34	1727.84	1894.62	1259.35	1718.845
spe	1272	1271	1953.09	1755.96	1854.525	2178.34	1727.84	1960.31	1551.61	1864.975
los	1271	1270	1755.96	1598.315	1677.1375	1960.31	1551.61	1803.53	1393.1	1676.705
spe	1271	1259	1755.96	1686.58	1721.27	1960.31	1551.61	1885.7	1487.46	1723.885
spe	1259	1258	1686.58	1451.145	1568.8625	1885.7	1487.46	1683.97	1218.32	1552.01
los	1258	1257	1451.145	1285.645	1368.395	1683.97	1218.32	1517.55	1053.74	1368.855
spe	1259	1253	1686.58	1548.89	1617.735	1885.7	1487.46	1763.54	1334.24	1609.97
spe	1253	1252	1548.89	1387.715	1468.3025	1763.54	1334.24	1606.53	1168.9	1466.22
los	1252	1251	1387.715	1206.9915	1297.35325	1606.53	1168.9	1436.79	977.193	1291.8615
hgt	1269	GCF.002252565.1.Bacteria.Firmicutes.A	1451.62	0.0	725.81	1671.19	1232.05	0.0	0.0	835.595
los	1253	GCF.900142265.1.Bacteria.Firmicutes.A	1548.89	0.0	774.445	1763.54	1334.24	0.0	0.0	881.77
hgt	None	dead	0.0	0.0	0.0	0.0	0.0	0.0	0.0	0.0
hgt	1292	GCF.001950325.1.Bacteria.Firmicutes.B	1516.66	0.0	758.33	1936.55	1096.77	0.0	0.0	968.275
los	None	dead	0.0	0.0	0.0	0.0	0.0	0.0	0.0	0.0
hgt	None	dead	0.0	0.0	0.0	0.0	0.0	0.0	0.0	0.0
hgt	1347	GCF.001561915.1.Bacteria.Firmicutes	1373.121	0.0	686.5605	1753.0	993.242	0.0	0.0	876.5
hgt	1088	GCA.002010365.1.Bacteria.Bipolaricaulota	1715.27	0.0	857.635	2079.93	1350.61	0.0	0.0	1039.965
los	None	dead	0.0	0.0	0.0	0.0	0.0	0.0	0.0	0.0
spe	1389	1388	2619.07	2495.045	2557.0575	2879.48	2358.66	2745.25	2244.84	2562.16
spe	1388	1274	2495.045	2255.985	2375.515	2745.25	2244.84	2515.29	1996.68	2370.965
los	1274	1240	2255.985	1697.815	1976.9	2515.29	1996.68	2230.68	1164.95	1840.12
spe	1274	1273	2255.985	2085.065	2170.525	2515.29	1996.68	2326.9	1843.23	2179.26
los	1273	GCF.000166335.1.Bacteria.Firmicutes.A	2085.065	0.0	1042.5325	2326.9	1843.23	0.0	0.0	1163.45
spe	1273	1272	2085.065	1953.09	2019.0775	2326.9	1843.23	2178.34	1727.84	2027.37
los	1272	1271	1953.09	1755.96	1854.525	2178.34	1727.84	1960.31	1551.61	1864.975
hgt	None	dead	0.0	0.0	0.0	0.0	0.0	0.0	0.0	0.0
spe	1272	1246	1953.09	1576.985	1765.0375	2178.34	1727.84	1894.62	1259.35	1718.845
los	1246	GCF.000213255.1.Bacteria.Firmicutes.A	1576.985	0.0	788.4925	1894.62	1259.35	0.0	0.0	947.31
spe	1246	1245	1576.985	1401.9	1489.4425	1894.62	1259.35	1725.07	1078.73	1486.675
los	1245	GCF.900129115.1.Bacteria.Firmicutes.A	1401.9	0.0	700.95	1725.07	1078.73	0.0	0.0	862.535
hgt	749	GCA.002705185.1.Bacteria.Nitrospinota	1448.555	0.0	724.2775	1782.86	1114.25	0.0	0.0	891.43
hgt	1469	GCA.001898225.1.Bacteria.Chloroflexota	1574.225	0.0	787.1125	1892.87	1255.58	0.0	0.0	946.435
los	None	dead	0.0	0.0	0.0	0.0	0.0	0.0	0.0	0.0
hgt	None	dead	0.0	0.0	0.0	0.0	0.0	0.0	0.0	0.0
hgt	1251	GCA.900066305.1.Bacteria.Firmicutes.A	1206.9915	0.0	603.49575	1436.79	977.193	0.0	0.0	718.395
los	None	dead	0.0	0.0	0.0	0.0	0.0	0.0	0.0	0.0
spe	1388	1387	2495.045	2426.135	2460.59	2745.25	2244.84	2669.8	2182.47	2463.86
spe	1387	1386	2426.135	2312.805	2369.47	2669.8	2182.47	2552.07	2073.54	2371.67
los	1386	1330	2312.805	1602.185	1957.495	2552.07	2073.54	2102.79	1101.58	1826.825
spe	1386	1385	2312.805	2240.33	2276.5675	2552.07	2073.54	2474.59	2006.07	2279.07
los	1385	1333	2240.33	1678.19	1959.26	2474.59	2006.07	2199.0	1157.38	1815.985
spe	1385	1384	2240.33	2049.01	2144.67	2474.59	2006.07	2270.99	1827.03	2150.81
spe	1384	1338	2049.01	1549.595	1799.3025	2270.99	1827.03	1917.57	1181.62	1726.305
los	1338	1337	1549.595	1365.895	1457.745	1917.57	1181.62	1723.9	1007.89	1462.73
spe	1384	1383	2049.01	1971.49	2010.25	2270.99	1827.03	2185.06	1757.92	2014.455
los	1383	1341	1971.49	1523.81	1747.65	2185.06	1757.92	1926.97	1120.65	1652.855
spe	1383	1382	1971.49	1907.445	1939.4675	2185.06	1757.92	2119.76	1695.13	1940.095
los	1382	1344	1907.445	1520.89	1714.1675	2119.76	1695.13	1933.44	1108.34	1614.05
spe	1382	1381	1907.445	1843.345	1875.395	2119.76	1695.13	2050.47	1636.22	1877.99
hgt	None	dead	0.0	0.0	0.0	0.0	0.0	0.0	0.0	0.0
hgt	1360	GCF.002902625.1.Bacteria.Firmicutes	1258.375	0.0	629.1875	1500.04	1016.71	0.0	0.0	750.02
los	None	dead	0.0	0.0	0.0	0.0	0.0	0.0	0.0	0.0
spe	1381	1380	1843.345	1785.675	1814.51	2050.47	1636.22	1991.06	1580.29	1815.38
spe	1380	1379	1785.675	1743.235	1764.455	1991.06	1580.29	1945.76	1540.71	1765.885
los	1379	1378	1743.235	1618.42	1680.8275	1945.76	1540.71	1816.1	1420.74	1683.25
spe	1379	1355	1743.235	1426.77	1585.0025	1945.76	1540.71	1769.44	1084.1	1514.93
los	1355	GCF.000503775.1.Bacteria.Firmicutes	1426.77	0.0	713.385	1769.44	1084.1	0.0	0.0	884.72
spe	1381	1351	1843.345	1688.26	1765.8025	2050.47	1636.22	1952.2	1424.32	1737.395
spe	1351	1350	1688.26	1481.1	1584.68	1952.2	1424.32	1809.84	1152.36	1552.28
los	1350	GCF.000942395.1.Bacteria.Firmicutes	1481.1	0.0	740.55	1809.84	1152.36	0.0	0.0	904.92
spe	1351	1347	1688.26	1373.121	1530.6905	1952.2	1424.32	1753.0	993.242	1472.721
hgt	1355	GCF.000503775.1.Bacteria.Firmicutes	1426.77	0.0	713.385	1769.44	1084.1	0.0	0.0	884.72
los	1347	GCF.001561915.1.Bacteria.Firmicutes	1373.121	0.0	686.5605	1753.0	993.242	0.0	0.0	876.5
hgt	1344	GCF.000218765.1.Bacteria.Firmicutes	1520.89	0.0	760.445	1933.44	1108.34	0.0	0.0	966.72
spe	1387	1327	2426.135	2263.0	2344.5675	2669.8	2182.47	2518.47	2007.53	2338.665
los	1327	1289	2263.0	1989.36	2126.18	2518.47	2007.53	2274.49	1704.23	2111.35
spe	1327	1326	2263.0	2039.05	2151.025	2518.47	2007.53	2290.01	1788.09	2153.28
los	1326	1292	2039.05	1516.66	1777.855	2290.01	1788.09	1936.55	1096.77	1693.39
spe	1326	1325	2039.05	1862.485	1950.7675	2290.01	1788.09	2083.02	1641.95	1965.98
los	1325	1297	1862.485	1576.575	1719.53	2083.02	1641.95	1886.7	1266.45	1674.735
spe	1325	1324	1862.485	1779.53	1821.0075	2083.02	1641.95	1989.46	1569.6	1826.31
spe	1324	1323	1779.53	1708.06	1743.795	1989.46	1569.6	1917.5	1498.62	1744.04
los	1323	1322	1708.06	1384.555	1546.3075	1917.5	1498.62	1682.41	1086.7	1502.1
spe	1323	1319	1708.06	1607.725	1657.8925	1917.5	1498.62	1817.85	1397.6	1657.55
los	1319	1318	1607.725	1519.645	1563.685	1817.85	1397.6	1736.35	1302.94	1560.395
spe	1324	1308	1779.53	1606.55	1693.04	1989.46	1569.6	1832.18	1380.92	1685.19
los	1308	1307	1606.55	1451.1	1528.825	1832.18	1380.92	1682.57	1219.63	1525.905
spe	1308	1300	1606.55	1333.34	1469.945	1832.18	1380.92	1595.67	1071.01	1451.595
los	1300	GCA.002418765.1.Bacteria.Firmicutes.B	1333.34	0.0	666.67	1595.67	1071.01	0.0	0.0	797.835
spe	1391	1211	2803.98	2064.13	2434.055	3089.33	2518.63	2431.02	1697.24	2393.285
los	1211	1210	2064.13	1896.845	1980.4875	2431.02	1697.24	2224.85	1568.84	1999.93
hgt	None	dead	0.0	0.0	0.0	0.0	0.0	0.0	0.0	0.0
hgt	1173	GCA.001768675.1.Bacteria.Actinobacteriota	1376.77	0.0	688.385	1664.76	1088.78	0.0	0.0	832.38
los	None	dead	0.0	0.0	0.0	0.0	0.0	0.0	0.0	0.0
spe	1211	1199	2064.13	1800.4	1932.265	2431.02	1697.24	2108.72	1492.08	1961.55
los	1199	1191	1800.4	1478.59	1639.495	2108.72	1492.08	1834.53	1122.65	1615.685
spe	1199	1198	1800.4	1617.44	1708.92	2108.72	1492.08	1916.88	1318.0	1713.36
hgt	None	dead	0.0	0.0	0.0	0.0	0.0	0.0	0.0	0.0
los	1198	1197	1617.44	1426.32	1521.88	1916.88	1318.0	1708.58	1144.06	1530.47
hgt	1312	GCF.000019165.1.Bacteria.Firmicutes.B	1284.875	0.0	642.4375	1547.99	1021.76	0.0	0.0	773.995
los	None	dead	0.0	0.0	0.0	0.0	0.0	0.0	0.0	0.0
dup	898	897	2864.305	2785.14	2824.7225	3119.95	2608.66	3031.51	2538.77	2829.36
spe	898	897	2864.305	2785.14	2824.7225	3119.95	2608.66	3031.51	2538.77	2829.36
los	897	896	2785.14	2307.21	2546.175	3031.51	2538.77	2775.78	1838.64	2435.075
spe	897	889	2785.14	2616.235	2700.6875	3031.51	2538.77	2841.39	2391.08	2711.295
los	889	843	2616.235	2520.86	2568.5475	2841.39	2391.08	2742.85	2298.87	2570.13
spe	889	888	2616.235	2336.71	2476.4725	2841.39	2391.08	2614.71	2058.71	2450.05
spe	888	854	2336.71	2075.68	2206.195	2614.71	2058.71	2396.33	1755.03	2184.87
los	854	850	2075.68	2017.715	2046.6975	2396.33	1755.03	2343.11	1692.32	2044.325
hgt	None	dead	0.0	0.0	0.0	0.0	0.0	0.0	0.0	0.0
spe	854	853	2075.68	1743.175	1909.4275	2396.33	1755.03	2129.35	1357.0	1876.665
los	853	GCA.001797415.1.Bacteria.Desulfobacterota	1743.175	0.0	871.5875	2129.35	1357.0	0.0	0.0	1064.675
hgt	517	GCA.002937675.1.Bacteria.Proteobacteria	2290.125	0.0	1145.0625	2498.47	2081.78	0.0	0.0	1249.235
hgt	236	GCA.002412545.1.Bacteria.Elusimicrobiota	1629.965	0.0	814.9825	1963.74	1296.19	0.0	0.0	981.87
los	None	dead	0.0	0.0	0.0	0.0	0.0	0.0	0.0	0.0
spe	888	887	2336.71	2137.8	2237.255	2614.71	2058.71	2389.64	1885.96	2250.335
los	887	863	2137.8	1855.945	1996.8725	2389.64	1885.96	2157.72	1554.17	1971.905
spe	887	886	2137.8	1905.655	2021.7275	2389.64	1885.96	2131.89	1679.42	2034.53
los	886	874	1905.655	1792.455	1849.055	2131.89	1679.42	2028.47	1556.44	1844.165
spe	886	885	1905.655	1770.19	1837.9225	2131.89	1679.42	2001.88	1538.5	1835.195
los	885	884	1770.19	1647.595	1708.8925	2001.88	1538.5	1883.47	1411.72	1706.8
spe	885	877	1770.19	1616.13	1693.16	2001.88	1538.5	1882.89	1349.37	1675.625
hgt	801	GCA.002328485.1.Bacteria.Desulfobacterota.G	1810.17	0.0	905.085	2217.42	1402.92	0.0	0.0	1108.71
hgt	1058	GCA.001443005.1.Bacteria.Synergistota	1931.1	0.0	965.55	2676.3	1185.9	0.0	0.0	1338.15
hgt	None	dead	0.0	0.0	0.0	0.0	0.0	0.0	0.0	0.0
hgt	1645	GCF.000212395.1.Bacteria.Thermodesulfobiota	2606.885	0.0	1303.4425	3195.61	2018.16	0.0	0.0	1597.805
hgt	188	GCA.001787855.1.Bacteria.Riflebacteria	2641.665	0.0	1320.8325	3499.21	1784.12	0.0	0.0	1749.605
los	None	dead	0.0	0.0	0.0	0.0	0.0	0.0	0.0	0.0
hgt	None	dead	0.0	0.0	0.0	0.0	0.0	0.0	0.0	0.0
hgt	185	GCA.001791795.1.Bacteria.Wallbacteria	3017.615	0.0	1508.8075	3697.2	2338.03	0.0	0.0	1848.6
hgt	400	GCA.002401295.1.Bacteria.SAR324	1933.765	0.0	966.8825	2579.57	1287.96	0.0	0.0	1289.785
hgt	866	GCA.002877985.1.Bacteria.Desulfobacterota	1297.81	0.0	648.905	1547.62	1048.0	0.0	0.0	773.81
los	None	dead	0.0	0.0	0.0	0.0	0.0	0.0	0.0	0.0
hgt	832	GCA.002721815.1.Bacteria.Myxococcota	1444.88	0.0	722.44	1737.65	1152.11	0.0	0.0	868.825
hgt	None	dead	0.0	0.0	0.0	0.0	0.0	0.0	0.0	0.0
hgt	198	GCA.001871015.1.Bacteria.Desantisbacteria	1971.4	0.0	985.7	2575.64	1367.16	0.0	0.0	1287.82
hgt	356	GCA.001828445.1.Bacteria.Planctomycetota	1629.915	0.0	814.9575	2024.86	1234.97	0.0	0.0	1012.43
hgt	166	GCA.000209225.1.Eukaryota.Cnidaria	946.8465	0.0	473.42325	1204.72	688.973	0.0	0.0	602.36
hgt	1406	GCA.002717925.1.Bacteria.Chloroflexota	1411.15	0.0	705.575	1684.0	1138.3	0.0	0.0	842.0
los	None	dead	0.0	0.0	0.0	0.0	0.0	0.0	0.0	0.0
hgt	967	GCF.000013045.1.Bacteria.Bacteroidota	1879.385	0.0	939.6925	2109.43	1649.34	0.0	0.0	1054.715
spe	898	897	2864.305	2785.14	2824.7225	3119.95	2608.66	3031.51	2538.77	2829.36
hgt	None	dead	0.0	0.0	0.0	0.0	0.0	0.0	0.0	0.0
hgt	None	dead	0.0	0.0	0.0	0.0	0.0	0.0	0.0	0.0
hgt	1289	1288	1989.36	1620.075	1804.7175	2274.49	1704.23	1888.5	1351.65	1813.07
los	None	dead	0.0	0.0	0.0	0.0	0.0	0.0	0.0	0.0
spe	1289	1288	1989.36	1620.075	1804.7175	2274.49	1704.23	1888.5	1351.65	1813.07
spe	1288	1287	1620.075	1424.27	1522.1725	1888.5	1351.65	1673.04	1175.5	1532.0
los	1287	GCA.002329525.1.Bacteria.Firmicutes.C	1424.27	0.0	712.135	1673.04	1175.5	0.0	0.0	836.52
spe	1287	1285	1424.27	1338.6	1381.435	1673.04	1175.5	1586.21	1090.99	1382.015
los	1285	1284	1338.6	1065.8455	1202.22275	1586.21	1090.99	1351.63	780.061	1183.1355
spe	1285	1281	1338.6	1109.4215	1224.01075	1586.21	1090.99	1419.04	799.803	1193.0065
los	1281	GCF.002257705.1.Bacteria.Firmicutes.C	1109.4215	0.0	554.71075	1419.04	799.803	0.0	0.0	709.52
spe	1281	1280	1109.4215	950.2895	1029.8555	1419.04	799.803	1302.52	598.059	1008.5495
los	1280	GCF.000430605.1.Bacteria.Firmicutes.C	950.2895	0.0	475.14475	1302.52	598.059	0.0	0.0	651.26
spe	897	896	2785.14	2307.21	2546.175	3031.51	2538.77	2775.78	1838.64	2435.075
spe	896	892	2307.21	1770.59	2038.9	2775.78	1838.64	2290.19	1250.99	2013.385
los	892	GCA.001873295.1.Bacteria.CG2.30.70.394	1770.59	0.0	885.295	2290.19	1250.99	0.0	0.0	1145.095
spe	896	895	2307.21	1810.42	2058.815	2775.78	1838.64	2358.35	1262.49	2019.135
hgt	None	dead	0.0	0.0	0.0	0.0	0.0	0.0	0.0	0.0
los	895	GCA.002897695.1.Bacteria.BMS3Abin14	1810.42	0.0	905.21	2358.35	1262.49	0.0	0.0	1179.175
hgt	359	GCF.000949635.1.Bacteria.Planctomycetota	1653.55	0.0	826.775	2053.94	1253.16	0.0	0.0	1026.97
los	None	dead	0.0	0.0	0.0	0.0	0.0	0.0	0.0	0.0
hgt	749	GCA.003229375.1.Bacteria.Nitrospinota	1448.555	0.0	724.2775	1782.86	1114.25	0.0	0.0	891.43
hgt	861	GCA.002327985.1.Bacteria.Desulfobacterota	1399.46	0.0	699.73	1712.04	1086.88	0.0	0.0	856.02
hgt	1322	GCA.000961765.1.Bacteria.Firmicutes.B	1384.555	0.0	692.2775	1682.41	1086.7	0.0	0.0	841.205
los	None	dead	0.0	0.0	0.0	0.0	0.0	0.0	0.0	0.0
hgt	732	GCA.003153275.1.Bacteria.Nitrospirota	1232.2775	0.0	616.13875	1527.66	936.895	0.0	0.0	763.83
spe	897	889	2785.14	2616.235	2700.6875	3031.51	2538.77	2841.39	2391.08	2711.295
los	889	843	2616.235	2520.86	2568.5475	2841.39	2391.08	2742.85	2298.87	2570.13
spe	889	888	2616.235	2336.71	2476.4725	2841.39	2391.08	2614.71	2058.71	2450.05
los	888	854	2336.71	2075.68	2206.195	2614.71	2058.71	2396.33	1755.03	2184.87
spe	888	887	2336.71	2137.8	2237.255	2614.71	2058.71	2389.64	1885.96	2250.335
spe	887	886	2137.8	1905.655	2021.7275	2389.64	1885.96	2131.89	1679.42	2034.53
los	886	874	1905.655	1792.455	1849.055	2131.89	1679.42	2028.47	1556.44	1844.165
spe	886	885	1905.655	1770.19	1837.9225	2131.89	1679.42	2001.88	1538.5	1835.195
los	885	877	1770.19	1616.13	1693.16	2001.88	1538.5	1882.89	1349.37	1675.625
spe	885	884	1770.19	1647.595	1708.8925	2001.88	1538.5	1883.47	1411.72	1706.8
los	884	880	1647.595	1365.41	1506.5025	1883.47	1411.72	1637.86	1092.96	1488.215
spe	884	883	1647.595	1311.85	1479.7225	1883.47	1411.72	1564.19	1059.51	1471.49
los	883	GCA.001751085.1.Bacteria.Desulfobacterota	1311.85	0.0	655.925	1564.19	1059.51	0.0	0.0	782.095
spe	887	863	2137.8	1855.945	1996.8725	2389.64	1885.96	2157.72	1554.17	1971.905
los	863	857	1855.945	1680.31	1768.1275	2157.72	1554.17	2026.99	1333.63	1745.675
spe	863	862	1855.945	1513.555	1684.75	2157.72	1554.17	1819.77	1207.34	1682.53
los	862	861	1513.555	1399.46	1456.5075	1819.77	1207.34	1712.04	1086.88	1453.325
spe	663	397	3210.05	2713.19	2961.62	3476.56	2943.54	3215.27	2211.11	2843.835
spe	397	396	2713.19	2315.495	2514.3425	3215.27	2211.11	2856.45	1774.54	2494.905
los	396	GCF.000177635.2.Bacteria.Chrysiogenota	2315.495	0.0	1157.7475	2856.45	1774.54	0.0	0.0	1428.225
spe	396	395	2315.495	1504.32	1909.9075	2856.45	1774.54	1938.87	1069.77	1963.11
los	395	GCA.002402635.1.Bacteria.Deferribacterota	1504.32	0.0	752.16	1938.87	1069.77	0.0	0.0	969.435
hgt	868	GCA.002347095.1.Bacteria.Desulfobacterota	1587.525	0.0	793.7625	1838.99	1336.06	0.0	0.0	919.495
spe	901	900	3300.53	3098.985	3199.7575	3575.42	3025.64	3380.82	2817.15	3196.285
spe	900	716	3098.985	2659.235	2879.11	3380.82	2817.15	2943.59	2374.88	2877.85
los	716	715	2659.235	2473.255	2566.245	2943.59	2374.88	2740.33	2206.18	2574.885
spe	716	670	2659.235	2196.425	2427.83	2943.59	2374.88	2589.19	1803.66	2373.625
los	670	GCA.002898535.1.Bacteria.Acidobacteriota	2196.425	0.0	1098.2125	2589.19	1803.66	0.0	0.0	1294.595
spe	670	669	2196.425	1665.14	1930.7825	2589.19	1803.66	2042.02	1288.26	1938.725
los	669	GCA.002335385.1.Bacteria.Acidobacteriota	1665.14	0.0	832.57	2042.02	1288.26	0.0	0.0	1021.01
hgt	None	dead	0.0	0.0	0.0	0.0	0.0	0.0	0.0	0.0
hgt	1058	GCF.000233775.1.Bacteria.Synergistota	1931.1	0.0	965.55	2676.3	1185.9	0.0	0.0	1338.15
los	None	dead	0.0	0.0	0.0	0.0	0.0	0.0	0.0	0.0
spe	669	668	1665.14	1417.72	1541.43	2042.02	1288.26	1767.6	1067.84	1554.93
los	668	GCA.001775755.1.Bacteria.Acidobacteriota	1417.72	0.0	708.86	1767.6	1067.84	0.0	0.0	883.8
spe	900	899	3098.985	2936.525	3017.755	3380.82	2817.15	3198.27	2674.78	3027.8
spe	899	898	2936.525	2864.305	2900.415	3198.27	2674.78	3119.95	2608.66	2903.465
los	898	897	2864.305	2785.14	2824.7225	3119.95	2608.66	3031.51	2538.77	2829.36
spe	898	756	2864.305	2320.99	2592.6475	3119.95	2608.66	2718.41	1923.57	2521.76
los	756	GCA.001790645.1.Bacteria.Schekmanbacteria	2320.99	0.0	1160.495	2718.41	1923.57	0.0	0.0	1359.205
spe	756	754	2320.99	2042.42	2181.705	2718.41	1923.57	2408.05	1676.79	2197.6
spe	754	753	2042.42	1778.33	1910.375	2408.05	1676.79	2125.97	1430.69	1919.37
los	753	GCA.001803565.1.Bacteria.Nitrospinota.B	1778.33	0.0	889.165	2125.97	1430.69	0.0	0.0	1062.985
spe	753	751	1778.33	1613.625	1695.9775	2125.97	1430.69	1945.94	1281.31	1703.64
los	751	749	1613.625	1448.555	1531.09	1945.94	1281.31	1782.86	1114.25	1530.095
spe	754	746	2042.42	1667.435	1854.9275	2408.05	1676.79	2098.35	1236.52	1822.285
los	746	GCF.900079095.1.Bacteria.Tectomicrobia	1667.435	0.0	833.7175	2098.35	1236.52	0.0	0.0	1049.175
spe	899	743	2936.525	2681.09	2808.8075	3198.27	2674.78	3020.99	2341.19	2769.73
los	743	721	2681.09	2277.575	2479.3325	3020.99	2341.19	2744.86	1810.29	2415.64
spe	743	742	2681.09	2393.59	2537.34	3020.99	2341.19	2740.14	2047.04	2534.015
los	742	741	2393.59	1693.345	2043.4675	2740.14	2047.04	2199.48	1187.21	1963.675
hgt	None	dead	0.0	0.0	0.0	0.0	0.0	0.0	0.0	0.0
hgt	1271	1270	1755.96	1598.315	1677.1375	1960.31	1551.61	1803.53	1393.1	1676.705
los	None	dead	0.0	0.0	0.0	0.0	0.0	0.0	0.0	0.0
spe	1271	1270	1755.96	1598.315	1677.1375	1960.31	1551.61	1803.53	1393.1	1676.705
spe	1270	1264	1598.315	1360.255	1479.285	1803.53	1393.1	1585.16	1135.35	1469.44
los	1264	GCA.900317035.1.Bacteria.Firmicutes.A	1360.255	0.0	680.1275	1585.16	1135.35	0.0	0.0	792.58
spe	1264	1263	1360.255	1096.349	1228.302	1585.16	1135.35	1366.33	826.368	1205.764
los	1263	GCA.002308775.1.Bacteria.Firmicutes.A	1096.349	0.0	548.1745	1366.33	826.368	0.0	0.0	683.165
spe	1270	1269	1598.315	1451.62	1524.9675	1803.53	1393.1	1671.19	1232.05	1517.79
los	1269	1268	1451.62	1275.485	1363.5525	1671.19	1232.05	1498.58	1052.39	1361.79
spe	742	738	2393.59	2076.07	2234.83	2740.14	2047.04	2381.91	1770.23	2255.185
los	738	728	2076.07	1746.94	1911.505	2381.91	1770.23	2055.81	1438.07	1909.99
spe	738	737	2076.07	1863.46	1969.765	2381.91	1770.23	2163.3	1563.62	1972.765
los	737	736	1863.46	1526.965	1695.2125	2163.3	1563.62	1902.65	1151.28	1657.29
spe	737	733	1863.46	1467.515	1665.4875	2163.3	1563.62	1757.8	1177.23	1670.265
los	733	GCA.003235715.1.Bacteria.Nitrospirota	1467.515	0.0	733.7575	1757.8	1177.23	0.0	0.0	878.9
hgt	None	dead	0.0	0.0	0.0	0.0	0.0	0.0	0.0	0.0
spe	733	732	1467.515	1232.2775	1349.89625	1757.8	1177.23	1527.66	936.895	1347.3475
los	732	GCA.003153275.1.Bacteria.Nitrospirota	1232.2775	0.0	616.13875	1527.66	936.895	0.0	0.0	763.83
hgt	1296	GCF.900176005.1.Bacteria.Firmicutes.B	1436.52	0.0	718.26	1763.25	1109.79	0.0	0.0	881.625
hgt	866	GCA.003194485.1.Bacteria.Desulfobacterota	1297.81	0.0	648.905	1547.62	1048.0	0.0	0.0	773.81
los	None	dead	0.0	0.0	0.0	0.0	0.0	0.0	0.0	0.0
hgt	897	889	2785.14	2616.235	2700.6875	3031.51	2538.77	2841.39	2391.08	2711.295
hgt	507	506	1269.025	1217.64	1243.3325	1436.85	1101.2	1393.38	1041.9	1239.375
los	None	dead	0.0	0.0	0.0	0.0	0.0	0.0	0.0	0.0
spe	507	506	1269.025	1217.64	1243.3325	1436.85	1101.2	1393.38	1041.9	1239.375
dup	897	889	2785.14	2616.235	2700.6875	3031.51	2538.77	2841.39	2391.08	2711.295
spe	897	889	2785.14	2616.235	2700.6875	3031.51	2538.77	2841.39	2391.08	2711.295
spe	889	843	2616.235	2520.86	2568.5475	2841.39	2391.08	2742.85	2298.87	2570.13
los	843	783	2520.86	2397.91	2459.385	2742.85	2298.87	2628.44	2167.38	2455.115
spe	843	842	2520.86	2419.635	2470.2475	2742.85	2298.87	2639.73	2199.54	2471.195
spe	842	841	2419.635	2325.31	2372.4725	2639.73	2199.54	2547.32	2103.3	2371.515
los	841	801	2325.31	1810.17	2067.74	2547.32	2103.3	2217.42	1402.92	1975.12
spe	841	840	2325.31	2147.98	2236.645	2547.32	2103.3	2361.31	1934.65	2240.985
los	840	839	2147.98	2054.51	2101.245	2361.31	1934.65	2262.05	1846.97	2104.14
spe	840	804	2147.98	1824.305	1986.1425	2361.31	1934.65	2197.3	1451.31	1906.31
los	804	GCA.002731275.1.Bacteria.Myxococcota	1824.305	0.0	912.1525	2197.3	1451.31	0.0	0.0	1098.65
spe	842	798	2419.635	2124.995	2272.315	2639.73	2199.54	2377.41	1872.58	2256.155
los	798	786	2124.995	1632.64	1878.8175	2377.41	1872.58	1993.38	1271.9	1824.655
spe	798	797	2124.995	1832.825	1978.91	2377.41	1872.58	2092.41	1573.24	1975.325
los	797	GCA.002311335.1.Bacteria.Desulfobacterota.B	1832.825	0.0	916.4125	2092.41	1573.24	0.0	0.0	1046.205
spe	797	796	1832.825	1652.795	1742.81	2092.41	1573.24	1900.16	1405.43	1748.92
los	796	GCA.002238415.1.Bacteria.Desulfobacterota.B	1652.795	0.0	826.3975	1900.16	1405.43	0.0	0.0	950.08
hgt	None	dead	0.0	0.0	0.0	0.0	0.0	0.0	0.0	0.0
hgt	339	GCA.002311745.1.Bacteria.Planctomycetota	1559.885	0.0	779.9425	1829.43	1290.34	0.0	0.0	914.715
los	None	dead	0.0	0.0	0.0	0.0	0.0	0.0	0.0	0.0
spe	796	795	1652.795	1481.005	1566.9	1900.16	1405.43	1717.52	1244.49	1572.325
los	795	791	1481.005	1228.3465	1354.67575	1717.52	1244.49	1482.5	974.193	1345.8565
spe	795	794	1481.005	1350.25	1415.6275	1717.52	1244.49	1609.55	1090.95	1404.235
los	794	GCA.001798565.1.Bacteria.Desulfobacterota.B	1350.25	0.0	675.125	1609.55	1090.95	0.0	0.0	804.775
spe	889	888	2616.235	2336.71	2476.4725	2841.39	2391.08	2614.71	2058.71	2450.05
los	888	854	2336.71	2075.68	2206.195	2614.71	2058.71	2396.33	1755.03	2184.87
spe	888	887	2336.71	2137.8	2237.255	2614.71	2058.71	2389.64	1885.96	2250.335
spe	887	886	2137.8	1905.655	2021.7275	2389.64	1885.96	2131.89	1679.42	2034.53
los	886	874	1905.655	1792.455	1849.055	2131.89	1679.42	2028.47	1556.44	1844.165
spe	886	885	1905.655	1770.19	1837.9225	2131.89	1679.42	2001.88	1538.5	1835.195
los	885	877	1770.19	1616.13	1693.16	2001.88	1538.5	1882.89	1349.37	1675.625
spe	885	884	1770.19	1647.595	1708.8925	2001.88	1538.5	1883.47	1411.72	1706.8
los	884	883	1647.595	1311.85	1479.7225	1883.47	1411.72	1564.19	1059.51	1471.49
spe	884	880	1647.595	1365.41	1506.5025	1883.47	1411.72	1637.86	1092.96	1488.215
los	880	GCA.001577715.1.Bacteria.Desulfobacterota	1365.41	0.0	682.705	1637.86	1092.96	0.0	0.0	818.93
spe	887	863	2137.8	1855.945	1996.8725	2389.64	1885.96	2157.72	1554.17	1971.905
los	863	857	1855.945	1680.31	1768.1275	2157.72	1554.17	2026.99	1333.63	1745.675
spe	863	862	1855.945	1513.555	1684.75	2157.72	1554.17	1819.77	1207.34	1682.53
los	862	GCA.002782605.1.Bacteria.Desulfobacterota	1513.555	0.0	756.7775	1819.77	1207.34	0.0	0.0	909.885
hgt	None	dead	0.0	0.0	0.0	0.0	0.0	0.0	0.0	0.0
hgt	736	GCA.003454665.1.Bacteria.Nitrospirota	1526.965	0.0	763.4825	1902.65	1151.28	0.0	0.0	951.325
los	None	dead	0.0	0.0	0.0	0.0	0.0	0.0	0.0	0.0
spe	862	861	1513.555	1399.46	1456.5075	1819.77	1207.34	1712.04	1086.88	1453.325
los	861	GCA.002327985.1.Bacteria.Desulfobacterota	1399.46	0.0	699.73	1712.04	1086.88	0.0	0.0	856.02
spe	897	889	2785.14	2616.235	2700.6875	3031.51	2538.77	2841.39	2391.08	2711.295
los	889	843	2616.235	2520.86	2568.5475	2841.39	2391.08	2742.85	2298.87	2570.13
spe	889	888	2616.235	2336.71	2476.4725	2841.39	2391.08	2614.71	2058.71	2450.05
spe	888	854	2336.71	2075.68	2206.195	2614.71	2058.71	2396.33	1755.03	2184.87
los	854	853	2075.68	1743.175	1909.4275	2396.33	1755.03	2129.35	1357.0	1876.665
dup	854	850	2075.68	2017.715	2046.6975	2396.33	1755.03	2343.11	1692.32	2044.325
spe	854	850	2075.68	2017.715	2046.6975	2396.33	1755.03	2343.11	1692.32	2044.325
los	850	849	2017.715	1605.6	1811.6575	2343.11	1692.32	2007.54	1203.66	1773.385
hgt	None	dead	0.0	0.0	0.0	0.0	0.0	0.0	0.0	0.0
spe	850	846	2017.715	1673.82	1845.7675	2343.11	1692.32	2082.2	1265.44	1804.275
los	846	GCA.002327765.1.Bacteria.Desulfobacterota.E	1673.82	0.0	836.91	2082.2	1265.44	0.0	0.0	1041.1
hgt	519	GCF.002109495.1.Bacteria.Proteobacteria	2611.035	0.0	1305.5175	2836.91	2385.16	0.0	0.0	1418.455
hgt	1463	1457	1987.575	1538.99	1763.2825	2304.87	1670.28	1931.07	1146.91	1725.89
los	None	dead	0.0	0.0	0.0	0.0	0.0	0.0	0.0	0.0
spe	1463	1457	1987.575	1538.99	1763.2825	2304.87	1670.28	1931.07	1146.91	1725.89
hgt	None	dead	0.0	0.0	0.0	0.0	0.0	0.0	0.0	0.0
hgt	328	327	1867.775	1556.09	1711.9325	2192.2	1543.35	1868.81	1243.37	1717.785
los	None	dead	0.0	0.0	0.0	0.0	0.0	0.0	0.0	0.0
spe	328	327	1867.775	1556.09	1711.9325	2192.2	1543.35	1868.81	1243.37	1717.785
spe	327	326	1556.09	1208.648	1382.369	1868.81	1243.37	1527.79	889.506	1379.158
spe	854	850	2075.68	2017.715	2046.6975	2396.33	1755.03	2343.11	1692.32	2044.325
spe	850	849	2017.715	1605.6	1811.6575	2343.11	1692.32	2007.54	1203.66	1773.385
los	849	GCA.001896555.1.Bacteria.Desulfobacterota	1605.6	0.0	802.8	2007.54	1203.66	0.0	0.0	1003.77
spe	850	846	2017.715	1673.82	1845.7675	2343.11	1692.32	2082.2	1265.44	1804.275
hgt	None	dead	0.0	0.0	0.0	0.0	0.0	0.0	0.0	0.0
los	846	GCF.001611275.1.Bacteria.Desulfobacterota	1673.82	0.0	836.91	2082.2	1265.44	0.0	0.0	1041.1
hgt	1015	GCA.002790835.1.Bacteria.Krumholzibacteriota	1675.44	0.0	837.72	2099.78	1251.1	0.0	0.0	1049.89
los	None	dead	0.0	0.0	0.0	0.0	0.0	0.0	0.0	0.0
spe	888	887	2336.71	2137.8	2237.255	2614.71	2058.71	2389.64	1885.96	2250.335
los	887	863	2137.8	1855.945	1996.8725	2389.64	1885.96	2157.72	1554.17	1971.905
spe	887	886	2137.8	1905.655	2021.7275	2389.64	1885.96	2131.89	1679.42	2034.53
los	886	885	1905.655	1770.19	1837.9225	2131.89	1679.42	2001.88	1538.5	1835.195
spe	886	874	1905.655	1792.455	1849.055	2131.89	1679.42	2028.47	1556.44	1844.165
los	874	868	1792.455	1587.525	1689.99	2028.47	1556.44	1838.99	1336.06	1682.265
spe	874	873	1792.455	1600.675	1696.565	2028.47	1556.44	1876.83	1324.52	1676.495
los	873	GCA.002011835.1.Bacteria.Desulfobacterota	1600.675	0.0	800.3375	1876.83	1324.52	0.0	0.0	938.415
spe	873	871	1600.675	1358.76	1479.7175	1876.83	1324.52	1643.54	1073.98	1475.405
hgt	857	GCA.002010915.1.Bacteria.Desulfobacterota	1680.31	0.0	840.155	2026.99	1333.63	0.0	0.0	1013.495
hgt	840	839	2147.98	2054.51	2101.245	2361.31	1934.65	2262.05	1846.97	2104.14
hgt	1426	GCF.001953175.1.Bacteria.Chloroflexota	1994.025	0.0	997.0125	2287.24	1700.81	0.0	0.0	1143.62
hgt	223	222	1848.56	1612.11	1730.335	2081.67	1615.45	1830.56	1393.66	1737.665
los	None	dead	0.0	0.0	0.0	0.0	0.0	0.0	0.0	0.0
spe	223	222	1848.56	1612.11	1730.335	2081.67	1615.45	1830.56	1393.66	1737.665
spe	222	216	1612.11	1386.785	1499.4475	1830.56	1393.66	1642.34	1131.23	1480.895
los	216	GCA.003154195.1.Bacteria.Omnitrophota	1386.785	0.0	693.3925	1642.34	1131.23	0.0	0.0	821.17
spe	222	221	1612.11	1484.89	1548.5	1830.56	1393.66	1706.47	1263.31	1546.935
hgt	229	GCA.002791075.1.Bacteria.Ratteibacteria	2437.94	0.0	1218.97	2720.33	2155.55	0.0	0.0	1360.165
los	221	220	1484.89	1229.222	1357.056	1706.47	1263.31	1461.7	996.744	1351.607
spe	840	839	2147.98	2054.51	2101.245	2361.31	1934.65	2262.05	1846.97	2104.14
spe	839	829	2054.51	2001.85	2028.18	2262.05	1846.97	2204.71	1798.99	2030.52
los	829	828	2001.85	1750.53	1876.19	2204.71	1798.99	1966.78	1534.28	1869.495
spe	829	817	2001.85	1835.155	1918.5025	2204.71	1798.99	2046.73	1623.58	1914.145
spe	817	813	1835.155	1676.35	1755.7525	2046.73	1623.58	1896.42	1456.28	1751.505
hgt	681	GCA.002712885.1.Bacteria.Acidobacteriota	1727.015	0.0	863.5075	2032.78	1421.25	0.0	0.0	1016.39
los	813	812	1676.35	1516.905	1596.6275	1896.42	1456.28	1751.13	1282.68	1589.55
spe	813	807	1676.35	1389.97	1533.16	1896.42	1456.28	1659.67	1120.27	1508.345
hgt	1396	GCA.003244045.1.Bacteria.Dormibacterota	1723.235	0.0	861.6175	2334.25	1112.22	0.0	0.0	1167.125
hgt	1020	GCA.001780165.1.Bacteria.Eisenbacteria	1410.39	0.0	705.195	1757.86	1062.92	0.0	0.0	878.93
los	807	GCA.002841945.1.Bacteria.Myxococcota	1389.97	0.0	694.985	1659.67	1120.27	0.0	0.0	829.835
hgt	None	dead	0.0	0.0	0.0	0.0	0.0	0.0	0.0	0.0
hgt	1233	GCA.003449495.1.Bacteria.Firmicutes.E	1196.4	0.0	598.2	1500.76	892.04	0.0	0.0	750.38
los	None	dead	0.0	0.0	0.0	0.0	0.0	0.0	0.0	0.0
hgt	None	dead	0.0	0.0	0.0	0.0	0.0	0.0	0.0	0.0
hgt	1036	GCA.002059205.1.Bacteria.Latescibacterota	1475.96	0.0	737.98	1815.69	1136.23	0.0	0.0	907.845
los	None	dead	0.0	0.0	0.0	0.0	0.0	0.0	0.0	0.0
hgt	None	dead	0.0	0.0	0.0	0.0	0.0	0.0	0.0	0.0
spe	817	816	1835.155	1328.145	1581.65	2046.73	1623.58	1593.25	1063.04	1554.885
los	816	GCA.002707085.1.Bacteria.Myxococcota.A	1328.145	0.0	664.0725	1593.25	1063.04	0.0	0.0	796.625
hgt	797	796	1832.825	1652.795	1742.81	2092.41	1573.24	1900.16	1405.43	1748.92
hgt	736	GCA.001803795.1.Bacteria.Nitrospirota	1526.965	0.0	763.4825	1902.65	1151.28	0.0	0.0	951.325
los	None	dead	0.0	0.0	0.0	0.0	0.0	0.0	0.0	0.0
spe	797	796	1832.825	1652.795	1742.81	2092.41	1573.24	1900.16	1405.43	1748.92
spe	796	795	1652.795	1481.005	1566.9	1900.16	1405.43	1717.52	1244.49	1572.325
los	795	794	1481.005	1350.25	1415.6275	1717.52	1244.49	1609.55	1090.95	1404.235
spe	795	791	1481.005	1228.3465	1354.67575	1717.52	1244.49	1482.5	974.193	1345.8565
los	791	GCA.002898795.1.Bacteria.Desulfobacterota.B	1228.3465	0.0	614.17325	1482.5	974.193	0.0	0.0	741.25
spe	839	838	2054.51	1822.44	1938.475	2262.05	1846.97	2068.6	1576.28	1919.165
los	838	834	1822.44	1729.09	1775.765	2068.6	1576.28	1988.09	1470.09	1769.345
hgt	None	dead	0.0	0.0	0.0	0.0	0.0	0.0	0.0	0.0
spe	838	837	1822.44	1472.175	1647.3075	2068.6	1576.28	1791.61	1152.74	1610.67
los	837	GCA.002309015.1.Bacteria.Myxococcota	1472.175	0.0	736.0875	1791.61	1152.74	0.0	0.0	895.805
hgt	503	GCA.002280485.1.Bacteria.Proteobacteria	1116.0495	0.0	558.02475	1312.6	919.499	0.0	0.0	656.3
los	None	dead	0.0	0.0	0.0	0.0	0.0	0.0	0.0	0.0
dup	None	dead	0.0	0.0	0.0	0.0	0.0	0.0	0.0	0.0
hgt	308	290	2482.645	2065.88	2274.2625	2786.12	2179.17	2380.72	1751.04	2268.58
los	None	dead	0.0	0.0	0.0	0.0	0.0	0.0	0.0	0.0
hgt	None	dead	0.0	0.0	0.0	0.0	0.0	0.0	0.0	0.0
hgt	1183	GCA.002347365.1.Bacteria.Actinobacteriota	1581.31	0.0	790.655	2035.82	1126.8	0.0	0.0	1017.91
los	None	dead	0.0	0.0	0.0	0.0	0.0	0.0	0.0	0.0
dup	308	290	2482.645	2065.88	2274.2625	2786.12	2179.17	2380.72	1751.04	2268.58
hgt	None	dead	0.0	0.0	0.0	0.0	0.0	0.0	0.0	0.0
hgt	669	GCA.002335385.1.Bacteria.Acidobacteriota	1665.14	0.0	832.57	2042.02	1288.26	0.0	0.0	1021.01
hgt	334	332	1547.105	1114.632	1330.8685	1802.02	1292.19	1388.09	841.174	1321.597
los	None	dead	0.0	0.0	0.0	0.0	0.0	0.0	0.0	0.0
spe	334	332	1547.105	1114.632	1330.8685	1802.02	1292.19	1388.09	841.174	1321.597
hgt	None	dead	0.0	0.0	0.0	0.0	0.0	0.0	0.0	0.0
hgt	248	GCA.001799695.1.Bacteria.Elusimicrobiota	1250.934	0.0	625.467	1513.86	988.008	0.0	0.0	756.93
los	None	dead	0.0	0.0	0.0	0.0	0.0	0.0	0.0	0.0
spe	308	290	2482.645	2065.88	2274.2625	2786.12	2179.17	2380.72	1751.04	2268.58
spe	290	289	2065.88	1846.505	1956.1925	2380.72	1751.04	2175.31	1517.7	1949.21
los	289	288	1846.505	1496.535	1671.52	2175.31	1517.7	1838.77	1154.3	1664.805
hgt	None	dead	0.0	0.0	0.0	0.0	0.0	0.0	0.0	0.0
hgt	445	GCA.002717225.1.Bacteria.Proteobacteria	1339.17	0.0	669.585	1557.66	1120.68	0.0	0.0	778.83
los	None	dead	0.0	0.0	0.0	0.0	0.0	0.0	0.0	0.0
hgt	306	305	1842.35	1592.935	1717.6425	2147.78	1536.92	1871.26	1314.61	1731.195
spe	290	284	2065.88	1696.525	1881.2025	2380.72	1751.04	2015.71	1377.34	1879.03
spe	284	282	1696.525	1342.065	1519.295	2015.71	1377.34	1637.54	1046.59	1531.15
los	282	GCF.900105685.1.Bacteria.Verrucomicrobiota	1342.065	0.0	671.0325	1637.54	1046.59	0.0	0.0	818.77
hgt	1651	GCA.003242895.1.Bacteria.Margulisbacteria	1776.02	0.0	888.01	2230.5	1321.54	0.0	0.0	1115.25
spe	306	305	1842.35	1592.935	1717.6425	2147.78	1536.92	1871.26	1314.61	1731.195
spe	305	303	1592.935	1506.615	1549.775	1871.26	1314.61	1786.55	1226.68	1548.97
hgt	293	GCA.003246265.1.Bacteria.Verrucomicrobiota	1595.865	0.0	797.9325	2014.86	1176.87	0.0	0.0	1007.43
los	303	GCA.003477185.1.Bacteria.Verrucomicrobiota	1506.615	0.0	753.3075	1786.55	1226.68	0.0	0.0	893.275
spe	303	302	1506.615	1318.23	1412.4225	1786.55	1226.68	1579.03	1057.43	1421.99
hgt	935	GCA.001789205.1.Bacteria.Fibrobacterota	1990.115	0.0	995.0575	2340.64	1639.59	0.0	0.0	1170.32
los	302	GCA.002340265.1.Bacteria.Verrucomicrobiota	1318.23	0.0	659.115	1579.03	1057.43	0.0	0.0	789.515
spe	308	290	2482.645	2065.88	2274.2625	2786.12	2179.17	2380.72	1751.04	2268.58
spe	290	284	2065.88	1696.525	1881.2025	2380.72	1751.04	2015.71	1377.34	1879.03
los	284	GCA.003164675.1.Bacteria.Verrucomicrobiota	1696.525	0.0	848.2625	2015.71	1377.34	0.0	0.0	1007.855
spe	284	282	1696.525	1342.065	1519.295	2015.71	1377.34	1637.54	1046.59	1531.15
los	282	GCA.003219195.1.Bacteria.Verrucomicrobiota	1342.065	0.0	671.0325	1637.54	1046.59	0.0	0.0	818.77
spe	290	289	2065.88	1846.505	1956.1925	2380.72	1751.04	2175.31	1517.7	1949.21
los	289	GCA.002708005.1.Bacteria.Verrucomicrobiota	1846.505	0.0	923.2525	2175.31	1517.7	0.0	0.0	1087.655
spe	289	288	1846.505	1496.535	1671.52	2175.31	1517.7	1838.77	1154.3	1664.805
los	288	GCA.002323895.1.Bacteria.Verrucomicrobiota	1496.535	0.0	748.2675	1838.77	1154.3	0.0	0.0	919.385
hgt	1082	1080	2433.75	2190.32	2312.035	2808.36	2059.14	2556.59	1824.05	2316.205
hgt	1718	1704	2232.24	2105.22	2168.73	2378.44	2086.04	2238.26	1972.18	2175.31
los	None	dead	0.0	0.0	0.0	0.0	0.0	0.0	0.0	0.0
hgt	None	dead	0.0	0.0	0.0	0.0	0.0	0.0	0.0	0.0
dup	1718	1704	2232.24	2105.22	2168.73	2378.44	2086.04	2238.26	1972.18	2175.31
spe	1718	1704	2232.24	2105.22	2168.73	2378.44	2086.04	2238.26	1972.18	2175.31
spe	1704	1672	2105.22	1717.695	1911.4575	2238.26	1972.18	2070.17	1365.22	1801.74
los	1672	GCF.000015965.1.Bacteria.Cyanobacteria	1717.695	0.0	858.8475	2070.17	1365.22	0.0	0.0	1035.085
spe	1704	1703	2105.22	2001.35	2053.285	2238.26	1972.18	2116.53	1886.17	2062.215
los	1703	1679	2001.35	1509.135	1755.2425	2116.53	1886.17	1896.29	1121.98	1619.255
spe	1703	1702	2001.35	1938.175	1969.7625	2116.53	1886.17	2044.36	1831.99	1974.26
los	1702	GCF.003838225.1.Bacteria.Cyanobacteria	1938.175	0.0	969.0875	2044.36	1831.99	0.0	0.0	1022.18
dup	1702	1701	1938.175	1887.235	1912.705	2044.36	1831.99	1985.34	1789.13	1916.745
spe	1702	1701	1938.175	1887.235	1912.705	2044.36	1831.99	1985.34	1789.13	1916.745
los	1701	1685	1887.235	1635.52	1761.3775	1985.34	1789.13	1883.48	1387.56	1686.45
spe	1701	1700	1887.235	1825.65	1856.4425	1985.34	1789.13	1915.11	1736.19	1860.765
los	1700	1688	1825.65	1436.775	1631.2125	1915.11	1736.19	1766.73	1106.82	1510.965
spe	1700	1699	1825.65	1773.275	1799.4625	1915.11	1736.19	1850.15	1696.4	1805.755
los	1699	1698	1773.275	1634.795	1704.035	1850.15	1696.4	1669.04	1600.55	1725.35
spe	1702	1701	1938.175	1887.235	1912.705	2044.36	1831.99	1985.34	1789.13	1916.745
spe	1701	1685	1887.235	1635.52	1761.3775	1985.34	1789.13	1883.48	1387.56	1686.45
spe	1685	1684	1635.52	1444.79	1540.155	1883.48	1387.56	1759.1	1130.48	1506.98
hgt	1720	GCF.000484535.1.Bacteria.Cyanobacteria	2510.455	0.0	1255.2275	2678.67	2342.24	0.0	0.0	1339.335
los	1684	GCF.000316115.1.Bacteria.Cyanobacteria	1444.79	0.0	722.395	1759.1	1130.48	0.0	0.0	879.55
spe	1701	1700	1887.235	1825.65	1856.4425	1985.34	1789.13	1915.11	1736.19	1860.765
hgt	None	dead	0.0	0.0	0.0	0.0	0.0	0.0	0.0	0.0
spe	1700	1688	1825.65	1436.775	1631.2125	1915.11	1736.19	1766.73	1106.82	1510.965
hgt	1702	GCF.003838225.1.Bacteria.Cyanobacteria	1938.175	0.0	969.0875	2044.36	1831.99	0.0	0.0	1022.18
hgt	1678	GCF.000017845.1.Bacteria.Cyanobacteria	796.3525	0.0	398.17625	1296.27	296.435	0.0	0.0	648.135
los	None	dead	0.0	0.0	0.0	0.0	0.0	0.0	0.0	0.0
spe	1700	1699	1825.65	1773.275	1799.4625	1915.11	1736.19	1850.15	1696.4	1805.755
los	1699	GCF.000317045.1.Bacteria.Cyanobacteria	1773.275	0.0	886.6375	1850.15	1696.4	0.0	0.0	925.075
spe	1699	1698	1773.275	1634.795	1704.035	1850.15	1696.4	1669.04	1600.55	1725.35
los	1698	1692	1634.795	34.435	834.615	1669.04	1600.55	57.4215	11.4485	840.24425
spe	1698	1697	1634.795	920.2075	1277.50125	1669.04	1600.55	1581.01	259.405	964.2225
spe	1697	1695	920.2075	795.37	857.78875	1581.01	259.405	1453.6	137.14	859.075
spe	1718	1704	2232.24	2105.22	2168.73	2378.44	2086.04	2238.26	1972.18	2175.31
los	1704	1672	2105.22	1717.695	1911.4575	2238.26	1972.18	2070.17	1365.22	1801.74
spe	1704	1703	2105.22	2001.35	2053.285	2238.26	1972.18	2116.53	1886.17	2062.215
spe	1703	1702	2001.35	1938.175	1969.7625	2116.53	1886.17	2044.36	1831.99	1974.26
los	1702	GCF.003838225.1.Bacteria.Cyanobacteria	1938.175	0.0	969.0875	2044.36	1831.99	0.0	0.0	1022.18
spe	1702	1701	1938.175	1887.235	1912.705	2044.36	1831.99	1985.34	1789.13	1916.745
los	1701	1700	1887.235	1825.65	1856.4425	1985.34	1789.13	1915.11	1736.19	1860.765
spe	1701	1685	1887.235	1635.52	1761.3775	1985.34	1789.13	1883.48	1387.56	1686.45
los	1685	GCF.000018105.1.Bacteria.Cyanobacteria	1635.52	0.0	817.76	1883.48	1387.56	0.0	0.0	941.74
spe	1685	1684	1635.52	1444.79	1540.155	1883.48	1387.56	1759.1	1130.48	1506.98
los	1684	GCA.001698445.1.Bacteria.Cyanobacteria	1444.79	0.0	722.395	1759.1	1130.48	0.0	0.0	879.55
spe	1703	1679	2001.35	1509.135	1755.2425	2116.53	1886.17	1896.29	1121.98	1619.255
los	1679	1678	1509.135	796.3525	1152.74375	1896.29	1121.98	1296.27	296.435	1096.3625
hgt	1454	1446	1996.555	1803.385	1899.97	2245.89	1747.22	2040.01	1566.76	1906.325
los	None	dead	0.0	0.0	0.0	0.0	0.0	0.0	0.0	0.0
spe	1454	1446	1996.555	1803.385	1899.97	2245.89	1747.22	2040.01	1566.76	1906.325
spe	1446	1445	1803.385	1577.91	1690.6475	2040.01	1566.76	1848.3	1307.52	1673.765
los	1445	GCA.003130875.1.Bacteria.Chloroflexota	1577.91	0.0	788.955	1848.3	1307.52	0.0	0.0	924.15
spe	1445	1444	1577.91	1386.06	1481.985	1848.3	1307.52	1673.58	1098.54	1473.42
los	1444	GCA.002366755.1.Bacteria.Chloroflexota	1386.06	0.0	693.03	1673.58	1098.54	0.0	0.0	836.79
spe	1446	1440	1803.385	1679.715	1741.55	2040.01	1566.76	1908.42	1451.01	1745.51
los	1440	GCF.001306175.1.Bacteria.Chloroflexota	1679.715	0.0	839.8575	1908.42	1451.01	0.0	0.0	954.21
hgt	None	dead	0.0	0.0	0.0	0.0	0.0	0.0	0.0	0.0
spe	1440	1439	1679.715	1492.005	1585.86	1908.42	1451.01	1713.37	1270.64	1589.53
los	1439	1438	1492.005	1317.205	1404.605	1713.37	1270.64	1528.24	1106.17	1409.77
hgt	498	GCF.000192575.1.Bacteria.Proteobacteria	1261.48	0.0	630.74	1455.41	1067.55	0.0	0.0	727.705
los	None	dead	0.0	0.0	0.0	0.0	0.0	0.0	0.0	0.0
spe	1082	1080	2433.75	2190.32	2312.035	2808.36	2059.14	2556.59	1824.05	2316.205
spe	1080	1079	2190.32	1922.45	2056.385	2556.59	1824.05	2267.27	1577.63	2067.11
los	1079	GCF.000421485.1.Bacteria.Aquificota	1922.45	0.0	961.225	2267.27	1577.63	0.0	0.0	1133.635
spe	1079	1078	1922.45	1701.455	1811.9525	2267.27	1577.63	2026.85	1376.06	1821.665
los	1078	GCA.002898315.1.Bacteria.Calescibacterota	1701.455	0.0	850.7275	2026.85	1376.06	0.0	0.0	1013.425
spe	1078	1076	1701.455	1235.659	1468.557	2026.85	1376.06	1564.19	907.128	1466.989
hgt	841	840	2325.31	2147.98	2236.645	2547.32	2103.3	2361.31	1934.65	2240.985
los	None	dead	0.0	0.0	0.0	0.0	0.0	0.0	0.0	0.0
spe	841	840	2325.31	2147.98	2236.645	2547.32	2103.3	2361.31	1934.65	2240.985
spe	840	804	2147.98	1824.305	1986.1425	2361.31	1934.65	2197.3	1451.31	1906.31
los	804	GCA.003247575.1.Bacteria.Myxococcota.A	1824.305	0.0	912.1525	2197.3	1451.31	0.0	0.0	1098.65
hgt	None	dead	0.0	0.0	0.0	0.0	0.0	0.0	0.0	0.0
hgt	275	GCA.001784175.1.Bacteria.Lindowbacteria	2298.405	0.0	1149.2025	2814.32	1782.49	0.0	0.0	1407.16
hgt	940	GCA.002127415.1.Bacteria.AABM5.125.24	1607.495	0.0	803.7475	2043.23	1171.76	0.0	0.0	1021.615
hgt	334	GCA.002338715.1.Bacteria.Planctomycetota	1547.105	0.0	773.5525	1802.02	1292.19	0.0	0.0	901.01
los	None	dead	0.0	0.0	0.0	0.0	0.0	0.0	0.0	0.0
spe	840	839	2147.98	2054.51	2101.245	2361.31	1934.65	2262.05	1846.97	2104.14
los	839	829	2054.51	2001.85	2028.18	2262.05	1846.97	2204.71	1798.99	2030.52
hgt	None	dead	0.0	0.0	0.0	0.0	0.0	0.0	0.0	0.0
spe	839	838	2054.51	1822.44	1938.475	2262.05	1846.97	2068.6	1576.28	1919.165
los	838	837	1822.44	1472.175	1647.3075	2068.6	1576.28	1791.61	1152.74	1610.67
spe	838	834	1822.44	1729.09	1775.765	2068.6	1576.28	1988.09	1470.09	1769.345
los	834	832	1729.09	1444.88	1586.985	1988.09	1470.09	1737.65	1152.11	1570.1
hgt	321	GCA.003136555.1.Bacteria.Planctomycetota	2381.485	0.0	1190.7425	2804.33	1958.64	0.0	0.0	1402.165
hgt	1127	1113	2426.2	2045.295	2235.7475	2768.99	2083.41	2385.32	1705.27	2237.13
los	None	dead	0.0	0.0	0.0	0.0	0.0	0.0	0.0	0.0
spe	1127	1113	2426.2	2045.295	2235.7475	2768.99	2083.41	2385.32	1705.27	2237.13
spe	1113	1112	2045.295	1621.275	1833.285	2385.32	1705.27	2028.12	1214.43	1799.875
los	1112	GCA.002352215.1.Bacteria.Armatimonadota	1621.275	0.0	810.6375	2028.12	1214.43	0.0	0.0	1014.06
spe	1113	1109	2045.295	1709.425	1877.36	2385.32	1705.27	2037.53	1381.32	1883.32
los	1109	GCA.002898895.1.Bacteria.Armatimonadota	1709.425	0.0	854.7125	2037.53	1381.32	0.0	0.0	1018.765
spe	1109	1108	1709.425	1444.87	1577.1475	2037.53	1381.32	1739.48	1150.26	1593.895
los	1108	GCA.002431715.1.Bacteria.Armatimonadota	1444.87	0.0	722.435	1739.48	1150.26	0.0	0.0	869.74
spe	1108	1106	1444.87	1340.34	1392.605	1739.48	1150.26	1623.95	1056.73	1398.105
los	1106	GCF.000427095.1.Bacteria.Armatimonadota	1340.34	0.0	670.17	1623.95	1056.73	0.0	0.0	811.975
spe	902	901	3405.845	3300.53	3353.1875	3689.17	3122.52	3575.42	3025.64	3357.405
los	901	663	3300.53	3210.05	3255.29	3575.42	3025.64	3476.56	2943.54	3259.48
spe	901	900	3300.53	3098.985	3199.7575	3575.42	3025.64	3380.82	2817.15	3196.285
spe	900	899	3098.985	2936.525	3017.755	3380.82	2817.15	3198.27	2674.78	3027.8
los	899	898	2936.525	2864.305	2900.415	3198.27	2674.78	3119.95	2608.66	2903.465
spe	899	743	2936.525	2681.09	2808.8075	3198.27	2674.78	3020.99	2341.19	2769.73
spe	743	721	2681.09	2277.575	2479.3325	3020.99	2341.19	2744.86	1810.29	2415.64
los	721	GCA.003230535.1.Bacteria.SZUA.182	2277.575	0.0	1138.7875	2744.86	1810.29	0.0	0.0	1372.43
spe	721	720	2277.575	1930.555	2104.065	2744.86	1810.29	2446.78	1414.33	2079.595
los	720	GCA.001775255.1.Bacteria.Desulfobacterota.D	1930.555	0.0	965.2775	2446.78	1414.33	0.0	0.0	1223.39
spe	743	742	2681.09	2393.59	2537.34	3020.99	2341.19	2740.14	2047.04	2534.015
los	742	738	2393.59	2076.07	2234.83	2740.14	2047.04	2381.91	1770.23	2255.185
hgt	None	dead	0.0	0.0	0.0	0.0	0.0	0.0	0.0	0.0
hgt	821	GCF.000737335.2.Bacteria.Proteobacteria	1377.535	0.0	688.7675	1637.42	1117.65	0.0	0.0	818.71
los	None	dead	0.0	0.0	0.0	0.0	0.0	0.0	0.0	0.0
spe	742	741	2393.59	1693.345	2043.4675	2740.14	2047.04	2199.48	1187.21	1963.675
los	741	GCA.001771285.1.Bacteria.Methylomirabilota	1693.345	0.0	846.6725	2199.48	1187.21	0.0	0.0	1099.74
hgt	None	dead	0.0	0.0	0.0	0.0	0.0	0.0	0.0	0.0
hgt	828	GCA.002699025.1.Bacteria.Myxococcota	1750.53	0.0	875.265	1966.78	1534.28	0.0	0.0	983.39
hgt	1145	GCA.001767695.1.Bacteria.Actinobacteriota	1788.28	0.0	894.14	2061.89	1514.67	0.0	0.0	1030.945
los	None	dead	0.0	0.0	0.0	0.0	0.0	0.0	0.0	0.0
hgt	None	dead	0.0	0.0	0.0	0.0	0.0	0.0	0.0	0.0
hgt	361	353	2372.945	2156.12	2264.5325	2659.31	2086.58	2446.72	1865.52	2262.415
los	None	dead	0.0	0.0	0.0	0.0	0.0	0.0	0.0	0.0
spe	361	353	2372.945	2156.12	2264.5325	2659.31	2086.58	2446.72	1865.52	2262.415
spe	353	347	2156.12	1905.8	2030.96	2446.72	1865.52	2230.18	1581.42	2014.07
los	347	345	1905.8	1540.73	1723.265	2230.18	1581.42	1889.75	1191.71	1710.945
spe	353	352	2156.12	1705.385	1930.7525	2446.72	1865.52	2030.4	1380.37	1913.545
los	352	GCA.002167285.1.Bacteria.Planctomycetota	1705.385	0.0	852.6925	2030.4	1380.37	0.0	0.0	1015.2
hgt	1289	GCA.002345475.1.Bacteria.Firmicutes.H	1989.36	0.0	994.68	2274.49	1704.23	0.0	0.0	1137.245
spe	352	350	1705.385	1417.255	1561.32	2030.4	1380.37	1750.54	1083.97	1557.185
los	350	GCA.002402755.1.Bacteria.Planctomycetota	1417.255	0.0	708.6275	1750.54	1083.97	0.0	0.0	875.27
hgt	None	dead	0.0	0.0	0.0	0.0	0.0	0.0	0.0	0.0
hgt	797	GCA.002311335.1.Bacteria.Desulfobacterota.B	1832.825	0.0	916.4125	2092.41	1573.24	0.0	0.0	1046.205
hgt	1178	GCA.002347645.1.Bacteria.Actinobacteriota	1434.165	0.0	717.0825	1689.01	1179.32	0.0	0.0	844.505
los	None	dead	0.0	0.0	0.0	0.0	0.0	0.0	0.0	0.0
hgt	None	dead	0.0	0.0	0.0	0.0	0.0	0.0	0.0	0.0
hgt	347	345	1905.8	1540.73	1723.265	2230.18	1581.42	1889.75	1191.71	1710.945
los	None	dead	0.0	0.0	0.0	0.0	0.0	0.0	0.0	0.0
spe	347	345	1905.8	1540.73	1723.265	2230.18	1581.42	1889.75	1191.71	1710.945
hgt	895	GCA.002897695.1.Bacteria.BMS3Abin14	1810.42	0.0	905.21	2358.35	1262.49	0.0	0.0	1179.175
spe	900	716	3098.985	2659.235	2879.11	3380.82	2817.15	2943.59	2374.88	2877.85
spe	716	670	2659.235	2196.425	2427.83	2943.59	2374.88	2589.19	1803.66	2373.625
los	670	669	2196.425	1665.14	1930.7825	2589.19	1803.66	2042.02	1288.26	1938.725
spe	716	715	2659.235	2473.255	2566.245	2943.59	2374.88	2740.33	2206.18	2574.885
spe	715	675	2473.255	1949.475	2211.365	2740.33	2206.18	2381.51	1517.44	2128.885
hgt	1041	GCA.002686955.1.Bacteria.Gemmatimonadota.A	2350.395	0.0	1175.1975	2705.43	1995.36	0.0	0.0	1352.715
los	675	GCA.002789615.1.Bacteria.Acidobacteriota	1949.475	0.0	974.7375	2381.51	1517.44	0.0	0.0	1190.755
spe	675	674	1949.475	1626.005	1787.74	2381.51	1517.44	2061.09	1190.92	1786.215
hgt	1021	GCA.002686915.1.Bacteria.ARS69	1900.685	0.0	950.3425	2296.58	1504.79	0.0	0.0	1148.29
los	674	GCA.002747255.1.Bacteria.Acidobacteriota	1626.005	0.0	813.0025	2061.09	1190.92	0.0	0.0	1030.545
hgt	None	dead	0.0	0.0	0.0	0.0	0.0	0.0	0.0	0.0
hgt	832	GCA.002696345.1.Bacteria.Myxococcota	1444.88	0.0	722.44	1737.65	1152.11	0.0	0.0	868.825
los	None	dead	0.0	0.0	0.0	0.0	0.0	0.0	0.0	0.0
spe	715	714	2473.255	2337.43	2405.3425	2740.33	2206.18	2594.41	2080.45	2410.39
spe	714	713	2337.43	2182.5	2259.965	2594.41	2080.45	2424.28	1940.72	2267.565
los	713	699	2182.5	2048.45	2115.475	2424.28	1940.72	2283.99	1812.91	2118.595
spe	713	712	2182.5	1951.73	2067.115	2424.28	1940.72	2205.61	1697.85	2061.065
los	712	706	1951.73	1682.815	1817.2725	2205.61	1697.85	1951.22	1414.41	1810.01
spe	712	711	1951.73	1691.09	1821.41	2205.61	1697.85	1998.68	1383.5	1794.555
los	711	GCA.001664505.1.Bacteria.Acidobacteriota	1691.09	0.0	845.545	1998.68	1383.5	0.0	0.0	999.34
spe	711	709	1691.09	1397.765	1544.4275	1998.68	1383.5	1717.19	1078.34	1538.51
los	709	GCA.003223995.1.Bacteria.Acidobacteriota	1397.765	0.0	698.8825	1717.19	1078.34	0.0	0.0	858.595
hgt	714	713	2337.43	2182.5	2259.965	2594.41	2080.45	2424.28	1940.72	2267.565
los	None	dead	0.0	0.0	0.0	0.0	0.0	0.0	0.0	0.0
spe	714	713	2337.43	2182.5	2259.965	2594.41	2080.45	2424.28	1940.72	2267.565
spe	713	699	2182.5	2048.45	2115.475	2424.28	1940.72	2283.99	1812.91	2118.595
spe	699	698	2048.45	1837.19	1942.82	2283.99	1812.91	2057.82	1616.56	1950.275
los	698	697	1837.19	1624.47	1730.83	2057.82	1616.56	1840.22	1408.72	1733.27
hgt	None	dead	0.0	0.0	0.0	0.0	0.0	0.0	0.0	0.0
hgt	668	GCA.001775755.1.Bacteria.Acidobacteriota	1417.72	0.0	708.86	1767.6	1067.84	0.0	0.0	883.8
los	None	dead	0.0	0.0	0.0	0.0	0.0	0.0	0.0	0.0
spe	698	686	1837.19	1587.93	1712.56	2057.82	1616.56	1852.98	1322.88	1690.35
los	686	684	1587.93	1233.956	1410.943	1852.98	1322.88	1519.9	948.012	1400.496
spe	699	681	2048.45	1727.015	1887.7325	2283.99	1812.91	2032.78	1421.25	1852.62
hgt	None	dead	0.0	0.0	0.0	0.0	0.0	0.0	0.0	0.0
hgt	816	GCA.002707085.1.Bacteria.Myxococcota.A	1328.145	0.0	664.0725	1593.25	1063.04	0.0	0.0	796.625
los	None	dead	0.0	0.0	0.0	0.0	0.0	0.0	0.0	0.0
hgt	169	168	1475.775	1389.275	1432.525	1633.91	1317.64	1542.83	1235.72	1434.815
los	681	GCA.002712885.1.Bacteria.Acidobacteriota	1727.015	0.0	863.5075	2032.78	1421.25	0.0	0.0	1016.39
hgt	None	dead	0.0	0.0	0.0	0.0	0.0	0.0	0.0	0.0
hgt	1438	GCA.002841995.1.Bacteria.Chloroflexota	1317.205	0.0	658.6025	1528.24	1106.17	0.0	0.0	764.12
los	None	dead	0.0	0.0	0.0	0.0	0.0	0.0	0.0	0.0
spe	169	168	1475.775	1389.275	1432.525	1633.91	1317.64	1542.83	1235.72	1434.815
spe	168	160	1389.275	1269.475	1329.375	1542.83	1235.72	1420.16	1118.79	1330.81
los	160	159	1269.475	1084.09	1176.7825	1420.16	1118.79	1117.61	1050.57	1235.365
spe	168	167	1389.275	1219.565	1304.42	1542.83	1235.72	1386.02	1053.11	1297.97
los	167	GCA.000004985.1.Eukaryota.Heterolobosea	1219.565	0.0	609.7825	1386.02	1053.11	0.0	0.0	693.01
spe	167	166	1219.565	946.8465	1083.20575	1386.02	1053.11	1204.72	688.973	1037.4965
los	166	GCA.000209225.1.Eukaryota.Cnidaria	946.8465	0.0	473.42325	1204.72	688.973	0.0	0.0	602.36
spe	166	165	946.8465	694.719	820.78275	1204.72	688.973	1000.39	389.048	796.884
los	165	GCA.000002865.1.Eukaryota.Choanoflagellata	694.719	0.0	347.3595	1000.39	389.048	0.0	0.0	500.195
spe	681	680	1727.015	1516.145	1621.58	2032.78	1421.25	1851.24	1181.05	1606.915
los	680	GCA.003155335.1.Bacteria.Acidobacteriota	1516.145	0.0	758.0725	1851.24	1181.05	0.0	0.0	925.62
hgt	None	dead	0.0	0.0	0.0	0.0	0.0	0.0	0.0	0.0
hgt	1119	GCA.002779825.1.Bacteria.Armatimonadota	1519.685	0.0	759.8425	1896.55	1142.82	0.0	0.0	948.275
los	None	dead	0.0	0.0	0.0	0.0	0.0	0.0	0.0	0.0
hgt	1099	1098	2247.565	1440.925	1844.245	2713.46	1781.67	1845.37	1036.48	1874.97
spe	713	712	2182.5	1951.73	2067.115	2424.28	1940.72	2205.61	1697.85	2061.065
spe	712	706	1951.73	1682.815	1817.2725	2205.61	1697.85	1951.22	1414.41	1810.01
los	706	GCA.002327305.1.Bacteria.Acidobacteriota	1682.815	0.0	841.4075	1951.22	1414.41	0.0	0.0	975.61
spe	706	704	1682.815	1483.83	1583.3225	1951.22	1414.41	1742.45	1225.21	1588.215
los	704	GCA.003133645.1.Bacteria.Acidobacteriota	1483.83	0.0	741.915	1742.45	1225.21	0.0	0.0	871.225
spe	704	702	1483.83	1226.544	1355.187	1742.45	1225.21	1494.48	958.608	1350.529
los	702	GCA.003223635.1.Bacteria.Acidobacteriota	1226.544	0.0	613.272	1494.48	958.608	0.0	0.0	747.24
spe	712	711	1951.73	1691.09	1821.41	2205.61	1697.85	1998.68	1383.5	1794.555
spe	711	709	1691.09	1397.765	1544.4275	1998.68	1383.5	1717.19	1078.34	1538.51
los	709	GCA.003223145.1.Bacteria.Acidobacteriota	1397.765	0.0	698.8825	1717.19	1078.34	0.0	0.0	858.595
spe	1099	1098	2247.565	1440.925	1844.245	2713.46	1781.67	1845.37	1036.48	1874.97
