event	left_node	right_node	left_date	right_date	midpoint_date	left_date_lower	left_date_upper	right_date_lower	right_date_upper	midpoint_date_all
spe	1726	1725	3874.525	3797.605	3836.065	4213.25	3535.8	4126.01	3469.2	3841.225
spe	1725	1724	3797.605	3674.455	3736.03	4126.01	3469.2	3987.9	3361.01	3743.51
los	1724	1723	3674.455	3369.21	3521.8325	3987.9	3361.01	3669.99	3068.43	3528.165
spe	1724	1642	3674.455	3592.175	3633.315	3987.9	3361.01	3900.37	3283.98	3635.94
los	1642	1641	3592.175	3376.77	3484.4725	3900.37	3283.98	3668.37	3085.17	3492.77
dup	1642	1478	3592.175	3018.815	3305.495	3900.37	3283.98	3423.42	2614.21	3257.29
spe	1642	1478	3592.175	3018.815	3305.495	3900.37	3283.98	3423.42	2614.21	3257.29
hgt	347	GCA.002683135.1.Bacteria.Planctomycetota	1905.8	0.0	952.9	2230.18	1581.42	0.0	0.0	1115.09
los	1478	1396	3018.815	1723.235	2371.025	3423.42	2614.21	2334.25	1112.22	2267.82
spe	1478	1477	3018.815	2723.605	2871.21	3423.42	2614.21	3040.81	2406.4	2914.91
spe	1477	1476	2723.605	2416.915	2570.26	3040.81	2406.4	2708.83	2125.0	2582.905
spe	1476	1475	2416.915	2249.485	2333.2	2708.83	2125.0	2543.8	1955.17	2332.0
los	1475	1474	2249.485	2094.15	2171.8175	2543.8	1955.17	2398.35	1789.95	2166.875
spe	1475	1463	2249.485	1987.575	2118.53	2543.8	1955.17	2304.87	1670.28	2107.04
los	1463	1457	1987.575	1538.99	1763.2825	2304.87	1670.28	1931.07	1146.91	1725.89
spe	1463	1462	1987.575	1858.705	1923.14	2304.87	1670.28	2184.36	1533.05	1918.96
los	1462	1461	1858.705	1519.02	1688.8625	2184.36	1533.05	1882.58	1155.46	1669.91
hgt	None	dead	0.0	0.0	0.0	0.0	0.0	0.0	0.0	0.0
dup	None	dead	0.0	0.0	0.0	0.0	0.0	0.0	0.0	0.0
hgt	1029	GCA.001303705.1.Bacteria.TA06	1661.26	0.0	830.63	2081.07	1241.45	0.0	0.0	1040.535
los	None	dead	0.0	0.0	0.0	0.0	0.0	0.0	0.0	0.0
hgt	1226	GCA.003242195.1.Bacteria.Firmicutes.E	1388.78	0.0	694.39	1687.37	1090.19	0.0	0.0	843.685
los	None	dead	0.0	0.0	0.0	0.0	0.0	0.0	0.0	0.0
spe	1476	1454	2416.915	1996.555	2206.735	2708.83	2125.0	2245.89	1747.22	2228.025
spe	1454	1453	1996.555	1862.655	1929.605	2245.89	1747.22	2140.61	1584.7	1915.295
los	1453	1452	1862.655	1430.125	1646.39	2140.61	1584.7	1777.81	1082.44	1611.525
spe	1453	1449	1862.655	1589.82	1726.2375	2140.61	1584.7	1942.5	1237.14	1688.875
los	1449	GCA.002366595.1.Bacteria.Chloroflexota	1589.82	0.0	794.91	1942.5	1237.14	0.0	0.0	971.25
spe	1454	1446	1996.555	1803.385	1899.97	2245.89	1747.22	2040.01	1566.76	1906.325
los	1446	1440	1803.385	1679.715	1741.55	2040.01	1566.76	1908.42	1451.01	1745.51
spe	1446	1445	1803.385	1577.91	1690.6475	2040.01	1566.76	1848.3	1307.52	1673.765
los	1445	GCA.003130875.1.Bacteria.Chloroflexota	1577.91	0.0	788.955	1848.3	1307.52	0.0	0.0	924.15
spe	1445	1444	1577.91	1386.06	1481.985	1848.3	1307.52	1673.58	1098.54	1473.42
los	1444	GCA.003451595.1.Bacteria.Chloroflexota	1386.06	0.0	693.03	1673.58	1098.54	0.0	0.0	836.79
spe	1477	1431	2723.605	2420.455	2572.03	3040.81	2406.4	2714.59	2126.32	2583.565
hgt	None	dead	0.0	0.0	0.0	0.0	0.0	0.0	0.0	0.0
los	1431	1430	2420.455	1801.635	2111.045	2714.59	2126.32	2276.21	1327.06	2020.825
hgt	825	GCA.003170275.1.Bacteria.Myxococcota	1134.553	0.0	567.2765	1400.01	869.096	0.0	0.0	700.005
los	None	dead	0.0	0.0	0.0	0.0	0.0	0.0	0.0	0.0
spe	1431	1427	2420.455	2216.53	2318.4925	2714.59	2126.32	2490.85	1942.21	2328.4
los	1427	1413	2216.53	1968.2	2092.365	2490.85	1942.21	2223.13	1713.27	2102.06
spe	1427	1426	2216.53	1994.025	2105.2775	2490.85	1942.21	2287.24	1700.81	2095.83
los	1426	GCF.001953175.1.Bacteria.Chloroflexota	1994.025	0.0	997.0125	2287.24	1700.81	0.0	0.0	1143.62
spe	1426	1425	1994.025	1783.375	1888.7	2287.24	1700.81	2059.01	1507.74	1897.49
los	1425	1424	1783.375	1648.125	1715.75	2059.01	1507.74	1911.17	1385.08	1722.045
dup	1642	1478	3592.175	3018.815	3305.495	3900.37	3283.98	3423.42	2614.21	3257.29
spe	1642	1478	3592.175	3018.815	3305.495	3900.37	3283.98	3423.42	2614.21	3257.29
los	1478	1396	3018.815	1723.235	2371.025	3423.42	2614.21	2334.25	1112.22	2267.82
spe	1478	1477	3018.815	2723.605	2871.21	3423.42	2614.21	3040.81	2406.4	2914.91
spe	1477	1431	2723.605	2420.455	2572.03	3040.81	2406.4	2714.59	2126.32	2583.565
spe	1431	1430	2420.455	1801.635	2111.045	2714.59	2126.32	2276.21	1327.06	2020.825
hgt	804	GCA.003247575.1.Bacteria.Myxococcota.A	1824.305	0.0	912.1525	2197.3	1451.31	0.0	0.0	1098.65
hgt	977	GCA.001567195.1.Bacteria.Bacteroidota	1110.455	0.0	555.2275	1368.61	852.3	0.0	0.0	684.305
los	1430	GCA.001795235.1.Bacteria.Chloroflexota	1801.635	0.0	900.8175	2276.21	1327.06	0.0	0.0	1138.105
hgt	560	GCA.001735895.1.Bacteria.Proteobacteria	1588.765	0.0	794.3825	1792.9	1384.63	0.0	0.0	896.45
hgt	486	GCA.002721365.1.Bacteria.Proteobacteria	1397.735	0.0	698.8675	1700.16	1095.31	0.0	0.0	850.08
hgt	334	GCA.002338715.1.Bacteria.Planctomycetota	1547.105	0.0	773.5525	1802.02	1292.19	0.0	0.0	901.01
hgt	579	GCA.003155415.1.Bacteria.Proteobacteria	1079.9275	0.0	539.96375	1322.47	837.385	0.0	0.0	661.235
hgt	821	GCF.000737335.2.Bacteria.Proteobacteria	1377.535	0.0	688.7675	1637.42	1117.65	0.0	0.0	818.71
hgt	None	dead	0.0	0.0	0.0	0.0	0.0	0.0	0.0	0.0
dup	None	dead	0.0	0.0	0.0	0.0	0.0	0.0	0.0	0.0
dup	None	dead	0.0	0.0	0.0	0.0	0.0	0.0	0.0	0.0
dup	None	dead	0.0	0.0	0.0	0.0	0.0	0.0	0.0	0.0
hgt	709	GCA.003223145.1.Bacteria.Acidobacteriota	1397.765	0.0	698.8825	1717.19	1078.34	0.0	0.0	858.595
los	None	dead	0.0	0.0	0.0	0.0	0.0	0.0	0.0	0.0
hgt	1020	GCA.001780165.1.Bacteria.Eisenbacteria	1410.39	0.0	705.195	1757.86	1062.92	0.0	0.0	878.93
los	None	dead	0.0	0.0	0.0	0.0	0.0	0.0	0.0	0.0
dup	None	dead	0.0	0.0	0.0	0.0	0.0	0.0	0.0	0.0
hgt	327	GCA.003508595.1.Bacteria.Planctomycetota	1556.09	0.0	778.045	1868.81	1243.37	0.0	0.0	934.405
los	None	dead	0.0	0.0	0.0	0.0	0.0	0.0	0.0	0.0
hgt	386	GCA.002450905.1.Bacteria.Spirochaetota	1753.72	0.0	876.86	2160.86	1346.58	0.0	0.0	1080.43
los	None	dead	0.0	0.0	0.0	0.0	0.0	0.0	0.0	0.0
dup	None	dead	0.0	0.0	0.0	0.0	0.0	0.0	0.0	0.0
hgt	552	GCF.001614315.2.Bacteria.Proteobacteria	1380.83	0.0	690.415	1621.66	1140.0	0.0	0.0	810.83
los	None	dead	0.0	0.0	0.0	0.0	0.0	0.0	0.0	0.0
hgt	581	GCA.002868855.1.Bacteria.Proteobacteria	1344.875	0.0	672.4375	1554.57	1135.18	0.0	0.0	777.285
los	None	dead	0.0	0.0	0.0	0.0	0.0	0.0	0.0	0.0
hgt	None	dead	0.0	0.0	0.0	0.0	0.0	0.0	0.0	0.0
los	1431	1427	2420.455	2216.53	2318.4925	2714.59	2126.32	2490.85	1942.21	2328.4
hgt	1168	1167	2012.51	1838.915	1925.7125	2255.75	1769.27	2077.7	1600.13	1927.94
los	None	dead	0.0	0.0	0.0	0.0	0.0	0.0	0.0	0.0
spe	1168	1167	2012.51	1838.915	1925.7125	2255.75	1769.27	2077.7	1600.13	1927.94
spe	1167	1166	1838.915	1480.79	1659.8525	2077.7	1600.13	1697.07	1264.51	1671.105
hgt	1457	GCF.003967555.1.Bacteria.Chloroflexota	1538.99	0.0	769.495	1931.07	1146.91	0.0	0.0	965.535
los	1166	GCF.004348535.1.Bacteria.Actinobacteriota	1480.79	0.0	740.395	1697.07	1264.51	0.0	0.0	848.535
spe	1166	1165	1480.79	1370.47	1425.63	1697.07	1264.51	1577.59	1163.35	1430.21
los	1165	1155	1370.47	1276.115	1323.2925	1577.59	1163.35	1486.51	1065.72	1321.655
spe	1165	1164	1370.47	1261.825	1316.1475	1577.59	1163.35	1459.67	1063.98	1320.785
los	1164	1160	1261.825	1110.64	1186.2325	1459.67	1063.98	1339.31	881.97	1170.82
spe	1164	1163	1261.825	1087.464	1174.6445	1459.67	1063.98	1323.49	851.438	1155.554
los	1163	GCA.001437855.1.Bacteria.Actinobacteriota	1087.464	0.0	543.732	1323.49	851.438	0.0	0.0	661.745
spe	1477	1476	2723.605	2416.915	2570.26	3040.81	2406.4	2708.83	2125.0	2582.905
los	1476	1454	2416.915	1996.555	2206.735	2708.83	2125.0	2245.89	1747.22	2228.025
spe	1476	1475	2416.915	2249.485	2333.2	2708.83	2125.0	2543.8	1955.17	2332.0
spe	1475	1463	2249.485	1987.575	2118.53	2543.8	1955.17	2304.87	1670.28	2107.04
spe	1463	1462	1987.575	1858.705	1923.14	2304.87	1670.28	2184.36	1533.05	1918.96
los	1462	GCA.002436065.1.Bacteria.Chloroflexota	1858.705	0.0	929.3525	2184.36	1533.05	0.0	0.0	1092.18
spe	1462	1461	1858.705	1519.02	1688.8625	2184.36	1533.05	1882.58	1155.46	1669.91
los	1461	GCA.002347925.1.Bacteria.Chloroflexota	1519.02	0.0	759.51	1882.58	1155.46	0.0	0.0	941.29
spe	1463	1457	1987.575	1538.99	1763.2825	2304.87	1670.28	1931.07	1146.91	1725.89
los	1457	GCA.002404055.1.Bacteria.Chloroflexota	1538.99	0.0	769.495	1931.07	1146.91	0.0	0.0	965.535
spe	1475	1474	2249.485	2094.15	2171.8175	2543.8	1955.17	2398.35	1789.95	2166.875
spe	1474	1473	2094.15	1294.4735	1694.31175	2398.35	1789.95	1671.97	916.977	1657.6635
hgt	456	GCF.002148795.1.Bacteria.Proteobacteria	1476.57	0.0	738.285	1673.09	1280.05	0.0	0.0	836.545
los	1473	GCA.003243965.1.Bacteria.Chloroflexota	1294.4735	0.0	647.23675	1671.97	916.977	0.0	0.0	835.985
hgt	69	68	1947.51	1695.025	1821.2675	2163.01	1732.01	1934.33	1455.72	1809.365
los	1474	1470	2094.15	1749.085	1921.6175	2398.35	1789.95	2065.21	1432.96	1915.655
spe	69	68	1947.51	1695.025	1821.2675	2163.01	1732.01	1934.33	1455.72	1809.365
spe	68	67	1695.025	1500.29	1597.6575	1934.33	1455.72	1746.66	1253.92	1594.125
los	67	GCA.001421185.1.Archaea.Thermoplasmatota	1500.29	0.0	750.145	1746.66	1253.92	0.0	0.0	873.33
spe	67	65	1500.29	1261.09	1380.69	1746.66	1253.92	1500.52	1021.66	1384.16
los	65	GCA.001595885.1.Archaea.Thermoplasmatota	1261.09	0.0	630.545	1500.52	1021.66	0.0	0.0	750.26
dup	1642	1478	3592.175	3018.815	3305.495	3900.37	3283.98	3423.42	2614.21	3257.29
spe	1642	1478	3592.175	3018.815	3305.495	3900.37	3283.98	3423.42	2614.21	3257.29
hgt	None	dead	0.0	0.0	0.0	0.0	0.0	0.0	0.0	0.0
dup	None	dead	0.0	0.0	0.0	0.0	0.0	0.0	0.0	0.0
hgt	724	GCA.001914955.1.Bacteria.Nitrospirota	1396.405	0.0	698.2025	1709.69	1083.12	0.0	0.0	854.845
los	None	dead	0.0	0.0	0.0	0.0	0.0	0.0	0.0	0.0
hgt	697	GCA.003222815.1.Bacteria.Acidobacteriota	1624.47	0.0	812.235	1840.22	1408.72	0.0	0.0	920.11
los	None	dead	0.0	0.0	0.0	0.0	0.0	0.0	0.0	0.0
hgt	None	dead	0.0	0.0	0.0	0.0	0.0	0.0	0.0	0.0
hgt	825	GCA.002344285.1.Bacteria.Myxococcota	1134.553	0.0	567.2765	1400.01	869.096	0.0	0.0	700.005
los	None	dead	0.0	0.0	0.0	0.0	0.0	0.0	0.0	0.0
hgt	None	dead	0.0	0.0	0.0	0.0	0.0	0.0	0.0	0.0
hgt	642	GCA.001464965.1.Bacteria.Proteobacteria	1332.36	0.0	666.18	1580.86	1083.86	0.0	0.0	790.43
los	None	dead	0.0	0.0	0.0	0.0	0.0	0.0	0.0	0.0
hgt	None	dead	0.0	0.0	0.0	0.0	0.0	0.0	0.0	0.0
hgt	546	GCF.000021985.1.Bacteria.Proteobacteria	1417.275	0.0	708.6375	1742.85	1091.7	0.0	0.0	871.425
los	None	dead	0.0	0.0	0.0	0.0	0.0	0.0	0.0	0.0
hgt	None	dead	0.0	0.0	0.0	0.0	0.0	0.0	0.0	0.0
los	1478	1396	3018.815	1723.235	2371.025	3423.42	2614.21	2334.25	1112.22	2267.82
hgt	147	GCA.001940725.1.Archaea.Asgardarchaeota	1579.1	0.0	789.55	1962.45	1195.75	0.0	0.0	981.225
los	None	dead	0.0	0.0	0.0	0.0	0.0	0.0	0.0	0.0
spe	1478	1477	3018.815	2723.605	2871.21	3423.42	2614.21	3040.81	2406.4	2914.91
spe	1477	1476	2723.605	2416.915	2570.26	3040.81	2406.4	2708.83	2125.0	2582.905
los	1476	1454	2416.915	1996.555	2206.735	2708.83	2125.0	2245.89	1747.22	2228.025
spe	1476	1475	2416.915	2249.485	2333.2	2708.83	2125.0	2543.8	1955.17	2332.0
los	1475	1474	2249.485	2094.15	2171.8175	2543.8	1955.17	2398.35	1789.95	2166.875
spe	1475	1463	2249.485	1987.575	2118.53	2543.8	1955.17	2304.87	1670.28	2107.04
los	1463	1462	1987.575	1858.705	1923.14	2304.87	1670.28	2184.36	1533.05	1918.96
spe	1463	1457	1987.575	1538.99	1763.2825	2304.87	1670.28	1931.07	1146.91	1725.89
los	1457	GCF.003967555.1.Bacteria.Chloroflexota	1538.99	0.0	769.495	1931.07	1146.91	0.0	0.0	965.535
spe	1477	1431	2723.605	2420.455	2572.03	3040.81	2406.4	2714.59	2126.32	2583.565
spe	1431	1427	2420.455	2216.53	2318.4925	2714.59	2126.32	2490.85	1942.21	2328.4
hgt	None	dead	0.0	0.0	0.0	0.0	0.0	0.0	0.0	0.0
los	1427	1426	2216.53	1994.025	2105.2775	2490.85	1942.21	2287.24	1700.81	2095.83
hgt	796	GCA.002238415.1.Bacteria.Desulfobacterota.B	1652.795	0.0	826.3975	1900.16	1405.43	0.0	0.0	950.08
los	None	dead	0.0	0.0	0.0	0.0	0.0	0.0	0.0	0.0
spe	1427	1413	2216.53	1968.2	2092.365	2490.85	1942.21	2223.13	1713.27	2102.06
hgt	None	dead	0.0	0.0	0.0	0.0	0.0	0.0	0.0	0.0
hgt	274	GCA.002687025.1.Bacteria.Poribacteria	1625.32	0.0	812.66	2112.15	1138.49	0.0	0.0	1056.075
los	None	dead	0.0	0.0	0.0	0.0	0.0	0.0	0.0	0.0
hgt	804	GCA.003247575.1.Bacteria.Myxococcota.A	1824.305	0.0	912.1525	2197.3	1451.31	0.0	0.0	1098.65
hgt	None	dead	0.0	0.0	0.0	0.0	0.0	0.0	0.0	0.0
hgt	1140	GCA.002722565.1.Bacteria.Actinobacteriota	1082.515	0.0	541.2575	1376.91	788.12	0.0	0.0	688.455
los	None	dead	0.0	0.0	0.0	0.0	0.0	0.0	0.0	0.0
hgt	514	436	1954.11	1751.05	1852.58	2125.97	1782.25	1998.82	1503.28	1814.625
los	1413	1399	1968.2	1604.38	1786.29	2223.13	1713.27	1953.48	1255.28	1739.205
spe	514	436	1954.11	1751.05	1852.58	2125.97	1782.25	1998.82	1503.28	1814.625
spe	436	435	1751.05	1536.91	1643.98	1998.82	1503.28	1809.13	1264.69	1631.755
spe	435	434	1536.91	1353.935	1445.4225	1809.13	1264.69	1639.23	1068.64	1438.885
los	434	GCA.002898275.1.Bacteria.Proteobacteria	1353.935	0.0	676.9675	1639.23	1068.64	0.0	0.0	819.615
hgt	741	GCA.003220615.1.Bacteria.Methylomirabilota	1693.345	0.0	846.6725	2199.48	1187.21	0.0	0.0	1099.74
los	435	GCA.006969625.1.Bacteria.Proteobacteria	1536.91	0.0	768.455	1809.13	1264.69	0.0	0.0	904.565
hgt	None	dead	0.0	0.0	0.0	0.0	0.0	0.0	0.0	0.0
hgt	634	GCF.001697225.1.Bacteria.Proteobacteria	1386.92	0.0	693.46	1651.6	1122.24	0.0	0.0	825.8
los	None	dead	0.0	0.0	0.0	0.0	0.0	0.0	0.0	0.0
spe	1413	1412	1968.2	1749.925	1859.0625	2223.13	1713.27	1991.74	1508.11	1865.62
spe	1412	1411	1749.925	1413.835	1581.88	1991.74	1508.11	1714.05	1113.62	1552.68
los	1411	GCA.002450515.1.Bacteria.Chloroflexota	1413.835	0.0	706.9175	1714.05	1113.62	0.0	0.0	857.025
spe	1412	1408	1749.925	1662.42	1706.1725	1991.74	1508.11	1907.66	1417.18	1704.46
hgt	None	dead	0.0	0.0	0.0	0.0	0.0	0.0	0.0	0.0
hgt	794	GCA.003161515.1.Bacteria.Desulfobacterota.B	1350.25	0.0	675.125	1609.55	1090.95	0.0	0.0	804.775
los	None	dead	0.0	0.0	0.0	0.0	0.0	0.0	0.0	0.0
hgt	None	dead	0.0	0.0	0.0	0.0	0.0	0.0	0.0	0.0
hgt	1444	GCA.003451595.1.Bacteria.Chloroflexota	1386.06	0.0	693.03	1673.58	1098.54	0.0	0.0	836.79
los	None	dead	0.0	0.0	0.0	0.0	0.0	0.0	0.0	0.0
hgt	1038	1032	1807.925	1430.62	1619.2725	2124.57	1491.28	1762.83	1098.41	1611.49
los	1408	1402	1662.42	1501.935	1582.1775	1907.66	1417.18	1778.95	1224.92	1566.29
spe	1038	1032	1807.925	1430.62	1619.2725	2124.57	1491.28	1762.83	1098.41	1611.49
hgt	585	GCA.002688175.1.Bacteria.Proteobacteria	1166.9135	0.0	583.45675	1423.99	909.837	0.0	0.0	711.995
spe	1408	1407	1662.42	1546.495	1604.4575	1907.66	1417.18	1804.4	1288.59	1598.125
spe	1407	1406	1546.495	1411.15	1478.8225	1804.4	1288.59	1684.0	1138.3	1471.35
hgt	746	GCF.900079095.1.Bacteria.Tectomicrobia	1667.435	0.0	833.7175	2098.35	1236.52	0.0	0.0	1049.175
los	1406	GCA.002717925.1.Bacteria.Chloroflexota	1411.15	0.0	705.575	1684.0	1138.3	0.0	0.0	842.0
spe	1431	1430	2420.455	1801.635	2111.045	2714.59	2126.32	2276.21	1327.06	2020.825
hgt	327	GCA.003508595.1.Bacteria.Planctomycetota	1556.09	0.0	778.045	1868.81	1243.37	0.0	0.0	934.405
los	1430	GCA.001795235.1.Bacteria.Chloroflexota	1801.635	0.0	900.8175	2276.21	1327.06	0.0	0.0	1138.105
dup	1430	GCA.002239025.1.Bacteria.Chloroflexota	1801.635	0.0	900.8175	2276.21	1327.06	0.0	0.0	1138.105
hgt	None	dead	0.0	0.0	0.0	0.0	0.0	0.0	0.0	0.0
dup	None	dead	0.0	0.0	0.0	0.0	0.0	0.0	0.0	0.0
hgt	282	GCA.003219195.1.Bacteria.Verrucomicrobiota	1342.065	0.0	671.0325	1637.54	1046.59	0.0	0.0	818.77
los	None	dead	0.0	0.0	0.0	0.0	0.0	0.0	0.0	0.0
dup	None	dead	0.0	0.0	0.0	0.0	0.0	0.0	0.0	0.0
hgt	1020	GCA.001780165.1.Bacteria.Eisenbacteria	1410.39	0.0	705.195	1757.86	1062.92	0.0	0.0	878.93
los	None	dead	0.0	0.0	0.0	0.0	0.0	0.0	0.0	0.0
dup	None	dead	0.0	0.0	0.0	0.0	0.0	0.0	0.0	0.0
hgt	692	GCA.003140235.1.Bacteria.Acidobacteriota	1113.508	0.0	556.754	1334.67	892.346	0.0	0.0	667.335
los	None	dead	0.0	0.0	0.0	0.0	0.0	0.0	0.0	0.0
hgt	794	GCA.003161515.1.Bacteria.Desulfobacterota.B	1350.25	0.0	675.125	1609.55	1090.95	0.0	0.0	804.775
los	None	dead	0.0	0.0	0.0	0.0	0.0	0.0	0.0	0.0
hgt	None	dead	0.0	0.0	0.0	0.0	0.0	0.0	0.0	0.0
hgt	1177	GCA.003138355.1.Bacteria.Actinobacteriota	1221.364	0.0	610.682	1491.65	951.078	0.0	0.0	745.825
los	None	dead	0.0	0.0	0.0	0.0	0.0	0.0	0.0	0.0
hgt	None	dead	0.0	0.0	0.0	0.0	0.0	0.0	0.0	0.0
hgt	1461	GCA.002413265.1.Bacteria.Chloroflexota	1519.02	0.0	759.51	1882.58	1155.46	0.0	0.0	941.29
los	None	dead	0.0	0.0	0.0	0.0	0.0	0.0	0.0	0.0
hgt	None	dead	0.0	0.0	0.0	0.0	0.0	0.0	0.0	0.0
hgt	1123	GCA.003542955.1.Bacteria.Armatimonadota	1516.115	0.0	758.0575	1864.58	1167.65	0.0	0.0	932.29
los	None	dead	0.0	0.0	0.0	0.0	0.0	0.0	0.0	0.0
spe	1642	1478	3592.175	3018.815	3305.495	3900.37	3283.98	3423.42	2614.21	3257.29
hgt	None	dead	0.0	0.0	0.0	0.0	0.0	0.0	0.0	0.0
hgt	1116	GCA.002435745.1.Bacteria.UBP15	1799.18	0.0	899.59	2205.43	1392.93	0.0	0.0	1102.715
hgt	None	dead	0.0	0.0	0.0	0.0	0.0	0.0	0.0	0.0
hgt	1457	GCA.002404055.1.Bacteria.Chloroflexota	1538.99	0.0	769.495	1931.07	1146.91	0.0	0.0	965.535
los	None	dead	0.0	0.0	0.0	0.0	0.0	0.0	0.0	0.0
spe	1478	1396	3018.815	1723.235	2371.025	3423.42	2614.21	2334.25	1112.22	2267.82
hgt	1148	GCF.000969705.1.Bacteria.Actinobacteriota	1487.92	0.0	743.96	1860.52	1115.32	0.0	0.0	930.26
dup	1396	GCA.003151665.1.Bacteria.Dormibacterota	1723.235	0.0	861.6175	2334.25	1112.22	0.0	0.0	1167.125
dup	None	dead	0.0	0.0	0.0	0.0	0.0	0.0	0.0	0.0
hgt	684	GCA.002483445.1.Bacteria.Acidobacteriota	1233.956	0.0	616.978	1519.9	948.012	0.0	0.0	759.95
los	None	dead	0.0	0.0	0.0	0.0	0.0	0.0	0.0	0.0
dup	None	dead	0.0	0.0	0.0	0.0	0.0	0.0	0.0	0.0
hgt	326	GCF.900129635.1.Bacteria.Planctomycetota	1208.648	0.0	604.324	1527.79	889.506	0.0	0.0	763.895
los	None	dead	0.0	0.0	0.0	0.0	0.0	0.0	0.0	0.0
hgt	1461	GCA.002347925.1.Bacteria.Chloroflexota	1519.02	0.0	759.51	1882.58	1155.46	0.0	0.0	941.29
los	None	dead	0.0	0.0	0.0	0.0	0.0	0.0	0.0	0.0
hgt	None	dead	0.0	0.0	0.0	0.0	0.0	0.0	0.0	0.0
dup	1478	1477	3018.815	2723.605	2871.21	3423.42	2614.21	3040.81	2406.4	2914.91
hgt	None	dead	0.0	0.0	0.0	0.0	0.0	0.0	0.0	0.0
hgt	900	899	3098.985	2936.525	3017.755	3380.82	2817.15	3198.27	2674.78	3027.8
spe	1478	1477	3018.815	2723.605	2871.21	3423.42	2614.21	3040.81	2406.4	2914.91
spe	1477	1476	2723.605	2416.915	2570.26	3040.81	2406.4	2708.83	2125.0	2582.905
spe	1476	1454	2416.915	1996.555	2206.735	2708.83	2125.0	2245.89	1747.22	2228.025
hgt	None	dead	0.0	0.0	0.0	0.0	0.0	0.0	0.0	0.0
spe	1454	1446	1996.555	1803.385	1899.97	2245.89	1747.22	2040.01	1566.76	1906.325
spe	1446	1440	1803.385	1679.715	1741.55	2040.01	1566.76	1908.42	1451.01	1745.51
los	1440	1439	1679.715	1492.005	1585.86	1908.42	1451.01	1713.37	1270.64	1589.53
spe	1446	1445	1803.385	1577.91	1690.6475	2040.01	1566.76	1848.3	1307.52	1673.765
los	1445	GCA.003130875.1.Bacteria.Chloroflexota	1577.91	0.0	788.955	1848.3	1307.52	0.0	0.0	924.15
spe	1445	1444	1577.91	1386.06	1481.985	1848.3	1307.52	1673.58	1098.54	1473.42
los	1444	GCA.002366755.1.Bacteria.Chloroflexota	1386.06	0.0	693.03	1673.58	1098.54	0.0	0.0	836.79
hgt	1408	1407	1662.42	1546.495	1604.4575	1907.66	1417.18	1804.4	1288.59	1598.125
los	None	dead	0.0	0.0	0.0	0.0	0.0	0.0	0.0	0.0
spe	1408	1407	1662.42	1546.495	1604.4575	1907.66	1417.18	1804.4	1288.59	1598.125
spe	1407	1406	1546.495	1411.15	1478.8225	1804.4	1288.59	1684.0	1138.3	1471.35
hgt	741	GCA.003220615.1.Bacteria.Methylomirabilota	1693.345	0.0	846.6725	2199.48	1187.21	0.0	0.0	1099.74
los	1406	GCA.002710215.1.Bacteria.Chloroflexota	1411.15	0.0	705.575	1684.0	1138.3	0.0	0.0	842.0
hgt	1079	1078	1922.45	1701.455	1811.9525	2267.27	1577.63	2026.85	1376.06	1821.665
los	1454	1453	1996.555	1862.655	1929.605	2245.89	1747.22	2140.61	1584.7	1915.295
spe	1079	1078	1922.45	1701.455	1811.9525	2267.27	1577.63	2026.85	1376.06	1821.665
hgt	670	GCA.002898535.1.Bacteria.Acidobacteriota	2196.425	0.0	1098.2125	2589.19	1803.66	0.0	0.0	1294.595
spe	1078	1076	1701.455	1235.659	1468.557	2026.85	1376.06	1564.19	907.128	1466.989
hgt	1119	GCF.002973605.1.Bacteria.Armatimonadota	1519.685	0.0	759.8425	1896.55	1142.82	0.0	0.0	948.275
hgt	None	dead	0.0	0.0	0.0	0.0	0.0	0.0	0.0	0.0
hgt	1173	GCA.002897715.1.Bacteria.Actinobacteriota	1376.77	0.0	688.385	1664.76	1088.78	0.0	0.0	832.38
los	None	dead	0.0	0.0	0.0	0.0	0.0	0.0	0.0	0.0
hgt	None	dead	0.0	0.0	0.0	0.0	0.0	0.0	0.0	0.0
hgt	1032	GCA.002693325.1.Bacteria.Latescibacterota	1430.62	0.0	715.31	1762.83	1098.41	0.0	0.0	881.415
los	None	dead	0.0	0.0	0.0	0.0	0.0	0.0	0.0	0.0
hgt	275	GCA.001784175.1.Bacteria.Lindowbacteria	2298.405	0.0	1149.2025	2814.32	1782.49	0.0	0.0	1407.16
hgt	None	dead	0.0	0.0	0.0	0.0	0.0	0.0	0.0	0.0
los	1476	1475	2416.915	2249.485	2333.2	2708.83	2125.0	2543.8	1955.17	2332.0
hgt	65	GCA.001800745.1.Archaea.Thermoplasmatota	1261.09	0.0	630.545	1500.52	1021.66	0.0	0.0	750.26
los	None	dead	0.0	0.0	0.0	0.0	0.0	0.0	0.0	0.0
hgt	276	275	2570.7	2298.405	2434.5525	3089.06	2052.34	2814.32	1782.49	2435.775
spe	1477	1431	2723.605	2420.455	2572.03	3040.81	2406.4	2714.59	2126.32	2583.565
spe	1431	1430	2420.455	1801.635	2111.045	2714.59	2126.32	2276.21	1327.06	2020.825
los	1430	GCA.001795235.1.Bacteria.Chloroflexota	1801.635	0.0	900.8175	2276.21	1327.06	0.0	0.0	1138.105
spe	1431	1427	2420.455	2216.53	2318.4925	2714.59	2126.32	2490.85	1942.21	2328.4
los	1427	1426	2216.53	1994.025	2105.2775	2490.85	1942.21	2287.24	1700.81	2095.83
spe	1427	1413	2216.53	1968.2	2092.365	2490.85	1942.21	2223.13	1713.27	2102.06
los	1413	1399	1968.2	1604.38	1786.29	2223.13	1713.27	1953.48	1255.28	1739.205
spe	1413	1412	1968.2	1749.925	1859.0625	2223.13	1713.27	1991.74	1508.11	1865.62
spe	1412	1411	1749.925	1413.835	1581.88	1991.74	1508.11	1714.05	1113.62	1552.68
hgt	1406	GCA.002710215.1.Bacteria.Chloroflexota	1411.15	0.0	705.575	1684.0	1138.3	0.0	0.0	842.0
los	1411	GCA.002450515.1.Bacteria.Chloroflexota	1413.835	0.0	706.9175	1714.05	1113.62	0.0	0.0	857.025
spe	1412	1408	1749.925	1662.42	1706.1725	1991.74	1508.11	1907.66	1417.18	1704.46
los	1408	1407	1662.42	1546.495	1604.4575	1907.66	1417.18	1804.4	1288.59	1598.125
spe	1408	1402	1662.42	1501.935	1582.1775	1907.66	1417.18	1778.95	1224.92	1566.29
hgt	1399	GCA.002450835.1.Bacteria.Chloroflexota	1604.38	0.0	802.19	1953.48	1255.28	0.0	0.0	976.74
spe	276	275	2570.7	2298.405	2434.5525	3089.06	2052.34	2814.32	1782.49	2435.775
spe	275	274	2298.405	1625.32	1961.8625	2814.32	1782.49	2112.15	1138.49	1976.405
hgt	406	GCF.002795805.1.Bacteria.Proteobacteria	2159.8	0.0	1079.9	2741.58	1578.02	0.0	0.0	1370.79
los	274	GCA.000406005.1.Bacteria.Poribacteria	1625.32	0.0	812.66	2112.15	1138.49	0.0	0.0	1056.075
spe	900	899	3098.985	2936.525	3017.755	3380.82	2817.15	3198.27	2674.78	3027.8
spe	899	898	2936.525	2864.305	2900.415	3198.27	2674.78	3119.95	2608.66	2903.465
los	898	756	2864.305	2320.99	2592.6475	3119.95	2608.66	2718.41	1923.57	2521.76
spe	898	897	2864.305	2785.14	2824.7225	3119.95	2608.66	3031.51	2538.77	2829.36
spe	897	896	2785.14	2307.21	2546.175	3031.51	2538.77	2775.78	1838.64	2435.075
los	896	895	2307.21	1810.42	2058.815	2775.78	1838.64	2358.35	1262.49	2019.135
spe	896	892	2307.21	1770.59	2038.9	2775.78	1838.64	2290.19	1250.99	2013.385
los	892	GCA.001873295.1.Bacteria.CG2.30.70.394	1770.59	0.0	885.295	2290.19	1250.99	0.0	0.0	1145.095
spe	897	889	2785.14	2616.235	2700.6875	3031.51	2538.77	2841.39	2391.08	2711.295
spe	889	843	2616.235	2520.86	2568.5475	2841.39	2391.08	2742.85	2298.87	2570.13
los	843	783	2520.86	2397.91	2459.385	2742.85	2298.87	2628.44	2167.38	2455.115
spe	843	842	2520.86	2419.635	2470.2475	2742.85	2298.87	2639.73	2199.54	2471.195
los	842	841	2419.635	2325.31	2372.4725	2639.73	2199.54	2547.32	2103.3	2371.515
spe	842	798	2419.635	2124.995	2272.315	2639.73	2199.54	2377.41	1872.58	2256.155
los	798	786	2124.995	1632.64	1878.8175	2377.41	1872.58	1993.38	1271.9	1824.655
spe	798	797	2124.995	1832.825	1978.91	2377.41	1872.58	2092.41	1573.24	1975.325
los	797	GCA.002311335.1.Bacteria.Desulfobacterota.B	1832.825	0.0	916.4125	2092.41	1573.24	0.0	0.0	1046.205
spe	797	796	1832.825	1652.795	1742.81	2092.41	1573.24	1900.16	1405.43	1748.92
dup	796	795	1652.795	1481.005	1566.9	1900.16	1405.43	1717.52	1244.49	1572.325
spe	796	795	1652.795	1481.005	1566.9	1900.16	1405.43	1717.52	1244.49	1572.325
los	795	791	1481.005	1228.3465	1354.67575	1717.52	1244.49	1482.5	974.193	1345.8565
spe	795	794	1481.005	1350.25	1415.6275	1717.52	1244.49	1609.55	1090.95	1404.235
los	794	GCA.003161515.1.Bacteria.Desulfobacterota.B	1350.25	0.0	675.125	1609.55	1090.95	0.0	0.0	804.775
spe	796	795	1652.795	1481.005	1566.9	1900.16	1405.43	1717.52	1244.49	1572.325
spe	795	794	1481.005	1350.25	1415.6275	1717.52	1244.49	1609.55	1090.95	1404.235
los	794	GCA.001798565.1.Bacteria.Desulfobacterota.B	1350.25	0.0	675.125	1609.55	1090.95	0.0	0.0	804.775
spe	795	791	1481.005	1228.3465	1354.67575	1717.52	1244.49	1482.5	974.193	1345.8565
spe	889	888	2616.235	2336.71	2476.4725	2841.39	2391.08	2614.71	2058.71	2450.05
hgt	None	dead	0.0	0.0	0.0	0.0	0.0	0.0	0.0	0.0
los	888	887	2336.71	2137.8	2237.255	2614.71	2058.71	2389.64	1885.96	2250.335
hgt	825	GCA.003170275.1.Bacteria.Myxococcota	1134.553	0.0	567.2765	1400.01	869.096	0.0	0.0	700.005
los	None	dead	0.0	0.0	0.0	0.0	0.0	0.0	0.0	0.0
spe	888	854	2336.71	2075.68	2206.195	2614.71	2058.71	2396.33	1755.03	2184.87
los	854	850	2075.68	2017.715	2046.6975	2396.33	1755.03	2343.11	1692.32	2044.325
spe	854	853	2075.68	1743.175	1909.4275	2396.33	1755.03	2129.35	1357.0	1876.665
hgt	359	GCF.000949635.1.Bacteria.Planctomycetota	1653.55	0.0	826.775	2053.94	1253.16	0.0	0.0	1026.97
spe	899	743	2936.525	2681.09	2808.8075	3198.27	2674.78	3020.99	2341.19	2769.73
hgt	1721	1720	2916.245	2510.455	2713.35	3154.47	2678.02	2678.67	2342.24	2748.355
spe	743	742	2681.09	2393.59	2537.34	3020.99	2341.19	2740.14	2047.04	2534.015
spe	742	741	2393.59	1693.345	2043.4675	2740.14	2047.04	2199.48	1187.21	1963.675
dup	742	738	2393.59	2076.07	2234.83	2740.14	2047.04	2381.91	1770.23	2255.185
hgt	262	194	3036.86	2209.16	2623.01	3353.57	2720.15	2821.33	1596.99	2475.28
spe	742	738	2393.59	2076.07	2234.83	2740.14	2047.04	2381.91	1770.23	2255.185
los	738	737	2076.07	1863.46	1969.765	2381.91	1770.23	2163.3	1563.62	1972.765
spe	738	728	2076.07	1746.94	1911.505	2381.91	1770.23	2055.81	1438.07	1909.99
los	728	724	1746.94	1396.405	1571.6725	2055.81	1438.07	1709.69	1083.12	1569.465
spe	728	727	1746.94	1484.11	1615.525	2055.81	1438.07	1827.43	1140.79	1598.3
hgt	None	dead	0.0	0.0	0.0	0.0	0.0	0.0	0.0	0.0
hgt	274	GCA.000406005.1.Bacteria.Poribacteria	1625.32	0.0	812.66	2112.15	1138.49	0.0	0.0	1056.075
los	None	dead	0.0	0.0	0.0	0.0	0.0	0.0	0.0	0.0
hgt	228	227	2282.535	2241.54	2262.0375	2553.2	2011.87	2512.64	1970.44	2261.82
hgt	721	GCA.003230535.1.Bacteria.SZUA.182	2277.575	0.0	1138.7875	2744.86	1810.29	0.0	0.0	1372.43
spe	262	194	3036.86	2209.16	2623.01	3353.57	2720.15	2821.33	1596.99	2475.28
spe	194	193	2209.16	1901.335	2055.2475	2821.33	1596.99	2524.47	1278.2	2049.765
los	193	GCA.003485015.1.Bacteria.UBA9089	1901.335	0.0	950.6675	2524.47	1278.2	0.0	0.0	1262.235
dup	228	227	2282.535	2241.54	2262.0375	2553.2	2011.87	2512.64	1970.44	2261.82
spe	228	227	2282.535	2241.54	2262.0375	2553.2	2011.87	2512.64	1970.44	2261.82
hgt	737	733	1863.46	1467.515	1665.4875	2163.3	1563.62	1757.8	1177.23	1670.265
dup	737	733	1863.46	1467.515	1665.4875	2163.3	1563.62	1757.8	1177.23	1670.265
spe	737	733	1863.46	1467.515	1665.4875	2163.3	1563.62	1757.8	1177.23	1670.265
los	733	GCA.003235715.1.Bacteria.Nitrospirota	1467.515	0.0	733.7575	1757.8	1177.23	0.0	0.0	878.9
spe	733	732	1467.515	1232.2775	1349.89625	1757.8	1177.23	1527.66	936.895	1347.3475
los	732	GCA.003153275.1.Bacteria.Nitrospirota	1232.2775	0.0	616.13875	1527.66	936.895	0.0	0.0	763.83
spe	737	733	1863.46	1467.515	1665.4875	2163.3	1563.62	1757.8	1177.23	1670.265
spe	733	732	1467.515	1232.2775	1349.89625	1757.8	1177.23	1527.66	936.895	1347.3475
los	732	GCA.002011735.1.Bacteria.Nitrospirota	1232.2775	0.0	616.13875	1527.66	936.895	0.0	0.0	763.83
hgt	252	251	2312.8	2042.61	2177.705	2602.35	2023.25	2306.51	1778.71	2190.53
spe	227	225	2241.54	2035.71	2138.625	2512.64	1970.44	2274.73	1796.69	2154.665
spe	225	224	2035.71	1962.275	1998.9925	2274.73	1796.69	2199.31	1725.24	1999.985
los	224	210	1962.275	1576.255	1769.265	2199.31	1725.24	1897.25	1255.26	1727.285
spe	224	223	1962.275	1848.56	1905.4175	2199.31	1725.24	2081.67	1615.45	1907.38
los	223	213	1848.56	1547.66	1698.11	2081.67	1615.45	1848.59	1246.73	1664.2
spe	223	222	1848.56	1612.11	1730.335	2081.67	1615.45	1830.56	1393.66	1737.665
spe	222	221	1612.11	1484.89	1548.5	1830.56	1393.66	1706.47	1263.31	1546.935
los	221	220	1484.89	1229.222	1357.056	1706.47	1263.31	1461.7	996.744	1351.607
spe	222	216	1612.11	1386.785	1499.4475	1830.56	1393.66	1642.34	1131.23	1480.895
los	216	GCA.003154195.1.Bacteria.Omnitrophota	1386.785	0.0	693.3925	1642.34	1131.23	0.0	0.0	821.17
spe	225	207	2035.71	1826.045	1930.8775	2274.73	1796.69	2119.63	1532.46	1903.595
hgt	1655	GCA.001771365.1.Bacteria.Margulisbacteria	1788.135	0.0	894.0675	2347.83	1228.44	0.0	0.0	1173.915
los	207	GCA.002780805.1.Bacteria.Omnitrophota	1826.045	0.0	913.0225	2119.63	1532.46	0.0	0.0	1059.815
spe	207	205	1826.045	1483.16	1654.6025	2119.63	1532.46	1825.76	1140.56	1630.095
los	205	GCA.003140915.1.Bacteria.Omnitrophota	1483.16	0.0	741.58	1825.76	1140.56	0.0	0.0	912.88
spe	252	251	2312.8	2042.61	2177.705	2602.35	2023.25	2306.51	1778.71	2190.53
spe	251	250	2042.61	1897.72	1970.165	2306.51	1778.71	2144.58	1650.86	1978.685
los	250	249	1897.72	1764.145	1830.9325	2144.58	1650.86	2000.16	1528.13	1836.355
spe	250	236	1897.72	1629.965	1763.8425	2144.58	1650.86	1963.74	1296.19	1720.385
los	236	GCA.001800495.1.Bacteria.Elusimicrobiota	1629.965	0.0	814.9825	1963.74	1296.19	0.0	0.0	981.87
dup	236	GCA.002412545.1.Bacteria.Elusimicrobiota	1629.965	0.0	814.9825	1963.74	1296.19	0.0	0.0	981.87
dup	236	GCA.002412545.1.Bacteria.Elusimicrobiota	1629.965	0.0	814.9825	1963.74	1296.19	0.0	0.0	981.87
spe	228	227	2282.535	2241.54	2262.0375	2553.2	2011.87	2512.64	1970.44	2261.82
hgt	260	GCA.003152075.1.Bacteria.FCPU426	2242.71	0.0	1121.355	2792.77	1692.65	0.0	0.0	1396.385
los	227	GCA.001804315.1.Bacteria.Omnitrophota	2241.54	0.0	1120.77	2512.64	1970.44	0.0	0.0	1256.32
hgt	None	dead	0.0	0.0	0.0	0.0	0.0	0.0	0.0	0.0
hgt	736	GCA.001803795.1.Bacteria.Nitrospirota	1526.965	0.0	763.4825	1902.65	1151.28	0.0	0.0	951.325
los	None	dead	0.0	0.0	0.0	0.0	0.0	0.0	0.0	0.0
hgt	None	dead	0.0	0.0	0.0	0.0	0.0	0.0	0.0	0.0
hgt	1116	GCA.002898575.1.Bacteria.Armatimonadota	1799.18	0.0	899.59	2205.43	1392.93	0.0	0.0	1102.715
los	None	dead	0.0	0.0	0.0	0.0	0.0	0.0	0.0	0.0
hgt	756	754	2320.99	2042.42	2181.705	2718.41	1923.57	2408.05	1676.79	2197.6
spe	227	225	2241.54	2035.71	2138.625	2512.64	1970.44	2274.73	1796.69	2154.665
los	225	207	2035.71	1826.045	1930.8775	2274.73	1796.69	2119.63	1532.46	1903.595
spe	225	224	2035.71	1962.275	1998.9925	2274.73	1796.69	2199.31	1725.24	1999.985
spe	224	210	1962.275	1576.255	1769.265	2199.31	1725.24	1897.25	1255.26	1727.285
los	210	GCA.002779345.1.Bacteria.Omnitrophota	1576.255	0.0	788.1275	1897.25	1255.26	0.0	0.0	948.625
spe	224	223	1962.275	1848.56	1905.4175	2199.31	1725.24	2081.67	1615.45	1907.38
spe	223	213	1848.56	1547.66	1698.11	2081.67	1615.45	1848.59	1246.73	1664.2
los	213	GCA.001805885.1.Bacteria.Omnitrophota	1547.66	0.0	773.83	1848.59	1246.73	0.0	0.0	924.295
hgt	None	dead	0.0	0.0	0.0	0.0	0.0	0.0	0.0	0.0
los	223	222	1848.56	1612.11	1730.335	2081.67	1615.45	1830.56	1393.66	1737.665
hgt	445	GCA.002717225.1.Bacteria.Proteobacteria	1339.17	0.0	669.585	1557.66	1120.68	0.0	0.0	778.83
los	None	dead	0.0	0.0	0.0	0.0	0.0	0.0	0.0	0.0
dup	756	754	2320.99	2042.42	2181.705	2718.41	1923.57	2408.05	1676.79	2197.6
spe	756	754	2320.99	2042.42	2181.705	2718.41	1923.57	2408.05	1676.79	2197.6
spe	754	753	2042.42	1778.33	1910.375	2408.05	1676.79	2125.97	1430.69	1919.37
los	753	751	1778.33	1613.625	1695.9775	2125.97	1430.69	1945.94	1281.31	1703.64
spe	754	746	2042.42	1667.435	1854.9275	2408.05	1676.79	2098.35	1236.52	1822.285
hgt	769	GCA.001798135.1.Bacteria.UBA10199	1816.45	0.0	908.225	2071.96	1560.94	0.0	0.0	1035.98
spe	756	754	2320.99	2042.42	2181.705	2718.41	1923.57	2408.05	1676.79	2197.6
los	754	746	2042.42	1667.435	1854.9275	2408.05	1676.79	2098.35	1236.52	1822.285
spe	754	753	2042.42	1778.33	1910.375	2408.05	1676.79	2125.97	1430.69	1919.37
los	753	GCA.001803565.1.Bacteria.Nitrospinota.B	1778.33	0.0	889.165	2125.97	1430.69	0.0	0.0	1062.985
spe	753	751	1778.33	1613.625	1695.9775	2125.97	1430.69	1945.94	1281.31	1703.64
spe	751	749	1613.625	1448.555	1531.09	1945.94	1281.31	1782.86	1114.25	1530.095
spe	742	738	2393.59	2076.07	2234.83	2740.14	2047.04	2381.91	1770.23	2255.185
los	738	737	2076.07	1863.46	1969.765	2381.91	1770.23	2163.3	1563.62	1972.765
spe	738	728	2076.07	1746.94	1911.505	2381.91	1770.23	2055.81	1438.07	1909.99
los	728	727	1746.94	1484.11	1615.525	2055.81	1438.07	1827.43	1140.79	1598.3
spe	728	724	1746.94	1396.405	1571.6725	2055.81	1438.07	1709.69	1083.12	1569.465
spe	1721	1720	2916.245	2510.455	2713.35	3154.47	2678.02	2678.67	2342.24	2748.355
spe	1720	1719	2510.455	2371.88	2441.1675	2678.67	2342.24	2533.31	2210.45	2444.56
spe	1719	1718	2371.88	2232.24	2302.06	2533.31	2210.45	2378.44	2086.04	2309.675
spe	1718	1717	2232.24	2064.395	2148.3175	2378.44	2086.04	2238.25	1890.54	2134.49
los	1717	1716	2064.395	1811.985	1938.19	2238.25	1890.54	1996.42	1627.55	1932.9
spe	1718	1704	2232.24	2105.22	2168.73	2378.44	2086.04	2238.26	1972.18	2175.31
dup	1704	1703	2105.22	2001.35	2053.285	2238.26	1972.18	2116.53	1886.17	2062.215
spe	1704	1703	2105.22	2001.35	2053.285	2238.26	1972.18	2116.53	1886.17	2062.215
spe	1703	1702	2001.35	1938.175	1969.7625	2116.53	1886.17	2044.36	1831.99	1974.26
spe	1702	1701	1938.175	1887.235	1912.705	2044.36	1831.99	1985.34	1789.13	1916.745
los	1701	1700	1887.235	1825.65	1856.4425	1985.34	1789.13	1915.11	1736.19	1860.765
spe	1701	1685	1887.235	1635.52	1761.3775	1985.34	1789.13	1883.48	1387.56	1686.45
los	1685	GCF.000018105.1.Bacteria.Cyanobacteria	1635.52	0.0	817.76	1883.48	1387.56	0.0	0.0	941.74
spe	1685	1684	1635.52	1444.79	1540.155	1883.48	1387.56	1759.1	1130.48	1506.98
los	1684	GCA.001698445.1.Bacteria.Cyanobacteria	1444.79	0.0	722.395	1759.1	1130.48	0.0	0.0	879.55
spe	1703	1679	2001.35	1509.135	1755.2425	2116.53	1886.17	1896.29	1121.98	1619.255
spe	1679	1678	1509.135	796.3525	1152.74375	1896.29	1121.98	1296.27	296.435	1096.3625
spe	1678	1676	796.3525	163.12655	479.73952	1296.27	296.435	232.712	93.5411	694.90555
spe	1704	1703	2105.22	2001.35	2053.285	2238.26	1972.18	2116.53	1886.17	2062.215
los	1703	1679	2001.35	1509.135	1755.2425	2116.53	1886.17	1896.29	1121.98	1619.255
spe	1703	1702	2001.35	1938.175	1969.7625	2116.53	1886.17	2044.36	1831.99	1974.26
los	1702	GCF.003838225.1.Bacteria.Cyanobacteria	1938.175	0.0	969.0875	2044.36	1831.99	0.0	0.0	1022.18
spe	1702	1701	1938.175	1887.235	1912.705	2044.36	1831.99	1985.34	1789.13	1916.745
los	1701	1685	1887.235	1635.52	1761.3775	1985.34	1789.13	1883.48	1387.56	1686.45
spe	1701	1700	1887.235	1825.65	1856.4425	1985.34	1789.13	1915.11	1736.19	1860.765
spe	1700	1688	1825.65	1436.775	1631.2125	1915.11	1736.19	1766.73	1106.82	1510.965
los	1688	GCF.000353285.1.Bacteria.Cyanobacteria	1436.775	0.0	718.3875	1766.73	1106.82	0.0	0.0	883.365
spe	1700	1699	1825.65	1773.275	1799.4625	1915.11	1736.19	1850.15	1696.4	1805.755
spe	1699	1698	1773.275	1634.795	1704.035	1850.15	1696.4	1669.04	1600.55	1725.35
spe	1698	1692	1634.795	34.435	834.615	1669.04	1600.55	57.4215	11.4485	840.24425
los	1692	Richelia.intracellularis.HM01	34.435	0.0	17.2175	57.4215	11.4485	0.0	0.0	28.71075
spe	1698	1697	1634.795	920.2075	1277.50125	1669.04	1600.55	1581.01	259.405	964.2225
spe	1697	1695	920.2075	795.37	857.78875	1581.01	259.405	1453.6	137.14	859.075
spe	1704	1672	2105.22	1717.695	1911.4575	2238.26	1972.18	2070.17	1365.22	1801.74
hgt	1685	GCF.000018105.1.Bacteria.Cyanobacteria	1635.52	0.0	817.76	1883.48	1387.56	0.0	0.0	941.74
los	1672	GCF.000015965.1.Bacteria.Cyanobacteria	1717.695	0.0	858.8475	2070.17	1365.22	0.0	0.0	1035.085
hgt	1688	GCF.000353285.1.Bacteria.Cyanobacteria	1436.775	0.0	718.3875	1766.73	1106.82	0.0	0.0	883.365
hgt	1684	GCA.001698445.1.Bacteria.Cyanobacteria	1444.79	0.0	722.395	1759.1	1130.48	0.0	0.0	879.55
spe	743	721	2681.09	2277.575	2479.3325	3020.99	2341.19	2744.86	1810.29	2415.64
spe	721	720	2277.575	1930.555	2104.065	2744.86	1810.29	2446.78	1414.33	2079.595
los	720	GCA.002347965.1.Bacteria.UBA2233	1930.555	0.0	965.2775	2446.78	1414.33	0.0	0.0	1223.39
hgt	None	dead	0.0	0.0	0.0	0.0	0.0	0.0	0.0	0.0
hgt	1106	GCF.000427095.1.Bacteria.Armatimonadota	1340.34	0.0	670.17	1623.95	1056.73	0.0	0.0	811.975
los	None	dead	0.0	0.0	0.0	0.0	0.0	0.0	0.0	0.0
hgt	290	284	2065.88	1696.525	1881.2025	2380.72	1751.04	2015.71	1377.34	1879.03
los	721	GCA.003230535.1.Bacteria.SZUA.182	2277.575	0.0	1138.7875	2744.86	1810.29	0.0	0.0	1372.43
spe	290	284	2065.88	1696.525	1881.2025	2380.72	1751.04	2015.71	1377.34	1879.03
spe	284	282	1696.525	1342.065	1519.295	2015.71	1377.34	1637.54	1046.59	1531.15
los	282	GCA.003219195.1.Bacteria.Verrucomicrobiota	1342.065	0.0	671.0325	1637.54	1046.59	0.0	0.0	818.77
hgt	244	GCA.001800075.1.Bacteria.Elusimicrobiota	1375.91	0.0	687.955	1646.78	1105.04	0.0	0.0	823.39
hgt	406	GCA.001872725.1.Bacteria.Proteobacteria	2159.8	0.0	1079.9	2741.58	1578.02	0.0	0.0	1370.79
dup	None	dead	0.0	0.0	0.0	0.0	0.0	0.0	0.0	0.0
hgt	829	828	2001.85	1750.53	1876.19	2204.71	1798.99	1966.78	1534.28	1869.495
los	None	dead	0.0	0.0	0.0	0.0	0.0	0.0	0.0	0.0
spe	829	828	2001.85	1750.53	1876.19	2204.71	1798.99	1966.78	1534.28	1869.495
spe	828	827	1750.53	1617.135	1683.8325	1966.78	1534.28	1833.41	1400.86	1683.82
spe	827	821	1617.135	1377.535	1497.335	1833.41	1400.86	1637.42	1117.65	1475.53
los	821	GCA.002841825.1.Bacteria.Myxococcota	1377.535	0.0	688.7675	1637.42	1117.65	0.0	0.0	818.71
hgt	None	dead	0.0	0.0	0.0	0.0	0.0	0.0	0.0	0.0
los	827	826	1617.135	1444.855	1530.995	1833.41	1400.86	1661.37	1228.34	1530.875
hgt	350	GCA.003509045.1.Bacteria.Planctomycetota	1417.255	0.0	708.6275	1750.54	1083.97	0.0	0.0	875.27
los	None	dead	0.0	0.0	0.0	0.0	0.0	0.0	0.0	0.0
hgt	698	697	1837.19	1624.47	1730.83	2057.82	1616.56	1840.22	1408.72	1733.27
los	None	dead	0.0	0.0	0.0	0.0	0.0	0.0	0.0	0.0
spe	698	697	1837.19	1624.47	1730.83	2057.82	1616.56	1840.22	1408.72	1733.27
hgt	None	dead	0.0	0.0	0.0	0.0	0.0	0.0	0.0	0.0
hgt	1032	GCA.002727195.1.Bacteria.Latescibacterota	1430.62	0.0	715.31	1762.83	1098.41	0.0	0.0	881.415
los	None	dead	0.0	0.0	0.0	0.0	0.0	0.0	0.0	0.0
spe	697	696	1624.47	1431.49	1527.98	1840.22	1408.72	1637.29	1225.69	1532.955
spe	696	695	1431.49	1326.405	1378.9475	1637.29	1225.69	1521.67	1131.14	1384.215
los	695	GCA.003131705.1.Bacteria.Acidobacteriota	1326.405	0.0	663.2025	1521.67	1131.14	0.0	0.0	760.835
spe	695	694	1326.405	1256.385	1291.395	1521.67	1131.14	1449.85	1062.92	1292.295
los	694	692	1256.385	1113.508	1184.9465	1449.85	1062.92	1334.67	892.346	1171.098
hgt	797	GCA.002311335.1.Bacteria.Desulfobacterota.B	1832.825	0.0	916.4125	2092.41	1573.24	0.0	0.0	1046.205
hgt	811	GCA.002728755.1.Bacteria.Myxococcota	1313.225	0.0	656.6125	1553.88	1072.57	0.0	0.0	776.94
hgt	1106	GCA.003134215.1.Bacteria.Armatimonadota	1340.34	0.0	670.17	1623.95	1056.73	0.0	0.0	811.975
hgt	None	dead	0.0	0.0	0.0	0.0	0.0	0.0	0.0	0.0
hgt	1145	1143	1788.28	1606.47	1697.375	2061.89	1514.67	1865.47	1347.47	1704.68
los	None	dead	0.0	0.0	0.0	0.0	0.0	0.0	0.0	0.0
spe	1145	1143	1788.28	1606.47	1697.375	2061.89	1514.67	1865.47	1347.47	1704.68
hgt	293	GCA.002429065.1.Bacteria.Verrucomicrobiota	1595.865	0.0	797.9325	2014.86	1176.87	0.0	0.0	1007.43
hgt	1148	GCF.000969705.1.Bacteria.Actinobacteriota	1487.92	0.0	743.96	1860.52	1115.32	0.0	0.0	930.26
hgt	967	GCF.000013045.1.Bacteria.Bacteroidota	1879.385	0.0	939.6925	2109.43	1649.34	0.0	0.0	1054.715
dup	293	GCA.002429065.1.Bacteria.Verrucomicrobiota	1595.865	0.0	797.9325	2014.86	1176.87	0.0	0.0	1007.43
spe	1143	1141	1606.47	1323.465	1464.9675	1865.47	1347.47	1574.65	1072.28	1468.875
hgt	702	GCA.003152095.1.Bacteria.Acidobacteriota	1226.544	0.0	613.272	1494.48	958.608	0.0	0.0	747.24
los	1141	GCA.003140175.1.Bacteria.Actinobacteriota	1323.465	0.0	661.7325	1574.65	1072.28	0.0	0.0	787.325
spe	1141	1140	1323.465	1082.515	1202.99	1574.65	1072.28	1376.91	788.12	1181.385
hgt	275	GCA.001784175.1.Bacteria.Lindowbacteria	2298.405	0.0	1149.2025	2814.32	1782.49	0.0	0.0	1407.16
hgt	None	dead	0.0	0.0	0.0	0.0	0.0	0.0	0.0	0.0
dup	None	dead	0.0	0.0	0.0	0.0	0.0	0.0	0.0	0.0
dup	None	dead	0.0	0.0	0.0	0.0	0.0	0.0	0.0	0.0
hgt	861	GCA.002327985.1.Bacteria.Desulfobacterota	1399.46	0.0	699.73	1712.04	1086.88	0.0	0.0	856.02
los	None	dead	0.0	0.0	0.0	0.0	0.0	0.0	0.0	0.0
dup	None	dead	0.0	0.0	0.0	0.0	0.0	0.0	0.0	0.0
hgt	686	GCA.002451015.1.Bacteria.Acidobacteriota	1587.93	0.0	793.965	1852.98	1322.88	0.0	0.0	926.49
los	None	dead	0.0	0.0	0.0	0.0	0.0	0.0	0.0	0.0
hgt	1173	GCA.001768675.1.Bacteria.Actinobacteriota	1376.77	0.0	688.385	1664.76	1088.78	0.0	0.0	832.38
los	None	dead	0.0	0.0	0.0	0.0	0.0	0.0	0.0	0.0
dup	None	dead	0.0	0.0	0.0	0.0	0.0	0.0	0.0	0.0
dup	None	dead	0.0	0.0	0.0	0.0	0.0	0.0	0.0	0.0
hgt	1198	GCA.002159155.1.Bacteria.Firmicutes.G	1617.44	0.0	808.72	1916.88	1318.0	0.0	0.0	958.44
los	None	dead	0.0	0.0	0.0	0.0	0.0	0.0	0.0	0.0
hgt	1399	GCA.002450835.1.Bacteria.Chloroflexota	1604.38	0.0	802.19	1953.48	1255.28	0.0	0.0	976.74
los	None	dead	0.0	0.0	0.0	0.0	0.0	0.0	0.0	0.0
hgt	362	342	2549.525	2350.185	2449.855	2821.39	2277.66	2614.64	2085.73	2453.56
los	None	dead	0.0	0.0	0.0	0.0	0.0	0.0	0.0	0.0
spe	362	342	2549.525	2350.185	2449.855	2821.39	2277.66	2614.64	2085.73	2453.56
spe	342	328	2350.185	1867.775	2108.98	2614.64	2085.73	2192.2	1543.35	2078.995
los	328	GCF.002277955.1.Bacteria.Planctomycetota	1867.775	0.0	933.8875	2192.2	1543.35	0.0	0.0	1096.1
spe	328	327	1867.775	1556.09	1711.9325	2192.2	1543.35	1868.81	1243.37	1717.785
los	327	GCA.003508595.1.Bacteria.Planctomycetota	1556.09	0.0	778.045	1868.81	1243.37	0.0	0.0	934.405
spe	327	326	1556.09	1208.648	1382.369	1868.81	1243.37	1527.79	889.506	1379.158
los	326	GCF.900129635.1.Bacteria.Planctomycetota	1208.648	0.0	604.324	1527.79	889.506	0.0	0.0	763.895
spe	342	341	2350.185	2081.9	2216.0425	2614.64	2085.73	2348.13	1815.67	2215.155
los	341	GCA.003170085.1.Bacteria.Planctomycetota	2081.9	0.0	1040.95	2348.13	1815.67	0.0	0.0	1174.065
spe	341	340	2081.9	1767.265	1924.5825	2348.13	1815.67	2012.49	1522.04	1935.085
spe	340	334	1767.265	1547.105	1657.185	2012.49	1522.04	1802.02	1292.19	1652.34
los	334	GCA.002338715.1.Bacteria.Planctomycetota	1547.105	0.0	773.5525	1802.02	1292.19	0.0	0.0	901.01
spe	334	332	1547.105	1114.632	1330.8685	1802.02	1292.19	1388.09	841.174	1321.597
los	332	GCA.002364485.1.Bacteria.Planctomycetota	1114.632	0.0	557.316	1388.09	841.174	0.0	0.0	694.045
spe	340	339	1767.265	1559.885	1663.575	2012.49	1522.04	1829.43	1290.34	1651.415
hgt	686	GCA.002451015.1.Bacteria.Acidobacteriota	1587.93	0.0	793.965	1852.98	1322.88	0.0	0.0	926.49
los	339	337	1559.885	1348.89	1454.3875	1829.43	1290.34	1618.28	1079.5	1454.465
hgt	None	dead	0.0	0.0	0.0	0.0	0.0	0.0	0.0	0.0
dup	None	dead	0.0	0.0	0.0	0.0	0.0	0.0	0.0	0.0
hgt	812	GCA.002863065.1.Bacteria.Myxococcota	1516.905	0.0	758.4525	1751.13	1282.68	0.0	0.0	875.565
los	None	dead	0.0	0.0	0.0	0.0	0.0	0.0	0.0	0.0
hgt	267	GCA.002428325.1.Bacteria.UBP4	2213.055	0.0	1106.5275	2749.04	1677.07	0.0	0.0	1374.52
los	None	dead	0.0	0.0	0.0	0.0	0.0	0.0	0.0	0.0
spe	1478	1477	3018.815	2723.605	2871.21	3423.42	2614.21	3040.81	2406.4	2914.91
spe	1477	1431	2723.605	2420.455	2572.03	3040.81	2406.4	2714.59	2126.32	2583.565
los	1431	1427	2420.455	2216.53	2318.4925	2714.59	2126.32	2490.85	1942.21	2328.4
spe	1431	1430	2420.455	1801.635	2111.045	2714.59	2126.32	2276.21	1327.06	2020.825
hgt	None	dead	0.0	0.0	0.0	0.0	0.0	0.0	0.0	0.0
hgt	1173	GCA.002897715.1.Bacteria.Actinobacteriota	1376.77	0.0	688.385	1664.76	1088.78	0.0	0.0	832.38
los	None	dead	0.0	0.0	0.0	0.0	0.0	0.0	0.0	0.0
hgt	1145	1143	1788.28	1606.47	1697.375	2061.89	1514.67	1865.47	1347.47	1704.68
hgt	1167	GCA.002413185.1.Bacteria.Actinobacteriota	1838.915	0.0	919.4575	2077.7	1600.13	0.0	0.0	1038.85
spe	1145	1143	1788.28	1606.47	1697.375	2061.89	1514.67	1865.47	1347.47	1704.68
spe	1143	1141	1606.47	1323.465	1464.9675	1865.47	1347.47	1574.65	1072.28	1468.875
los	1141	1140	1323.465	1082.515	1202.99	1574.65	1072.28	1376.91	788.12	1181.385
spe	1477	1476	2723.605	2416.915	2570.26	3040.81	2406.4	2708.83	2125.0	2582.905
spe	1476	1454	2416.915	1996.555	2206.735	2708.83	2125.0	2245.89	1747.22	2228.025
spe	1454	1446	1996.555	1803.385	1899.97	2245.89	1747.22	2040.01	1566.76	1906.325
los	1446	1445	1803.385	1577.91	1690.6475	2040.01	1566.76	1848.3	1307.52	1673.765
spe	1446	1440	1803.385	1679.715	1741.55	2040.01	1566.76	1908.42	1451.01	1745.51
los	1440	GCF.001306175.1.Bacteria.Chloroflexota	1679.715	0.0	839.8575	1908.42	1451.01	0.0	0.0	954.21
spe	1440	1439	1679.715	1492.005	1585.86	1908.42	1451.01	1713.37	1270.64	1589.53
spe	1439	1438	1492.005	1317.205	1404.605	1713.37	1270.64	1528.24	1106.17	1409.77
los	1438	GCA.002841995.1.Bacteria.Chloroflexota	1317.205	0.0	658.6025	1528.24	1106.17	0.0	0.0	764.12
spe	1438	1437	1317.205	1158.264	1237.7345	1528.24	1106.17	1381.67	934.858	1231.549
hgt	147	GCA.001940725.1.Archaea.Asgardarchaeota	1579.1	0.0	789.55	1962.45	1195.75	0.0	0.0	981.225
hgt	832	GCA.002721815.1.Bacteria.Myxococcota	1444.88	0.0	722.44	1737.65	1152.11	0.0	0.0	868.825
hgt	150	GCA.001940645.1.Archaea.Asgardarchaeota	1481.835	0.0	740.9175	1840.51	1123.16	0.0	0.0	920.255
hgt	1106	GCA.003134215.1.Bacteria.Armatimonadota	1340.34	0.0	670.17	1623.95	1056.73	0.0	0.0	811.975
dup	147	GCA.001940725.1.Archaea.Asgardarchaeota	1579.1	0.0	789.55	1962.45	1195.75	0.0	0.0	981.225
hgt	None	dead	0.0	0.0	0.0	0.0	0.0	0.0	0.0	0.0
hgt	857	GCA.002010915.1.Bacteria.Desulfobacterota	1680.31	0.0	840.155	2026.99	1333.63	0.0	0.0	1013.495
los	None	dead	0.0	0.0	0.0	0.0	0.0	0.0	0.0	0.0
hgt	983	982	2135.355	1900.265	2017.81	2367.02	1903.69	2132.12	1668.41	2017.715
los	1454	1453	1996.555	1862.655	1929.605	2245.89	1747.22	2140.61	1584.7	1915.295
spe	983	982	2135.355	1900.265	2017.81	2367.02	1903.69	2132.12	1668.41	2017.715
spe	982	981	1900.265	1779.97	1840.1175	2132.12	1668.41	2005.01	1554.93	1843.525
hgt	1457	GCA.002404055.1.Bacteria.Chloroflexota	1538.99	0.0	769.495	1931.07	1146.91	0.0	0.0	965.535
hgt	696	695	1431.49	1326.405	1378.9475	1637.29	1225.69	1521.67	1131.14	1384.215
los	981	GCA.003158365.1.Bacteria.Bacteroidota	1779.97	0.0	889.985	2005.01	1554.93	0.0	0.0	1002.505
spe	696	695	1431.49	1326.405	1378.9475	1637.29	1225.69	1521.67	1131.14	1384.215
spe	695	694	1326.405	1256.385	1291.395	1521.67	1131.14	1449.85	1062.92	1292.295
los	694	692	1256.385	1113.508	1184.9465	1449.85	1062.92	1334.67	892.346	1171.098
hgt	1720	GCF.000484535.1.Bacteria.Cyanobacteria	2510.455	0.0	1255.2275	2678.67	2342.24	0.0	0.0	1339.335
dup	695	GCA.003131705.1.Bacteria.Acidobacteriota	1326.405	0.0	663.2025	1521.67	1131.14	0.0	0.0	760.835
spe	981	980	1779.97	1646.88	1713.425	2005.01	1554.93	1867.26	1426.5	1715.755
hgt	1719	GCF.000013205.1.Bacteria.Cyanobacteria	2371.88	0.0	1185.94	2533.31	2210.45	0.0	0.0	1266.655
los	980	979	1646.88	1531.79	1589.335	1867.26	1426.5	1752.93	1310.65	1588.955
spe	980	972	1646.88	1266.481	1456.6805	1867.26	1426.5	1556.25	976.712	1421.986
hgt	681	GCA.002712885.1.Bacteria.Acidobacteriota	1727.015	0.0	863.5075	2032.78	1421.25	0.0	0.0	1016.39
los	972	GCA.002779395.1.Bacteria.Bacteroidota	1266.481	0.0	633.2405	1556.25	976.712	0.0	0.0	778.125
hgt	None	dead	0.0	0.0	0.0	0.0	0.0	0.0	0.0	0.0
hgt	741	GCA.001771285.1.Bacteria.Methylomirabilota	1693.345	0.0	846.6725	2199.48	1187.21	0.0	0.0	1099.74
los	None	dead	0.0	0.0	0.0	0.0	0.0	0.0	0.0	0.0
spe	1476	1475	2416.915	2249.485	2333.2	2708.83	2125.0	2543.8	1955.17	2332.0
spe	1475	1463	2249.485	1987.575	2118.53	2543.8	1955.17	2304.87	1670.28	2107.04
los	1463	1462	1987.575	1858.705	1923.14	2304.87	1670.28	2184.36	1533.05	1918.96
spe	1463	1457	1987.575	1538.99	1763.2825	2304.87	1670.28	1931.07	1146.91	1725.89
los	1457	GCA.002404055.1.Bacteria.Chloroflexota	1538.99	0.0	769.495	1931.07	1146.91	0.0	0.0	965.535
hgt	None	dead	0.0	0.0	0.0	0.0	0.0	0.0	0.0	0.0
hgt	1461	GCA.002413265.1.Bacteria.Chloroflexota	1519.02	0.0	759.51	1882.58	1155.46	0.0	0.0	941.29
los	None	dead	0.0	0.0	0.0	0.0	0.0	0.0	0.0	0.0
spe	1475	1474	2249.485	2094.15	2171.8175	2543.8	1955.17	2398.35	1789.95	2166.875
spe	1474	1470	2094.15	1749.085	1921.6175	2398.35	1789.95	2065.21	1432.96	1915.655
los	1470	GCF.000025005.1.Bacteria.Chloroflexota	1749.085	0.0	874.5425	2065.21	1432.96	0.0	0.0	1032.605
spe	1470	1469	1749.085	1574.225	1661.655	2065.21	1432.96	1892.87	1255.58	1660.395
los	1469	1467	1574.225	1431.56	1502.8925	1892.87	1255.58	1750.93	1112.19	1502.53
spe	1474	1473	2094.15	1294.4735	1694.31175	2398.35	1789.95	1671.97	916.977	1657.6635
hgt	1178	1177	1434.165	1221.364	1327.7645	1689.01	1179.32	1491.65	951.078	1320.044
spe	1178	1177	1434.165	1221.364	1327.7645	1689.01	1179.32	1491.65	951.078	1320.044
hgt	712	711	1951.73	1691.09	1821.41	2205.61	1697.85	1998.68	1383.5	1794.555
los	None	dead	0.0	0.0	0.0	0.0	0.0	0.0	0.0	0.0
spe	712	711	1951.73	1691.09	1821.41	2205.61	1697.85	1998.68	1383.5	1794.555
hgt	1198	GCA.002159155.1.Bacteria.Firmicutes.G	1617.44	0.0	808.72	1916.88	1318.0	0.0	0.0	958.44
hgt	321	GCA.003136555.1.Bacteria.Planctomycetota	2381.485	0.0	1190.7425	2804.33	1958.64	0.0	0.0	1402.165
hgt	1141	GCA.003140175.1.Bacteria.Actinobacteriota	1323.465	0.0	661.7325	1574.65	1072.28	0.0	0.0	787.325
hgt	924	GCA.003221825.1.Bacteria.Gemmatimonadota	1568.375	0.0	784.1875	2038.32	1098.43	0.0	0.0	1019.16
hgt	1167	1166	1838.915	1480.79	1659.8525	2077.7	1600.13	1697.07	1264.51	1671.105
spe	711	709	1691.09	1397.765	1544.4275	1998.68	1383.5	1717.19	1078.34	1538.51
los	709	GCA.003223995.1.Bacteria.Acidobacteriota	1397.765	0.0	698.8825	1717.19	1078.34	0.0	0.0	858.595
dup	1167	1166	1838.915	1480.79	1659.8525	2077.7	1600.13	1697.07	1264.51	1671.105
hgt	None	dead	0.0	0.0	0.0	0.0	0.0	0.0	0.0	0.0
hgt	1158	GCF.900106035.1.Bacteria.Actinobacteriota	987.523	0.0	493.7615	1239.6	735.446	0.0	0.0	619.8
los	None	dead	0.0	0.0	0.0	0.0	0.0	0.0	0.0	0.0
spe	1167	1166	1838.915	1480.79	1659.8525	2077.7	1600.13	1697.07	1264.51	1671.105
spe	1166	1165	1480.79	1370.47	1425.63	1697.07	1264.51	1577.59	1163.35	1430.21
los	1165	1164	1370.47	1261.825	1316.1475	1577.59	1163.35	1459.67	1063.98	1320.785
spe	1165	1155	1370.47	1276.115	1323.2925	1577.59	1163.35	1486.51	1065.72	1321.655
spe	1155	1154	1276.115	976.5785	1126.34675	1486.51	1065.72	1290.8	662.357	1074.4335
los	1154	GCF.001591405.1.Bacteria.Actinobacteria	976.5785	0.0	488.28925	1290.8	662.357	0.0	0.0	645.4
hgt	None	dead	0.0	0.0	0.0	0.0	0.0	0.0	0.0	0.0
hgt	1158	GCF.001942305.1.Bacteria.Actinobacteriota	987.523	0.0	493.7615	1239.6	735.446	0.0	0.0	619.8
los	None	dead	0.0	0.0	0.0	0.0	0.0	0.0	0.0	0.0
dup	1167	1166	1838.915	1480.79	1659.8525	2077.7	1600.13	1697.07	1264.51	1671.105
dup	1167	1166	1838.915	1480.79	1659.8525	2077.7	1600.13	1697.07	1264.51	1671.105
spe	1167	1166	1838.915	1480.79	1659.8525	2077.7	1600.13	1697.07	1264.51	1671.105
spe	1166	1165	1480.79	1370.47	1425.63	1697.07	1264.51	1577.59	1163.35	1430.21
los	1165	1164	1370.47	1261.825	1316.1475	1577.59	1163.35	1459.67	1063.98	1320.785
spe	1165	1155	1370.47	1276.115	1323.2925	1577.59	1163.35	1486.51	1065.72	1321.655
los	1155	1154	1276.115	976.5785	1126.34675	1486.51	1065.72	1290.8	662.357	1074.4335
spe	1167	1166	1838.915	1480.79	1659.8525	2077.7	1600.13	1697.07	1264.51	1671.105
los	1166	GCF.004348535.1.Bacteria.Actinobacteriota	1480.79	0.0	740.395	1697.07	1264.51	0.0	0.0	848.535
spe	1166	1165	1480.79	1370.47	1425.63	1697.07	1264.51	1577.59	1163.35	1430.21
spe	1165	1155	1370.47	1276.115	1323.2925	1577.59	1163.35	1486.51	1065.72	1321.655
hgt	1148	GCA.003021615.1.Bacteria.Actinobacteriota	1487.92	0.0	743.96	1860.52	1115.32	0.0	0.0	930.26
los	1155	GCF.003443735.1.Bacteria.Actinobacteriota	1276.115	0.0	638.0575	1486.51	1065.72	0.0	0.0	743.255
spe	1155	1154	1276.115	976.5785	1126.34675	1486.51	1065.72	1290.8	662.357	1074.4335
los	1154	GCF.001591405.1.Bacteria.Actinobacteria	976.5785	0.0	488.28925	1290.8	662.357	0.0	0.0	645.4
spe	1165	1164	1370.47	1261.825	1316.1475	1577.59	1163.35	1459.67	1063.98	1320.785
spe	1164	1163	1261.825	1087.464	1174.6445	1459.67	1063.98	1323.49	851.438	1155.554
los	1163	GCA.001437855.1.Bacteria.Actinobacteriota	1087.464	0.0	543.732	1323.49	851.438	0.0	0.0	661.745
spe	1164	1160	1261.825	1110.64	1186.2325	1459.67	1063.98	1339.31	881.97	1170.82
los	1160	GCF.000015025.1.Bacteria.Actinobacteriota	1110.64	0.0	555.32	1339.31	881.97	0.0	0.0	669.655
spe	1160	1158	1110.64	987.523	1049.0815	1339.31	881.97	1239.6	735.446	1037.378
los	1158	GCF.001942305.1.Bacteria.Actinobacteriota	987.523	0.0	493.7615	1239.6	735.446	0.0	0.0	619.8
spe	1167	1166	1838.915	1480.79	1659.8525	2077.7	1600.13	1697.07	1264.51	1671.105
spe	1166	1165	1480.79	1370.47	1425.63	1697.07	1264.51	1577.59	1163.35	1430.21
los	1165	1155	1370.47	1276.115	1323.2925	1577.59	1163.35	1486.51	1065.72	1321.655
spe	1165	1164	1370.47	1261.825	1316.1475	1577.59	1163.35	1459.67	1063.98	1320.785
los	1164	1163	1261.825	1087.464	1174.6445	1459.67	1063.98	1323.49	851.438	1155.554
spe	1164	1160	1261.825	1110.64	1186.2325	1459.67	1063.98	1339.31	881.97	1170.82
los	1160	1158	1110.64	987.523	1049.0815	1339.31	881.97	1239.6	735.446	1037.378
hgt	42	GCA.003230355.1.Archaea.Hydrothermarchaeota	2027.525	0.0	1013.7625	2532.54	1522.51	0.0	0.0	1266.27
los	1166	GCF.004348535.1.Bacteria.Actinobacteriota	1480.79	0.0	740.395	1697.07	1264.51	0.0	0.0	848.535
spe	1725	1393	3797.605	3319.26	3558.4325	4126.01	3469.2	3693.81	2944.71	3535.36
spe	1393	1392	3319.26	3133.075	3226.1675	3693.81	2944.71	3469.76	2796.39	3245.1
hgt	1478	1477	3018.815	2723.605	2871.21	3423.42	2614.21	3040.81	2406.4	2914.91
hgt	None	dead	0.0	0.0	0.0	0.0	0.0	0.0	0.0	0.0
hgt	None	dead	0.0	0.0	0.0	0.0	0.0	0.0	0.0	0.0
hgt	668	GCA.001775755.1.Bacteria.Acidobacteriota	1417.72	0.0	708.86	1767.6	1067.84	0.0	0.0	883.8
los	None	dead	0.0	0.0	0.0	0.0	0.0	0.0	0.0	0.0
dup	1392	1391	3133.075	2803.98	2968.5275	3469.76	2796.39	3089.33	2518.63	2994.195
hgt	178	177	3153.655	2975.235	3064.445	3350.0	2957.31	3172.02	2778.45	3064.225
hgt	None	dead	0.0	0.0	0.0	0.0	0.0	0.0	0.0	0.0
dup	None	dead	0.0	0.0	0.0	0.0	0.0	0.0	0.0	0.0
hgt	59	GCA.002878135.1.Archaea.Thermoplasmatota	1276.445	0.0	638.2225	1522.67	1030.22	0.0	0.0	761.335
los	None	dead	0.0	0.0	0.0	0.0	0.0	0.0	0.0	0.0
dup	None	dead	0.0	0.0	0.0	0.0	0.0	0.0	0.0	0.0
hgt	1058	GCF.000233775.1.Bacteria.Synergistota	1931.1	0.0	965.55	2676.3	1185.9	0.0	0.0	1338.15
los	None	dead	0.0	0.0	0.0	0.0	0.0	0.0	0.0	0.0
hgt	38	GCF.002214485.1.Archaea.Methanobacteriota.B	1770.925	0.0	885.4625	2300.92	1240.93	0.0	0.0	1150.46
los	None	dead	0.0	0.0	0.0	0.0	0.0	0.0	0.0	0.0
spe	1392	1391	3133.075	2803.98	2968.5275	3469.76	2796.39	3089.33	2518.63	2994.195
hgt	None	dead	0.0	0.0	0.0	0.0	0.0	0.0	0.0	0.0
hgt	38	GCA.001515205.2.Archaea.Hadarchaeota	1770.925	0.0	885.4625	2300.92	1240.93	0.0	0.0	1150.46
los	None	dead	0.0	0.0	0.0	0.0	0.0	0.0	0.0	0.0
hgt	889	843	2616.235	2520.86	2568.5475	2841.39	2391.08	2742.85	2298.87	2570.13
spe	1391	1211	2803.98	2064.13	2434.055	3089.33	2518.63	2431.02	1697.24	2393.285
los	1211	1199	2064.13	1800.4	1932.265	2431.02	1697.24	2108.72	1492.08	1961.55
spe	1211	1210	2064.13	1896.845	1980.4875	2431.02	1697.24	2224.85	1568.84	1999.93
los	1210	1204	1896.845	1695.79	1796.3175	2224.85	1568.84	2024.41	1367.17	1796.01
spe	1210	1209	1896.845	1584.4	1740.6225	2224.85	1568.84	1929.85	1238.95	1731.9
los	1209	1208	1584.4	1446.125	1515.2625	1929.85	1238.95	1790.14	1102.11	1515.98
hgt	None	dead	0.0	0.0	0.0	0.0	0.0	0.0	0.0	0.0
hgt	1116	GCA.002435745.1.Bacteria.UBP15	1799.18	0.0	899.59	2205.43	1392.93	0.0	0.0	1102.715
los	None	dead	0.0	0.0	0.0	0.0	0.0	0.0	0.0	0.0
hgt	1186	1136	2550.565	1777.3	2163.9325	2828.93	2272.2	2350.53	1204.07	2016.5
spe	889	843	2616.235	2520.86	2568.5475	2841.39	2391.08	2742.85	2298.87	2570.13
spe	843	783	2520.86	2397.91	2459.385	2742.85	2298.87	2628.44	2167.38	2455.115
los	783	782	2397.91	2224.065	2310.9875	2628.44	2167.38	2460.1	1988.03	2308.235
spe	783	759	2397.91	1793.69	2095.8	2628.44	2167.38	2243.04	1344.34	1986.39
los	759	GCA.001799195.1.Bacteria.Bdellovibrionota	1793.69	0.0	896.845	2243.04	1344.34	0.0	0.0	1121.52
spe	843	842	2520.86	2419.635	2470.2475	2742.85	2298.87	2639.73	2199.54	2471.195
hgt	None	dead	0.0	0.0	0.0	0.0	0.0	0.0	0.0	0.0
los	842	798	2419.635	2124.995	2272.315	2639.73	2199.54	2377.41	1872.58	2256.155
hgt	1087	GCA.003535305.1.Bacteria.Bipolaricaulota	1366.82	0.0	683.41	1685.2	1048.44	0.0	0.0	842.6
los	None	dead	0.0	0.0	0.0	0.0	0.0	0.0	0.0	0.0
spe	842	841	2419.635	2325.31	2372.4725	2639.73	2199.54	2547.32	2103.3	2371.515
spe	841	801	2325.31	1810.17	2067.74	2547.32	2103.3	2217.42	1402.92	1975.12
los	801	GCA.002328485.1.Bacteria.Desulfobacterota.G	1810.17	0.0	905.085	2217.42	1402.92	0.0	0.0	1108.71
hgt	None	dead	0.0	0.0	0.0	0.0	0.0	0.0	0.0	0.0
los	841	840	2325.31	2147.98	2236.645	2547.32	2103.3	2361.31	1934.65	2240.985
hgt	1227	GCA.003242675.1.Bacteria.Firmicutes.E	1509.365	0.0	754.6825	1811.9	1206.83	0.0	0.0	905.95
los	None	dead	0.0	0.0	0.0	0.0	0.0	0.0	0.0	0.0
spe	1186	1136	2550.565	1777.3	2163.9325	2828.93	2272.2	2350.53	1204.07	2016.5
hgt	None	dead	0.0	0.0	0.0	0.0	0.0	0.0	0.0	0.0
hgt	1296	GCA.001513545.1.Bacteria.Firmicutes.B	1436.52	0.0	718.26	1763.25	1109.79	0.0	0.0	881.625
los	None	dead	0.0	0.0	0.0	0.0	0.0	0.0	0.0	0.0
spe	1391	1390	2803.98	2692.555	2748.2675	3089.33	2518.63	2961.03	2424.08	2756.705
spe	1390	1389	2692.555	2619.07	2655.8125	2961.03	2424.08	2879.48	2358.66	2659.845
los	1389	1237	2619.07	2011.28	2315.175	2879.48	2358.66	2328.85	1693.71	2286.595
spe	1389	1388	2619.07	2495.045	2557.0575	2879.48	2358.66	2745.25	2244.84	2562.16
los	1388	1387	2495.045	2426.135	2460.59	2745.25	2244.84	2669.8	2182.47	2463.86
spe	1388	1274	2495.045	2255.985	2375.515	2745.25	2244.84	2515.29	1996.68	2370.965
los	1274	1273	2255.985	2085.065	2170.525	2515.29	1996.68	2326.9	1843.23	2179.26
spe	1274	1240	2255.985	1697.815	1976.9	2515.29	1996.68	2230.68	1164.95	1840.12
los	1240	GCF.900142995.1.Bacteria.Firmicutes.A	1697.815	0.0	848.9075	2230.68	1164.95	0.0	0.0	1115.34
spe	1390	1218	2692.555	2397.09	2544.8225	2961.03	2424.08	2801.39	1992.79	2476.91
los	1218	1216	2397.09	1902.285	2149.6875	2801.39	1992.79	2352.8	1451.77	2126.58
dup	1218	GCA.001513125.1.Bacteria.DTU030	2397.09	0.0	1198.545	2801.39	1992.79	0.0	0.0	1400.695
dup	178	177	3153.655	2975.235	3064.445	3350.0	2957.31	3172.02	2778.45	3064.225
hgt	None	dead	0.0	0.0	0.0	0.0	0.0	0.0	0.0	0.0
dup	None	dead	0.0	0.0	0.0	0.0	0.0	0.0	0.0	0.0
hgt	1069	GCF.000378005.1.Bacteria.Coprothermobacterota	1779.88	0.0	889.94	2130.11	1429.65	0.0	0.0	1065.055
los	None	dead	0.0	0.0	0.0	0.0	0.0	0.0	0.0	0.0
hgt	1240	GCF.900142995.1.Bacteria.Firmicutes.A	1697.815	0.0	848.9075	2230.68	1164.95	0.0	0.0	1115.34
los	None	dead	0.0	0.0	0.0	0.0	0.0	0.0	0.0	0.0
hgt	None	dead	0.0	0.0	0.0	0.0	0.0	0.0	0.0	0.0
hgt	None	dead	0.0	0.0	0.0	0.0	0.0	0.0	0.0	0.0
hgt	801	GCA.001797815.1.Bacteria.RBG.13.61.14	1810.17	0.0	905.085	2217.42	1402.92	0.0	0.0	1108.71
los	None	dead	0.0	0.0	0.0	0.0	0.0	0.0	0.0	0.0
hgt	None	dead	0.0	0.0	0.0	0.0	0.0	0.0	0.0	0.0
spe	178	177	3153.655	2975.235	3064.445	3350.0	2957.31	3172.02	2778.45	3064.225
spe	177	95	2975.235	2751.94	2863.5875	3172.02	2778.45	2968.59	2535.29	2853.655
los	95	94	2751.94	2705.465	2728.7025	2968.59	2535.29	2926.2	2484.73	2726.66
spe	95	39	2751.94	2176.73	2464.335	2968.59	2535.29	2662.29	1691.17	2329.88
los	39	35	2176.73	1886.455	2031.5925	2662.29	1691.17	2412.29	1360.62	2011.455
spe	39	38	2176.73	1770.925	1973.8275	2662.29	1691.17	2300.92	1240.93	1951.61
hgt	660	659	2386.55	1329.6085	1858.07925	2810.74	1962.36	1758.41	900.807	1855.7735
hgt	1178	GCA.002347645.1.Bacteria.Actinobacteriota	1434.165	0.0	717.0825	1689.01	1179.32	0.0	0.0	844.505
hgt	1330	GCA.002385745.1.Bacteria.Firmicutes.D	1602.185	0.0	801.0925	2102.79	1101.58	0.0	0.0	1051.395
hgt	1452	GCA.002348045.1.Bacteria.Chloroflexota	1430.125	0.0	715.0625	1777.81	1082.44	0.0	0.0	888.905
hgt	1424	GCA.002011475.1.Bacteria.Chloroflexota	1648.125	0.0	824.0625	1911.17	1385.08	0.0	0.0	955.585
hgt	None	dead	0.0	0.0	0.0	0.0	0.0	0.0	0.0	0.0
dup	None	dead	0.0	0.0	0.0	0.0	0.0	0.0	0.0	0.0
hgt	52	GCA.001595945.1.Archaea.Thermoplasmatota	1320.27	0.0	660.135	1581.03	1059.51	0.0	0.0	790.515
los	None	dead	0.0	0.0	0.0	0.0	0.0	0.0	0.0	0.0
hgt	65	GCA.001595885.1.Archaea.Thermoplasmatota	1261.09	0.0	630.545	1500.52	1021.66	0.0	0.0	750.26
los	None	dead	0.0	0.0	0.0	0.0	0.0	0.0	0.0	0.0
hgt	99	GCF.000092185.1.Archaea.Thermoproteota	1356.82	0.0	678.41	1642.61	1071.03	0.0	0.0	821.305
spe	660	659	2386.55	1329.6085	1858.07925	2810.74	1962.36	1758.41	900.807	1855.7735
hgt	1221	GCA.002375925.1.Bacteria.Firmicutes.E	1546.995	0.0	773.4975	1982.53	1111.46	0.0	0.0	991.265
hgt	1411	GCA.002717805.1.Bacteria.Chloroflexota	1413.835	0.0	706.9175	1714.05	1113.62	0.0	0.0	857.025
hgt	84	GCF.000011005.1.Archaea.Euryarchaeota	1169.197	0.0	584.5985	1403.93	934.464	0.0	0.0	701.965
hgt	None	dead	0.0	0.0	0.0	0.0	0.0	0.0	0.0	0.0
hgt	1296	GCF.900176005.1.Bacteria.Firmicutes.B	1436.52	0.0	718.26	1763.25	1109.79	0.0	0.0	881.625
los	None	dead	0.0	0.0	0.0	0.0	0.0	0.0	0.0	0.0
hgt	306	305	1842.35	1592.935	1717.6425	2147.78	1536.92	1871.26	1314.61	1731.195
hgt	122	121	1853.335	1422.225	1637.78	2102.13	1604.54	1736.27	1108.18	1605.155
hgt	99	GCF.000092185.1.Archaea.Thermoproteota	1356.82	0.0	678.41	1642.61	1071.03	0.0	0.0	821.305
dup	38	GCA.001515205.2.Archaea.Hadarchaeota	1770.925	0.0	885.4625	2300.92	1240.93	0.0	0.0	1150.46
hgt	133	GCA.000405685.1.Archaea.Thermoproteota	1484.13	0.0	742.065	1802.63	1165.63	0.0	0.0	901.315
hgt	1462	GCA.002436065.1.Bacteria.Chloroflexota	1858.705	0.0	929.3525	2184.36	1533.05	0.0	0.0	1092.18
hgt	107	GCA.001717025.1.Archaea.Thermoproteota	1515.18	0.0	757.59	1853.29	1177.07	0.0	0.0	926.645
spe	122	121	1853.335	1422.225	1637.78	2102.13	1604.54	1736.27	1108.18	1605.155
hgt	753	GCA.001803565.1.Bacteria.Nitrospinota.B	1778.33	0.0	889.165	2125.97	1430.69	0.0	0.0	1062.985
hgt	None	dead	0.0	0.0	0.0	0.0	0.0	0.0	0.0	0.0
spe	306	305	1842.35	1592.935	1717.6425	2147.78	1536.92	1871.26	1314.61	1731.195
spe	305	303	1592.935	1506.615	1549.775	1871.26	1314.61	1786.55	1226.68	1548.97
hgt	274	GCA.002687025.1.Bacteria.Poribacteria	1625.32	0.0	812.66	2112.15	1138.49	0.0	0.0	1056.075
spe	303	302	1506.615	1318.23	1412.4225	1786.55	1226.68	1579.03	1057.43	1421.99
hgt	347	GCA.002683135.1.Bacteria.Planctomycetota	1905.8	0.0	952.9	2230.18	1581.42	0.0	0.0	1115.09
los	302	GCA.002340265.1.Bacteria.Verrucomicrobiota	1318.23	0.0	659.115	1579.03	1057.43	0.0	0.0	789.515
hgt	326	GCA.002404095.1.Bacteria.Planctomycetota	1208.648	0.0	604.324	1527.79	889.506	0.0	0.0	763.895
hgt	350	GCA.003509045.1.Bacteria.Planctomycetota	1417.255	0.0	708.6275	1750.54	1083.97	0.0	0.0	875.27
dup	None	dead	0.0	0.0	0.0	0.0	0.0	0.0	0.0	0.0
hgt	794	GCA.001798565.1.Bacteria.Desulfobacterota.B	1350.25	0.0	675.125	1609.55	1090.95	0.0	0.0	804.775
los	None	dead	0.0	0.0	0.0	0.0	0.0	0.0	0.0	0.0
hgt	99	GCF.000092185.1.Archaea.Thermoproteota	1356.82	0.0	678.41	1642.61	1071.03	0.0	0.0	821.305
los	None	dead	0.0	0.0	0.0	0.0	0.0	0.0	0.0	0.0
dup	99	GCF.000092185.1.Archaea.Thermoproteota	1356.82	0.0	678.41	1642.61	1071.03	0.0	0.0	821.305
dup	177	176	2975.235	2798.9	2887.0675	3172.02	2778.45	2996.96	2600.84	2886.43
spe	177	176	2975.235	2798.9	2887.0675	3172.02	2778.45	2996.96	2600.84	2886.43
spe	176	175	2798.9	2653.515	2726.2075	2996.96	2600.84	2862.53	2444.5	2720.73
spe	175	143	2653.515	1902.65	2278.0825	2862.53	2444.5	2361.92	1443.38	2152.955
hgt	107	GCA.003019535.1.Archaea.Thermoproteota	1515.18	0.0	757.59	1853.29	1177.07	0.0	0.0	926.645
los	143	GCA.001940655.1.Archaea.Asgardarchaeota	1902.65	0.0	951.325	2361.92	1443.38	0.0	0.0	1180.96
spe	175	174	2653.515	2527.615	2590.565	2862.53	2444.5	2745.47	2309.76	2586.145
hgt	None	dead	0.0	0.0	0.0	0.0	0.0	0.0	0.0	0.0
los	174	173	2527.615	2445.14	2486.3775	2745.47	2309.76	2664.86	2225.42	2485.445
hgt	109	108	2214.8	1863.195	2038.9975	2483.59	1946.01	2170.45	1555.94	2019.765
los	None	dead	0.0	0.0	0.0	0.0	0.0	0.0	0.0	0.0
spe	109	108	2214.8	1863.195	2038.9975	2483.59	1946.01	2170.45	1555.94	2019.765
spe	108	107	1863.195	1515.18	1689.1875	2170.45	1555.94	1853.29	1177.07	1673.76
los	107	GCA.003019535.1.Archaea.Thermoproteota	1515.18	0.0	757.59	1853.29	1177.07	0.0	0.0	926.645
spe	176	140	2798.9	2626.73	2712.815	2996.96	2600.84	2837.91	2415.55	2706.255
los	140	GCF.000019605.1.Archaea.Thermoproteota	2626.73	0.0	1313.365	2837.91	2415.55	0.0	0.0	1418.955
spe	140	139	2626.73	2517.75	2572.24	2837.91	2415.55	2733.29	2302.21	2570.06
los	139	109	2517.75	2214.8	2366.275	2733.29	2302.21	2483.59	1946.01	2339.65
spe	139	138	2517.75	2383.655	2450.7025	2733.29	2302.21	2607.35	2159.96	2446.625
los	138	137	2383.655	2168.41	2276.0325	2607.35	2159.96	2408.53	1928.29	2267.82
spe	138	124	2383.655	2123.145	2253.4	2607.35	2159.96	2381.0	1865.29	2236.32
los	124	GCA.002495485.1.Archaea.Thermoproteota	2123.145	0.0	1061.5725	2381.0	1865.29	0.0	0.0	1190.5
spe	124	123	2123.145	1998.805	2060.975	2381.0	1865.29	2251.98	1745.63	2063.315
spe	123	122	1998.805	1853.335	1926.07	2251.98	1745.63	2102.13	1604.54	1928.26
los	122	118	1853.335	1643.115	1748.225	2102.13	1604.54	1910.17	1376.06	1739.095
spe	122	121	1853.335	1422.225	1637.78	2102.13	1604.54	1736.27	1108.18	1605.155
los	121	GCA.001775995.1.Archaea.Thermoproteota	1422.225	0.0	711.1125	1736.27	1108.18	0.0	0.0	868.135
spe	123	113	1998.805	1643.05	1820.9275	2251.98	1745.63	2015.58	1270.52	1761.25
hgt	1173	GCA.001768675.1.Bacteria.Actinobacteriota	1376.77	0.0	688.385	1664.76	1088.78	0.0	0.0	832.38
los	113	GCA.002255025.1.Archaea.Thermoproteota	1643.05	0.0	821.525	2015.58	1270.52	0.0	0.0	1007.79
hgt	None	dead	0.0	0.0	0.0	0.0	0.0	0.0	0.0	0.0
hgt	133	GCA.002506605.1.Archaea.Thermoproteota	1484.13	0.0	742.065	1802.63	1165.63	0.0	0.0	901.315
los	None	dead	0.0	0.0	0.0	0.0	0.0	0.0	0.0	0.0
dup	133	GCA.002506605.1.Archaea.Thermoproteota	1484.13	0.0	742.065	1802.63	1165.63	0.0	0.0	901.315
hgt	None	dead	0.0	0.0	0.0	0.0	0.0	0.0	0.0	0.0
hgt	794	GCA.001798565.1.Bacteria.Desulfobacterota.B	1350.25	0.0	675.125	1609.55	1090.95	0.0	0.0	804.775
los	None	dead	0.0	0.0	0.0	0.0	0.0	0.0	0.0	0.0
spe	177	176	2975.235	2798.9	2887.0675	3172.02	2778.45	2996.96	2600.84	2886.43
spe	176	175	2798.9	2653.515	2726.2075	2996.96	2600.84	2862.53	2444.5	2720.73
los	175	174	2653.515	2527.615	2590.565	2862.53	2444.5	2745.47	2309.76	2586.145
spe	175	143	2653.515	1902.65	2278.0825	2862.53	2444.5	2361.92	1443.38	2152.955
los	143	GCA.001940655.1.Archaea.Asgardarchaeota	1902.65	0.0	951.325	2361.92	1443.38	0.0	0.0	1180.96
spe	176	140	2798.9	2626.73	2712.815	2996.96	2600.84	2837.91	2415.55	2706.255
spe	140	139	2626.73	2517.75	2572.24	2837.91	2415.55	2733.29	2302.21	2570.06
spe	139	138	2517.75	2383.655	2450.7025	2733.29	2302.21	2607.35	2159.96	2446.625
los	138	137	2383.655	2168.41	2276.0325	2607.35	2159.96	2408.53	1928.29	2267.82
spe	138	124	2383.655	2123.145	2253.4	2607.35	2159.96	2381.0	1865.29	2236.32
los	124	GCA.002495485.1.Archaea.Thermoproteota	2123.145	0.0	1061.5725	2381.0	1865.29	0.0	0.0	1190.5
spe	124	123	2123.145	1998.805	2060.975	2381.0	1865.29	2251.98	1745.63	2063.315
los	123	113	1998.805	1643.05	1820.9275	2251.98	1745.63	2015.58	1270.52	1761.25
spe	123	122	1998.805	1853.335	1926.07	2251.98	1745.63	2102.13	1604.54	1928.26
los	122	121	1853.335	1422.225	1637.78	2102.13	1604.54	1736.27	1108.18	1605.155
spe	122	118	1853.335	1643.115	1748.225	2102.13	1604.54	1910.17	1376.06	1739.095
los	118	GCA.001593855.1.Archaea.Thermoproteota	1643.115	0.0	821.5575	1910.17	1376.06	0.0	0.0	955.085
spe	118	116	1643.115	1108.5585	1375.83675	1910.17	1376.06	1411.12	805.997	1358.0835
hgt	1389	1388	2619.07	2495.045	2557.0575	2879.48	2358.66	2745.25	2244.84	2562.16
los	139	109	2517.75	2214.8	2366.275	2733.29	2302.21	2483.59	1946.01	2339.65
spe	1389	1388	2619.07	2495.045	2557.0575	2879.48	2358.66	2745.25	2244.84	2562.16
spe	1388	1274	2495.045	2255.985	2375.515	2745.25	2244.84	2515.29	1996.68	2370.965
los	1274	1273	2255.985	2085.065	2170.525	2515.29	1996.68	2326.9	1843.23	2179.26
spe	1274	1240	2255.985	1697.815	1976.9	2515.29	1996.68	2230.68	1164.95	1840.12
los	1240	GCA.002376045.1.Bacteria.Firmicutes.A	1697.815	0.0	848.9075	2230.68	1164.95	0.0	0.0	1115.34
spe	1388	1387	2495.045	2426.135	2460.59	2745.25	2244.84	2669.8	2182.47	2463.86
los	1387	1386	2426.135	2312.805	2369.47	2669.8	2182.47	2552.07	2073.54	2371.67
spe	1387	1327	2426.135	2263.0	2344.5675	2669.8	2182.47	2518.47	2007.53	2338.665
los	1327	1289	2263.0	1989.36	2126.18	2518.47	2007.53	2274.49	1704.23	2111.35
spe	1327	1326	2263.0	2039.05	2151.025	2518.47	2007.53	2290.01	1788.09	2153.28
los	1326	1292	2039.05	1516.66	1777.855	2290.01	1788.09	1936.55	1096.77	1693.39
spe	1326	1325	2039.05	1862.485	1950.7675	2290.01	1788.09	2083.02	1641.95	1965.98
spe	1325	1297	1862.485	1576.575	1719.53	2083.02	1641.95	1886.7	1266.45	1674.735
los	1297	GCA.002329495.1.Bacteria.Firmicutes.B	1576.575	0.0	788.2875	1886.7	1266.45	0.0	0.0	943.35
spe	1297	1296	1576.575	1436.52	1506.5475	1886.7	1266.45	1763.25	1109.79	1498.245
los	1296	GCA.001513545.1.Bacteria.Firmicutes.B	1436.52	0.0	718.26	1763.25	1109.79	0.0	0.0	881.625
spe	1325	1324	1862.485	1779.53	1821.0075	2083.02	1641.95	1989.46	1569.6	1826.31
los	1324	1323	1779.53	1708.06	1743.795	1989.46	1569.6	1917.5	1498.62	1744.04
spe	1324	1308	1779.53	1606.55	1693.04	1989.46	1569.6	1832.18	1380.92	1685.19
spe	1308	1300	1606.55	1333.34	1469.945	1832.18	1380.92	1595.67	1071.01	1451.595
los	1300	GCA.002418765.1.Bacteria.Firmicutes.B	1333.34	0.0	666.67	1595.67	1071.01	0.0	0.0	797.835
spe	1308	1307	1606.55	1451.1	1528.825	1832.18	1380.92	1682.57	1219.63	1525.905
los	1307	1305	1451.1	1336.995	1394.0475	1682.57	1219.63	1578.59	1095.4	1388.985
hgt	857	GCA.002010915.1.Bacteria.Desulfobacterota	1680.31	0.0	840.155	2026.99	1333.63	0.0	0.0	1013.495
hgt	1355	GCF.004522215.1.Bacteria.Firmicutes	1426.77	0.0	713.385	1769.44	1084.1	0.0	0.0	884.72
hgt	397	GCF.000526155.1.Bacteria.Desulfobacterota	2713.19	0.0	1356.595	3215.27	2211.11	0.0	0.0	1607.635
hgt	1187	1186	2676.31	2550.565	2613.4375	2970.95	2381.67	2828.93	2272.2	2621.575
los	None	dead	0.0	0.0	0.0	0.0	0.0	0.0	0.0	0.0
spe	1187	1186	2676.31	2550.565	2613.4375	2970.95	2381.67	2828.93	2272.2	2621.575
spe	1186	1185	2550.565	2405.805	2478.185	2828.93	2272.2	2675.17	2136.44	2482.685
los	1185	1184	2405.805	2236.7	2321.2525	2675.17	2136.44	2518.83	1954.57	2314.87
spe	1185	1169	2405.805	2113.35	2259.5775	2675.17	2136.44	2359.96	1866.74	2270.955
spe	1169	1168	2113.35	2012.51	2062.93	2359.96	1866.74	2255.75	1769.27	2064.615
los	1168	1148	2012.51	1487.92	1750.215	2255.75	1769.27	1860.52	1115.32	1685.535
spe	1168	1167	2012.51	1838.915	1925.7125	2255.75	1769.27	2077.7	1600.13	1927.94
hgt	None	dead	0.0	0.0	0.0	0.0	0.0	0.0	0.0	0.0
hgt	1158	GCF.001942305.1.Bacteria.Actinobacteriota	987.523	0.0	493.7615	1239.6	735.446	0.0	0.0	619.8
los	None	dead	0.0	0.0	0.0	0.0	0.0	0.0	0.0	0.0
dup	1167	1166	1838.915	1480.79	1659.8525	2077.7	1600.13	1697.07	1264.51	1671.105
spe	1167	1166	1838.915	1480.79	1659.8525	2077.7	1600.13	1697.07	1264.51	1671.105
spe	1166	1165	1480.79	1370.47	1425.63	1697.07	1264.51	1577.59	1163.35	1430.21
spe	1165	1164	1370.47	1261.825	1316.1475	1577.59	1163.35	1459.67	1063.98	1320.785
los	1164	1160	1261.825	1110.64	1186.2325	1459.67	1063.98	1339.31	881.97	1170.82
spe	1164	1163	1261.825	1087.464	1174.6445	1459.67	1063.98	1323.49	851.438	1155.554
los	1163	GCA.001437855.1.Bacteria.Actinobacteriota	1087.464	0.0	543.732	1323.49	851.438	0.0	0.0	661.745
spe	1165	1155	1370.47	1276.115	1323.2925	1577.59	1163.35	1486.51	1065.72	1321.655
los	1155	1154	1276.115	976.5785	1126.34675	1486.51	1065.72	1290.8	662.357	1074.4335
spe	1167	1166	1838.915	1480.79	1659.8525	2077.7	1600.13	1697.07	1264.51	1671.105
los	1166	GCF.004348535.1.Bacteria.Actinobacteriota	1480.79	0.0	740.395	1697.07	1264.51	0.0	0.0	848.535
spe	1166	1165	1480.79	1370.47	1425.63	1697.07	1264.51	1577.59	1163.35	1430.21
spe	1165	1155	1370.47	1276.115	1323.2925	1577.59	1163.35	1486.51	1065.72	1321.655
los	1155	GCF.003443735.1.Bacteria.Actinobacteriota	1276.115	0.0	638.0575	1486.51	1065.72	0.0	0.0	743.255
spe	1155	1154	1276.115	976.5785	1126.34675	1486.51	1065.72	1290.8	662.357	1074.4335
los	1154	GCF.001591405.1.Bacteria.Actinobacteria	976.5785	0.0	488.28925	1290.8	662.357	0.0	0.0	645.4
spe	1165	1164	1370.47	1261.825	1316.1475	1577.59	1163.35	1459.67	1063.98	1320.785
los	1164	1163	1261.825	1087.464	1174.6445	1459.67	1063.98	1323.49	851.438	1155.554
spe	1164	1160	1261.825	1110.64	1186.2325	1459.67	1063.98	1339.31	881.97	1170.82
spe	1160	1158	1110.64	987.523	1049.0815	1339.31	881.97	1239.6	735.446	1037.378
los	1158	GCF.001942305.1.Bacteria.Actinobacteriota	987.523	0.0	493.7615	1239.6	735.446	0.0	0.0	619.8
hgt	1154	GCF.001591405.1.Bacteria.Actinobacteria	976.5785	0.0	488.28925	1290.8	662.357	0.0	0.0	645.4
spe	1169	1145	2113.35	1788.28	1950.815	2359.96	1866.74	2061.89	1514.67	1937.315
spe	1145	1143	1788.28	1606.47	1697.375	2061.89	1514.67	1865.47	1347.47	1704.68
spe	1143	1141	1606.47	1323.465	1464.9675	1865.47	1347.47	1574.65	1072.28	1468.875
spe	1141	1140	1323.465	1082.515	1202.99	1574.65	1072.28	1376.91	788.12	1181.385
los	1140	GCA.003162395.1.Bacteria.Actinobacteriota	1082.515	0.0	541.2575	1376.91	788.12	0.0	0.0	688.455
spe	1186	1136	2550.565	1777.3	2163.9325	2828.93	2272.2	2350.53	1204.07	2016.5
hgt	1173	GCA.001768675.1.Bacteria.Actinobacteriota	1376.77	0.0	688.385	1664.76	1088.78	0.0	0.0	832.38
los	1136	GCA.001768645.1.Bacteria.Actinobacteriota	1777.3	0.0	888.65	2350.53	1204.07	0.0	0.0	1175.265
dup	1173	GCA.001768675.1.Bacteria.Actinobacteriota	1376.77	0.0	688.385	1664.76	1088.78	0.0	0.0	832.38
dup	1173	GCA.001768675.1.Bacteria.Actinobacteriota	1376.77	0.0	688.385	1664.76	1088.78	0.0	0.0	832.38
hgt	857	GCA.002010915.1.Bacteria.Desulfobacterota	1680.31	0.0	840.155	2026.99	1333.63	0.0	0.0	1013.495
hgt	123	122	1998.805	1853.335	1926.07	2251.98	1745.63	2102.13	1604.54	1928.26
los	None	dead	0.0	0.0	0.0	0.0	0.0	0.0	0.0	0.0
spe	123	122	1998.805	1853.335	1926.07	2251.98	1745.63	2102.13	1604.54	1928.26
spe	122	118	1853.335	1643.115	1748.225	2102.13	1604.54	1910.17	1376.06	1739.095
los	118	116	1643.115	1108.5585	1375.83675	1910.17	1376.06	1411.12	805.997	1358.0835
spe	122	121	1853.335	1422.225	1637.78	2102.13	1604.54	1736.27	1108.18	1605.155
hgt	113	GCA.001593865.1.Archaea.Thermoproteota	1643.05	0.0	821.525	2015.58	1270.52	0.0	0.0	1007.79
spe	178	177	3153.655	2975.235	3064.445	3350.0	2957.31	3172.02	2778.45	3064.225
spe	177	95	2975.235	2751.94	2863.5875	3172.02	2778.45	2968.59	2535.29	2853.655
los	95	94	2751.94	2705.465	2728.7025	2968.59	2535.29	2926.2	2484.73	2726.66
spe	95	39	2751.94	2176.73	2464.335	2968.59	2535.29	2662.29	1691.17	2329.88
los	39	38	2176.73	1770.925	1973.8275	2662.29	1691.17	2300.92	1240.93	1951.61
spe	39	35	2176.73	1886.455	2031.5925	2662.29	1691.17	2412.29	1360.62	2011.455
los	35	GCF.002201895.1.Archaea.Euryarchaeota	1886.455	0.0	943.2275	2412.29	1360.62	0.0	0.0	1206.145
hgt	None	dead	0.0	0.0	0.0	0.0	0.0	0.0	0.0	0.0
hgt	84	GCF.000970205.1.Archaea.Halobacteriota	1169.197	0.0	584.5985	1403.93	934.464	0.0	0.0	701.965
los	None	dead	0.0	0.0	0.0	0.0	0.0	0.0	0.0	0.0
dup	177	176	2975.235	2798.9	2887.0675	3172.02	2778.45	2996.96	2600.84	2886.43
spe	177	176	2975.235	2798.9	2887.0675	3172.02	2778.45	2996.96	2600.84	2886.43
hgt	None	dead	0.0	0.0	0.0	0.0	0.0	0.0	0.0	0.0
spe	176	175	2798.9	2653.515	2726.2075	2996.96	2600.84	2862.53	2444.5	2720.73
spe	175	174	2653.515	2527.615	2590.565	2862.53	2444.5	2745.47	2309.76	2586.145
los	174	GCA.001940665.1.Archaea.Asgardarchaeota	2527.615	0.0	1263.8075	2745.47	2309.76	0.0	0.0	1372.735
spe	174	173	2527.615	2445.14	2486.3775	2745.47	2309.76	2664.86	2225.42	2485.445
los	173	172	2445.14	1813.355	2129.2475	2664.86	2225.42	2011.08	1615.63	2140.245
spe	173	151	2445.14	2127.23	2286.185	2664.86	2225.42	2411.78	1842.68	2253.77
los	151	150	2127.23	1481.835	1804.5325	2411.78	1842.68	1840.51	1123.16	1767.47
spe	151	147	2127.23	1579.1	1853.165	2411.78	1842.68	1962.45	1195.75	1803.765
los	147	GCA.001940725.1.Archaea.Asgardarchaeota	1579.1	0.0	789.55	1962.45	1195.75	0.0	0.0	981.225
spe	175	143	2653.515	1902.65	2278.0825	2862.53	2444.5	2361.92	1443.38	2152.955
los	143	GCA.001940655.1.Archaea.Asgardarchaeota	1902.65	0.0	951.325	2361.92	1443.38	0.0	0.0	1180.96
hgt	130	128	1643.645	925.9285	1284.78675	1910.35	1376.94	1257.47	594.387	1252.3685
los	None	dead	0.0	0.0	0.0	0.0	0.0	0.0	0.0	0.0
spe	130	128	1643.645	925.9285	1284.78675	1910.35	1376.94	1257.47	594.387	1252.3685
hgt	1068	GCA.002877955.1.Bacteria.Caldisericota	1488.73	0.0	744.365	1829.99	1147.47	0.0	0.0	914.995
hgt	38	GCA.001515205.2.Archaea.Hadarchaeota	1770.925	0.0	885.4625	2300.92	1240.93	0.0	0.0	1150.46
hgt	753	GCA.001803565.1.Bacteria.Nitrospinota.B	1778.33	0.0	889.165	2125.97	1430.69	0.0	0.0	1062.985
hgt	74	GCF.000194625.1.Archaea.Halobacteriota	1616.7	0.0	808.35	1969.17	1264.23	0.0	0.0	984.585
hgt	107	GCA.003019535.1.Archaea.Thermoproteota	1515.18	0.0	757.59	1853.29	1177.07	0.0	0.0	926.645
spe	176	140	2798.9	2626.73	2712.815	2996.96	2600.84	2837.91	2415.55	2706.255
hgt	669	GCA.002335385.1.Bacteria.Acidobacteriota	1665.14	0.0	832.57	2042.02	1288.26	0.0	0.0	1021.01
spe	140	139	2626.73	2517.75	2572.24	2837.91	2415.55	2733.29	2302.21	2570.06
hgt	None	dead	0.0	0.0	0.0	0.0	0.0	0.0	0.0	0.0
los	139	138	2517.75	2383.655	2450.7025	2733.29	2302.21	2607.35	2159.96	2446.625
hgt	1058	GCA.001443005.1.Bacteria.Synergistota	1931.1	0.0	965.55	2676.3	1185.9	0.0	0.0	1338.15
los	None	dead	0.0	0.0	0.0	0.0	0.0	0.0	0.0	0.0
spe	139	109	2517.75	2214.8	2366.275	2733.29	2302.21	2483.59	1946.01	2339.65
los	109	103	2214.8	1798.43	2006.615	2483.59	1946.01	2110.45	1486.41	1985.0
spe	109	108	2214.8	1863.195	2038.9975	2483.59	1946.01	2170.45	1555.94	2019.765
los	108	107	1863.195	1515.18	1689.1875	2170.45	1555.94	1853.29	1177.07	1673.76
dup	108	GCF.000148385.1.Archaea.Thermoproteota	1863.195	0.0	931.5975	2170.45	1555.94	0.0	0.0	1085.225
dup	108	GCF.000148385.1.Archaea.Thermoproteota	1863.195	0.0	931.5975	2170.45	1555.94	0.0	0.0	1085.225
spe	177	176	2975.235	2798.9	2887.0675	3172.02	2778.45	2996.96	2600.84	2886.43
spe	176	175	2798.9	2653.515	2726.2075	2996.96	2600.84	2862.53	2444.5	2720.73
los	175	143	2653.515	1902.65	2278.0825	2862.53	2444.5	2361.92	1443.38	2152.955
spe	175	174	2653.515	2527.615	2590.565	2862.53	2444.5	2745.47	2309.76	2586.145
los	174	173	2527.615	2445.14	2486.3775	2745.47	2309.76	2664.86	2225.42	2485.445
spe	176	140	2798.9	2626.73	2712.815	2996.96	2600.84	2837.91	2415.55	2706.255
los	140	GCF.000019605.1.Archaea.Thermoproteota	2626.73	0.0	1313.365	2837.91	2415.55	0.0	0.0	1418.955
spe	140	139	2626.73	2517.75	2572.24	2837.91	2415.55	2733.29	2302.21	2570.06
los	139	109	2517.75	2214.8	2366.275	2733.29	2302.21	2483.59	1946.01	2339.65
spe	139	138	2517.75	2383.655	2450.7025	2733.29	2302.21	2607.35	2159.96	2446.625
spe	138	124	2383.655	2123.145	2253.4	2607.35	2159.96	2381.0	1865.29	2236.32
los	124	GCA.002495485.1.Archaea.Thermoproteota	2123.145	0.0	1061.5725	2381.0	1865.29	0.0	0.0	1190.5
spe	124	123	2123.145	1998.805	2060.975	2381.0	1865.29	2251.98	1745.63	2063.315
los	123	122	1998.805	1853.335	1926.07	2251.98	1745.63	2102.13	1604.54	1928.26
spe	123	113	1998.805	1643.05	1820.9275	2251.98	1745.63	2015.58	1270.52	1761.25
los	113	GCA.001593865.1.Archaea.Thermoproteota	1643.05	0.0	821.525	2015.58	1270.52	0.0	0.0	1007.79
spe	138	137	2383.655	2168.41	2276.0325	2607.35	2159.96	2408.53	1928.29	2267.82
spe	137	136	2168.41	2026.55	2097.48	2408.53	1928.29	2277.08	1776.02	2092.275
los	136	GCA.000375685.1.Archaea.Thermoproteota	2026.55	0.0	1013.275	2277.08	1776.02	0.0	0.0	1138.54
spe	136	134	2026.55	1807.525	1917.0375	2277.08	1776.02	2062.72	1552.33	1914.705
los	134	130	1807.525	1643.645	1725.585	2062.72	1552.33	1910.35	1376.94	1719.83
spe	134	133	1807.525	1484.13	1645.8275	2062.72	1552.33	1802.63	1165.63	1614.175
los	133	GCA.002506605.1.Archaea.Thermoproteota	1484.13	0.0	742.065	1802.63	1165.63	0.0	0.0	901.315
hgt	861	GCA.001304105.1.Bacteria.Desulfobacterota	1399.46	0.0	699.73	1712.04	1086.88	0.0	0.0	856.02
hgt	199	GCA.003527405.1.Bacteria.Atribacterota	2238.68	0.0	1119.34	2831.12	1646.24	0.0	0.0	1415.56
los	137	GCA.002255045.1.Archaea.Thermoproteota	2168.41	0.0	1084.205	2408.53	1928.29	0.0	0.0	1204.265
dup	199	GCA.003527405.1.Bacteria.Atribacterota	2238.68	0.0	1119.34	2831.12	1646.24	0.0	0.0	1415.56
hgt	None	dead	0.0	0.0	0.0	0.0	0.0	0.0	0.0	0.0
hgt	150	GCA.003144275.1.Archaea.Asgardarchaeota	1481.835	0.0	740.9175	1840.51	1123.16	0.0	0.0	920.255
los	None	dead	0.0	0.0	0.0	0.0	0.0	0.0	0.0	0.0
dup	1392	1391	3133.075	2803.98	2968.5275	3469.76	2796.39	3089.33	2518.63	2994.195
hgt	None	dead	0.0	0.0	0.0	0.0	0.0	0.0	0.0	0.0
hgt	None	dead	0.0	0.0	0.0	0.0	0.0	0.0	0.0	0.0
hgt	1068	GCA.002877955.1.Bacteria.Caldisericota	1488.73	0.0	744.365	1829.99	1147.47	0.0	0.0	914.995
los	None	dead	0.0	0.0	0.0	0.0	0.0	0.0	0.0	0.0
spe	1392	1391	3133.075	2803.98	2968.5275	3469.76	2796.39	3089.33	2518.63	2994.195
spe	1391	1211	2803.98	2064.13	2434.055	3089.33	2518.63	2431.02	1697.24	2393.285
los	1211	1199	2064.13	1800.4	1932.265	2431.02	1697.24	2108.72	1492.08	1961.55
spe	1211	1210	2064.13	1896.845	1980.4875	2431.02	1697.24	2224.85	1568.84	1999.93
los	1210	1204	1896.845	1695.79	1796.3175	2224.85	1568.84	2024.41	1367.17	1796.01
spe	1210	1209	1896.845	1584.4	1740.6225	2224.85	1568.84	1929.85	1238.95	1731.9
los	1209	1208	1584.4	1446.125	1515.2625	1929.85	1238.95	1790.14	1102.11	1515.98
spe	1391	1390	2803.98	2692.555	2748.2675	3089.33	2518.63	2961.03	2424.08	2756.705
los	1390	1218	2692.555	2397.09	2544.8225	2961.03	2424.08	2801.39	1992.79	2476.91
dup	1390	1389	2692.555	2619.07	2655.8125	2961.03	2424.08	2879.48	2358.66	2659.845
spe	1390	1389	2692.555	2619.07	2655.8125	2961.03	2424.08	2879.48	2358.66	2659.845
dup	1389	1237	2619.07	2011.28	2315.175	2879.48	2358.66	2328.85	1693.71	2286.595
hgt	None	dead	0.0	0.0	0.0	0.0	0.0	0.0	0.0	0.0
dup	None	dead	0.0	0.0	0.0	0.0	0.0	0.0	0.0	0.0
hgt	1307	GCA.000987045.1.Bacteria.Firmicutes.B	1451.1	0.0	725.55	1682.57	1219.63	0.0	0.0	841.285
los	None	dead	0.0	0.0	0.0	0.0	0.0	0.0	0.0	0.0
hgt	1454	1446	1996.555	1803.385	1899.97	2245.89	1747.22	2040.01	1566.76	1906.325
los	None	dead	0.0	0.0	0.0	0.0	0.0	0.0	0.0	0.0
spe	1454	1446	1996.555	1803.385	1899.97	2245.89	1747.22	2040.01	1566.76	1906.325
spe	1446	1440	1803.385	1679.715	1741.55	2040.01	1566.76	1908.42	1451.01	1745.51
los	1440	GCF.001306175.1.Bacteria.Chloroflexota	1679.715	0.0	839.8575	1908.42	1451.01	0.0	0.0	954.21
spe	1440	1439	1679.715	1492.005	1585.86	1908.42	1451.01	1713.37	1270.64	1589.53
los	1439	1438	1492.005	1317.205	1404.605	1713.37	1270.64	1528.24	1106.17	1409.77
spe	1446	1445	1803.385	1577.91	1690.6475	2040.01	1566.76	1848.3	1307.52	1673.765
spe	1445	1444	1577.91	1386.06	1481.985	1848.3	1307.52	1673.58	1098.54	1473.42
los	1444	GCA.003451595.1.Bacteria.Chloroflexota	1386.06	0.0	693.03	1673.58	1098.54	0.0	0.0	836.79
hgt	1452	GCA.002348045.1.Bacteria.Chloroflexota	1430.125	0.0	715.0625	1777.81	1082.44	0.0	0.0	888.905
dup	1452	GCA.002348045.1.Bacteria.Chloroflexota	1430.125	0.0	715.0625	1777.81	1082.44	0.0	0.0	888.905
spe	1389	1237	2619.07	2011.28	2315.175	2879.48	2358.66	2328.85	1693.71	2286.595
hgt	887	863	2137.8	1855.945	1996.8725	2389.64	1885.96	2157.72	1554.17	1971.905
spe	1237	1221	2011.28	1546.995	1779.1375	2328.85	1693.71	1982.53	1111.46	1720.155
hgt	1322	GCA.000961765.1.Bacteria.Firmicutes.B	1384.555	0.0	692.2775	1682.41	1086.7	0.0	0.0	841.205
dup	1322	GCA.000961765.1.Bacteria.Firmicutes.B	1384.555	0.0	692.2775	1682.41	1086.7	0.0	0.0	841.205
hgt	None	dead	0.0	0.0	0.0	0.0	0.0	0.0	0.0	0.0
hgt	883	GCA.000961655.1.Bacteria.Desulfobacterota	1311.85	0.0	655.925	1564.19	1059.51	0.0	0.0	782.095
los	None	dead	0.0	0.0	0.0	0.0	0.0	0.0	0.0	0.0
hgt	None	dead	0.0	0.0	0.0	0.0	0.0	0.0	0.0	0.0
spe	887	863	2137.8	1855.945	1996.8725	2389.64	1885.96	2157.72	1554.17	1971.905
spe	863	857	1855.945	1680.31	1768.1275	2157.72	1554.17	2026.99	1333.63	1745.675
los	857	GCA.001830835.1.Bacteria.Desulfobacterota	1680.31	0.0	840.155	2026.99	1333.63	0.0	0.0	1013.495
spe	863	862	1855.945	1513.555	1684.75	2157.72	1554.17	1819.77	1207.34	1682.53
los	862	GCA.002782605.1.Bacteria.Desulfobacterota	1513.555	0.0	756.7775	1819.77	1207.34	0.0	0.0	909.885
spe	862	861	1513.555	1399.46	1456.5075	1819.77	1207.34	1712.04	1086.88	1453.325
dup	None	dead	0.0	0.0	0.0	0.0	0.0	0.0	0.0	0.0
hgt	849	GCF.000266945.1.Bacteria.Desulfobacterota	1605.6	0.0	802.8	2007.54	1203.66	0.0	0.0	1003.77
los	None	dead	0.0	0.0	0.0	0.0	0.0	0.0	0.0	0.0
dup	None	dead	0.0	0.0	0.0	0.0	0.0	0.0	0.0	0.0
hgt	1183	GCA.002347365.1.Bacteria.Actinobacteriota	1581.31	0.0	790.655	2035.82	1126.8	0.0	0.0	1017.91
los	None	dead	0.0	0.0	0.0	0.0	0.0	0.0	0.0	0.0
dup	None	dead	0.0	0.0	0.0	0.0	0.0	0.0	0.0	0.0
hgt	581	GCA.002868855.1.Bacteria.Proteobacteria	1344.875	0.0	672.4375	1554.57	1135.18	0.0	0.0	777.285
los	None	dead	0.0	0.0	0.0	0.0	0.0	0.0	0.0	0.0
dup	None	dead	0.0	0.0	0.0	0.0	0.0	0.0	0.0	0.0
hgt	595	GCA.002389045.1.Bacteria.Proteobacteria	1266.66	0.0	633.33	1469.01	1064.31	0.0	0.0	734.505
los	None	dead	0.0	0.0	0.0	0.0	0.0	0.0	0.0	0.0
dup	None	dead	0.0	0.0	0.0	0.0	0.0	0.0	0.0	0.0
hgt	444	GCA.002686135.1.Bacteria.Proteobacteria	1137.223	0.0	568.6115	1395.86	878.586	0.0	0.0	697.93
los	None	dead	0.0	0.0	0.0	0.0	0.0	0.0	0.0	0.0
dup	None	dead	0.0	0.0	0.0	0.0	0.0	0.0	0.0	0.0
hgt	560	GCA.001735895.1.Bacteria.Proteobacteria	1588.765	0.0	794.3825	1792.9	1384.63	0.0	0.0	896.45
los	None	dead	0.0	0.0	0.0	0.0	0.0	0.0	0.0	0.0
hgt	436	GCA.002722885.1.Bacteria.Proteobacteria	1751.05	0.0	875.525	1998.82	1503.28	0.0	0.0	999.41
los	None	dead	0.0	0.0	0.0	0.0	0.0	0.0	0.0	0.0
spe	1237	1236	2011.28	1872.885	1942.0825	2328.85	1693.71	2166.17	1579.6	1954.225
los	1236	1228	1872.885	1712.115	1792.5	2166.17	1579.6	2011.29	1412.94	1789.555
spe	1236	1235	1872.885	1667.965	1770.425	2166.17	1579.6	1952.79	1383.14	1774.655
spe	1235	1234	1667.965	1465.43	1566.6975	1952.79	1383.14	1741.67	1189.19	1570.99
spe	1234	1233	1465.43	1196.4	1330.915	1741.67	1189.19	1500.76	892.04	1316.855
los	1233	GCA.003449495.1.Bacteria.Firmicutes.E	1196.4	0.0	598.2	1500.76	892.04	0.0	0.0	750.38
hgt	1087	GCA.003535305.1.Bacteria.Bipolaricaulota	1366.82	0.0	683.41	1685.2	1048.44	0.0	0.0	842.6
los	1234	GCA.003599345.1.Bacteria.Firmicutes.E	1465.43	0.0	732.715	1741.67	1189.19	0.0	0.0	870.835
hgt	1285	1281	1338.6	1109.4215	1224.01075	1586.21	1090.99	1419.04	799.803	1193.0065
hgt	397	GCF.000526155.1.Bacteria.Desulfobacterota	2713.19	0.0	1356.595	3215.27	2211.11	0.0	0.0	1607.635
hgt	877	GCF.000620765.1.Bacteria.Desulfobacterota.I	1616.13	0.0	808.065	1882.89	1349.37	0.0	0.0	941.445
hgt	1312	GCF.002607855.1.Bacteria.Firmicutes.B	1284.875	0.0	642.4375	1547.99	1021.76	0.0	0.0	773.995
hgt	1216	GCF.000020005.1.Bacteria.Firmicutes.D	1902.285	0.0	951.1425	2352.8	1451.77	0.0	0.0	1176.4
hgt	143	GCA.001563325.1.Archaea.Asgardarchaeota	1902.65	0.0	951.325	2361.92	1443.38	0.0	0.0	1180.96
spe	1285	1281	1338.6	1109.4215	1224.01075	1586.21	1090.99	1419.04	799.803	1193.0065
spe	1281	1280	1109.4215	950.2895	1029.8555	1419.04	799.803	1302.52	598.059	1008.5495
los	1280	GCF.900104455.1.Bacteria.Firmicutes.C	950.2895	0.0	475.14475	1302.52	598.059	0.0	0.0	651.26
hgt	1439	GCF.900187885.1.Bacteria.Chloroflexota	1492.005	0.0	746.0025	1713.37	1270.64	0.0	0.0	856.685
spe	1389	1237	2619.07	2011.28	2315.175	2879.48	2358.66	2328.85	1693.71	2286.595
hgt	797	796	1832.825	1652.795	1742.81	2092.41	1573.24	1900.16	1405.43	1748.92
los	1237	1221	2011.28	1546.995	1779.1375	2328.85	1693.71	1982.53	1111.46	1720.155
dup	797	796	1832.825	1652.795	1742.81	2092.41	1573.24	1900.16	1405.43	1748.92
spe	797	796	1832.825	1652.795	1742.81	2092.41	1573.24	1900.16	1405.43	1748.92
los	796	795	1652.795	1481.005	1566.9	1900.16	1405.43	1717.52	1244.49	1572.325
spe	797	796	1832.825	1652.795	1742.81	2092.41	1573.24	1900.16	1405.43	1748.92
spe	796	795	1652.795	1481.005	1566.9	1900.16	1405.43	1717.52	1244.49	1572.325
los	795	794	1481.005	1350.25	1415.6275	1717.52	1244.49	1609.55	1090.95	1404.235
spe	795	791	1481.005	1228.3465	1354.67575	1717.52	1244.49	1482.5	974.193	1345.8565
los	791	GCA.002050235.1.Bacteria.Desulfobacterota.B	1228.3465	0.0	614.17325	1482.5	974.193	0.0	0.0	741.25
spe	1237	1236	2011.28	1872.885	1942.0825	2328.85	1693.71	2166.17	1579.6	1954.225
spe	1236	1235	1872.885	1667.965	1770.425	2166.17	1579.6	1952.79	1383.14	1774.655
los	1235	1234	1667.965	1465.43	1566.6975	1952.79	1383.14	1741.67	1189.19	1570.99
hgt	None	dead	0.0	0.0	0.0	0.0	0.0	0.0	0.0	0.0
hgt	1437	GCF.900066015.1.Bacteria.Chloroflexota	1158.264	0.0	579.132	1381.67	934.858	0.0	0.0	690.835
los	None	dead	0.0	0.0	0.0	0.0	0.0	0.0	0.0	0.0
hgt	1116	GCA.002898575.1.Bacteria.Armatimonadota	1799.18	0.0	899.59	2205.43	1392.93	0.0	0.0	1102.715
los	1236	1228	1872.885	1712.115	1792.5	2166.17	1579.6	2011.29	1412.94	1789.555
hgt	None	dead	0.0	0.0	0.0	0.0	0.0	0.0	0.0	0.0
hgt	1307	GCA.000987045.1.Bacteria.Firmicutes.B	1451.1	0.0	725.55	1682.57	1219.63	0.0	0.0	841.285
los	None	dead	0.0	0.0	0.0	0.0	0.0	0.0	0.0	0.0
spe	1389	1388	2619.07	2495.045	2557.0575	2879.48	2358.66	2745.25	2244.84	2562.16
spe	1388	1274	2495.045	2255.985	2375.515	2745.25	2244.84	2515.29	1996.68	2370.965
los	1274	1273	2255.985	2085.065	2170.525	2515.29	1996.68	2326.9	1843.23	2179.26
spe	1274	1240	2255.985	1697.815	1976.9	2515.29	1996.68	2230.68	1164.95	1840.12
hgt	1333	GCF.900111575.1.Bacteria.Firmicutes.D	1678.19	0.0	839.095	2199.0	1157.38	0.0	0.0	1099.5
hgt	1300	GCA.002418765.1.Bacteria.Firmicutes.B	1333.34	0.0	666.67	1595.67	1071.01	0.0	0.0	797.835
hgt	1233	GCA.003449495.1.Bacteria.Firmicutes.E	1196.4	0.0	598.2	1500.76	892.04	0.0	0.0	750.38
spe	1388	1387	2495.045	2426.135	2460.59	2745.25	2244.84	2669.8	2182.47	2463.86
hgt	None	dead	0.0	0.0	0.0	0.0	0.0	0.0	0.0	0.0
los	1387	1386	2426.135	2312.805	2369.47	2669.8	2182.47	2552.07	2073.54	2371.67
hgt	1307	GCA.000987045.1.Bacteria.Firmicutes.B	1451.1	0.0	725.55	1682.57	1219.63	0.0	0.0	841.285
los	None	dead	0.0	0.0	0.0	0.0	0.0	0.0	0.0	0.0
spe	1387	1327	2426.135	2263.0	2344.5675	2669.8	2182.47	2518.47	2007.53	2338.665
los	1327	1289	2263.0	1989.36	2126.18	2518.47	2007.53	2274.49	1704.23	2111.35
spe	1327	1326	2263.0	2039.05	2151.025	2518.47	2007.53	2290.01	1788.09	2153.28
spe	1326	1292	2039.05	1516.66	1777.855	2290.01	1788.09	1936.55	1096.77	1693.39
los	1292	GCF.000024605.1.Bacteria.Firmicutes.B	1516.66	0.0	758.33	1936.55	1096.77	0.0	0.0	968.275
spe	1326	1325	2039.05	1862.485	1950.7675	2290.01	1788.09	2083.02	1641.95	1965.98
los	1325	1297	1862.485	1576.575	1719.53	2083.02	1641.95	1886.7	1266.45	1674.735
spe	1325	1324	1862.485	1779.53	1821.0075	2083.02	1641.95	1989.46	1569.6	1826.31
spe	1324	1308	1779.53	1606.55	1693.04	1989.46	1569.6	1832.18	1380.92	1685.19
spe	1308	1300	1606.55	1333.34	1469.945	1832.18	1380.92	1595.67	1071.01	1451.595
los	1300	GCA.002418765.1.Bacteria.Firmicutes.B	1333.34	0.0	666.67	1595.67	1071.01	0.0	0.0	797.835
hgt	376	GCA.002418835.1.Bacteria.Spirochaetota	1994.345	0.0	997.1725	2379.5	1609.19	0.0	0.0	1189.75
los	1308	1307	1606.55	1451.1	1528.825	1832.18	1380.92	1682.57	1219.63	1525.905
spe	1324	1323	1779.53	1708.06	1743.795	1989.46	1569.6	1917.5	1498.62	1744.04
los	1323	1322	1708.06	1384.555	1546.3075	1917.5	1498.62	1682.41	1086.7	1502.1
spe	1323	1319	1708.06	1607.725	1657.8925	1917.5	1498.62	1817.85	1397.6	1657.55
spe	1319	1318	1607.725	1519.645	1563.685	1817.85	1397.6	1736.35	1302.94	1560.395
hgt	1350	GCF.001742305.1.Bacteria.Firmicutes	1481.1	0.0	740.55	1809.84	1152.36	0.0	0.0	904.92
los	1318	1317	1519.645	1148.381	1334.013	1736.35	1302.94	1413.4	883.362	1309.856
spe	1318	1312	1519.645	1284.875	1402.26	1736.35	1302.94	1547.99	1021.76	1379.055
hgt	1305	GCF.002207765.1.Bacteria.Firmicutes.B	1336.995	0.0	668.4975	1578.59	1095.4	0.0	0.0	789.295
hgt	837	GCA.001768075.1.Bacteria.Myxococcota	1472.175	0.0	736.0875	1791.61	1152.74	0.0	0.0	895.805
los	1312	GCF.002607855.1.Bacteria.Firmicutes.B	1284.875	0.0	642.4375	1547.99	1021.76	0.0	0.0	773.995
spe	1390	1389	2692.555	2619.07	2655.8125	2961.03	2424.08	2879.48	2358.66	2659.845
spe	1389	1388	2619.07	2495.045	2557.0575	2879.48	2358.66	2745.25	2244.84	2562.16
los	1388	1274	2495.045	2255.985	2375.515	2745.25	2244.84	2515.29	1996.68	2370.965
spe	1388	1387	2495.045	2426.135	2460.59	2745.25	2244.84	2669.8	2182.47	2463.86
los	1387	1386	2426.135	2312.805	2369.47	2669.8	2182.47	2552.07	2073.54	2371.67
spe	1387	1327	2426.135	2263.0	2344.5675	2669.8	2182.47	2518.47	2007.53	2338.665
los	1327	1289	2263.0	1989.36	2126.18	2518.47	2007.53	2274.49	1704.23	2111.35
spe	1327	1326	2263.0	2039.05	2151.025	2518.47	2007.53	2290.01	1788.09	2153.28
spe	1326	1292	2039.05	1516.66	1777.855	2290.01	1788.09	1936.55	1096.77	1693.39
los	1292	GCF.001950325.1.Bacteria.Firmicutes.B	1516.66	0.0	758.33	1936.55	1096.77	0.0	0.0	968.275
spe	1326	1325	2039.05	1862.485	1950.7675	2290.01	1788.09	2083.02	1641.95	1965.98
hgt	None	dead	0.0	0.0	0.0	0.0	0.0	0.0	0.0	0.0
los	1325	1324	1862.485	1779.53	1821.0075	2083.02	1641.95	1989.46	1569.6	1826.31
hgt	871	GCA.002899795.1.Bacteria.Desulfobacterota	1358.76	0.0	679.38	1643.54	1073.98	0.0	0.0	821.77
los	None	dead	0.0	0.0	0.0	0.0	0.0	0.0	0.0	0.0
spe	1325	1297	1862.485	1576.575	1719.53	2083.02	1641.95	1886.7	1266.45	1674.735
hgt	128	GCA.002011085.1.Archaea.Thermoproteota	925.9285	0.0	462.96425	1257.47	594.387	0.0	0.0	628.735
los	1297	GCA.002329495.1.Bacteria.Firmicutes.B	1576.575	0.0	788.2875	1886.7	1266.45	0.0	0.0	943.35
spe	1297	1296	1576.575	1436.52	1506.5475	1886.7	1266.45	1763.25	1109.79	1498.245
hgt	1209	GCA.002452295.1.Bacteria.Firmicutes.G	1584.4	0.0	792.2	1929.85	1238.95	0.0	0.0	964.925
los	1296	GCA.001513545.1.Bacteria.Firmicutes.B	1436.52	0.0	718.26	1763.25	1109.79	0.0	0.0	881.625
spe	1389	1237	2619.07	2011.28	2315.175	2879.48	2358.66	2328.85	1693.71	2286.595
spe	1237	1221	2011.28	1546.995	1779.1375	2328.85	1693.71	1982.53	1111.46	1720.155
los	1221	GCA.002375895.1.Bacteria.Firmicutes.E	1546.995	0.0	773.4975	1982.53	1111.46	0.0	0.0	991.265
spe	1237	1236	2011.28	1872.885	1942.0825	2328.85	1693.71	2166.17	1579.6	1954.225
spe	1236	1235	1872.885	1667.965	1770.425	2166.17	1579.6	1952.79	1383.14	1774.655
los	1235	GCA.002376005.1.Bacteria.Firmicutes.E	1667.965	0.0	833.9825	1952.79	1383.14	0.0	0.0	976.395
spe	1235	1234	1667.965	1465.43	1566.6975	1952.79	1383.14	1741.67	1189.19	1570.99
los	1234	GCA.003599345.1.Bacteria.Firmicutes.E	1465.43	0.0	732.715	1741.67	1189.19	0.0	0.0	870.835
spe	1234	1233	1465.43	1196.4	1330.915	1741.67	1189.19	1500.76	892.04	1316.855
los	1233	GCA.002291985.1.Bacteria.Firmicutes.E	1196.4	0.0	598.2	1500.76	892.04	0.0	0.0	750.38
hgt	None	dead	0.0	0.0	0.0	0.0	0.0	0.0	0.0	0.0
hgt	873	GCA.002011835.1.Bacteria.Desulfobacterota	1600.675	0.0	800.3375	1876.83	1324.52	0.0	0.0	938.415
los	None	dead	0.0	0.0	0.0	0.0	0.0	0.0	0.0	0.0
hgt	436	GCA.002722885.1.Bacteria.Proteobacteria	1751.05	0.0	875.525	1998.82	1503.28	0.0	0.0	999.41
los	1236	1228	1872.885	1712.115	1792.5	2166.17	1579.6	2011.29	1412.94	1789.555
dup	None	dead	0.0	0.0	0.0	0.0	0.0	0.0	0.0	0.0
hgt	780	GCA.001769805.1.Bacteria.Bdellovibrionota	1693.33	0.0	846.665	1987.08	1399.58	0.0	0.0	993.54
los	None	dead	0.0	0.0	0.0	0.0	0.0	0.0	0.0	0.0
hgt	861	GCA.001304105.1.Bacteria.Desulfobacterota	1399.46	0.0	699.73	1712.04	1086.88	0.0	0.0	856.02
los	None	dead	0.0	0.0	0.0	0.0	0.0	0.0	0.0	0.0
spe	1392	1391	3133.075	2803.98	2968.5275	3469.76	2796.39	3089.33	2518.63	2994.195
los	1391	1211	2803.98	2064.13	2434.055	3089.33	2518.63	2431.02	1697.24	2393.285
spe	1391	1390	2803.98	2692.555	2748.2675	3089.33	2518.63	2961.03	2424.08	2756.705
spe	1390	1218	2692.555	2397.09	2544.8225	2961.03	2424.08	2801.39	1992.79	2476.91
hgt	None	dead	0.0	0.0	0.0	0.0	0.0	0.0	0.0	0.0
los	1218	1216	2397.09	1902.285	2149.6875	2801.39	1992.79	2352.8	1451.77	2126.58
hgt	1452	GCA.002348045.1.Bacteria.Chloroflexota	1430.125	0.0	715.0625	1777.81	1082.44	0.0	0.0	888.905
los	None	dead	0.0	0.0	0.0	0.0	0.0	0.0	0.0	0.0
hgt	68	GCA.002495185.1.Archaea.Thermoplasmatota	1695.025	0.0	847.5125	1934.33	1455.72	0.0	0.0	967.165
hgt	80	GCF.002114285.1.Archaea.Halobacteriota	1371.305	0.0	685.6525	1640.83	1101.78	0.0	0.0	820.415
hgt	140	GCF.000019605.1.Archaea.Thermoproteota	2626.73	0.0	1313.365	2837.91	2415.55	0.0	0.0	1418.955
spe	1390	1389	2692.555	2619.07	2655.8125	2961.03	2424.08	2879.48	2358.66	2659.845
hgt	None	dead	0.0	0.0	0.0	0.0	0.0	0.0	0.0	0.0
hgt	53	GCA.002011355.1.Archaea.Thermoplasmatota	1580.44	0.0	790.22	1846.71	1314.17	0.0	0.0	923.355
los	None	dead	0.0	0.0	0.0	0.0	0.0	0.0	0.0	0.0
hgt	140	139	2626.73	2517.75	2572.24	2837.91	2415.55	2733.29	2302.21	2570.06
spe	1389	1237	2619.07	2011.28	2315.175	2879.48	2358.66	2328.85	1693.71	2286.595
spe	1237	1221	2011.28	1546.995	1779.1375	2328.85	1693.71	1982.53	1111.46	1720.155
hgt	38	GCF.002214485.1.Archaea.Methanobacteriota.B	1770.925	0.0	885.4625	2300.92	1240.93	0.0	0.0	1150.46
hgt	128	GCA.002011085.1.Archaea.Thermoproteota	925.9285	0.0	462.96425	1257.47	594.387	0.0	0.0	628.735
los	1221	GCA.002375895.1.Bacteria.Firmicutes.E	1546.995	0.0	773.4975	1982.53	1111.46	0.0	0.0	991.265
hgt	1069	GCF.000378005.1.Bacteria.Coprothermobacterota	1779.88	0.0	889.94	2130.11	1429.65	0.0	0.0	1065.055
spe	1237	1236	2011.28	1872.885	1942.0825	2328.85	1693.71	2166.17	1579.6	1954.225
hgt	None	dead	0.0	0.0	0.0	0.0	0.0	0.0	0.0	0.0
los	1236	1228	1872.885	1712.115	1792.5	2166.17	1579.6	2011.29	1412.94	1789.555
hgt	1307	GCA.000987045.1.Bacteria.Firmicutes.B	1451.1	0.0	725.55	1682.57	1219.63	0.0	0.0	841.285
los	None	dead	0.0	0.0	0.0	0.0	0.0	0.0	0.0	0.0
spe	1236	1235	1872.885	1667.965	1770.425	2166.17	1579.6	1952.79	1383.14	1774.655
hgt	1449	GCA.002400365.1.Bacteria.Chloroflexota	1589.82	0.0	794.91	1942.5	1237.14	0.0	0.0	971.25
los	1235	1234	1667.965	1465.43	1566.6975	1952.79	1383.14	1741.67	1189.19	1570.99
hgt	None	dead	0.0	0.0	0.0	0.0	0.0	0.0	0.0	0.0
hgt	720	GCA.002347965.1.Bacteria.UBA2233	1930.555	0.0	965.2775	2446.78	1414.33	0.0	0.0	1223.39
los	None	dead	0.0	0.0	0.0	0.0	0.0	0.0	0.0	0.0
spe	140	139	2626.73	2517.75	2572.24	2837.91	2415.55	2733.29	2302.21	2570.06
spe	139	109	2517.75	2214.8	2366.275	2733.29	2302.21	2483.59	1946.01	2339.65
los	109	103	2214.8	1798.43	2006.615	2483.59	1946.01	2110.45	1486.41	1985.0
spe	109	108	2214.8	1863.195	2038.9975	2483.59	1946.01	2170.45	1555.94	2019.765
los	108	GCF.000148385.1.Archaea.Thermoproteota	1863.195	0.0	931.5975	2170.45	1555.94	0.0	0.0	1085.225
spe	108	107	1863.195	1515.18	1689.1875	2170.45	1555.94	1853.29	1177.07	1673.76
los	107	GCA.003019535.1.Archaea.Thermoproteota	1515.18	0.0	757.59	1853.29	1177.07	0.0	0.0	926.645
spe	139	138	2517.75	2383.655	2450.7025	2733.29	2302.21	2607.35	2159.96	2446.625
hgt	652	651	2416.38	2271.59	2343.985	2632.34	2200.42	2470.47	2072.71	2352.525
spe	138	137	2383.655	2168.41	2276.0325	2607.35	2159.96	2408.53	1928.29	2267.82
hgt	984	983	2294.155	2135.355	2214.755	2535.67	2052.64	2367.02	1903.69	2219.68
spe	137	136	2168.41	2026.55	2097.48	2408.53	1928.29	2277.08	1776.02	2092.275
los	136	134	2026.55	1807.525	1917.0375	2277.08	1776.02	2062.72	1552.33	1914.705
hgt	None	dead	0.0	0.0	0.0	0.0	0.0	0.0	0.0	0.0
spe	984	983	2294.155	2135.355	2214.755	2535.67	2052.64	2367.02	1903.69	2219.68
spe	983	982	2135.355	1900.265	2017.81	2367.02	1903.69	2132.12	1668.41	2017.715
los	982	981	1900.265	1779.97	1840.1175	2132.12	1668.41	2005.01	1554.93	1843.525
spe	983	967	2135.355	1879.385	2007.37	2367.02	1903.69	2109.43	1649.34	2008.18
los	967	GCF.000013045.1.Bacteria.Bacteroidota	1879.385	0.0	939.6925	2109.43	1649.34	0.0	0.0	1054.715
spe	967	966	1879.385	1606.29	1742.8375	2109.43	1649.34	1831.14	1381.44	1745.435
los	966	GCA.003167015.1.Bacteria.Bacteroidota	1606.29	0.0	803.145	1831.14	1381.44	0.0	0.0	915.57
spe	966	965	1606.29	1429.675	1517.9825	1831.14	1381.44	1647.7	1211.65	1521.395
spe	965	955	1429.675	1277.41	1353.5425	1647.7	1211.65	1498.37	1056.45	1352.075
los	955	GCF.001280305.1.Bacteria.Bacteroidota	1277.41	0.0	638.705	1498.37	1056.45	0.0	0.0	749.185
spe	965	964	1429.675	1306.425	1368.05	1647.7	1211.65	1524.94	1087.91	1367.805
los	964	GCA.002483345.1.Bacteria.Bacteroidota	1306.425	0.0	653.2125	1524.94	1087.91	0.0	0.0	762.47
spe	964	963	1306.425	1185.7715	1246.09825	1524.94	1087.91	1421.9	949.643	1237.2915
los	963	GCF.900116225.1.Bacteria.Bacteroidota	1185.7715	0.0	592.88575	1421.9	949.643	0.0	0.0	710.95
spe	963	962	1185.7715	1034.2525	1110.012	1421.9	949.643	1289.8	778.705	1100.3025
los	962	GCA.002455375.1.Bacteria.Bacteroidota	1034.2525	0.0	517.12625	1289.8	778.705	0.0	0.0	644.9
spe	962	961	1034.2525	860.4425	947.3475	1289.8	778.705	1138.96	581.925	935.8625
los	961	GCF.900489485.1.Bacteria.Bacteroidota	860.4425	0.0	430.22125	1138.96	581.925	0.0	0.0	569.48
dup	None	dead	0.0	0.0	0.0	0.0	0.0	0.0	0.0	0.0
hgt	1078	GCA.002898315.1.Bacteria.Calescibacterota	1701.455	0.0	850.7275	2026.85	1376.06	0.0	0.0	1013.425
los	None	dead	0.0	0.0	0.0	0.0	0.0	0.0	0.0	0.0
hgt	143	GCA.001940655.1.Archaea.Asgardarchaeota	1902.65	0.0	951.325	2361.92	1443.38	0.0	0.0	1180.96
los	None	dead	0.0	0.0	0.0	0.0	0.0	0.0	0.0	0.0
hgt	1032	GCA.002693325.1.Bacteria.Latescibacterota	1430.62	0.0	715.31	1762.83	1098.41	0.0	0.0	881.415
hgt	227	GCA.001804315.1.Bacteria.Omnitrophota	2241.54	0.0	1120.77	2512.64	1970.44	0.0	0.0	1256.32
hgt	1087	GCA.001778455.1.Bacteria.Bipolaricaulota	1366.82	0.0	683.41	1685.2	1048.44	0.0	0.0	842.6
los	137	GCA.002255045.1.Archaea.Thermoproteota	2168.41	0.0	1084.205	2408.53	1928.29	0.0	0.0	1204.265
hgt	None	dead	0.0	0.0	0.0	0.0	0.0	0.0	0.0	0.0
hgt	None	dead	0.0	0.0	0.0	0.0	0.0	0.0	0.0	0.0
hgt	515	514	2084.22	1954.11	2019.165	2265.7	1902.74	2125.97	1782.25	2023.975
los	None	dead	0.0	0.0	0.0	0.0	0.0	0.0	0.0	0.0
dup	515	514	2084.22	1954.11	2019.165	2265.7	1902.74	2125.97	1782.25	2023.975
hgt	None	dead	0.0	0.0	0.0	0.0	0.0	0.0	0.0	0.0
hgt	944	GCA.002712165.1.Bacteria.Proteobacteria	1373.315	0.0	686.6575	1652.74	1093.89	0.0	0.0	826.37
los	None	dead	0.0	0.0	0.0	0.0	0.0	0.0	0.0	0.0
spe	515	514	2084.22	1954.11	2019.165	2265.7	1902.74	2125.97	1782.25	2023.975
spe	514	513	1954.11	1885.97	1920.04	2125.97	1782.25	2049.09	1722.85	1924.41
los	513	483	1885.97	1836.685	1861.3275	2049.09	1722.85	1999.79	1673.58	1861.335
spe	513	512	1885.97	1775.885	1830.9275	2049.09	1722.85	1942.07	1609.7	1829.395
los	512	486	1775.885	1397.735	1586.81	1942.07	1609.7	1700.16	1095.31	1518.69
spe	512	511	1775.885	1694.565	1735.225	1942.07	1609.7	1858.49	1530.64	1736.355
spe	511	510	1694.565	1636.78	1665.6725	1858.49	1530.64	1799.17	1474.39	1666.44
spe	510	509	1636.78	1544.73	1590.755	1799.17	1474.39	1706.12	1383.34	1591.255
los	509	495	1544.73	1237.1635	1390.94675	1706.12	1383.34	1474.36	999.967	1353.0435
spe	509	508	1544.73	1436.825	1490.7775	1706.12	1383.34	1601.19	1272.46	1489.29
los	508	498	1436.825	1261.48	1349.1525	1601.19	1272.46	1455.41	1067.55	1334.37
spe	508	507	1436.825	1269.025	1352.925	1601.19	1272.46	1436.85	1101.2	1351.195
los	507	503	1269.025	1116.0495	1192.53725	1436.85	1101.2	1312.6	919.499	1178.1745
spe	507	506	1269.025	1217.64	1243.3325	1436.85	1101.2	1393.38	1041.9	1239.375
los	506	GCA.002480495.1.Bacteria.Proteobacteria	1217.64	0.0	608.82	1393.38	1041.9	0.0	0.0	696.69
spe	510	492	1636.78	1312.7	1474.74	1799.17	1474.39	1571.16	1054.24	1426.705
los	492	GCF.900172325.1.Bacteria.Proteobacteria	1312.7	0.0	656.35	1571.16	1054.24	0.0	0.0	785.58
spe	511	489	1694.565	1316.195	1505.38	1858.49	1530.64	1571.14	1061.25	1459.87
hgt	453	GCA.002457765.1.Bacteria.Proteobacteria	948.5585	0.0	474.27925	1217.04	680.077	0.0	0.0	608.52
los	489	GCA.002701885.1.Bacteria.Proteobacteria	1316.195	0.0	658.0975	1571.14	1061.25	0.0	0.0	785.57
spe	514	436	1954.11	1751.05	1852.58	2125.97	1782.25	1998.82	1503.28	1814.625
los	436	GCA.002722885.1.Bacteria.Proteobacteria	1751.05	0.0	875.525	1998.82	1503.28	0.0	0.0	999.41
spe	436	435	1751.05	1536.91	1643.98	1998.82	1503.28	1809.13	1264.69	1631.755
spe	435	434	1536.91	1353.935	1445.4225	1809.13	1264.69	1639.23	1068.64	1438.885
hgt	495	GCF.003173035.1.Bacteria.Proteobacteria	1237.1635	0.0	618.58175	1474.36	999.967	0.0	0.0	737.18
los	434	GCA.002898275.1.Bacteria.Proteobacteria	1353.935	0.0	676.9675	1639.23	1068.64	0.0	0.0	819.615
hgt	462	GCF.000315795.1.Bacteria.Proteobacteria	1117.2015	0.0	558.60075	1403.11	831.293	0.0	0.0	701.555
spe	515	514	2084.22	1954.11	2019.165	2265.7	1902.74	2125.97	1782.25	2023.975
spe	514	436	1954.11	1751.05	1852.58	2125.97	1782.25	1998.82	1503.28	1814.625
los	436	GCA.002722885.1.Bacteria.Proteobacteria	1751.05	0.0	875.525	1998.82	1503.28	0.0	0.0	999.41
spe	436	435	1751.05	1536.91	1643.98	1998.82	1503.28	1809.13	1264.69	1631.755
los	435	GCA.006969625.1.Bacteria.Proteobacteria	1536.91	0.0	768.455	1809.13	1264.69	0.0	0.0	904.565
spe	435	434	1536.91	1353.935	1445.4225	1809.13	1264.69	1639.23	1068.64	1438.885
los	434	GCA.002238885.1.Bacteria.Proteobacteria	1353.935	0.0	676.9675	1639.23	1068.64	0.0	0.0	819.615
spe	514	513	1954.11	1885.97	1920.04	2125.97	1782.25	2049.09	1722.85	1924.41
spe	513	512	1885.97	1775.885	1830.9275	2049.09	1722.85	1942.07	1609.7	1829.395
los	512	486	1775.885	1397.735	1586.81	1942.07	1609.7	1700.16	1095.31	1518.69
spe	512	511	1775.885	1694.565	1735.225	1942.07	1609.7	1858.49	1530.64	1736.355
los	511	489	1694.565	1316.195	1505.38	1858.49	1530.64	1571.14	1061.25	1459.87
spe	511	510	1694.565	1636.78	1665.6725	1858.49	1530.64	1799.17	1474.39	1666.44
los	510	509	1636.78	1544.73	1590.755	1799.17	1474.39	1706.12	1383.34	1591.255
spe	510	492	1636.78	1312.7	1474.74	1799.17	1474.39	1571.16	1054.24	1426.705
los	492	GCF.002798435.1.Bacteria.Proteobacteria	1312.7	0.0	656.35	1571.16	1054.24	0.0	0.0	785.58
spe	513	483	1885.97	1836.685	1861.3275	2049.09	1722.85	1999.79	1673.58	1861.335
hgt	None	dead	0.0	0.0	0.0	0.0	0.0	0.0	0.0	0.0
hgt	462	GCF.006980715.1.Bacteria.Proteobacteria	1117.2015	0.0	558.60075	1403.11	831.293	0.0	0.0	701.555
los	None	dead	0.0	0.0	0.0	0.0	0.0	0.0	0.0	0.0
spe	483	482	1836.685	1750.105	1793.395	1999.79	1673.58	1912.36	1587.85	1793.82
spe	482	481	1750.105	1674.98	1712.5425	1912.36	1587.85	1835.32	1514.64	1713.5
los	481	480	1674.98	1549.46	1612.22	1835.32	1514.64	1716.36	1382.56	1608.94
spe	481	469	1674.98	1543.27	1609.125	1835.32	1514.64	1718.34	1368.2	1601.76
los	469	463	1543.27	1394.155	1468.7125	1718.34	1368.2	1606.24	1182.07	1450.205
spe	469	468	1543.27	1359.195	1451.2325	1718.34	1368.2	1556.34	1162.05	1440.195
spe	468	467	1359.195	1181.4985	1270.34675	1556.34	1162.05	1405.48	957.517	1256.9285
los	467	GCA.002291925.1.Bacteria.Proteobacteria	1181.4985	0.0	590.74925	1405.48	957.517	0.0	0.0	702.74
hgt	506	GCA.002480495.1.Bacteria.Proteobacteria	1217.64	0.0	608.82	1393.38	1041.9	0.0	0.0	696.69
spe	482	458	1750.105	1624.365	1687.235	1912.36	1587.85	1810.7	1438.03	1675.195
los	458	GCA.002340345.1.Bacteria.Proteobacteria	1624.365	0.0	812.1825	1810.7	1438.03	0.0	0.0	905.35
spe	458	456	1624.365	1476.57	1550.4675	1810.7	1438.03	1673.09	1280.05	1545.375
spe	456	455	1476.57	1226.72	1351.645	1673.09	1280.05	1447.93	1005.51	1339.3
spe	455	454	1226.72	1094.241	1160.4805	1447.93	1005.51	1336.59	851.892	1149.911
los	454	453	1094.241	948.5585	1021.39975	1336.59	851.892	1217.04	680.077	1008.3335
spe	483	447	1836.685	1643.315	1740.0	1999.79	1673.58	1842.47	1444.16	1721.975
hgt	None	dead	0.0	0.0	0.0	0.0	0.0	0.0	0.0	0.0
los	447	439	1643.315	1422.265	1532.79	1842.47	1444.16	1693.15	1151.38	1496.925
hgt	463	GCF.002251795.1.Bacteria.Proteobacteria	1394.155	0.0	697.0775	1606.24	1182.07	0.0	0.0	803.12
los	None	dead	0.0	0.0	0.0	0.0	0.0	0.0	0.0	0.0
spe	447	446	1643.315	1453.89	1548.6025	1842.47	1444.16	1664.75	1243.03	1542.75
los	446	GCA.002717185.1.Bacteria.Proteobacteria	1453.89	0.0	726.945	1664.75	1243.03	0.0	0.0	832.375
spe	446	445	1453.89	1339.17	1396.53	1664.75	1243.03	1557.66	1120.68	1392.715
spe	445	444	1339.17	1137.223	1238.1965	1557.66	1120.68	1395.86	878.586	1218.123
los	444	GCA.002348425.1.Bacteria.Proteobacteria	1137.223	0.0	568.6115	1395.86	878.586	0.0	0.0	697.93
spe	652	651	2416.38	2271.59	2343.985	2632.34	2200.42	2470.47	2072.71	2352.525
spe	651	533	2271.59	1932.55	2102.07	2470.47	2072.71	2227.11	1637.99	2054.23
los	533	529	1932.55	1606.235	1769.3925	2227.11	1637.99	2001.73	1210.74	1718.925
spe	533	532	1932.55	1529.075	1730.8125	2227.11	1637.99	1880.57	1177.58	1702.345
los	532	GCA.001750625.1.Bacteria.Proteobacteria	1529.075	0.0	764.5375	1880.57	1177.58	0.0	0.0	940.285
spe	651	650	2271.59	2175.61	2223.6	2470.47	2072.71	2365.28	1985.94	2228.205
spe	650	536	2175.61	1675.53	1925.57	2365.28	1985.94	2101.36	1249.7	1807.49
hgt	797	GCA.002311335.1.Bacteria.Desulfobacterota.B	1832.825	0.0	916.4125	2092.41	1573.24	0.0	0.0	1046.205
los	536	GCF.900111015.1.Bacteria.Proteobacteria	1675.53	0.0	837.765	2101.36	1249.7	0.0	0.0	1050.68
hgt	588	587	1773.33	1495.94	1634.635	1953.51	1593.15	1691.37	1300.51	1627.01
hgt	293	GCA.002429065.1.Bacteria.Verrucomicrobiota	1595.865	0.0	797.9325	2014.86	1176.87	0.0	0.0	1007.43
hgt	1663	GCA.001464165.1.Bacteria.Cyanobacteria	1748.05	0.0	874.025	2269.88	1226.22	0.0	0.0	1134.94
hgt	674	GCA.002747255.1.Bacteria.Acidobacteriota	1626.005	0.0	813.0025	2061.09	1190.92	0.0	0.0	1030.545
spe	588	587	1773.33	1495.94	1634.635	1953.51	1593.15	1691.37	1300.51	1627.01
spe	587	586	1495.94	1375.33	1435.635	1691.37	1300.51	1584.13	1166.53	1428.95
los	586	GCA.003228965.1.Bacteria.Proteobacteria	1375.33	0.0	687.665	1584.13	1166.53	0.0	0.0	792.065
spe	586	585	1375.33	1166.9135	1271.12175	1584.13	1166.53	1423.99	909.837	1246.9835
los	585	GCA.002688175.1.Bacteria.Proteobacteria	1166.9135	0.0	583.45675	1423.99	909.837	0.0	0.0	711.995
spe	587	581	1495.94	1344.875	1420.4075	1691.37	1300.51	1554.57	1135.18	1413.275
los	581	579	1344.875	1079.9275	1212.40125	1554.57	1135.18	1322.47	837.385	1195.9775
spe	650	649	2175.61	2098.745	2137.1775	2365.28	1985.94	2281.8	1915.69	2140.485
spe	649	543	2098.745	1839.06	1968.9025	2281.8	1915.69	2104.01	1574.11	1927.955
hgt	None	dead	0.0	0.0	0.0	0.0	0.0	0.0	0.0	0.0
los	543	539	1839.06	1564.68	1701.87	2104.01	1574.11	1897.82	1231.54	1667.775
hgt	611	GCF.003052605.1.Bacteria.Proteobacteria	936.1675	0.0	468.08375	1239.98	632.355	0.0	0.0	619.99
los	None	dead	0.0	0.0	0.0	0.0	0.0	0.0	0.0	0.0
hgt	561	553	1768.445	1596.945	1682.695	1961.68	1575.21	1821.5	1372.39	1667.035
spe	543	542	1839.06	1583.705	1711.3825	2104.01	1574.11	1912.35	1255.06	1679.535
los	542	GCA.002631715.1.Bacteria.Proteobacteria	1583.705	0.0	791.8525	1912.35	1255.06	0.0	0.0	956.175
spe	561	553	1768.445	1596.945	1682.695	1961.68	1575.21	1821.5	1372.39	1667.035
spe	553	552	1596.945	1380.83	1488.8875	1821.5	1372.39	1621.66	1140.0	1480.75
hgt	568	GCA.002862435.1.Bacteria.Proteobacteria	1379.435	0.0	689.7175	1661.92	1096.95	0.0	0.0	830.96
los	552	GCF.001614315.2.Bacteria.Proteobacteria	1380.83	0.0	690.415	1621.66	1140.0	0.0	0.0	810.83
spe	552	551	1380.83	1067.6595	1224.24475	1621.66	1140.0	1372.61	762.709	1192.1845
los	551	GCA.002699105.1.Bacteria.Bacteroidota	1067.6595	0.0	533.82975	1372.61	762.709	0.0	0.0	686.305
spe	649	648	2098.745	2020.585	2059.665	2281.8	1915.69	2196.19	1844.98	2063.39
spe	648	562	2020.585	1844.995	1932.79	2196.19	1844.98	2036.09	1653.9	1925.045
los	562	546	1844.995	1417.275	1631.135	2036.09	1653.9	1742.85	1091.7	1563.895
spe	562	561	1844.995	1768.445	1806.72	2036.09	1653.9	1961.68	1575.21	1805.65
los	561	553	1768.445	1596.945	1682.695	1961.68	1575.21	1821.5	1372.39	1667.035
spe	561	560	1768.445	1588.765	1678.605	1961.68	1575.21	1792.9	1384.63	1673.155
los	560	558	1588.765	1434.31	1511.5375	1792.9	1384.63	1652.56	1216.06	1504.48
spe	648	647	2020.585	1948.805	1984.695	2196.19	1844.98	2118.06	1779.55	1987.87
los	647	646	1948.805	1902.685	1925.745	2118.06	1779.55	2069.61	1735.76	1926.91
spe	647	571	1948.805	1706.635	1827.72	2118.06	1779.55	1950.26	1463.01	1790.535
spe	571	565	1706.635	1414.39	1560.5125	1950.26	1463.01	1716.39	1112.39	1531.325
los	565	GCF.000239355.1.Bacteria.Proteobacteria	1414.39	0.0	707.195	1716.39	1112.39	0.0	0.0	858.195
spe	571	570	1706.635	1535.435	1621.035	1950.26	1463.01	1809.94	1260.93	1605.595
hgt	None	dead	0.0	0.0	0.0	0.0	0.0	0.0	0.0	0.0
los	570	568	1535.435	1379.435	1457.435	1809.94	1260.93	1661.92	1096.95	1453.445
hgt	612	GCF.003612015.1.Bacteria.Proteobacteria	1256.25	0.0	628.125	1460.33	1052.17	0.0	0.0	730.165
los	None	dead	0.0	0.0	0.0	0.0	0.0	0.0	0.0	0.0
hgt	509	508	1544.73	1436.825	1490.7775	1706.12	1383.34	1601.19	1272.46	1489.29
los	None	dead	0.0	0.0	0.0	0.0	0.0	0.0	0.0	0.0
spe	509	508	1544.73	1436.825	1490.7775	1706.12	1383.34	1601.19	1272.46	1489.29
spe	508	498	1436.825	1261.48	1349.1525	1601.19	1272.46	1455.41	1067.55	1334.37
los	498	GCA.002731375.1.Bacteria.Proteobacteria	1261.48	0.0	630.74	1455.41	1067.55	0.0	0.0	727.705
spe	508	507	1436.825	1269.025	1352.925	1601.19	1272.46	1436.85	1101.2	1351.195
los	507	506	1269.025	1217.64	1243.3325	1436.85	1101.2	1393.38	1041.9	1239.375
spe	507	503	1269.025	1116.0495	1192.53725	1436.85	1101.2	1312.6	919.499	1178.1745
los	503	501	1116.0495	884.6055	1000.3275	1312.6	919.499	1159.88	609.331	960.9655
spe	138	124	2383.655	2123.145	2253.4	2607.35	2159.96	2381.0	1865.29	2236.32
hgt	282	GCA.003219195.1.Bacteria.Verrucomicrobiota	1342.065	0.0	671.0325	1637.54	1046.59	0.0	0.0	818.77
hgt	165	GCA.000188695.1.Eukaryota.Choanoflagellata	694.719	0.0	347.3595	1000.39	389.048	0.0	0.0	500.195
los	124	GCA.002495485.1.Archaea.Thermoproteota	2123.145	0.0	1061.5725	2381.0	1865.29	0.0	0.0	1190.5
spe	124	123	2123.145	1998.805	2060.975	2381.0	1865.29	2251.98	1745.63	2063.315
spe	123	113	1998.805	1643.05	1820.9275	2251.98	1745.63	2015.58	1270.52	1761.25
hgt	265	GCA.003290465.1.Bacteria.Sumerlaeota	1568.825	0.0	784.4125	2039.56	1098.09	0.0	0.0	1019.78
hgt	1445	GCA.003130875.1.Bacteria.Chloroflexota	1577.91	0.0	788.955	1848.3	1307.52	0.0	0.0	924.15
hgt	None	dead	0.0	0.0	0.0	0.0	0.0	0.0	0.0	0.0
hgt	791	GCA.002898795.1.Bacteria.Desulfobacterota.B	1228.3465	0.0	614.17325	1482.5	974.193	0.0	0.0	741.25
los	None	dead	0.0	0.0	0.0	0.0	0.0	0.0	0.0	0.0
hgt	None	dead	0.0	0.0	0.0	0.0	0.0	0.0	0.0	0.0
los	123	122	1998.805	1853.335	1926.07	2251.98	1745.63	2102.13	1604.54	1928.26
hgt	994	GCA.001304035.1.Bacteria.SM23.31	1793.76	0.0	896.88	2154.86	1432.66	0.0	0.0	1077.43
los	None	dead	0.0	0.0	0.0	0.0	0.0	0.0	0.0	0.0
hgt	None	dead	0.0	0.0	0.0	0.0	0.0	0.0	0.0	0.0
hgt	87	GCA.002256595.1.Archaea.Halobacteriota	1542.125	0.0	771.0625	1762.59	1321.66	0.0	0.0	881.295
los	None	dead	0.0	0.0	0.0	0.0	0.0	0.0	0.0	0.0
hgt	None	dead	0.0	0.0	0.0	0.0	0.0	0.0	0.0	0.0
hgt	241	GCA.002841695.1.Bacteria.Elusimicrobiota	1455.26	0.0	727.63	1697.59	1212.93	0.0	0.0	848.795
los	None	dead	0.0	0.0	0.0	0.0	0.0	0.0	0.0	0.0
hgt	None	dead	0.0	0.0	0.0	0.0	0.0	0.0	0.0	0.0
hgt	198	GCA.002478245.1.Bacteria.UBP18	1971.4	0.0	985.7	2575.64	1367.16	0.0	0.0	1287.82
los	None	dead	0.0	0.0	0.0	0.0	0.0	0.0	0.0	0.0
hgt	None	dead	0.0	0.0	0.0	0.0	0.0	0.0	0.0	0.0
los	1389	1388	2619.07	2495.045	2557.0575	2879.48	2358.66	2745.25	2244.84	2562.16
hgt	251	250	2042.61	1897.72	1970.165	2306.51	1778.71	2144.58	1650.86	1978.685
los	None	dead	0.0	0.0	0.0	0.0	0.0	0.0	0.0	0.0
spe	251	250	2042.61	1897.72	1970.165	2306.51	1778.71	2144.58	1650.86	1978.685
spe	250	236	1897.72	1629.965	1763.8425	2144.58	1650.86	1963.74	1296.19	1720.385
los	236	GCA.001800495.1.Bacteria.Elusimicrobiota	1629.965	0.0	814.9825	1963.74	1296.19	0.0	0.0	981.87
spe	250	249	1897.72	1764.145	1830.9325	2144.58	1650.86	2000.16	1528.13	1836.355
los	249	245	1764.145	1655.67	1709.9075	2000.16	1528.13	1889.67	1421.67	1710.915
spe	249	248	1764.145	1250.934	1507.5395	2000.16	1528.13	1513.86	988.008	1494.084
los	248	GCA.001799695.1.Bacteria.Elusimicrobiota	1250.934	0.0	625.467	1513.86	988.008	0.0	0.0	756.93
hgt	92	91	2447.115	2166.265	2306.69	2665.58	2228.65	2401.72	1930.81	2298.195
los	None	dead	0.0	0.0	0.0	0.0	0.0	0.0	0.0	0.0
spe	92	91	2447.115	2166.265	2306.69	2665.58	2228.65	2401.72	1930.81	2298.195
spe	91	90	2166.265	1969.495	2067.88	2401.72	1930.81	2197.74	1741.25	2071.485
spe	90	89	1969.495	1812.405	1890.95	2197.74	1741.25	2030.99	1593.82	1895.78
los	89	77	1812.405	1412.42	1612.4125	2030.99	1593.82	1711.62	1113.22	1572.105
spe	89	88	1812.405	1663.625	1738.015	2030.99	1593.82	1881.51	1445.74	1738.365
los	88	87	1663.625	1542.125	1602.875	1881.51	1445.74	1762.59	1321.66	1601.585
spe	88	80	1663.625	1371.305	1517.465	1881.51	1445.74	1640.83	1101.78	1491.645
los	80	GCF.002114285.1.Archaea.Halobacteriota	1371.305	0.0	685.6525	1640.83	1101.78	0.0	0.0	820.415
spe	90	74	1969.495	1616.7	1793.0975	2197.74	1741.25	1969.17	1264.23	1730.985
hgt	86	84	1366.345	1169.197	1267.771	1587.43	1145.26	1403.93	934.464	1260.947
spe	86	84	1366.345	1169.197	1267.771	1587.43	1145.26	1403.93	934.464	1260.947
hgt	None	dead	0.0	0.0	0.0	0.0	0.0	0.0	0.0	0.0
hgt	None	dead	0.0	0.0	0.0	0.0	0.0	0.0	0.0	0.0
hgt	1227	GCA.003242675.1.Bacteria.Firmicutes.E	1509.365	0.0	754.6825	1811.9	1206.83	0.0	0.0	905.95
los	None	dead	0.0	0.0	0.0	0.0	0.0	0.0	0.0	0.0
hgt	None	dead	0.0	0.0	0.0	0.0	0.0	0.0	0.0	0.0
spe	1478	1477	3018.815	2723.605	2871.21	3423.42	2614.21	3040.81	2406.4	2914.91
spe	1477	1431	2723.605	2420.455	2572.03	3040.81	2406.4	2714.59	2126.32	2583.565
los	1431	1427	2420.455	2216.53	2318.4925	2714.59	2126.32	2490.85	1942.21	2328.4
spe	1431	1430	2420.455	1801.635	2111.045	2714.59	2126.32	2276.21	1327.06	2020.825
hgt	1444	GCA.003451595.1.Bacteria.Chloroflexota	1386.06	0.0	693.03	1673.58	1098.54	0.0	0.0	836.79
spe	1477	1476	2723.605	2416.915	2570.26	3040.81	2406.4	2708.83	2125.0	2582.905
hgt	None	dead	0.0	0.0	0.0	0.0	0.0	0.0	0.0	0.0
los	1476	1475	2416.915	2249.485	2333.2	2708.83	2125.0	2543.8	1955.17	2332.0
hgt	99	GCF.001481685.1.Archaea.Thermoproteota	1356.82	0.0	678.41	1642.61	1071.03	0.0	0.0	821.305
los	None	dead	0.0	0.0	0.0	0.0	0.0	0.0	0.0	0.0
spe	1476	1454	2416.915	1996.555	2206.735	2708.83	2125.0	2245.89	1747.22	2228.025
spe	1454	1453	1996.555	1862.655	1929.605	2245.89	1747.22	2140.61	1584.7	1915.295
los	1453	1452	1862.655	1430.125	1646.39	2140.61	1584.7	1777.81	1082.44	1611.525
spe	1453	1449	1862.655	1589.82	1726.2375	2140.61	1584.7	1942.5	1237.14	1688.875
los	1449	GCA.002366595.1.Bacteria.Chloroflexota	1589.82	0.0	794.91	1942.5	1237.14	0.0	0.0	971.25
spe	1454	1446	1996.555	1803.385	1899.97	2245.89	1747.22	2040.01	1566.76	1906.325
los	1446	1445	1803.385	1577.91	1690.6475	2040.01	1566.76	1848.3	1307.52	1673.765
spe	1446	1440	1803.385	1679.715	1741.55	2040.01	1566.76	1908.42	1451.01	1745.51
los	1440	GCF.001306175.1.Bacteria.Chloroflexota	1679.715	0.0	839.8575	1908.42	1451.01	0.0	0.0	954.21
spe	1440	1439	1679.715	1492.005	1585.86	1908.42	1451.01	1713.37	1270.64	1589.53
los	1439	GCF.900187885.1.Bacteria.Chloroflexota	1492.005	0.0	746.0025	1713.37	1270.64	0.0	0.0	856.685
spe	1439	1438	1492.005	1317.205	1404.605	1713.37	1270.64	1528.24	1106.17	1409.77
los	1438	1437	1317.205	1158.264	1237.7345	1528.24	1106.17	1381.67	934.858	1231.549
hgt	1384	1383	2049.01	1971.49	2010.25	2270.99	1827.03	2185.06	1757.92	2014.455
los	None	dead	0.0	0.0	0.0	0.0	0.0	0.0	0.0	0.0
spe	1384	1383	2049.01	1971.49	2010.25	2270.99	1827.03	2185.06	1757.92	2014.455
spe	1383	1341	1971.49	1523.81	1747.65	2185.06	1757.92	1926.97	1120.65	1652.855
los	1341	GCF.001311905.1.Bacteria.Firmicutes	1523.81	0.0	761.905	1926.97	1120.65	0.0	0.0	963.485
spe	1383	1382	1971.49	1907.445	1939.4675	2185.06	1757.92	2119.76	1695.13	1940.095
spe	1382	1381	1907.445	1843.345	1875.395	2119.76	1695.13	2050.47	1636.22	1877.99
spe	1381	1351	1843.345	1688.26	1765.8025	2050.47	1636.22	1952.2	1424.32	1737.395
los	1351	1350	1688.26	1481.1	1584.68	1952.2	1424.32	1809.84	1152.36	1552.28
spe	1351	1347	1688.26	1373.121	1530.6905	1952.2	1424.32	1753.0	993.242	1472.721
los	1347	GCF.001561915.1.Bacteria.Firmicutes	1373.121	0.0	686.5605	1753.0	993.242	0.0	0.0	876.5
spe	1381	1380	1843.345	1785.675	1814.51	2050.47	1636.22	1991.06	1580.29	1815.38
los	1380	GCF.001049895.1.Bacteria.Firmicutes	1785.675	0.0	892.8375	1991.06	1580.29	0.0	0.0	995.53
spe	1380	1379	1785.675	1743.235	1764.455	1991.06	1580.29	1945.76	1540.71	1765.885
los	1379	1378	1743.235	1618.42	1680.8275	1945.76	1540.71	1816.1	1420.74	1683.25
spe	1379	1355	1743.235	1426.77	1585.0025	1945.76	1540.71	1769.44	1084.1	1514.93
spe	1382	1344	1907.445	1520.89	1714.1675	2119.76	1695.13	1933.44	1108.34	1614.05
hgt	1347	GCF.001561915.1.Bacteria.Firmicutes	1373.121	0.0	686.5605	1753.0	993.242	0.0	0.0	876.5
los	1344	GCA.002159075.1.Bacteria.Firmicutes	1520.89	0.0	760.445	1933.44	1108.34	0.0	0.0	966.72
hgt	1338	GCF.002335525.1.Bacteria.Firmicutes	1549.595	0.0	774.7975	1917.57	1181.62	0.0	0.0	958.785
dup	None	dead	0.0	0.0	0.0	0.0	0.0	0.0	0.0	0.0
hgt	80	GCF.002114285.1.Archaea.Halobacteriota	1371.305	0.0	685.6525	1640.83	1101.78	0.0	0.0	820.415
los	None	dead	0.0	0.0	0.0	0.0	0.0	0.0	0.0	0.0
dup	80	GCF.002114285.1.Archaea.Halobacteriota	1371.305	0.0	685.6525	1640.83	1101.78	0.0	0.0	820.415
dup	None	dead	0.0	0.0	0.0	0.0	0.0	0.0	0.0	0.0
hgt	1227	GCA.003242675.1.Bacteria.Firmicutes.E	1509.365	0.0	754.6825	1811.9	1206.83	0.0	0.0	905.95
los	None	dead	0.0	0.0	0.0	0.0	0.0	0.0	0.0	0.0
hgt	1449	GCA.002366595.1.Bacteria.Chloroflexota	1589.82	0.0	794.91	1942.5	1237.14	0.0	0.0	971.25
los	None	dead	0.0	0.0	0.0	0.0	0.0	0.0	0.0	0.0
spe	1392	1188	3133.075	2752.47	2942.7725	3469.76	2796.39	3058.53	2446.41	2958.085
los	1188	GCA.002779205.1.Bacteria.Actinobacteriota	2752.47	0.0	1376.235	3058.53	2446.41	0.0	0.0	1529.265
spe	1188	1187	2752.47	2676.31	2714.39	3058.53	2446.41	2970.95	2381.67	2720.1
los	1187	1133	2676.31	1803.285	2239.7975	2970.95	2381.67	2441.81	1164.76	2067.855
spe	1187	1186	2676.31	2550.565	2613.4375	2970.95	2381.67	2828.93	2272.2	2621.575
spe	1186	1185	2550.565	2405.805	2478.185	2828.93	2272.2	2675.17	2136.44	2482.685
spe	1185	1169	2405.805	2113.35	2259.5775	2675.17	2136.44	2359.96	1866.74	2270.955
los	1169	1168	2113.35	2012.51	2062.93	2359.96	1866.74	2255.75	1769.27	2064.615
spe	1169	1145	2113.35	1788.28	1950.815	2359.96	1866.74	2061.89	1514.67	1937.315
los	1145	1143	1788.28	1606.47	1697.375	2061.89	1514.67	1865.47	1347.47	1704.68
spe	1185	1184	2405.805	2236.7	2321.2525	2675.17	2136.44	2518.83	1954.57	2314.87
los	1184	1183	2236.7	1581.31	1909.005	2518.83	1954.57	2035.82	1126.8	1822.815
spe	1184	1180	2236.7	1876.995	2056.8475	2518.83	1954.57	2165.65	1588.34	2053.585
los	1180	GCF.001029505.1.Bacteria.Actinobacteriota	1876.995	0.0	938.4975	2165.65	1588.34	0.0	0.0	1082.825
dup	1180	1179	1876.995	1607.105	1742.05	2165.65	1588.34	1866.08	1348.13	1756.89
spe	1180	1179	1876.995	1607.105	1742.05	2165.65	1588.34	1866.08	1348.13	1756.89
los	1179	1173	1607.105	1376.77	1491.9375	1866.08	1348.13	1664.76	1088.78	1477.43
spe	1179	1178	1607.105	1434.165	1520.635	1866.08	1348.13	1689.01	1179.32	1522.7
los	1178	1177	1434.165	1221.364	1327.7645	1689.01	1179.32	1491.65	951.078	1320.044
spe	1180	1179	1876.995	1607.105	1742.05	2165.65	1588.34	1866.08	1348.13	1756.89
spe	1179	1173	1607.105	1376.77	1491.9375	1866.08	1348.13	1664.76	1088.78	1477.43
los	1173	GCA.002897715.1.Bacteria.Actinobacteriota	1376.77	0.0	688.385	1664.76	1088.78	0.0	0.0	832.38
spe	1179	1178	1607.105	1434.165	1520.635	1866.08	1348.13	1689.01	1179.32	1522.7
los	1178	1177	1434.165	1221.364	1327.7645	1689.01	1179.32	1491.65	951.078	1320.044
spe	1186	1136	2550.565	1777.3	2163.9325	2828.93	2272.2	2350.53	1204.07	2016.5
hgt	136	GCA.000375685.1.Archaea.Thermoproteota	2026.55	0.0	1013.275	2277.08	1776.02	0.0	0.0	1138.54
hgt	74	GCA.002011165.1.Archaea.Halobacteriota	1616.7	0.0	808.35	1969.17	1264.23	0.0	0.0	984.585
los	1136	GCA.001768645.1.Bacteria.Actinobacteriota	1777.3	0.0	888.65	2350.53	1204.07	0.0	0.0	1175.265
spe	1393	1129	3319.26	2723.85	3021.555	3693.81	2944.71	3115.19	2332.51	3013.16
spe	1129	1128	2723.85	2537.965	2630.9075	3115.19	2332.51	2911.99	2163.94	2639.565
los	1128	1127	2537.965	2426.2	2482.0825	2911.99	2163.94	2768.99	2083.41	2497.7
hgt	None	dead	0.0	0.0	0.0	0.0	0.0	0.0	0.0	0.0
los	1129	1101	2723.85	2538.56	2631.205	3115.19	2332.51	2973.67	2103.45	2609.32
hgt	1169	1168	2113.35	2012.51	2062.93	2359.96	1866.74	2255.75	1769.27	2064.615
los	None	dead	0.0	0.0	0.0	0.0	0.0	0.0	0.0	0.0
spe	1169	1168	2113.35	2012.51	2062.93	2359.96	1866.74	2255.75	1769.27	2064.615
spe	1168	1148	2012.51	1487.92	1750.215	2255.75	1769.27	1860.52	1115.32	1685.535
los	1148	GCA.003021615.1.Bacteria.Actinobacteriota	1487.92	0.0	743.96	1860.52	1115.32	0.0	0.0	930.26
spe	1168	1167	2012.51	1838.915	1925.7125	2255.75	1769.27	2077.7	1600.13	1927.94
los	1167	GCA.002413185.1.Bacteria.Actinobacteriota	1838.915	0.0	919.4575	2077.7	1600.13	0.0	0.0	1038.85
spe	1167	1166	1838.915	1480.79	1659.8525	2077.7	1600.13	1697.07	1264.51	1671.105
los	1166	GCF.004348535.1.Bacteria.Actinobacteriota	1480.79	0.0	740.395	1697.07	1264.51	0.0	0.0	848.535
spe	1166	1165	1480.79	1370.47	1425.63	1697.07	1264.51	1577.59	1163.35	1430.21
los	1165	1155	1370.47	1276.115	1323.2925	1577.59	1163.35	1486.51	1065.72	1321.655
spe	1165	1164	1370.47	1261.825	1316.1475	1577.59	1163.35	1459.67	1063.98	1320.785
los	1164	1163	1261.825	1087.464	1174.6445	1459.67	1063.98	1323.49	851.438	1155.554
spe	1164	1160	1261.825	1110.64	1186.2325	1459.67	1063.98	1339.31	881.97	1170.82
spe	1160	1158	1110.64	987.523	1049.0815	1339.31	881.97	1239.6	735.446	1037.378
hgt	1444	GCA.003451595.1.Bacteria.Chloroflexota	1386.06	0.0	693.03	1673.58	1098.54	0.0	0.0	836.79
hgt	1141	GCA.003140175.1.Bacteria.Actinobacteriota	1323.465	0.0	661.7325	1574.65	1072.28	0.0	0.0	787.325
hgt	695	GCA.003131705.1.Bacteria.Acidobacteriota	1326.405	0.0	663.2025	1521.67	1131.14	0.0	0.0	760.835
los	1158	GCF.900106035.1.Bacteria.Actinobacteriota	987.523	0.0	493.7615	1239.6	735.446	0.0	0.0	619.8
