event	left_node	right_node	left_date	right_date	midpoint_date	left_date_lower	left_date_upper	right_date_lower	right_date_upper	midpoint_date_all
dup	None	1728	0.0	0.0	0.0	0.0	0.0	0.0	0.0	0.0
hgt	None	dead	0.0	0.0	0.0	0.0	0.0	0.0	0.0	0.0
hgt	None	dead	0.0	0.0	0.0	0.0	0.0	0.0	0.0	0.0
hgt	121	GCA.001775995.1.Archaea.Thermoproteota	1422.225	0.0	711.1125	1736.27	1108.18	0.0	0.0	868.135
los	None	dead	0.0	0.0	0.0	0.0	0.0	0.0	0.0	0.0
spe	None	1728	0.0	0.0	0.0	0.0	0.0	0.0	0.0	0.0
spe	1728	180	0.0	3318.57	1659.285	0.0	0.0	3511.11	3126.03	1563.015
los	180	GCA.001889985.1.Archaea.Micrarchaeota	3318.57	0.0	1659.285	3511.11	3126.03	0.0	0.0	1755.555
spe	180	179	3318.57	3274.245	3296.4075	3511.11	3126.03	3465.96	3082.53	3296.82
los	179	23	3274.245	3029.29	3151.7675	3465.96	3082.53	3285.29	2773.29	3119.625
spe	179	178	3274.245	3153.655	3213.95	3465.96	3082.53	3350.0	2957.31	3211.635
los	178	32	3153.655	2402.345	2778.0	3350.0	2957.31	2862.85	1941.84	2645.92
spe	178	177	3153.655	2975.235	3064.445	3350.0	2957.31	3172.02	2778.45	3064.225
spe	177	95	2975.235	2751.94	2863.5875	3172.02	2778.45	2968.59	2535.29	2853.655
los	95	94	2751.94	2705.465	2728.7025	2968.59	2535.29	2926.2	2484.73	2726.66
spe	95	39	2751.94	2176.73	2464.335	2968.59	2535.29	2662.29	1691.17	2329.88
los	39	35	2176.73	1886.455	2031.5925	2662.29	1691.17	2412.29	1360.62	2011.455
spe	39	38	2176.73	1770.925	1973.8275	2662.29	1691.17	2300.92	1240.93	1951.61
los	38	GCA.001515205.2.Archaea.Hadarchaeota	1770.925	0.0	885.4625	2300.92	1240.93	0.0	0.0	1150.46
spe	177	176	2975.235	2798.9	2887.0675	3172.02	2778.45	2996.96	2600.84	2886.43
spe	176	175	2798.9	2653.515	2726.2075	2996.96	2600.84	2862.53	2444.5	2720.73
spe	175	174	2653.515	2527.615	2590.565	2862.53	2444.5	2745.47	2309.76	2586.145
spe	174	173	2527.615	2445.14	2486.3775	2745.47	2309.76	2664.86	2225.42	2485.445
los	173	172	2445.14	1813.355	2129.2475	2664.86	2225.42	2011.08	1615.63	2140.245
spe	173	151	2445.14	2127.23	2286.185	2664.86	2225.42	2411.78	1842.68	2253.77
los	151	150	2127.23	1481.835	1804.5325	2411.78	1842.68	1840.51	1123.16	1767.47
spe	151	147	2127.23	1579.1	1853.165	2411.78	1842.68	1962.45	1195.75	1803.765
los	147	GCA.001940755.1.Archaea.Asgardarchaeota	1579.1	0.0	789.55	1962.45	1195.75	0.0	0.0	981.225
hgt	668	GCA.002010665.1.Bacteria.Acidobacteriota	1417.72	0.0	708.86	1767.6	1067.84	0.0	0.0	883.8
hgt	249	248	1764.145	1250.934	1507.5395	2000.16	1528.13	1513.86	988.008	1494.084
los	174	GCA.001940665.1.Archaea.Asgardarchaeota	2527.615	0.0	1263.8075	2745.47	2309.76	0.0	0.0	1372.735
spe	249	248	1764.145	1250.934	1507.5395	2000.16	1528.13	1513.86	988.008	1494.084
hgt	None	dead	0.0	0.0	0.0	0.0	0.0	0.0	0.0	0.0
los	175	143	2653.515	1902.65	2278.0825	2862.53	2444.5	2361.92	1443.38	2152.955
hgt	118	116	1643.115	1108.5585	1375.83675	1910.17	1376.06	1411.12	805.997	1358.0835
los	None	dead	0.0	0.0	0.0	0.0	0.0	0.0	0.0	0.0
spe	118	116	1643.115	1108.5585	1375.83675	1910.17	1376.06	1411.12	805.997	1358.0835
hgt	None	dead	0.0	0.0	0.0	0.0	0.0	0.0	0.0	0.0
hgt	861	GCA.001304105.1.Bacteria.Desulfobacterota	1399.46	0.0	699.73	1712.04	1086.88	0.0	0.0	856.02
los	None	dead	0.0	0.0	0.0	0.0	0.0	0.0	0.0	0.0
spe	176	140	2798.9	2626.73	2712.815	2996.96	2600.84	2837.91	2415.55	2706.255
hgt	130	128	1643.645	925.9285	1284.78675	1910.35	1376.94	1257.47	594.387	1252.3685
spe	130	128	1643.645	925.9285	1284.78675	1910.35	1376.94	1257.47	594.387	1252.3685
spe	140	139	2626.73	2517.75	2572.24	2837.91	2415.55	2733.29	2302.21	2570.06
spe	139	138	2517.75	2383.655	2450.7025	2733.29	2302.21	2607.35	2159.96	2446.625
los	138	137	2383.655	2168.41	2276.0325	2607.35	2159.96	2408.53	1928.29	2267.82
spe	138	124	2383.655	2123.145	2253.4	2607.35	2159.96	2381.0	1865.29	2236.32
los	124	GCA.002495485.1.Archaea.Thermoproteota	2123.145	0.0	1061.5725	2381.0	1865.29	0.0	0.0	1190.5
spe	124	123	2123.145	1998.805	2060.975	2381.0	1865.29	2251.98	1745.63	2063.315
spe	123	113	1998.805	1643.05	1820.9275	2251.98	1745.63	2015.58	1270.52	1761.25
los	113	GCA.002255025.1.Archaea.Thermoproteota	1643.05	0.0	821.525	2015.58	1270.52	0.0	0.0	1007.79
spe	123	122	1998.805	1853.335	1926.07	2251.98	1745.63	2102.13	1604.54	1928.26
los	122	118	1853.335	1643.115	1748.225	2102.13	1604.54	1910.17	1376.06	1739.095
spe	122	121	1853.335	1422.225	1637.78	2102.13	1604.54	1736.27	1108.18	1605.155
los	121	GCA.001775995.1.Archaea.Thermoproteota	1422.225	0.0	711.1125	1736.27	1108.18	0.0	0.0	868.135
spe	139	109	2517.75	2214.8	2366.275	2733.29	2302.21	2483.59	1946.01	2339.65
spe	109	108	2214.8	1863.195	2038.9975	2483.59	1946.01	2170.45	1555.94	2019.765
los	108	107	1863.195	1515.18	1689.1875	2170.45	1555.94	1853.29	1177.07	1673.76
spe	109	103	2214.8	1798.43	2006.615	2483.59	1946.01	2110.45	1486.41	1985.0
los	103	GCA.002254745.1.Archaea.Thermoproteota	1798.43	0.0	899.215	2110.45	1486.41	0.0	0.0	1055.225
spe	103	101	1798.43	1577.935	1688.1825	2110.45	1486.41	1881.51	1274.36	1692.405
los	101	GCF.000011205.1.Archaea.Thermoproteota	1577.935	0.0	788.9675	1881.51	1274.36	0.0	0.0	940.755
spe	101	99	1577.935	1356.82	1467.3775	1881.51	1274.36	1642.61	1071.03	1476.27
los	99	GCF.001481685.1.Archaea.Thermoproteota	1356.82	0.0	678.41	1642.61	1071.03	0.0	0.0	821.305
dup	1728	1727	0.0	3922.83	1961.415	0.0	0.0	4279.81	3565.85	1782.925
hgt	None	dead	0.0	0.0	0.0	0.0	0.0	0.0	0.0	0.0
hgt	None	dead	0.0	0.0	0.0	0.0	0.0	0.0	0.0	0.0
hgt	871	GCA.002899795.1.Bacteria.Desulfobacterota	1358.76	0.0	679.38	1643.54	1073.98	0.0	0.0	821.77
los	None	dead	0.0	0.0	0.0	0.0	0.0	0.0	0.0	0.0
hgt	None	dead	0.0	0.0	0.0	0.0	0.0	0.0	0.0	0.0
hgt	905	GCA.001412425.1.Bacteria.Cloacimonadota	1765.605	0.0	882.8025	2311.11	1220.1	0.0	0.0	1155.555
los	None	dead	0.0	0.0	0.0	0.0	0.0	0.0	0.0	0.0
hgt	None	dead	0.0	0.0	0.0	0.0	0.0	0.0	0.0	0.0
hgt	1068	GCA.002428295.1.Bacteria.Caldisericota	1488.73	0.0	744.365	1829.99	1147.47	0.0	0.0	914.995
los	None	dead	0.0	0.0	0.0	0.0	0.0	0.0	0.0	0.0
hgt	None	dead	0.0	0.0	0.0	0.0	0.0	0.0	0.0	0.0
spe	1728	1727	0.0	3922.83	1961.415	0.0	0.0	4279.81	3565.85	1782.925
spe	1727	1726	3922.83	3874.525	3898.6775	4279.81	3565.85	4213.25	3535.8	3907.805
spe	1726	1094	3874.525	3784.185	3829.355	4213.25	3535.8	4116.28	3452.09	3832.67
spe	1094	1093	3784.185	3252.63	3518.4075	4116.28	3452.09	3717.03	2788.23	3452.255
los	1093	1055	3252.63	2857.665	3055.1475	3717.03	2788.23	3366.33	2349.0	3033.015
spe	1093	1092	3252.63	2976.645	3114.6375	3717.03	2788.23	3379.5	2573.79	3145.41
los	1092	1091	2976.645	2844.735	2910.69	3379.5	2573.79	3214.63	2474.84	2927.17
spe	1092	1058	2976.645	1931.1	2453.8725	3379.5	2573.79	2676.3	1185.9	2282.7
los	1058	GCA.001443005.1.Bacteria.Synergistota	1931.1	0.0	965.55	2676.3	1185.9	0.0	0.0	1338.15
spe	1094	1048	3784.185	3607.975	3696.08	4116.28	3452.09	3913.75	3302.2	3709.24
los	1048	278	3607.975	3314.9	3461.4375	3913.75	3302.2	3672.04	2957.76	3435.755
spe	1048	1047	3607.975	3589.185	3598.58	3913.75	3302.2	3892.18	3286.19	3599.97
los	1047	365	3589.185	3304.24	3446.7125	3892.18	3286.19	3615.9	2992.58	3442.38
spe	1047	1046	3589.185	3513.075	3551.13	3892.18	3286.19	3806.64	3219.51	3555.845
los	1046	902	3513.075	3405.845	3459.46	3806.64	3219.51	3689.17	3122.52	3464.58
spe	1046	1045	3513.075	3138.485	3325.78	3806.64	3219.51	3454.21	2822.76	3314.7
spe	1045	1044	3138.485	2889.865	3014.175	3454.21	2822.76	3174.72	2605.01	3029.61
hgt	None	dead	0.0	0.0	0.0	0.0	0.0	0.0	0.0	0.0
los	1044	936	2889.865	2638.5	2764.1825	3174.72	2605.01	2969.51	2307.49	2741.105
hgt	669	GCA.002335385.1.Bacteria.Acidobacteriota	1665.14	0.0	832.57	2042.02	1288.26	0.0	0.0	1021.01
los	None	dead	0.0	0.0	0.0	0.0	0.0	0.0	0.0	0.0
spe	1044	1043	2889.865	2806.545	2848.205	3174.72	2605.01	3085.33	2527.76	2851.24
spe	1043	1011	2806.545	2645.585	2726.065	3085.33	2527.76	2910.16	2381.01	2733.17
los	1011	1010	2645.585	2376.435	2511.01	2910.16	2381.01	2685.42	2067.45	2488.805
spe	1011	997	2645.585	2454.92	2550.2525	2910.16	2381.01	2702.48	2207.36	2558.76
los	997	996	2454.92	2366.93	2410.925	2702.48	2207.36	2607.93	2125.93	2414.205
spe	997	941	2454.92	2102.37	2278.645	2702.48	2207.36	2487.46	1717.28	2209.88
los	941	940	2102.37	1607.495	1854.9325	2487.46	1717.28	2043.23	1171.76	1829.61
spe	1043	1042	2806.545	2551.86	2679.2025	3085.33	2527.76	2892.03	2211.69	2648.51
los	1042	1041	2551.86	2350.395	2451.1275	2892.03	2211.69	2705.43	1995.36	2443.695
spe	1042	1022	2551.86	2284.79	2418.325	2892.03	2211.69	2645.56	1924.02	2408.025
los	1022	1021	2284.79	1900.685	2092.7375	2645.56	1924.02	2296.58	1504.79	2075.175
spe	1022	1016	2284.79	2032.895	2158.8425	2645.56	1924.02	2432.67	1633.12	2139.34
los	1016	1015	2032.895	1675.44	1854.1675	2432.67	1633.12	2099.78	1251.1	1841.885
spe	1045	921	3138.485	2815.65	2977.0675	3454.21	2822.76	3203.24	2428.06	2941.135
spe	921	905	2815.65	1765.605	2290.6275	3203.24	2428.06	2311.11	1220.1	2211.67
los	905	GCA.001577135.1.Bacteria.Cloacimonadota	1765.605	0.0	882.8025	2311.11	1220.1	0.0	0.0	1155.555
hgt	None	dead	0.0	0.0	0.0	0.0	0.0	0.0	0.0	0.0
hgt	65	GCA.001595885.1.Archaea.Thermoplasmatota	1261.09	0.0	630.545	1500.52	1021.66	0.0	0.0	750.26
los	None	dead	0.0	0.0	0.0	0.0	0.0	0.0	0.0	0.0
hgt	None	dead	0.0	0.0	0.0	0.0	0.0	0.0	0.0	0.0
los	921	920	2815.65	2705.935	2760.7925	3203.24	2428.06	3101.62	2310.25	2756.745
hgt	53	52	1580.44	1320.27	1450.355	1846.71	1314.17	1581.03	1059.51	1453.11
los	None	dead	0.0	0.0	0.0	0.0	0.0	0.0	0.0	0.0
spe	53	52	1580.44	1320.27	1450.355	1846.71	1314.17	1581.03	1059.51	1453.11
hgt	None	dead	0.0	0.0	0.0	0.0	0.0	0.0	0.0	0.0
hgt	1029	GCA.001777915.1.Bacteria.Edwardsbacteria	1661.26	0.0	830.63	2081.07	1241.45	0.0	0.0	1040.535
los	None	dead	0.0	0.0	0.0	0.0	0.0	0.0	0.0	0.0
hgt	None	dead	0.0	0.0	0.0	0.0	0.0	0.0	0.0	0.0
los	1726	1725	3874.525	3797.605	3836.065	4213.25	3535.8	4126.01	3469.2	3841.225
hgt	674	GCA.002298155.1.Bacteria.Acidobacteriota	1626.005	0.0	813.0025	2061.09	1190.92	0.0	0.0	1030.545
los	None	dead	0.0	0.0	0.0	0.0	0.0	0.0	0.0	0.0
spe	1727	189	3922.83	3225.865	3574.3475	4279.81	3565.85	3925.85	2525.88	3402.845
spe	189	185	3225.865	3017.615	3121.74	3925.85	2525.88	3697.2	2338.03	3131.94
hgt	None	dead	0.0	0.0	0.0	0.0	0.0	0.0	0.0	0.0
hgt	1307	GCA.000987045.1.Bacteria.Firmicutes.B	1451.1	0.0	725.55	1682.57	1219.63	0.0	0.0	841.285
los	None	dead	0.0	0.0	0.0	0.0	0.0	0.0	0.0	0.0
hgt	None	dead	0.0	0.0	0.0	0.0	0.0	0.0	0.0	0.0
los	185	183	3017.615	2699.305	2858.46	3697.2	2338.03	3359.33	2039.28	2868.24
hgt	1476	1454	2416.915	1996.555	2206.735	2708.83	2125.0	2245.89	1747.22	2228.025
los	None	dead	0.0	0.0	0.0	0.0	0.0	0.0	0.0	0.0
spe	1476	1454	2416.915	1996.555	2206.735	2708.83	2125.0	2245.89	1747.22	2228.025
spe	1454	1453	1996.555	1862.655	1929.605	2245.89	1747.22	2140.61	1584.7	1915.295
los	1453	1449	1862.655	1589.82	1726.2375	2140.61	1584.7	1942.5	1237.14	1688.875
spe	1453	1452	1862.655	1430.125	1646.39	2140.61	1584.7	1777.81	1082.44	1611.525
los	1452	GCA.002423325.1.Bacteria.Chloroflexota	1430.125	0.0	715.0625	1777.81	1082.44	0.0	0.0	888.905
spe	1454	1446	1996.555	1803.385	1899.97	2245.89	1747.22	2040.01	1566.76	1906.325
los	1446	1440	1803.385	1679.715	1741.55	2040.01	1566.76	1908.42	1451.01	1745.51
spe	1446	1445	1803.385	1577.91	1690.6475	2040.01	1566.76	1848.3	1307.52	1673.765
los	1445	GCA.003130875.1.Bacteria.Chloroflexota	1577.91	0.0	788.955	1848.3	1307.52	0.0	0.0	924.15
spe	1445	1444	1577.91	1386.06	1481.985	1848.3	1307.52	1673.58	1098.54	1473.42
los	1444	GCA.003451595.1.Bacteria.Chloroflexota	1386.06	0.0	693.03	1673.58	1098.54	0.0	0.0	836.79
hgt	None	dead	0.0	0.0	0.0	0.0	0.0	0.0	0.0	0.0
los	189	188	3225.865	2641.665	2933.765	3925.85	2525.88	3499.21	1784.12	2854.985
hgt	1274	1240	2255.985	1697.815	1976.9	2515.29	1996.68	2230.68	1164.95	1840.12
los	None	dead	0.0	0.0	0.0	0.0	0.0	0.0	0.0	0.0
spe	1274	1240	2255.985	1697.815	1976.9	2515.29	1996.68	2230.68	1164.95	1840.12
hgt	1271	1259	1755.96	1686.58	1721.27	1960.31	1551.61	1885.7	1487.46	1723.885
hgt	1300	GCF.000620305.1.Bacteria.Firmicutes.B	1333.34	0.0	666.67	1595.67	1071.01	0.0	0.0	797.835
hgt	1333	GCA.002423965.1.Bacteria.Firmicutes.D	1678.19	0.0	839.095	2199.0	1157.38	0.0	0.0	1099.5
spe	1271	1259	1755.96	1686.58	1721.27	1960.31	1551.61	1885.7	1487.46	1723.885
spe	1259	1258	1686.58	1451.145	1568.8625	1885.7	1487.46	1683.97	1218.32	1552.01
los	1258	1257	1451.145	1285.645	1368.395	1683.97	1218.32	1517.55	1053.74	1368.855
spe	1259	1253	1686.58	1548.89	1617.735	1885.7	1487.46	1763.54	1334.24	1609.97
hgt	1322	GCA.000961765.1.Bacteria.Firmicutes.B	1384.555	0.0	692.2775	1682.41	1086.7	0.0	0.0	841.205
los	1253	GCF.900142265.1.Bacteria.Firmicutes.A	1548.89	0.0	774.445	1763.54	1334.24	0.0	0.0	881.77
spe	1253	1252	1548.89	1387.715	1468.3025	1763.54	1334.24	1606.53	1168.9	1466.22
los	1252	1251	1387.715	1206.9915	1297.35325	1606.53	1168.9	1436.79	977.193	1291.8615
dup	None	dead	0.0	0.0	0.0	0.0	0.0	0.0	0.0	0.0
hgt	1438	GCA.002841995.1.Bacteria.Chloroflexota	1317.205	0.0	658.6025	1528.24	1106.17	0.0	0.0	764.12
los	None	dead	0.0	0.0	0.0	0.0	0.0	0.0	0.0	0.0
hgt	857	GCA.002010915.1.Bacteria.Desulfobacterota	1680.31	0.0	840.155	2026.99	1333.63	0.0	0.0	1013.495
los	None	dead	0.0	0.0	0.0	0.0	0.0	0.0	0.0	0.0
dup	None	dead	0.0	0.0	0.0	0.0	0.0	0.0	0.0	0.0
hgt	686	GCA.002451015.1.Bacteria.Acidobacteriota	1587.93	0.0	793.965	1852.98	1322.88	0.0	0.0	926.49
los	None	dead	0.0	0.0	0.0	0.0	0.0	0.0	0.0	0.0
hgt	888	887	2336.71	2137.8	2237.255	2614.71	2058.71	2389.64	1885.96	2250.335
los	None	dead	0.0	0.0	0.0	0.0	0.0	0.0	0.0	0.0
spe	888	887	2336.71	2137.8	2237.255	2614.71	2058.71	2389.64	1885.96	2250.335
spe	887	886	2137.8	1905.655	2021.7275	2389.64	1885.96	2131.89	1679.42	2034.53
los	886	874	1905.655	1792.455	1849.055	2131.89	1679.42	2028.47	1556.44	1844.165
spe	886	885	1905.655	1770.19	1837.9225	2131.89	1679.42	2001.88	1538.5	1835.195
los	885	884	1770.19	1647.595	1708.8925	2001.88	1538.5	1883.47	1411.72	1706.8
spe	885	877	1770.19	1616.13	1693.16	2001.88	1538.5	1882.89	1349.37	1675.625
los	877	GCF.000620765.1.Bacteria.Desulfobacterota.I	1616.13	0.0	808.065	1882.89	1349.37	0.0	0.0	941.445
spe	887	863	2137.8	1855.945	1996.8725	2389.64	1885.96	2157.72	1554.17	1971.905
los	863	862	1855.945	1513.555	1684.75	2157.72	1554.17	1819.77	1207.34	1682.53
spe	863	857	1855.945	1680.31	1768.1275	2157.72	1554.17	2026.99	1333.63	1745.675
los	857	GCA.002010915.1.Bacteria.Desulfobacterota	1680.31	0.0	840.155	2026.99	1333.63	0.0	0.0	1013.495
spe	1728	1727	0.0	3922.83	1961.415	0.0	0.0	4279.81	3565.85	1782.925
hgt	None	dead	0.0	0.0	0.0	0.0	0.0	0.0	0.0	0.0
hgt	133	GCA.000405685.1.Archaea.Thermoproteota	1484.13	0.0	742.065	1802.63	1165.63	0.0	0.0	901.315
los	None	dead	0.0	0.0	0.0	0.0	0.0	0.0	0.0	0.0
spe	1727	1726	3922.83	3874.525	3898.6775	4279.81	3565.85	4213.25	3535.8	3907.805
spe	1726	1725	3874.525	3797.605	3836.065	4213.25	3535.8	4126.01	3469.2	3841.225
los	1725	1724	3797.605	3674.455	3736.03	4126.01	3469.2	3987.9	3361.01	3743.51
spe	1725	1393	3797.605	3319.26	3558.4325	4126.01	3469.2	3693.81	2944.71	3535.36
los	1393	1129	3319.26	2723.85	3021.555	3693.81	2944.71	3115.19	2332.51	3013.16
spe	1393	1392	3319.26	3133.075	3226.1675	3693.81	2944.71	3469.76	2796.39	3245.1
los	1392	1188	3133.075	2752.47	2942.7725	3469.76	2796.39	3058.53	2446.41	2958.085
spe	1392	1391	3133.075	2803.98	2968.5275	3469.76	2796.39	3089.33	2518.63	2994.195
spe	1391	1211	2803.98	2064.13	2434.055	3089.33	2518.63	2431.02	1697.24	2393.285
los	1211	1199	2064.13	1800.4	1932.265	2431.02	1697.24	2108.72	1492.08	1961.55
spe	1211	1210	2064.13	1896.845	1980.4875	2431.02	1697.24	2224.85	1568.84	1999.93
los	1210	1204	1896.845	1695.79	1796.3175	2224.85	1568.84	2024.41	1367.17	1796.01
spe	1210	1209	1896.845	1584.4	1740.6225	2224.85	1568.84	1929.85	1238.95	1731.9
los	1209	1208	1584.4	1446.125	1515.2625	1929.85	1238.95	1790.14	1102.11	1515.98
spe	1391	1390	2803.98	2692.555	2748.2675	3089.33	2518.63	2961.03	2424.08	2756.705
spe	1390	1389	2692.555	2619.07	2655.8125	2961.03	2424.08	2879.48	2358.66	2659.845
spe	1389	1237	2619.07	2011.28	2315.175	2879.48	2358.66	2328.85	1693.71	2286.595
los	1237	1221	2011.28	1546.995	1779.1375	2328.85	1693.71	1982.53	1111.46	1720.155
spe	1237	1236	2011.28	1872.885	1942.0825	2328.85	1693.71	2166.17	1579.6	1954.225
los	1236	1228	1872.885	1712.115	1792.5	2166.17	1579.6	2011.29	1412.94	1789.555
spe	1236	1235	1872.885	1667.965	1770.425	2166.17	1579.6	1952.79	1383.14	1774.655
spe	1235	1234	1667.965	1465.43	1566.6975	1952.79	1383.14	1741.67	1189.19	1570.99
hgt	1221	GCA.002375895.1.Bacteria.Firmicutes.E	1546.995	0.0	773.4975	1982.53	1111.46	0.0	0.0	991.265
spe	1234	1233	1465.43	1196.4	1330.915	1741.67	1189.19	1500.76	892.04	1316.855
spe	1389	1388	2619.07	2495.045	2557.0575	2879.48	2358.66	2745.25	2244.84	2562.16
hgt	None	dead	0.0	0.0	0.0	0.0	0.0	0.0	0.0	0.0
los	1388	1274	2495.045	2255.985	2375.515	2745.25	2244.84	2515.29	1996.68	2370.965
hgt	1211	1210	2064.13	1896.845	1980.4875	2431.02	1697.24	2224.85	1568.84	1999.93
los	None	dead	0.0	0.0	0.0	0.0	0.0	0.0	0.0	0.0
spe	1211	1210	2064.13	1896.845	1980.4875	2431.02	1697.24	2224.85	1568.84	1999.93
spe	1210	1209	1896.845	1584.4	1740.6225	2224.85	1568.84	1929.85	1238.95	1731.9
los	1209	GCA.002452295.1.Bacteria.Firmicutes.G	1584.4	0.0	792.2	1929.85	1238.95	0.0	0.0	964.925
spe	1209	1208	1584.4	1446.125	1515.2625	1929.85	1238.95	1790.14	1102.11	1515.98
los	1208	GCA.900016865.1.Bacteria.Firmicutes.G	1446.125	0.0	723.0625	1790.14	1102.11	0.0	0.0	895.07
spe	1210	1204	1896.845	1695.79	1796.3175	2224.85	1568.84	2024.41	1367.17	1796.01
los	1204	GCA.002426645.1.Bacteria.Firmicutes.G	1695.79	0.0	847.895	2024.41	1367.17	0.0	0.0	1012.205
spe	1204	1203	1695.79	1335.97	1515.88	2024.41	1367.17	1646.81	1025.13	1524.77
los	1203	GCA.002409975.1.Bacteria.Firmicutes.G	1335.97	0.0	667.985	1646.81	1025.13	0.0	0.0	823.405
spe	1388	1387	2495.045	2426.135	2460.59	2745.25	2244.84	2669.8	2182.47	2463.86
los	1387	1386	2426.135	2312.805	2369.47	2669.8	2182.47	2552.07	2073.54	2371.67
spe	1387	1327	2426.135	2263.0	2344.5675	2669.8	2182.47	2518.47	2007.53	2338.665
spe	1327	1289	2263.0	1989.36	2126.18	2518.47	2007.53	2274.49	1704.23	2111.35
los	1289	1288	1989.36	1620.075	1804.7175	2274.49	1704.23	1888.5	1351.65	1813.07
spe	1327	1326	2263.0	2039.05	2151.025	2518.47	2007.53	2290.01	1788.09	2153.28
los	1326	1292	2039.05	1516.66	1777.855	2290.01	1788.09	1936.55	1096.77	1693.39
spe	1326	1325	2039.05	1862.485	1950.7675	2290.01	1788.09	2083.02	1641.95	1965.98
los	1325	1297	1862.485	1576.575	1719.53	2083.02	1641.95	1886.7	1266.45	1674.735
spe	1325	1324	1862.485	1779.53	1821.0075	2083.02	1641.95	1989.46	1569.6	1826.31
los	1324	1323	1779.53	1708.06	1743.795	1989.46	1569.6	1917.5	1498.62	1744.04
spe	1324	1308	1779.53	1606.55	1693.04	1989.46	1569.6	1832.18	1380.92	1685.19
los	1308	1307	1606.55	1451.1	1528.825	1832.18	1380.92	1682.57	1219.63	1525.905
spe	1308	1300	1606.55	1333.34	1469.945	1832.18	1380.92	1595.67	1071.01	1451.595
los	1300	GCA.002418765.1.Bacteria.Firmicutes.B	1333.34	0.0	666.67	1595.67	1071.01	0.0	0.0	797.835
hgt	None	dead	0.0	0.0	0.0	0.0	0.0	0.0	0.0	0.0
hgt	1667	GCA.003503675.1.Bacteria.Cyanobacteria	2112.65	0.0	1056.325	2842.8	1382.5	0.0	0.0	1421.4
los	None	dead	0.0	0.0	0.0	0.0	0.0	0.0	0.0	0.0
hgt	None	dead	0.0	0.0	0.0	0.0	0.0	0.0	0.0	0.0
los	1390	1218	2692.555	2397.09	2544.8225	2961.03	2424.08	2801.39	1992.79	2476.91
hgt	1312	GCF.002607855.1.Bacteria.Firmicutes.B	1284.875	0.0	642.4375	1547.99	1021.76	0.0	0.0	773.995
los	None	dead	0.0	0.0	0.0	0.0	0.0	0.0	0.0	0.0
spe	1726	1094	3874.525	3784.185	3829.355	4213.25	3535.8	4116.28	3452.09	3832.67
hgt	None	dead	0.0	0.0	0.0	0.0	0.0	0.0	0.0	0.0
los	1094	1048	3784.185	3607.975	3696.08	4116.28	3452.09	3913.75	3302.2	3709.24
hgt	1004	GCA.001775395.1.Bacteria.Zixibacteria	1319.595	0.0	659.7975	1615.1	1024.09	0.0	0.0	807.55
los	None	dead	0.0	0.0	0.0	0.0	0.0	0.0	0.0	0.0
spe	1094	1093	3784.185	3252.63	3518.4075	4116.28	3452.09	3717.03	2788.23	3452.255
spe	1093	1092	3252.63	2976.645	3114.6375	3717.03	2788.23	3379.5	2573.79	3145.41
los	1092	1091	2976.645	2844.735	2910.69	3379.5	2573.79	3214.63	2474.84	2927.17
spe	1092	1058	2976.645	1931.1	2453.8725	3379.5	2573.79	2676.3	1185.9	2282.7
los	1058	GCF.000233775.1.Bacteria.Synergistota	1931.1	0.0	965.55	2676.3	1185.9	0.0	0.0	1338.15
hgt	None	dead	0.0	0.0	0.0	0.0	0.0	0.0	0.0	0.0
los	1093	1055	3252.63	2857.665	3055.1475	3717.03	2788.23	3366.33	2349.0	3033.015
hgt	1449	GCA.002366595.1.Bacteria.Chloroflexota	1589.82	0.0	794.91	1942.5	1237.14	0.0	0.0	971.25
los	None	dead	0.0	0.0	0.0	0.0	0.0	0.0	0.0	0.0
dup	1449	GCA.002366595.1.Bacteria.Chloroflexota	1589.82	0.0	794.91	1942.5	1237.14	0.0	0.0	971.25
hgt	None	dead	0.0	0.0	0.0	0.0	0.0	0.0	0.0	0.0
hgt	118	GCA.001593855.1.Archaea.Thermoproteota	1643.115	0.0	821.5575	1910.17	1376.06	0.0	0.0	955.085
los	None	dead	0.0	0.0	0.0	0.0	0.0	0.0	0.0	0.0
hgt	None	dead	0.0	0.0	0.0	0.0	0.0	0.0	0.0	0.0
los	1727	189	3922.83	3225.865	3574.3475	4279.81	3565.85	3925.85	2525.88	3402.845
hgt	898	897	2864.305	2785.14	2824.7225	3119.95	2608.66	3031.51	2538.77	2829.36
los	None	dead	0.0	0.0	0.0	0.0	0.0	0.0	0.0	0.0
spe	898	897	2864.305	2785.14	2824.7225	3119.95	2608.66	3031.51	2538.77	2829.36
spe	897	896	2785.14	2307.21	2546.175	3031.51	2538.77	2775.78	1838.64	2435.075
los	896	892	2307.21	1770.59	2038.9	2775.78	1838.64	2290.19	1250.99	2013.385
spe	896	895	2307.21	1810.42	2058.815	2775.78	1838.64	2358.35	1262.49	2019.135
los	895	GCA.000739515.1.Bacteria.Moduliflexota	1810.42	0.0	905.21	2358.35	1262.49	0.0	0.0	1179.175
spe	897	889	2785.14	2616.235	2700.6875	3031.51	2538.77	2841.39	2391.08	2711.295
spe	889	843	2616.235	2520.86	2568.5475	2841.39	2391.08	2742.85	2298.87	2570.13
los	843	783	2520.86	2397.91	2459.385	2742.85	2298.87	2628.44	2167.38	2455.115
spe	843	842	2520.86	2419.635	2470.2475	2742.85	2298.87	2639.73	2199.54	2471.195
los	842	798	2419.635	2124.995	2272.315	2639.73	2199.54	2377.41	1872.58	2256.155
spe	842	841	2419.635	2325.31	2372.4725	2639.73	2199.54	2547.32	2103.3	2371.515
los	841	840	2325.31	2147.98	2236.645	2547.32	2103.3	2361.31	1934.65	2240.985
spe	841	801	2325.31	1810.17	2067.74	2547.32	2103.3	2217.42	1402.92	1975.12
los	801	GCA.002328485.1.Bacteria.Desulfobacterota.G	1810.17	0.0	905.085	2217.42	1402.92	0.0	0.0	1108.71
spe	889	888	2616.235	2336.71	2476.4725	2841.39	2391.08	2614.71	2058.71	2450.05
los	888	854	2336.71	2075.68	2206.195	2614.71	2058.71	2396.33	1755.03	2184.87
spe	888	887	2336.71	2137.8	2237.255	2614.71	2058.71	2389.64	1885.96	2250.335
los	887	886	2137.8	1905.655	2021.7275	2389.64	1885.96	2131.89	1679.42	2034.53
spe	887	863	2137.8	1855.945	1996.8725	2389.64	1885.96	2157.72	1554.17	1971.905
los	863	857	1855.945	1680.31	1768.1275	2157.72	1554.17	2026.99	1333.63	1745.675
spe	863	862	1855.945	1513.555	1684.75	2157.72	1554.17	1819.77	1207.34	1682.53
los	862	GCA.002782605.1.Bacteria.Desulfobacterota	1513.555	0.0	756.7775	1819.77	1207.34	0.0	0.0	909.885
spe	862	861	1513.555	1399.46	1456.5075	1819.77	1207.34	1712.04	1086.88	1453.325
los	861	GCA.001304105.1.Bacteria.Desulfobacterota	1399.46	0.0	699.73	1712.04	1086.88	0.0	0.0	856.02
dup	None	dead	0.0	0.0	0.0	0.0	0.0	0.0	0.0	0.0
hgt	902	901	3405.845	3300.53	3353.1875	3689.17	3122.52	3575.42	3025.64	3357.405
los	None	dead	0.0	0.0	0.0	0.0	0.0	0.0	0.0	0.0
spe	902	901	3405.845	3300.53	3353.1875	3689.17	3122.52	3575.42	3025.64	3357.405
spe	901	663	3300.53	3210.05	3255.29	3575.42	3025.64	3476.56	2943.54	3259.48
los	663	662	3210.05	3126.015	3168.0325	3476.56	2943.54	3383.83	2868.2	3172.38
spe	663	397	3210.05	2713.19	2961.62	3476.56	2943.54	3215.27	2211.11	2843.835
los	397	396	2713.19	2315.495	2514.3425	3215.27	2211.11	2856.45	1774.54	2494.905
spe	901	900	3300.53	3098.985	3199.7575	3575.42	3025.64	3380.82	2817.15	3196.285
spe	900	899	3098.985	2936.525	3017.755	3380.82	2817.15	3198.27	2674.78	3027.8
los	899	743	2936.525	2681.09	2808.8075	3198.27	2674.78	3020.99	2341.19	2769.73
spe	899	898	2936.525	2864.305	2900.415	3198.27	2674.78	3119.95	2608.66	2903.465
spe	898	756	2864.305	2320.99	2592.6475	3119.95	2608.66	2718.41	1923.57	2521.76
hgt	None	dead	0.0	0.0	0.0	0.0	0.0	0.0	0.0	0.0
hgt	888	887	2336.71	2137.8	2237.255	2614.71	2058.71	2389.64	1885.96	2250.335
spe	756	754	2320.99	2042.42	2181.705	2718.41	1923.57	2408.05	1676.79	2197.6
los	754	746	2042.42	1667.435	1854.9275	2408.05	1676.79	2098.35	1236.52	1822.285
spe	754	753	2042.42	1778.33	1910.375	2408.05	1676.79	2125.97	1430.69	1919.37
los	753	751	1778.33	1613.625	1695.9775	2125.97	1430.69	1945.94	1281.31	1703.64
spe	888	887	2336.71	2137.8	2237.255	2614.71	2058.71	2389.64	1885.96	2250.335
spe	887	863	2137.8	1855.945	1996.8725	2389.64	1885.96	2157.72	1554.17	1971.905
los	863	862	1855.945	1513.555	1684.75	2157.72	1554.17	1819.77	1207.34	1682.53
spe	863	857	1855.945	1680.31	1768.1275	2157.72	1554.17	2026.99	1333.63	1745.675
los	857	GCA.002010915.1.Bacteria.Desulfobacterota	1680.31	0.0	840.155	2026.99	1333.63	0.0	0.0	1013.495
spe	887	886	2137.8	1905.655	2021.7275	2389.64	1885.96	2131.89	1679.42	2034.53
hgt	None	dead	0.0	0.0	0.0	0.0	0.0	0.0	0.0	0.0
los	886	874	1905.655	1792.455	1849.055	2131.89	1679.42	2028.47	1556.44	1844.165
hgt	1425	GCA.003229915.1.Bacteria.Chloroflexota	1783.375	0.0	891.6875	2059.01	1507.74	0.0	0.0	1029.505
los	None	dead	0.0	0.0	0.0	0.0	0.0	0.0	0.0	0.0
spe	886	885	1905.655	1770.19	1837.9225	2131.89	1679.42	2001.88	1538.5	1835.195
los	885	884	1770.19	1647.595	1708.8925	2001.88	1538.5	1883.47	1411.72	1706.8
spe	885	877	1770.19	1616.13	1693.16	2001.88	1538.5	1882.89	1349.37	1675.625
los	877	GCF.000620765.1.Bacteria.Desulfobacterota.I	1616.13	0.0	808.065	1882.89	1349.37	0.0	0.0	941.445
hgt	873	871	1600.675	1358.76	1479.7175	1876.83	1324.52	1643.54	1073.98	1475.405
los	None	dead	0.0	0.0	0.0	0.0	0.0	0.0	0.0	0.0
spe	873	871	1600.675	1358.76	1479.7175	1876.83	1324.52	1643.54	1073.98	1475.405
spe	898	897	2864.305	2785.14	2824.7225	3119.95	2608.66	3031.51	2538.77	2829.36
hgt	None	dead	0.0	0.0	0.0	0.0	0.0	0.0	0.0	0.0
hgt	1296	GCA.001513545.1.Bacteria.Firmicutes.B	1436.52	0.0	718.26	1763.25	1109.79	0.0	0.0	881.625
los	None	dead	0.0	0.0	0.0	0.0	0.0	0.0	0.0	0.0
hgt	1476	1454	2416.915	1996.555	2206.735	2708.83	2125.0	2245.89	1747.22	2228.025
los	897	896	2785.14	2307.21	2546.175	3031.51	2538.77	2775.78	1838.64	2435.075
spe	1476	1454	2416.915	1996.555	2206.735	2708.83	2125.0	2245.89	1747.22	2228.025
spe	1454	1453	1996.555	1862.655	1929.605	2245.89	1747.22	2140.61	1584.7	1915.295
los	1453	1449	1862.655	1589.82	1726.2375	2140.61	1584.7	1942.5	1237.14	1688.875
spe	1453	1452	1862.655	1430.125	1646.39	2140.61	1584.7	1777.81	1082.44	1611.525
los	1452	GCA.002348045.1.Bacteria.Chloroflexota	1430.125	0.0	715.0625	1777.81	1082.44	0.0	0.0	888.905
spe	1454	1446	1996.555	1803.385	1899.97	2245.89	1747.22	2040.01	1566.76	1906.325
spe	1446	1445	1803.385	1577.91	1690.6475	2040.01	1566.76	1848.3	1307.52	1673.765
los	1445	1444	1577.91	1386.06	1481.985	1848.3	1307.52	1673.58	1098.54	1473.42
hgt	113	GCA.001593865.1.Archaea.Thermoproteota	1643.05	0.0	821.525	2015.58	1270.52	0.0	0.0	1007.79
los	1446	1440	1803.385	1679.715	1741.55	2040.01	1566.76	1908.42	1451.01	1745.51
spe	897	889	2785.14	2616.235	2700.6875	3031.51	2538.77	2841.39	2391.08	2711.295
hgt	None	dead	0.0	0.0	0.0	0.0	0.0	0.0	0.0	0.0
los	889	843	2616.235	2520.86	2568.5475	2841.39	2391.08	2742.85	2298.87	2570.13
hgt	686	GCA.002451015.1.Bacteria.Acidobacteriota	1587.93	0.0	793.965	1852.98	1322.88	0.0	0.0	926.49
los	None	dead	0.0	0.0	0.0	0.0	0.0	0.0	0.0	0.0
spe	889	888	2616.235	2336.71	2476.4725	2841.39	2391.08	2614.71	2058.71	2450.05
spe	888	887	2336.71	2137.8	2237.255	2614.71	2058.71	2389.64	1885.96	2250.335
los	887	886	2137.8	1905.655	2021.7275	2389.64	1885.96	2131.89	1679.42	2034.53
spe	887	863	2137.8	1855.945	1996.8725	2389.64	1885.96	2157.72	1554.17	1971.905
los	863	862	1855.945	1513.555	1684.75	2157.72	1554.17	1819.77	1207.34	1682.53
spe	863	857	1855.945	1680.31	1768.1275	2157.72	1554.17	2026.99	1333.63	1745.675
los	857	GCA.002010915.1.Bacteria.Desulfobacterota	1680.31	0.0	840.155	2026.99	1333.63	0.0	0.0	1013.495
hgt	None	dead	0.0	0.0	0.0	0.0	0.0	0.0	0.0	0.0
los	888	854	2336.71	2075.68	2206.195	2614.71	2058.71	2396.33	1755.03	2184.87
hgt	1191	GCA.002408345.1.Bacteria.Firmicutes.G	1478.59	0.0	739.295	1834.53	1122.65	0.0	0.0	917.265
los	None	dead	0.0	0.0	0.0	0.0	0.0	0.0	0.0	0.0
dup	1191	GCA.002408345.1.Bacteria.Firmicutes.G	1478.59	0.0	739.295	1834.53	1122.65	0.0	0.0	917.265
dup	1191	GCA.002408345.1.Bacteria.Firmicutes.G	1478.59	0.0	739.295	1834.53	1122.65	0.0	0.0	917.265
hgt	91	GCA.003034855.1.Archaea.Halobacteriota	2166.265	0.0	1083.1325	2401.72	1930.81	0.0	0.0	1200.86
hgt	1216	GCF.000020005.1.Bacteria.Firmicutes.D	1902.285	0.0	951.1425	2352.8	1451.77	0.0	0.0	1176.4
hgt	None	dead	0.0	0.0	0.0	0.0	0.0	0.0	0.0	0.0
hgt	1453	1449	1862.655	1589.82	1726.2375	2140.61	1584.7	1942.5	1237.14	1688.875
los	None	dead	0.0	0.0	0.0	0.0	0.0	0.0	0.0	0.0
spe	1453	1449	1862.655	1589.82	1726.2375	2140.61	1584.7	1942.5	1237.14	1688.875
hgt	118	116	1643.115	1108.5585	1375.83675	1910.17	1376.06	1411.12	805.997	1358.0835
hgt	1322	GCA.000961765.1.Bacteria.Firmicutes.B	1384.555	0.0	692.2775	1682.41	1086.7	0.0	0.0	841.205
hgt	1307	GCA.000987045.1.Bacteria.Firmicutes.B	1451.1	0.0	725.55	1682.57	1219.63	0.0	0.0	841.285
hgt	99	GCF.000092185.1.Archaea.Thermoproteota	1356.82	0.0	678.41	1642.61	1071.03	0.0	0.0	821.305
hgt	113	GCA.001593865.1.Archaea.Thermoproteota	1643.05	0.0	821.525	2015.58	1270.52	0.0	0.0	1007.79
spe	118	116	1643.115	1108.5585	1375.83675	1910.17	1376.06	1411.12	805.997	1358.0835
dup	116	GCA.001774245.1.Archaea.Thermoproteota	1108.5585	0.0	554.27925	1411.12	805.997	0.0	0.0	705.56
dup	116	GCA.001774245.1.Archaea.Thermoproteota	1108.5585	0.0	554.27925	1411.12	805.997	0.0	0.0	705.56
hgt	38	GCF.002214485.1.Archaea.Methanobacteriota.B	1770.925	0.0	885.4625	2300.92	1240.93	0.0	0.0	1150.46
hgt	None	dead	0.0	0.0	0.0	0.0	0.0	0.0	0.0	0.0
hgt	877	GCA.001797675.1.Bacteria.Desulfobacterota	1616.13	0.0	808.065	1882.89	1349.37	0.0	0.0	941.445
los	None	dead	0.0	0.0	0.0	0.0	0.0	0.0	0.0	0.0
hgt	None	dead	0.0	0.0	0.0	0.0	0.0	0.0	0.0	0.0
los	900	716	3098.985	2659.235	2879.11	3380.82	2817.15	2943.59	2374.88	2877.85
hgt	1006	GCA.001302725.1.Bacteria.Zixibacteria	1512.585	0.0	756.2925	1814.55	1210.62	0.0	0.0	907.275
los	None	dead	0.0	0.0	0.0	0.0	0.0	0.0	0.0	0.0
dup	None	dead	0.0	0.0	0.0	0.0	0.0	0.0	0.0	0.0
hgt	121	GCA.001775995.1.Archaea.Thermoproteota	1422.225	0.0	711.1125	1736.27	1108.18	0.0	0.0	868.135
los	None	dead	0.0	0.0	0.0	0.0	0.0	0.0	0.0	0.0
dup	None	dead	0.0	0.0	0.0	0.0	0.0	0.0	0.0	0.0
hgt	133	GCA.000405685.1.Archaea.Thermoproteota	1484.13	0.0	742.065	1802.63	1165.63	0.0	0.0	901.315
los	None	dead	0.0	0.0	0.0	0.0	0.0	0.0	0.0	0.0
hgt	1233	GCA.002291985.1.Bacteria.Firmicutes.E	1196.4	0.0	598.2	1500.76	892.04	0.0	0.0	750.38
los	None	dead	0.0	0.0	0.0	0.0	0.0	0.0	0.0	0.0
spe	None	1728	0.0	0.0	0.0	0.0	0.0	0.0	0.0	0.0
spe	1728	180	0.0	3318.57	1659.285	0.0	0.0	3511.11	3126.03	1563.015
los	180	GCA.001889985.1.Archaea.Micrarchaeota	3318.57	0.0	1659.285	3511.11	3126.03	0.0	0.0	1755.555
spe	180	179	3318.57	3274.245	3296.4075	3511.11	3126.03	3465.96	3082.53	3296.82
spe	179	23	3274.245	3029.29	3151.7675	3465.96	3082.53	3285.29	2773.29	3119.625
los	23	22	3029.29	2804.24	2916.765	3285.29	2773.29	3089.45	2519.03	2902.16
spe	23	5	3029.29	2610.45	2819.87	3285.29	2773.29	3035.51	2185.39	2735.34
los	5	4	2610.45	2237.125	2423.7875	3035.51	2185.39	2740.64	1733.61	2384.56
spe	179	178	3274.245	3153.655	3213.95	3465.96	3082.53	3350.0	2957.31	3211.635
los	178	32	3153.655	2402.345	2778.0	3350.0	2957.31	2862.85	1941.84	2645.92
dup	178	177	3153.655	2975.235	3064.445	3350.0	2957.31	3172.02	2778.45	3064.225
spe	178	177	3153.655	2975.235	3064.445	3350.0	2957.31	3172.02	2778.45	3064.225
spe	177	176	2975.235	2798.9	2887.0675	3172.02	2778.45	2996.96	2600.84	2886.43
spe	176	175	2798.9	2653.515	2726.2075	2996.96	2600.84	2862.53	2444.5	2720.73
spe	175	143	2653.515	1902.65	2278.0825	2862.53	2444.5	2361.92	1443.38	2152.955
los	143	GCA.001940655.1.Archaea.Asgardarchaeota	1902.65	0.0	951.325	2361.92	1443.38	0.0	0.0	1180.96
spe	175	174	2653.515	2527.615	2590.565	2862.53	2444.5	2745.47	2309.76	2586.145
los	174	GCA.001940665.1.Archaea.Asgardarchaeota	2527.615	0.0	1263.8075	2745.47	2309.76	0.0	0.0	1372.735
spe	174	173	2527.615	2445.14	2486.3775	2745.47	2309.76	2664.86	2225.42	2485.445
los	173	172	2445.14	1813.355	2129.2475	2664.86	2225.42	2011.08	1615.63	2140.245
spe	173	151	2445.14	2127.23	2286.185	2664.86	2225.42	2411.78	1842.68	2253.77
spe	151	150	2127.23	1481.835	1804.5325	2411.78	1842.68	1840.51	1123.16	1767.47
los	150	GCA.001940645.1.Archaea.Asgardarchaeota	1481.835	0.0	740.9175	1840.51	1123.16	0.0	0.0	920.255
spe	151	147	2127.23	1579.1	1853.165	2411.78	1842.68	1962.45	1195.75	1803.765
los	147	GCA.001940725.1.Archaea.Asgardarchaeota	1579.1	0.0	789.55	1962.45	1195.75	0.0	0.0	981.225
spe	176	140	2798.9	2626.73	2712.815	2996.96	2600.84	2837.91	2415.55	2706.255
hgt	38	GCF.002214485.1.Archaea.Methanobacteriota.B	1770.925	0.0	885.4625	2300.92	1240.93	0.0	0.0	1150.46
los	140	GCF.000019605.1.Archaea.Thermoproteota	2626.73	0.0	1313.365	2837.91	2415.55	0.0	0.0	1418.955
spe	140	139	2626.73	2517.75	2572.24	2837.91	2415.55	2733.29	2302.21	2570.06
los	139	138	2517.75	2383.655	2450.7025	2733.29	2302.21	2607.35	2159.96	2446.625
spe	139	109	2517.75	2214.8	2366.275	2733.29	2302.21	2483.59	1946.01	2339.65
los	109	108	2214.8	1863.195	2038.9975	2483.59	1946.01	2170.45	1555.94	2019.765
spe	109	103	2214.8	1798.43	2006.615	2483.59	1946.01	2110.45	1486.41	1985.0
los	103	GCA.002254745.1.Archaea.Thermoproteota	1798.43	0.0	899.215	2110.45	1486.41	0.0	0.0	1055.225
spe	103	101	1798.43	1577.935	1688.1825	2110.45	1486.41	1881.51	1274.36	1692.405
los	101	GCF.000011205.1.Archaea.Thermoproteota	1577.935	0.0	788.9675	1881.51	1274.36	0.0	0.0	940.755
spe	101	99	1577.935	1356.82	1467.3775	1881.51	1274.36	1642.61	1071.03	1476.27
los	99	GCF.000092185.1.Archaea.Thermoproteota	1356.82	0.0	678.41	1642.61	1071.03	0.0	0.0	821.305
spe	177	95	2975.235	2751.94	2863.5875	3172.02	2778.45	2968.59	2535.29	2853.655
spe	95	39	2751.94	2176.73	2464.335	2968.59	2535.29	2662.29	1691.17	2329.88
los	39	35	2176.73	1886.455	2031.5925	2662.29	1691.17	2412.29	1360.62	2011.455
spe	39	38	2176.73	1770.925	1973.8275	2662.29	1691.17	2300.92	1240.93	1951.61
los	38	GCF.002214485.1.Archaea.Methanobacteriota.B	1770.925	0.0	885.4625	2300.92	1240.93	0.0	0.0	1150.46
hgt	None	dead	0.0	0.0	0.0	0.0	0.0	0.0	0.0	0.0
hgt	877	GCF.000620765.1.Bacteria.Desulfobacterota.I	1616.13	0.0	808.065	1882.89	1349.37	0.0	0.0	941.445
los	None	dead	0.0	0.0	0.0	0.0	0.0	0.0	0.0	0.0
hgt	None	dead	0.0	0.0	0.0	0.0	0.0	0.0	0.0	0.0
hgt	1216	GCF.000020005.1.Bacteria.Firmicutes.D	1902.285	0.0	951.1425	2352.8	1451.77	0.0	0.0	1176.4
los	None	dead	0.0	0.0	0.0	0.0	0.0	0.0	0.0	0.0
hgt	None	dead	0.0	0.0	0.0	0.0	0.0	0.0	0.0	0.0
los	95	94	2751.94	2705.465	2728.7025	2968.59	2535.29	2926.2	2484.73	2726.66
hgt	1326	1325	2039.05	1862.485	1950.7675	2290.01	1788.09	2083.02	1641.95	1965.98
los	None	dead	0.0	0.0	0.0	0.0	0.0	0.0	0.0	0.0
spe	1326	1325	2039.05	1862.485	1950.7675	2290.01	1788.09	2083.02	1641.95	1965.98
spe	1325	1324	1862.485	1779.53	1821.0075	2083.02	1641.95	1989.46	1569.6	1826.31
los	1324	1308	1779.53	1606.55	1693.04	1989.46	1569.6	1832.18	1380.92	1685.19
spe	1324	1323	1779.53	1708.06	1743.795	1989.46	1569.6	1917.5	1498.62	1744.04
los	1323	1319	1708.06	1607.725	1657.8925	1917.5	1498.62	1817.85	1397.6	1657.55
spe	1323	1322	1708.06	1384.555	1546.3075	1917.5	1498.62	1682.41	1086.7	1502.1
los	1322	GCA.001512665.1.Bacteria.Firmicutes.B	1384.555	0.0	692.2775	1682.41	1086.7	0.0	0.0	841.205
spe	1325	1297	1862.485	1576.575	1719.53	2083.02	1641.95	1886.7	1266.45	1674.735
los	1297	GCA.002329495.1.Bacteria.Firmicutes.B	1576.575	0.0	788.2875	1886.7	1266.45	0.0	0.0	943.35
spe	1297	1296	1576.575	1436.52	1506.5475	1886.7	1266.45	1763.25	1109.79	1498.245
los	1296	GCA.001513545.1.Bacteria.Firmicutes.B	1436.52	0.0	718.26	1763.25	1109.79	0.0	0.0	881.625
spe	178	177	3153.655	2975.235	3064.445	3350.0	2957.31	3172.02	2778.45	3064.225
spe	177	95	2975.235	2751.94	2863.5875	3172.02	2778.45	2968.59	2535.29	2853.655
spe	95	39	2751.94	2176.73	2464.335	2968.59	2535.29	2662.29	1691.17	2329.88
los	39	35	2176.73	1886.455	2031.5925	2662.29	1691.17	2412.29	1360.62	2011.455
spe	39	38	2176.73	1770.925	1973.8275	2662.29	1691.17	2300.92	1240.93	1951.61
los	38	GCF.002214485.1.Archaea.Methanobacteriota.B	1770.925	0.0	885.4625	2300.92	1240.93	0.0	0.0	1150.46
hgt	None	dead	0.0	0.0	0.0	0.0	0.0	0.0	0.0	0.0
los	95	94	2751.94	2705.465	2728.7025	2968.59	2535.29	2926.2	2484.73	2726.66
hgt	80	GCF.002114285.1.Archaea.Halobacteriota	1371.305	0.0	685.6525	1640.83	1101.78	0.0	0.0	820.415
los	None	dead	0.0	0.0	0.0	0.0	0.0	0.0	0.0	0.0
spe	177	176	2975.235	2798.9	2887.0675	3172.02	2778.45	2996.96	2600.84	2886.43
spe	176	175	2798.9	2653.515	2726.2075	2996.96	2600.84	2862.53	2444.5	2720.73
hgt	None	dead	0.0	0.0	0.0	0.0	0.0	0.0	0.0	0.0
hgt	113	GCA.002255025.1.Archaea.Thermoproteota	1643.05	0.0	821.525	2015.58	1270.52	0.0	0.0	1007.79
los	None	dead	0.0	0.0	0.0	0.0	0.0	0.0	0.0	0.0
hgt	None	dead	0.0	0.0	0.0	0.0	0.0	0.0	0.0	0.0
hgt	1058	GCF.000233775.1.Bacteria.Synergistota	1931.1	0.0	965.55	2676.3	1185.9	0.0	0.0	1338.15
los	None	dead	0.0	0.0	0.0	0.0	0.0	0.0	0.0	0.0
hgt	None	dead	0.0	0.0	0.0	0.0	0.0	0.0	0.0	0.0
hgt	1240	GCA.002376045.1.Bacteria.Firmicutes.A	1697.815	0.0	848.9075	2230.68	1164.95	0.0	0.0	1115.34
los	None	dead	0.0	0.0	0.0	0.0	0.0	0.0	0.0	0.0
hgt	199	GCA.003527405.1.Bacteria.Atribacterota	2238.68	0.0	1119.34	2831.12	1646.24	0.0	0.0	1415.56
los	175	143	2653.515	1902.65	2278.0825	2862.53	2444.5	2361.92	1443.38	2152.955
spe	175	174	2653.515	2527.615	2590.565	2862.53	2444.5	2745.47	2309.76	2586.145
hgt	65	GCA.001595885.1.Archaea.Thermoplasmatota	1261.09	0.0	630.545	1500.52	1021.66	0.0	0.0	750.26
los	174	GCA.001940665.1.Archaea.Asgardarchaeota	2527.615	0.0	1263.8075	2745.47	2309.76	0.0	0.0	1372.735
spe	174	173	2527.615	2445.14	2486.3775	2745.47	2309.76	2664.86	2225.42	2485.445
spe	173	151	2445.14	2127.23	2286.185	2664.86	2225.42	2411.78	1842.68	2253.77
spe	151	147	2127.23	1579.1	1853.165	2411.78	1842.68	1962.45	1195.75	1803.765
los	147	GCA.001940725.1.Archaea.Asgardarchaeota	1579.1	0.0	789.55	1962.45	1195.75	0.0	0.0	981.225
spe	151	150	2127.23	1481.835	1804.5325	2411.78	1842.68	1840.51	1123.16	1767.47
los	150	GCA.001940645.1.Archaea.Asgardarchaeota	1481.835	0.0	740.9175	1840.51	1123.16	0.0	0.0	920.255
hgt	916	914	1975.925	1658.67	1817.2975	2374.51	1577.34	2062.04	1255.3	1814.905
los	173	172	2445.14	1813.355	2129.2475	2664.86	2225.42	2011.08	1615.63	2140.245
spe	916	914	1975.925	1658.67	1817.2975	2374.51	1577.34	2062.04	1255.3	1814.905
hgt	None	dead	0.0	0.0	0.0	0.0	0.0	0.0	0.0	0.0
spe	176	140	2798.9	2626.73	2712.815	2996.96	2600.84	2837.91	2415.55	2706.255
hgt	1180	1179	1876.995	1607.105	1742.05	2165.65	1588.34	1866.08	1348.13	1756.89
hgt	None	dead	0.0	0.0	0.0	0.0	0.0	0.0	0.0	0.0
spe	1180	1179	1876.995	1607.105	1742.05	2165.65	1588.34	1866.08	1348.13	1756.89
spe	1179	1178	1607.105	1434.165	1520.635	1866.08	1348.13	1689.01	1179.32	1522.7
los	1178	1177	1434.165	1221.364	1327.7645	1689.01	1179.32	1491.65	951.078	1320.044
spe	1179	1173	1607.105	1376.77	1491.9375	1866.08	1348.13	1664.76	1088.78	1477.43
los	1173	GCA.002897715.1.Bacteria.Actinobacteriota	1376.77	0.0	688.385	1664.76	1088.78	0.0	0.0	832.38
dup	None	dead	0.0	0.0	0.0	0.0	0.0	0.0	0.0	0.0
hgt	1307	GCA.000987045.1.Bacteria.Firmicutes.B	1451.1	0.0	725.55	1682.57	1219.63	0.0	0.0	841.285
los	None	dead	0.0	0.0	0.0	0.0	0.0	0.0	0.0	0.0
hgt	1251	GCA.900066305.1.Bacteria.Firmicutes.A	1206.9915	0.0	603.49575	1436.79	977.193	0.0	0.0	718.395
los	None	dead	0.0	0.0	0.0	0.0	0.0	0.0	0.0	0.0
spe	140	139	2626.73	2517.75	2572.24	2837.91	2415.55	2733.29	2302.21	2570.06
los	139	109	2517.75	2214.8	2366.275	2733.29	2302.21	2483.59	1946.01	2339.65
spe	139	138	2517.75	2383.655	2450.7025	2733.29	2302.21	2607.35	2159.96	2446.625
los	138	124	2383.655	2123.145	2253.4	2607.35	2159.96	2381.0	1865.29	2236.32
spe	138	137	2383.655	2168.41	2276.0325	2607.35	2159.96	2408.53	1928.29	2267.82
los	137	GCA.002255045.1.Archaea.Thermoproteota	2168.41	0.0	1084.205	2408.53	1928.29	0.0	0.0	1204.265
spe	137	136	2168.41	2026.55	2097.48	2408.53	1928.29	2277.08	1776.02	2092.275
los	136	GCA.000375685.1.Archaea.Thermoproteota	2026.55	0.0	1013.275	2277.08	1776.02	0.0	0.0	1138.54
spe	136	134	2026.55	1807.525	1917.0375	2277.08	1776.02	2062.72	1552.33	1914.705
spe	134	133	1807.525	1484.13	1645.8275	2062.72	1552.33	1802.63	1165.63	1614.175
los	133	GCA.002506605.1.Archaea.Thermoproteota	1484.13	0.0	742.065	1802.63	1165.63	0.0	0.0	901.315
spe	134	130	1807.525	1643.645	1725.585	2062.72	1552.33	1910.35	1376.94	1719.83
los	130	GCA.001510295.1.Archaea.Thermoproteota	1643.645	0.0	821.8225	1910.35	1376.94	0.0	0.0	955.175
spe	130	128	1643.645	925.9285	1284.78675	1910.35	1376.94	1257.47	594.387	1252.3685
dup	None	dead	0.0	0.0	0.0	0.0	0.0	0.0	0.0	0.0
hgt	1234	GCA.003599345.1.Bacteria.Firmicutes.E	1465.43	0.0	732.715	1741.67	1189.19	0.0	0.0	870.835
los	None	dead	0.0	0.0	0.0	0.0	0.0	0.0	0.0	0.0
hgt	1322	GCA.000961765.1.Bacteria.Firmicutes.B	1384.555	0.0	692.2775	1682.41	1086.7	0.0	0.0	841.205
los	None	dead	0.0	0.0	0.0	0.0	0.0	0.0	0.0	0.0
dup	1322	GCA.000961765.1.Bacteria.Firmicutes.B	1384.555	0.0	692.2775	1682.41	1086.7	0.0	0.0	841.205
hgt	1307	GCA.000987045.1.Bacteria.Firmicutes.B	1451.1	0.0	725.55	1682.57	1219.63	0.0	0.0	841.285
spe	1728	1727	0.0	3922.83	1961.415	0.0	0.0	4279.81	3565.85	1782.925
hgt	None	dead	0.0	0.0	0.0	0.0	0.0	0.0	0.0	0.0
los	1727	189	3922.83	3225.865	3574.3475	4279.81	3565.85	3925.85	2525.88	3402.845
hgt	95	39	2751.94	2176.73	2464.335	2968.59	2535.29	2662.29	1691.17	2329.88
los	None	dead	0.0	0.0	0.0	0.0	0.0	0.0	0.0	0.0
spe	95	39	2751.94	2176.73	2464.335	2968.59	2535.29	2662.29	1691.17	2329.88
spe	39	35	2176.73	1886.455	2031.5925	2662.29	1691.17	2412.29	1360.62	2011.455
hgt	1322	GCA.000961765.1.Bacteria.Firmicutes.B	1384.555	0.0	692.2775	1682.41	1086.7	0.0	0.0	841.205
los	35	GCF.002201895.1.Archaea.Euryarchaeota	1886.455	0.0	943.2275	2412.29	1360.62	0.0	0.0	1206.145
dup	1322	GCA.000961765.1.Bacteria.Firmicutes.B	1384.555	0.0	692.2775	1682.41	1086.7	0.0	0.0	841.205
dup	1322	GCA.000961765.1.Bacteria.Firmicutes.B	1384.555	0.0	692.2775	1682.41	1086.7	0.0	0.0	841.205
hgt	1462	GCA.002436065.1.Bacteria.Chloroflexota	1858.705	0.0	929.3525	2184.36	1533.05	0.0	0.0	1092.18
hgt	1058	GCA.001443005.1.Bacteria.Synergistota	1931.1	0.0	965.55	2676.3	1185.9	0.0	0.0	1338.15
hgt	742	741	2393.59	1693.345	2043.4675	2740.14	2047.04	2199.48	1187.21	1963.675
hgt	None	dead	0.0	0.0	0.0	0.0	0.0	0.0	0.0	0.0
hgt	107	GCA.001717025.1.Archaea.Thermoproteota	1515.18	0.0	757.59	1853.29	1177.07	0.0	0.0	926.645
los	None	dead	0.0	0.0	0.0	0.0	0.0	0.0	0.0	0.0
hgt	None	dead	0.0	0.0	0.0	0.0	0.0	0.0	0.0	0.0
hgt	861	GCA.001304105.1.Bacteria.Desulfobacterota	1399.46	0.0	699.73	1712.04	1086.88	0.0	0.0	856.02
los	None	dead	0.0	0.0	0.0	0.0	0.0	0.0	0.0	0.0
hgt	754	746	2042.42	1667.435	1854.9275	2408.05	1676.79	2098.35	1236.52	1822.285
spe	742	741	2393.59	1693.345	2043.4675	2740.14	2047.04	2199.48	1187.21	1963.675
spe	754	746	2042.42	1667.435	1854.9275	2408.05	1676.79	2098.35	1236.52	1822.285
spe	39	38	2176.73	1770.925	1973.8275	2662.29	1691.17	2300.92	1240.93	1951.61
hgt	1240	GCF.900142995.1.Bacteria.Firmicutes.A	1697.815	0.0	848.9075	2230.68	1164.95	0.0	0.0	1115.34
los	38	GCF.002214485.1.Archaea.Methanobacteriota.B	1770.925	0.0	885.4625	2300.92	1240.93	0.0	0.0	1150.46
dup	1240	GCF.900142995.1.Bacteria.Firmicutes.A	1697.815	0.0	848.9075	2230.68	1164.95	0.0	0.0	1115.34
hgt	1173	GCA.001768675.1.Bacteria.Actinobacteriota	1376.77	0.0	688.385	1664.76	1088.78	0.0	0.0	832.38
hgt	686	GCA.002451015.1.Bacteria.Acidobacteriota	1587.93	0.0	793.965	1852.98	1322.88	0.0	0.0	926.49
hgt	1425	GCA.003229915.1.Bacteria.Chloroflexota	1783.375	0.0	891.6875	2059.01	1507.74	0.0	0.0	1029.505
hgt	1069	GCF.000378005.1.Bacteria.Coprothermobacterota	1779.88	0.0	889.94	2130.11	1429.65	0.0	0.0	1065.055
hgt	1322	GCA.000961765.1.Bacteria.Firmicutes.B	1384.555	0.0	692.2775	1682.41	1086.7	0.0	0.0	841.205
hgt	1452	GCA.002348045.1.Bacteria.Chloroflexota	1430.125	0.0	715.0625	1777.81	1082.44	0.0	0.0	888.905
hgt	1178	GCA.002347645.1.Bacteria.Actinobacteriota	1434.165	0.0	717.0825	1689.01	1179.32	0.0	0.0	844.505
spe	1727	1726	3922.83	3874.525	3898.6775	4279.81	3565.85	4213.25	3535.8	3907.805
dup	1726	1725	3874.525	3797.605	3836.065	4213.25	3535.8	4126.01	3469.2	3841.225
hgt	None	dead	0.0	0.0	0.0	0.0	0.0	0.0	0.0	0.0
spe	1726	1725	3874.525	3797.605	3836.065	4213.25	3535.8	4126.01	3469.2	3841.225
spe	1725	1393	3797.605	3319.26	3558.4325	4126.01	3469.2	3693.81	2944.71	3535.36
los	1393	1129	3319.26	2723.85	3021.555	3693.81	2944.71	3115.19	2332.51	3013.16
spe	1393	1392	3319.26	3133.075	3226.1675	3693.81	2944.71	3469.76	2796.39	3245.1
spe	1392	1188	3133.075	2752.47	2942.7725	3469.76	2796.39	3058.53	2446.41	2958.085
spe	1188	1187	2752.47	2676.31	2714.39	3058.53	2446.41	2970.95	2381.67	2720.1
spe	1187	1186	2676.31	2550.565	2613.4375	2970.95	2381.67	2828.93	2272.2	2621.575
hgt	841	801	2325.31	1810.17	2067.74	2547.32	2103.3	2217.42	1402.92	1975.12
dup	1186	1136	2550.565	1777.3	2163.9325	2828.93	2272.2	2350.53	1204.07	2016.5
spe	1186	1136	2550.565	1777.3	2163.9325	2828.93	2272.2	2350.53	1204.07	2016.5
los	1136	GCA.001768645.1.Bacteria.Actinobacteriota	1777.3	0.0	888.65	2350.53	1204.07	0.0	0.0	1175.265
hgt	376	GCA.002418835.1.Bacteria.Spirochaetota	1994.345	0.0	997.1725	2379.5	1609.19	0.0	0.0	1189.75
hgt	None	dead	0.0	0.0	0.0	0.0	0.0	0.0	0.0	0.0
hgt	834	GCA.001798605.1.Bacteria.Myxococcota	1729.09	0.0	864.545	1988.09	1470.09	0.0	0.0	994.045
los	None	dead	0.0	0.0	0.0	0.0	0.0	0.0	0.0	0.0
hgt	1326	1325	2039.05	1862.485	1950.7675	2290.01	1788.09	2083.02	1641.95	1965.98
spe	1186	1136	2550.565	1777.3	2163.9325	2828.93	2272.2	2350.53	1204.07	2016.5
hgt	1116	GCA.002435745.1.Bacteria.UBP15	1799.18	0.0	899.59	2205.43	1392.93	0.0	0.0	1102.715
los	1136	GCA.001768645.1.Bacteria.Actinobacteriota	1777.3	0.0	888.65	2350.53	1204.07	0.0	0.0	1175.265
spe	1326	1325	2039.05	1862.485	1950.7675	2290.01	1788.09	2083.02	1641.95	1965.98
hgt	None	dead	0.0	0.0	0.0	0.0	0.0	0.0	0.0	0.0
hgt	1183	GCA.002347365.1.Bacteria.Actinobacteriota	1581.31	0.0	790.655	2035.82	1126.8	0.0	0.0	1017.91
los	None	dead	0.0	0.0	0.0	0.0	0.0	0.0	0.0	0.0
spe	1325	1324	1862.485	1779.53	1821.0075	2083.02	1641.95	1989.46	1569.6	1826.31
spe	1324	1323	1779.53	1708.06	1743.795	1989.46	1569.6	1917.5	1498.62	1744.04
los	1323	1322	1708.06	1384.555	1546.3075	1917.5	1498.62	1682.41	1086.7	1502.1
spe	1323	1319	1708.06	1607.725	1657.8925	1917.5	1498.62	1817.85	1397.6	1657.55
los	1319	1318	1607.725	1519.645	1563.685	1817.85	1397.6	1736.35	1302.94	1560.395
spe	1324	1308	1779.53	1606.55	1693.04	1989.46	1569.6	1832.18	1380.92	1685.19
hgt	None	dead	0.0	0.0	0.0	0.0	0.0	0.0	0.0	0.0
los	1308	1300	1606.55	1333.34	1469.945	1832.18	1380.92	1595.67	1071.01	1451.595
hgt	1203	GCA.002399265.1.Bacteria.Firmicutes.G	1335.97	0.0	667.985	1646.81	1025.13	0.0	0.0	823.405
los	None	dead	0.0	0.0	0.0	0.0	0.0	0.0	0.0	0.0
spe	1308	1307	1606.55	1451.1	1528.825	1832.18	1380.92	1682.57	1219.63	1525.905
hgt	1227	GCA.003242675.1.Bacteria.Firmicutes.E	1509.365	0.0	754.6825	1811.9	1206.83	0.0	0.0	905.95
los	1307	1305	1451.1	1336.995	1394.0475	1682.57	1219.63	1578.59	1095.4	1388.985
spe	1325	1297	1862.485	1576.575	1719.53	2083.02	1641.95	1886.7	1266.45	1674.735
hgt	1333	GCA.002423965.1.Bacteria.Firmicutes.D	1678.19	0.0	839.095	2199.0	1157.38	0.0	0.0	1099.5
los	1297	1296	1576.575	1436.52	1506.5475	1886.7	1266.45	1763.25	1109.79	1498.245
hgt	877	GCF.000620765.1.Bacteria.Desulfobacterota.I	1616.13	0.0	808.065	1882.89	1349.37	0.0	0.0	941.445
spe	841	801	2325.31	1810.17	2067.74	2547.32	2103.3	2217.42	1402.92	1975.12
hgt	686	GCA.002451015.1.Bacteria.Acidobacteriota	1587.93	0.0	793.965	1852.98	1322.88	0.0	0.0	926.49
hgt	668	GCA.001775755.1.Bacteria.Acidobacteriota	1417.72	0.0	708.86	1767.6	1067.84	0.0	0.0	883.8
hgt	137	GCA.002255045.1.Archaea.Thermoproteota	2168.41	0.0	1084.205	2408.53	1928.29	0.0	0.0	1204.265
hgt	47	GCA.002494765.1.Archaea.Thermoplasmatota	1480.595	0.0	740.2975	1786.51	1174.68	0.0	0.0	893.255
hgt	1058	GCA.001443005.1.Bacteria.Synergistota	1931.1	0.0	965.55	2676.3	1185.9	0.0	0.0	1338.15
hgt	895	GCA.002897695.1.Bacteria.BMS3Abin14	1810.42	0.0	905.21	2358.35	1262.49	0.0	0.0	1179.175
spe	1186	1185	2550.565	2405.805	2478.185	2828.93	2272.2	2675.17	2136.44	2482.685
spe	1185	1184	2405.805	2236.7	2321.2525	2675.17	2136.44	2518.83	1954.57	2314.87
spe	1184	1180	2236.7	1876.995	2056.8475	2518.83	1954.57	2165.65	1588.34	2053.585
los	1180	GCF.001029505.1.Bacteria.Actinobacteriota	1876.995	0.0	938.4975	2165.65	1588.34	0.0	0.0	1082.825
spe	1180	1179	1876.995	1607.105	1742.05	2165.65	1588.34	1866.08	1348.13	1756.89
los	1179	1173	1607.105	1376.77	1491.9375	1866.08	1348.13	1664.76	1088.78	1477.43
spe	1179	1178	1607.105	1434.165	1520.635	1866.08	1348.13	1689.01	1179.32	1522.7
los	1178	1177	1434.165	1221.364	1327.7645	1689.01	1179.32	1491.65	951.078	1320.044
hgt	397	GCF.000526155.1.Bacteria.Desulfobacterota	2713.19	0.0	1356.595	3215.27	2211.11	0.0	0.0	1607.635
los	1184	1183	2236.7	1581.31	1909.005	2518.83	1954.57	2035.82	1126.8	1822.815
hgt	None	dead	0.0	0.0	0.0	0.0	0.0	0.0	0.0	0.0
hgt	1462	GCA.002436065.1.Bacteria.Chloroflexota	1858.705	0.0	929.3525	2184.36	1533.05	0.0	0.0	1092.18
los	None	dead	0.0	0.0	0.0	0.0	0.0	0.0	0.0	0.0
hgt	None	dead	0.0	0.0	0.0	0.0	0.0	0.0	0.0	0.0
hgt	1296	GCF.900176005.1.Bacteria.Firmicutes.B	1436.52	0.0	718.26	1763.25	1109.79	0.0	0.0	881.625
los	None	dead	0.0	0.0	0.0	0.0	0.0	0.0	0.0	0.0
hgt	None	dead	0.0	0.0	0.0	0.0	0.0	0.0	0.0	0.0
los	1185	1169	2405.805	2113.35	2259.5775	2675.17	2136.44	2359.96	1866.74	2270.955
hgt	1209	GCA.002452295.1.Bacteria.Firmicutes.G	1584.4	0.0	792.2	1929.85	1238.95	0.0	0.0	964.925
los	None	dead	0.0	0.0	0.0	0.0	0.0	0.0	0.0	0.0
hgt	90	89	1969.495	1812.405	1890.95	2197.74	1741.25	2030.99	1593.82	1895.78
spe	1187	1133	2676.31	1803.285	2239.7975	2970.95	2381.67	2441.81	1164.76	2067.855
hgt	376	GCA.002418835.1.Bacteria.Spirochaetota	1994.345	0.0	997.1725	2379.5	1609.19	0.0	0.0	1189.75
hgt	1651	GCA.003242895.1.Bacteria.Margulisbacteria	1776.02	0.0	888.01	2230.5	1321.54	0.0	0.0	1115.25
los	1133	GCA.002366545.1.Bacteria.Actinobacteriota	1803.285	0.0	901.6425	2441.81	1164.76	0.0	0.0	1220.905
hgt	736	GCA.003454665.1.Bacteria.Nitrospirota	1526.965	0.0	763.4825	1902.65	1151.28	0.0	0.0	951.325
spe	90	89	1969.495	1812.405	1890.95	2197.74	1741.25	2030.99	1593.82	1895.78
spe	89	88	1812.405	1663.625	1738.015	2030.99	1593.82	1881.51	1445.74	1738.365
los	88	80	1663.625	1371.305	1517.465	1881.51	1445.74	1640.83	1101.78	1491.645
spe	88	87	1663.625	1542.125	1602.875	1881.51	1445.74	1762.59	1321.66	1601.585
los	87	GCA.002256595.1.Archaea.Halobacteriota	1542.125	0.0	771.0625	1762.59	1321.66	0.0	0.0	881.295
spe	87	86	1542.125	1366.345	1454.235	1762.59	1321.66	1587.43	1145.26	1453.925
los	86	GCA.001412335.1.Archaea.Halobacteriota	1366.345	0.0	683.1725	1587.43	1145.26	0.0	0.0	793.715
spe	86	84	1366.345	1169.197	1267.771	1587.43	1145.26	1403.93	934.464	1260.947
los	84	GCF.000011005.1.Archaea.Euryarchaeota	1169.197	0.0	584.5985	1403.93	934.464	0.0	0.0	701.965
hgt	35	GCA.001587715.1.Archaea.Methanobacteriota.B	1886.455	0.0	943.2275	2412.29	1360.62	0.0	0.0	1206.145
spe	89	77	1812.405	1412.42	1612.4125	2030.99	1593.82	1711.62	1113.22	1572.105
dup	77	GCA.003194435.1.Archaea.Halobacteriota	1412.42	0.0	706.21	1711.62	1113.22	0.0	0.0	855.81
hgt	914	GCA.002256535.1.Bacteria.WOR.3	1658.67	0.0	829.335	2062.04	1255.3	0.0	0.0	1031.02
hgt	124	123	2123.145	1998.805	2060.975	2381.0	1865.29	2251.98	1745.63	2063.315
los	1188	GCA.002779205.1.Bacteria.Actinobacteriota	2752.47	0.0	1376.235	3058.53	2446.41	0.0	0.0	1529.265
spe	124	123	2123.145	1998.805	2060.975	2381.0	1865.29	2251.98	1745.63	2063.315
spe	123	113	1998.805	1643.05	1820.9275	2251.98	1745.63	2015.58	1270.52	1761.25
los	113	GCA.001593865.1.Archaea.Thermoproteota	1643.05	0.0	821.525	2015.58	1270.52	0.0	0.0	1007.79
spe	123	122	1998.805	1853.335	1926.07	2251.98	1745.63	2102.13	1604.54	1928.26
los	122	121	1853.335	1422.225	1637.78	2102.13	1604.54	1736.27	1108.18	1605.155
spe	122	118	1853.335	1643.115	1748.225	2102.13	1604.54	1910.17	1376.06	1739.095
los	118	116	1643.115	1108.5585	1375.83675	1910.17	1376.06	1411.12	805.997	1358.0835
hgt	None	dead	0.0	0.0	0.0	0.0	0.0	0.0	0.0	0.0
hgt	None	dead	0.0	0.0	0.0	0.0	0.0	0.0	0.0	0.0
dup	1392	1391	3133.075	2803.98	2968.5275	3469.76	2796.39	3089.33	2518.63	2994.195
hgt	663	397	3210.05	2713.19	2961.62	3476.56	2943.54	3215.27	2211.11	2843.835
spe	1392	1391	3133.075	2803.98	2968.5275	3469.76	2796.39	3089.33	2518.63	2994.195
spe	1391	1211	2803.98	2064.13	2434.055	3089.33	2518.63	2431.02	1697.24	2393.285
los	1211	1199	2064.13	1800.4	1932.265	2431.02	1697.24	2108.72	1492.08	1961.55
spe	1211	1210	2064.13	1896.845	1980.4875	2431.02	1697.24	2224.85	1568.84	1999.93
los	1210	1204	1896.845	1695.79	1796.3175	2224.85	1568.84	2024.41	1367.17	1796.01
spe	1210	1209	1896.845	1584.4	1740.6225	2224.85	1568.84	1929.85	1238.95	1731.9
los	1209	1208	1584.4	1446.125	1515.2625	1929.85	1238.95	1790.14	1102.11	1515.98
spe	1391	1390	2803.98	2692.555	2748.2675	3089.33	2518.63	2961.03	2424.08	2756.705
spe	1390	1389	2692.555	2619.07	2655.8125	2961.03	2424.08	2879.48	2358.66	2659.845
los	1389	1237	2619.07	2011.28	2315.175	2879.48	2358.66	2328.85	1693.71	2286.595
spe	1389	1388	2619.07	2495.045	2557.0575	2879.48	2358.66	2745.25	2244.84	2562.16
los	1388	1387	2495.045	2426.135	2460.59	2745.25	2244.84	2669.8	2182.47	2463.86
spe	1388	1274	2495.045	2255.985	2375.515	2745.25	2244.84	2515.29	1996.68	2370.965
los	1274	1273	2255.985	2085.065	2170.525	2515.29	1996.68	2326.9	1843.23	2179.26
spe	1274	1240	2255.985	1697.815	1976.9	2515.29	1996.68	2230.68	1164.95	1840.12
los	1240	GCF.900142995.1.Bacteria.Firmicutes.A	1697.815	0.0	848.9075	2230.68	1164.95	0.0	0.0	1115.34
spe	1390	1218	2692.555	2397.09	2544.8225	2961.03	2424.08	2801.39	1992.79	2476.91
hgt	None	dead	0.0	0.0	0.0	0.0	0.0	0.0	0.0	0.0
los	1218	1216	2397.09	1902.285	2149.6875	2801.39	1992.79	2352.8	1451.77	2126.58
hgt	895	GCA.000739515.1.Bacteria.Moduliflexota	1810.42	0.0	905.21	2358.35	1262.49	0.0	0.0	1179.175
los	None	dead	0.0	0.0	0.0	0.0	0.0	0.0	0.0	0.0
hgt	1296	GCA.001513545.1.Bacteria.Firmicutes.B	1436.52	0.0	718.26	1763.25	1109.79	0.0	0.0	881.625
hgt	1227	GCA.003242675.1.Bacteria.Firmicutes.E	1509.365	0.0	754.6825	1811.9	1206.83	0.0	0.0	905.95
hgt	None	dead	0.0	0.0	0.0	0.0	0.0	0.0	0.0	0.0
hgt	756	GCA.001790645.1.Bacteria.Schekmanbacteria	2320.99	0.0	1160.495	2718.41	1923.57	0.0	0.0	1359.205
los	None	dead	0.0	0.0	0.0	0.0	0.0	0.0	0.0	0.0
spe	663	397	3210.05	2713.19	2961.62	3476.56	2943.54	3215.27	2211.11	2843.835
spe	397	396	2713.19	2315.495	2514.3425	3215.27	2211.11	2856.45	1774.54	2494.905
hgt	529	GCA.002420425.1.Bacteria.Proteobacteria	1606.235	0.0	803.1175	2001.73	1210.74	0.0	0.0	1000.865
los	396	GCF.000177635.2.Bacteria.Chrysiogenota	2315.495	0.0	1157.7475	2856.45	1774.54	0.0	0.0	1428.225
dup	529	GCA.002420425.1.Bacteria.Proteobacteria	1606.235	0.0	803.1175	2001.73	1210.74	0.0	0.0	1000.865
hgt	560	GCA.001735895.1.Bacteria.Proteobacteria	1588.765	0.0	794.3825	1792.9	1384.63	0.0	0.0	896.45
hgt	446	445	1453.89	1339.17	1396.53	1664.75	1243.03	1557.66	1120.68	1392.715
spe	446	445	1453.89	1339.17	1396.53	1664.75	1243.03	1557.66	1120.68	1392.715
spe	445	444	1339.17	1137.223	1238.1965	1557.66	1120.68	1395.86	878.586	1218.123
los	444	GCA.002348425.1.Bacteria.Proteobacteria	1137.223	0.0	568.6115	1395.86	878.586	0.0	0.0	697.93
hgt	601	595	1475.48	1266.66	1371.07	1662.78	1288.18	1469.01	1064.31	1363.545
hgt	436	GCA.002722885.1.Bacteria.Proteobacteria	1751.05	0.0	875.525	1998.82	1503.28	0.0	0.0	999.41
hgt	462	GCF.006980715.1.Bacteria.Proteobacteria	1117.2015	0.0	558.60075	1403.11	831.293	0.0	0.0	701.555
hgt	560	GCA.001735895.1.Bacteria.Proteobacteria	1588.765	0.0	794.3825	1792.9	1384.63	0.0	0.0	896.45
spe	601	595	1475.48	1266.66	1371.07	1662.78	1288.18	1469.01	1064.31	1363.545
hgt	581	GCA.002868855.1.Bacteria.Proteobacteria	1344.875	0.0	672.4375	1554.57	1135.18	0.0	0.0	777.285
hgt	598	GCA.002292285.1.Bacteria.Proteobacteria	953.337	0.0	476.6685	1225.19	681.484	0.0	0.0	612.595
dup	560	GCA.001735895.1.Bacteria.Proteobacteria	1588.765	0.0	794.3825	1792.9	1384.63	0.0	0.0	896.45
hgt	436	GCA.002722885.1.Bacteria.Proteobacteria	1751.05	0.0	875.525	1998.82	1503.28	0.0	0.0	999.41
hgt	598	GCA.002292285.1.Bacteria.Proteobacteria	953.337	0.0	476.6685	1225.19	681.484	0.0	0.0	612.595
hgt	445	GCA.002717225.1.Bacteria.Proteobacteria	1339.17	0.0	669.585	1557.66	1120.68	0.0	0.0	778.83
dup	436	GCA.002722885.1.Bacteria.Proteobacteria	1751.05	0.0	875.525	1998.82	1503.28	0.0	0.0	999.41
hgt	796	GCA.002238415.1.Bacteria.Desulfobacterota.B	1652.795	0.0	826.3975	1900.16	1405.43	0.0	0.0	950.08
hgt	1419	GCA.002352365.1.Bacteria.Chloroflexota	1336.415	0.0	668.2075	1593.44	1079.39	0.0	0.0	796.72
hgt	883	GCA.001751085.1.Bacteria.Desulfobacterota	1311.85	0.0	655.925	1564.19	1059.51	0.0	0.0	782.095
hgt	866	GCA.003194485.1.Bacteria.Desulfobacterota	1297.81	0.0	648.905	1547.62	1048.0	0.0	0.0	773.81
spe	396	395	2315.495	1504.32	1909.9075	2856.45	1774.54	1938.87	1069.77	1963.11
hgt	199	GCA.003527405.1.Bacteria.Atribacterota	2238.68	0.0	1119.34	2831.12	1646.24	0.0	0.0	1415.56
hgt	1058	GCA.001443005.1.Bacteria.Synergistota	1931.1	0.0	965.55	2676.3	1185.9	0.0	0.0	1338.15
los	395	GCF.000487995.1.Bacteria.Deferribacterota	1504.32	0.0	752.16	1938.87	1069.77	0.0	0.0	969.435
spe	1392	1391	3133.075	2803.98	2968.5275	3469.76	2796.39	3089.33	2518.63	2994.195
spe	1391	1390	2803.98	2692.555	2748.2675	3089.33	2518.63	2961.03	2424.08	2756.705
hgt	None	dead	0.0	0.0	0.0	0.0	0.0	0.0	0.0	0.0
los	1390	1218	2692.555	2397.09	2544.8225	2961.03	2424.08	2801.39	1992.79	2476.91
hgt	1325	1324	1862.485	1779.53	1821.0075	2083.02	1641.95	1989.46	1569.6	1826.31
los	None	dead	0.0	0.0	0.0	0.0	0.0	0.0	0.0	0.0
spe	1325	1324	1862.485	1779.53	1821.0075	2083.02	1641.95	1989.46	1569.6	1826.31
spe	1324	1308	1779.53	1606.55	1693.04	1989.46	1569.6	1832.18	1380.92	1685.19
spe	1308	1300	1606.55	1333.34	1469.945	1832.18	1380.92	1595.67	1071.01	1451.595
los	1300	GCA.002418765.1.Bacteria.Firmicutes.B	1333.34	0.0	666.67	1595.67	1071.01	0.0	0.0	797.835
spe	1308	1307	1606.55	1451.1	1528.825	1832.18	1380.92	1682.57	1219.63	1525.905
hgt	1292	GCF.001950325.1.Bacteria.Firmicutes.B	1516.66	0.0	758.33	1936.55	1096.77	0.0	0.0	968.275
los	1307	GCA.000987045.1.Bacteria.Firmicutes.B	1451.1	0.0	725.55	1682.57	1219.63	0.0	0.0	841.285
spe	1307	1305	1451.1	1336.995	1394.0475	1682.57	1219.63	1578.59	1095.4	1388.985
hgt	1350	GCF.001742305.1.Bacteria.Firmicutes	1481.1	0.0	740.55	1809.84	1152.36	0.0	0.0	904.92
los	1305	1304	1336.995	1096.0955	1216.54525	1578.59	1095.4	1375.0	817.191	1197.8905
spe	1324	1323	1779.53	1708.06	1743.795	1989.46	1569.6	1917.5	1498.62	1744.04
los	1323	1322	1708.06	1384.555	1546.3075	1917.5	1498.62	1682.41	1086.7	1502.1
spe	1323	1319	1708.06	1607.725	1657.8925	1917.5	1498.62	1817.85	1397.6	1657.55
spe	1319	1318	1607.725	1519.645	1563.685	1817.85	1397.6	1736.35	1302.94	1560.395
los	1318	1317	1519.645	1148.381	1334.013	1736.35	1302.94	1413.4	883.362	1309.856
spe	1318	1312	1519.645	1284.875	1402.26	1736.35	1302.94	1547.99	1021.76	1379.055
los	1312	GCF.002607855.1.Bacteria.Firmicutes.B	1284.875	0.0	642.4375	1547.99	1021.76	0.0	0.0	773.995
spe	1390	1389	2692.555	2619.07	2655.8125	2961.03	2424.08	2879.48	2358.66	2659.845
los	1389	1237	2619.07	2011.28	2315.175	2879.48	2358.66	2328.85	1693.71	2286.595
spe	1389	1388	2619.07	2495.045	2557.0575	2879.48	2358.66	2745.25	2244.84	2562.16
spe	1388	1387	2495.045	2426.135	2460.59	2745.25	2244.84	2669.8	2182.47	2463.86
spe	1387	1327	2426.135	2263.0	2344.5675	2669.8	2182.47	2518.47	2007.53	2338.665
los	1327	1289	2263.0	1989.36	2126.18	2518.47	2007.53	2274.49	1704.23	2111.35
spe	1327	1326	2263.0	2039.05	2151.025	2518.47	2007.53	2290.01	1788.09	2153.28
los	1326	1292	2039.05	1516.66	1777.855	2290.01	1788.09	1936.55	1096.77	1693.39
spe	1326	1325	2039.05	1862.485	1950.7675	2290.01	1788.09	2083.02	1641.95	1965.98
los	1325	1297	1862.485	1576.575	1719.53	2083.02	1641.95	1886.7	1266.45	1674.735
spe	1325	1324	1862.485	1779.53	1821.0075	2083.02	1641.95	1989.46	1569.6	1826.31
los	1324	1323	1779.53	1708.06	1743.795	1989.46	1569.6	1917.5	1498.62	1744.04
spe	1324	1308	1779.53	1606.55	1693.04	1989.46	1569.6	1832.18	1380.92	1685.19
los	1308	1307	1606.55	1451.1	1528.825	1832.18	1380.92	1682.57	1219.63	1525.905
spe	1308	1300	1606.55	1333.34	1469.945	1832.18	1380.92	1595.67	1071.01	1451.595
los	1300	GCF.000620305.1.Bacteria.Firmicutes.B	1333.34	0.0	666.67	1595.67	1071.01	0.0	0.0	797.835
spe	1387	1386	2426.135	2312.805	2369.47	2669.8	2182.47	2552.07	2073.54	2371.67
los	1386	1330	2312.805	1602.185	1957.495	2552.07	2073.54	2102.79	1101.58	1826.825
spe	1386	1385	2312.805	2240.33	2276.5675	2552.07	2073.54	2474.59	2006.07	2279.07
los	1385	1384	2240.33	2049.01	2144.67	2474.59	2006.07	2270.99	1827.03	2150.81
spe	1385	1333	2240.33	1678.19	1959.26	2474.59	2006.07	2199.0	1157.38	1815.985
los	1333	GCA.002423965.1.Bacteria.Firmicutes.D	1678.19	0.0	839.095	2199.0	1157.38	0.0	0.0	1099.5
spe	1388	1274	2495.045	2255.985	2375.515	2745.25	2244.84	2515.29	1996.68	2370.965
los	1274	1273	2255.985	2085.065	2170.525	2515.29	1996.68	2326.9	1843.23	2179.26
spe	1274	1240	2255.985	1697.815	1976.9	2515.29	1996.68	2230.68	1164.95	1840.12
hgt	None	dead	0.0	0.0	0.0	0.0	0.0	0.0	0.0	0.0
hgt	59	GCA.002878135.1.Archaea.Thermoplasmatota	1276.445	0.0	638.2225	1522.67	1030.22	0.0	0.0	761.335
los	None	dead	0.0	0.0	0.0	0.0	0.0	0.0	0.0	0.0
hgt	None	dead	0.0	0.0	0.0	0.0	0.0	0.0	0.0	0.0
hgt	38	GCF.002214485.1.Archaea.Methanobacteriota.B	1770.925	0.0	885.4625	2300.92	1240.93	0.0	0.0	1150.46
los	None	dead	0.0	0.0	0.0	0.0	0.0	0.0	0.0	0.0
hgt	None	dead	0.0	0.0	0.0	0.0	0.0	0.0	0.0	0.0
los	1391	1211	2803.98	2064.13	2434.055	3089.33	2518.63	2431.02	1697.24	2393.285
hgt	1058	GCF.000233775.1.Bacteria.Synergistota	1931.1	0.0	965.55	2676.3	1185.9	0.0	0.0	1338.15
los	None	dead	0.0	0.0	0.0	0.0	0.0	0.0	0.0	0.0
dup	None	dead	0.0	0.0	0.0	0.0	0.0	0.0	0.0	0.0
hgt	90	74	1969.495	1616.7	1793.0975	2197.74	1741.25	1969.17	1264.23	1730.985
los	None	dead	0.0	0.0	0.0	0.0	0.0	0.0	0.0	0.0
spe	90	74	1969.495	1616.7	1793.0975	2197.74	1741.25	1969.17	1264.23	1730.985
hgt	84	GCF.000970205.1.Archaea.Halobacteriota	1169.197	0.0	584.5985	1403.93	934.464	0.0	0.0	701.965
hgt	147	GCA.001940755.1.Archaea.Asgardarchaeota	1579.1	0.0	789.55	1962.45	1195.75	0.0	0.0	981.225
hgt	38	GCA.001515205.2.Archaea.Hadarchaeota	1770.925	0.0	885.4625	2300.92	1240.93	0.0	0.0	1150.46
hgt	176	140	2798.9	2626.73	2712.815	2996.96	2600.84	2837.91	2415.55	2706.255
los	None	dead	0.0	0.0	0.0	0.0	0.0	0.0	0.0	0.0
spe	176	140	2798.9	2626.73	2712.815	2996.96	2600.84	2837.91	2415.55	2706.255
hgt	116	GCA.001593875.1.Archaea.Thermoproteota	1108.5585	0.0	554.27925	1411.12	805.997	0.0	0.0	705.56
hgt	128	GCA.002011085.1.Archaea.Thermoproteota	925.9285	0.0	462.96425	1257.47	594.387	0.0	0.0	628.735
spe	140	139	2626.73	2517.75	2572.24	2837.91	2415.55	2733.29	2302.21	2570.06
spe	139	138	2517.75	2383.655	2450.7025	2733.29	2302.21	2607.35	2159.96	2446.625
los	138	124	2383.655	2123.145	2253.4	2607.35	2159.96	2381.0	1865.29	2236.32
spe	138	137	2383.655	2168.41	2276.0325	2607.35	2159.96	2408.53	1928.29	2267.82
los	137	GCA.002255045.1.Archaea.Thermoproteota	2168.41	0.0	1084.205	2408.53	1928.29	0.0	0.0	1204.265
spe	137	136	2168.41	2026.55	2097.48	2408.53	1928.29	2277.08	1776.02	2092.275
los	136	GCA.000375685.1.Archaea.Thermoproteota	2026.55	0.0	1013.275	2277.08	1776.02	0.0	0.0	1138.54
spe	136	134	2026.55	1807.525	1917.0375	2277.08	1776.02	2062.72	1552.33	1914.705
los	134	133	1807.525	1484.13	1645.8275	2062.72	1552.33	1802.63	1165.63	1614.175
spe	134	130	1807.525	1643.645	1725.585	2062.72	1552.33	1910.35	1376.94	1719.83
los	130	GCA.001510295.1.Archaea.Thermoproteota	1643.645	0.0	821.8225	1910.35	1376.94	0.0	0.0	955.175
spe	130	128	1643.645	925.9285	1284.78675	1910.35	1376.94	1257.47	594.387	1252.3685
los	128	GCA.002011085.1.Archaea.Thermoproteota	925.9285	0.0	462.96425	1257.47	594.387	0.0	0.0	628.735
spe	139	109	2517.75	2214.8	2366.275	2733.29	2302.21	2483.59	1946.01	2339.65
spe	109	108	2214.8	1863.195	2038.9975	2483.59	1946.01	2170.45	1555.94	2019.765
los	108	107	1863.195	1515.18	1689.1875	2170.45	1555.94	1853.29	1177.07	1673.76
spe	109	103	2214.8	1798.43	2006.615	2483.59	1946.01	2110.45	1486.41	1985.0
los	103	GCA.002254745.1.Archaea.Thermoproteota	1798.43	0.0	899.215	2110.45	1486.41	0.0	0.0	1055.225
spe	103	101	1798.43	1577.935	1688.1825	2110.45	1486.41	1881.51	1274.36	1692.405
los	101	GCF.000011205.1.Archaea.Thermoproteota	1577.935	0.0	788.9675	1881.51	1274.36	0.0	0.0	940.755
spe	101	99	1577.935	1356.82	1467.3775	1881.51	1274.36	1642.61	1071.03	1476.27
los	99	GCF.000092185.1.Archaea.Thermoproteota	1356.82	0.0	678.41	1642.61	1071.03	0.0	0.0	821.305
hgt	1449	GCA.002366595.1.Bacteria.Chloroflexota	1589.82	0.0	794.91	1942.5	1237.14	0.0	0.0	971.25
los	None	dead	0.0	0.0	0.0	0.0	0.0	0.0	0.0	0.0
dup	1449	GCA.002366595.1.Bacteria.Chloroflexota	1589.82	0.0	794.91	1942.5	1237.14	0.0	0.0	971.25
hgt	905	GCA.001412425.1.Bacteria.Cloacimonadota	1765.605	0.0	882.8025	2311.11	1220.1	0.0	0.0	1155.555
hgt	143	GCA.001563325.1.Archaea.Asgardarchaeota	1902.65	0.0	951.325	2361.92	1443.38	0.0	0.0	1180.96
hgt	669	GCA.002335385.1.Bacteria.Acidobacteriota	1665.14	0.0	832.57	2042.02	1288.26	0.0	0.0	1021.01
dup	143	GCA.001563325.1.Archaea.Asgardarchaeota	1902.65	0.0	951.325	2361.92	1443.38	0.0	0.0	1180.96
spe	1725	1724	3797.605	3674.455	3736.03	4126.01	3469.2	3987.9	3361.01	3743.51
spe	1724	1642	3674.455	3592.175	3633.315	3987.9	3361.01	3900.37	3283.98	3635.94
hgt	None	dead	0.0	0.0	0.0	0.0	0.0	0.0	0.0	0.0
los	1642	1641	3592.175	3376.77	3484.4725	3900.37	3283.98	3668.37	3085.17	3492.77
hgt	1347	GCF.001561915.1.Bacteria.Firmicutes	1373.121	0.0	686.5605	1753.0	993.242	0.0	0.0	876.5
los	None	dead	0.0	0.0	0.0	0.0	0.0	0.0	0.0	0.0
spe	1642	1478	3592.175	3018.815	3305.495	3900.37	3283.98	3423.42	2614.21	3257.29
hgt	None	dead	0.0	0.0	0.0	0.0	0.0	0.0	0.0	0.0
hgt	None	dead	0.0	0.0	0.0	0.0	0.0	0.0	0.0	0.0
hgt	1227	GCA.003242675.1.Bacteria.Firmicutes.E	1509.365	0.0	754.6825	1811.9	1206.83	0.0	0.0	905.95
los	None	dead	0.0	0.0	0.0	0.0	0.0	0.0	0.0	0.0
spe	1478	1477	3018.815	2723.605	2871.21	3423.42	2614.21	3040.81	2406.4	2914.91
spe	1477	1476	2723.605	2416.915	2570.26	3040.81	2406.4	2708.83	2125.0	2582.905
los	1476	1475	2416.915	2249.485	2333.2	2708.83	2125.0	2543.8	1955.17	2332.0
spe	1476	1454	2416.915	1996.555	2206.735	2708.83	2125.0	2245.89	1747.22	2228.025
spe	1454	1446	1996.555	1803.385	1899.97	2245.89	1747.22	2040.01	1566.76	1906.325
los	1446	1440	1803.385	1679.715	1741.55	2040.01	1566.76	1908.42	1451.01	1745.51
spe	1446	1445	1803.385	1577.91	1690.6475	2040.01	1566.76	1848.3	1307.52	1673.765
los	1445	GCA.003130875.1.Bacteria.Chloroflexota	1577.91	0.0	788.955	1848.3	1307.52	0.0	0.0	924.15
spe	1445	1444	1577.91	1386.06	1481.985	1848.3	1307.52	1673.58	1098.54	1473.42
los	1444	GCA.002366755.1.Bacteria.Chloroflexota	1386.06	0.0	693.03	1673.58	1098.54	0.0	0.0	836.79
spe	1454	1453	1996.555	1862.655	1929.605	2245.89	1747.22	2140.61	1584.7	1915.295
hgt	None	dead	0.0	0.0	0.0	0.0	0.0	0.0	0.0	0.0
los	1453	1452	1862.655	1430.125	1646.39	2140.61	1584.7	1777.81	1082.44	1611.525
hgt	1438	GCA.002841995.1.Bacteria.Chloroflexota	1317.205	0.0	658.6025	1528.24	1106.17	0.0	0.0	764.12
los	None	dead	0.0	0.0	0.0	0.0	0.0	0.0	0.0	0.0
spe	1453	1449	1862.655	1589.82	1726.2375	2140.61	1584.7	1942.5	1237.14	1688.875
los	1449	GCA.002366595.1.Bacteria.Chloroflexota	1589.82	0.0	794.91	1942.5	1237.14	0.0	0.0	971.25
spe	1477	1431	2723.605	2420.455	2572.03	3040.81	2406.4	2714.59	2126.32	2583.565
los	1431	1427	2420.455	2216.53	2318.4925	2714.59	2126.32	2490.85	1942.21	2328.4
spe	1431	1430	2420.455	1801.635	2111.045	2714.59	2126.32	2276.21	1327.06	2020.825
hgt	80	GCF.002114285.1.Archaea.Halobacteriota	1371.305	0.0	685.6525	1640.83	1101.78	0.0	0.0	820.415
hgt	1385	1384	2240.33	2049.01	2144.67	2474.59	2006.07	2270.99	1827.03	2150.81
los	None	dead	0.0	0.0	0.0	0.0	0.0	0.0	0.0	0.0
spe	1385	1384	2240.33	2049.01	2144.67	2474.59	2006.07	2270.99	1827.03	2150.81
spe	1384	1338	2049.01	1549.595	1799.3025	2270.99	1827.03	1917.57	1181.62	1726.305
los	1338	1337	1549.595	1365.895	1457.745	1917.57	1181.62	1723.9	1007.89	1462.73
dup	1384	1383	2049.01	1971.49	2010.25	2270.99	1827.03	2185.06	1757.92	2014.455
spe	1384	1383	2049.01	1971.49	2010.25	2270.99	1827.03	2185.06	1757.92	2014.455
los	1383	1341	1971.49	1523.81	1747.65	2185.06	1757.92	1926.97	1120.65	1652.855
spe	1383	1382	1971.49	1907.445	1939.4675	2185.06	1757.92	2119.76	1695.13	1940.095
los	1382	1381	1907.445	1843.345	1875.395	2119.76	1695.13	2050.47	1636.22	1877.99
spe	1382	1344	1907.445	1520.89	1714.1675	2119.76	1695.13	1933.44	1108.34	1614.05
los	1344	GCA.002159075.1.Bacteria.Firmicutes	1520.89	0.0	760.445	1933.44	1108.34	0.0	0.0	966.72
spe	1384	1383	2049.01	1971.49	2010.25	2270.99	1827.03	2185.06	1757.92	2014.455
spe	1383	1382	1971.49	1907.445	1939.4675	2185.06	1757.92	2119.76	1695.13	1940.095
los	1382	1344	1907.445	1520.89	1714.1675	2119.76	1695.13	1933.44	1108.34	1614.05
spe	1382	1381	1907.445	1843.345	1875.395	2119.76	1695.13	2050.47	1636.22	1877.99
spe	1381	1351	1843.345	1688.26	1765.8025	2050.47	1636.22	1952.2	1424.32	1737.395
los	1351	1350	1688.26	1481.1	1584.68	1952.2	1424.32	1809.84	1152.36	1552.28
spe	1351	1347	1688.26	1373.121	1530.6905	1952.2	1424.32	1753.0	993.242	1472.721
los	1347	GCF.001561915.1.Bacteria.Firmicutes	1373.121	0.0	686.5605	1753.0	993.242	0.0	0.0	876.5
spe	1381	1380	1843.345	1785.675	1814.51	2050.47	1636.22	1991.06	1580.29	1815.38
los	1380	GCF.001049895.1.Bacteria.Firmicutes	1785.675	0.0	892.8375	1991.06	1580.29	0.0	0.0	995.53
spe	1380	1379	1785.675	1743.235	1764.455	1991.06	1580.29	1945.76	1540.71	1765.885
los	1379	1378	1743.235	1618.42	1680.8275	1945.76	1540.71	1816.1	1420.74	1683.25
spe	1379	1355	1743.235	1426.77	1585.0025	1945.76	1540.71	1769.44	1084.1	1514.93
spe	1383	1341	1971.49	1523.81	1747.65	2185.06	1757.92	1926.97	1120.65	1652.855
hgt	1355	GCF.004522215.1.Bacteria.Firmicutes	1426.77	0.0	713.385	1769.44	1084.1	0.0	0.0	884.72
los	1341	GCF.001311905.1.Bacteria.Firmicutes	1523.81	0.0	761.905	1926.97	1120.65	0.0	0.0	963.485
hgt	None	dead	0.0	0.0	0.0	0.0	0.0	0.0	0.0	0.0
hgt	107	GCA.003019535.1.Archaea.Thermoproteota	1515.18	0.0	757.59	1853.29	1177.07	0.0	0.0	926.645
los	None	dead	0.0	0.0	0.0	0.0	0.0	0.0	0.0	0.0
hgt	136	134	2026.55	1807.525	1917.0375	2277.08	1776.02	2062.72	1552.33	1914.705
los	1478	1396	3018.815	1723.235	2371.025	3423.42	2614.21	2334.25	1112.22	2267.82
spe	136	134	2026.55	1807.525	1917.0375	2277.08	1776.02	2062.72	1552.33	1914.705
spe	134	133	1807.525	1484.13	1645.8275	2062.72	1552.33	1802.63	1165.63	1614.175
los	133	GCA.002506605.1.Archaea.Thermoproteota	1484.13	0.0	742.065	1802.63	1165.63	0.0	0.0	901.315
spe	134	130	1807.525	1643.645	1725.585	2062.72	1552.33	1910.35	1376.94	1719.83
los	130	GCA.001510295.1.Archaea.Thermoproteota	1643.645	0.0	821.8225	1910.35	1376.94	0.0	0.0	955.175
spe	130	128	1643.645	925.9285	1284.78675	1910.35	1376.94	1257.47	594.387	1252.3685
los	128	GCA.002011085.1.Archaea.Thermoproteota	925.9285	0.0	462.96425	1257.47	594.387	0.0	0.0	628.735
hgt	None	dead	0.0	0.0	0.0	0.0	0.0	0.0	0.0	0.0
hgt	113	GCA.002255025.1.Archaea.Thermoproteota	1643.05	0.0	821.525	2015.58	1270.52	0.0	0.0	1007.79
los	None	dead	0.0	0.0	0.0	0.0	0.0	0.0	0.0	0.0
hgt	None	dead	0.0	0.0	0.0	0.0	0.0	0.0	0.0	0.0
los	1724	1723	3674.455	3369.21	3521.8325	3987.9	3361.01	3669.99	3068.43	3528.165
hgt	90	89	1969.495	1812.405	1890.95	2197.74	1741.25	2030.99	1593.82	1895.78
los	None	dead	0.0	0.0	0.0	0.0	0.0	0.0	0.0	0.0
spe	90	89	1969.495	1812.405	1890.95	2197.74	1741.25	2030.99	1593.82	1895.78
spe	89	77	1812.405	1412.42	1612.4125	2030.99	1593.82	1711.62	1113.22	1572.105
los	77	GCA.001766825.1.Archaea.Halobacteriota	1412.42	0.0	706.21	1711.62	1113.22	0.0	0.0	855.81
spe	89	88	1812.405	1663.625	1738.015	2030.99	1593.82	1881.51	1445.74	1738.365
spe	88	87	1663.625	1542.125	1602.875	1881.51	1445.74	1762.59	1321.66	1601.585
los	87	GCA.002256595.1.Archaea.Halobacteriota	1542.125	0.0	771.0625	1762.59	1321.66	0.0	0.0	881.295
spe	87	86	1542.125	1366.345	1454.235	1762.59	1321.66	1587.43	1145.26	1453.925
los	86	GCA.001412335.1.Archaea.Halobacteriota	1366.345	0.0	683.1725	1587.43	1145.26	0.0	0.0	793.715
spe	86	84	1366.345	1169.197	1267.771	1587.43	1145.26	1403.93	934.464	1260.947
los	84	GCF.000970205.1.Archaea.Halobacteriota	1169.197	0.0	584.5985	1403.93	934.464	0.0	0.0	701.965
hgt	669	668	1665.14	1417.72	1541.43	2042.02	1288.26	1767.6	1067.84	1554.93
los	88	80	1663.625	1371.305	1517.465	1881.51	1445.74	1640.83	1101.78	1491.645
spe	669	668	1665.14	1417.72	1541.43	2042.02	1288.26	1767.6	1067.84	1554.93
hgt	887	863	2137.8	1855.945	1996.8725	2389.64	1885.96	2157.72	1554.17	1971.905
los	None	dead	0.0	0.0	0.0	0.0	0.0	0.0	0.0	0.0
spe	887	863	2137.8	1855.945	1996.8725	2389.64	1885.96	2157.72	1554.17	1971.905
hgt	None	dead	0.0	0.0	0.0	0.0	0.0	0.0	0.0	0.0
hgt	987	GCA.002085355.1.Bacteria.KSB1	1406.395	0.0	703.1975	1742.49	1070.3	0.0	0.0	871.245
los	None	dead	0.0	0.0	0.0	0.0	0.0	0.0	0.0	0.0
dup	987	GCA.002085355.1.Bacteria.KSB1	1406.395	0.0	703.1975	1742.49	1070.3	0.0	0.0	871.245
hgt	None	dead	0.0	0.0	0.0	0.0	0.0	0.0	0.0	0.0
hgt	113	GCA.001593865.1.Archaea.Thermoproteota	1643.05	0.0	821.525	2015.58	1270.52	0.0	0.0	1007.79
los	None	dead	0.0	0.0	0.0	0.0	0.0	0.0	0.0	0.0
hgt	1325	1324	1862.485	1779.53	1821.0075	2083.02	1641.95	1989.46	1569.6	1826.31
spe	863	857	1855.945	1680.31	1768.1275	2157.72	1554.17	2026.99	1333.63	1745.675
los	857	GCA.001830835.1.Bacteria.Desulfobacterota	1680.31	0.0	840.155	2026.99	1333.63	0.0	0.0	1013.495
spe	1325	1324	1862.485	1779.53	1821.0075	2083.02	1641.95	1989.46	1569.6	1826.31
spe	1324	1323	1779.53	1708.06	1743.795	1989.46	1569.6	1917.5	1498.62	1744.04
los	1323	1319	1708.06	1607.725	1657.8925	1917.5	1498.62	1817.85	1397.6	1657.55
spe	1323	1322	1708.06	1384.555	1546.3075	1917.5	1498.62	1682.41	1086.7	1502.1
los	1322	GCA.001512665.1.Bacteria.Firmicutes.B	1384.555	0.0	692.2775	1682.41	1086.7	0.0	0.0	841.205
spe	1324	1308	1779.53	1606.55	1693.04	1989.46	1569.6	1832.18	1380.92	1685.19
los	1308	1307	1606.55	1451.1	1528.825	1832.18	1380.92	1682.57	1219.63	1525.905
spe	1308	1300	1606.55	1333.34	1469.945	1832.18	1380.92	1595.67	1071.01	1451.595
los	1300	GCA.002418765.1.Bacteria.Firmicutes.B	1333.34	0.0	666.67	1595.67	1071.01	0.0	0.0	797.835
spe	863	862	1855.945	1513.555	1684.75	2157.72	1554.17	1819.77	1207.34	1682.53
hgt	1178	GCA.002347645.1.Bacteria.Actinobacteriota	1434.165	0.0	717.0825	1689.01	1179.32	0.0	0.0	844.505
los	862	GCA.002782605.1.Bacteria.Desulfobacterota	1513.555	0.0	756.7775	1819.77	1207.34	0.0	0.0	909.885
spe	862	861	1513.555	1399.46	1456.5075	1819.77	1207.34	1712.04	1086.88	1453.325
hgt	150	GCA.003144275.1.Archaea.Asgardarchaeota	1481.835	0.0	740.9175	1840.51	1123.16	0.0	0.0	920.255
los	861	GCA.002327985.1.Bacteria.Desulfobacterota	1399.46	0.0	699.73	1712.04	1086.88	0.0	0.0	856.02
dup	861	GCA.001304105.1.Bacteria.Desulfobacterota	1399.46	0.0	699.73	1712.04	1086.88	0.0	0.0	856.02
spe	1726	1725	3874.525	3797.605	3836.065	4213.25	3535.8	4126.01	3469.2	3841.225
spe	1725	1393	3797.605	3319.26	3558.4325	4126.01	3469.2	3693.81	2944.71	3535.36
los	1393	1129	3319.26	2723.85	3021.555	3693.81	2944.71	3115.19	2332.51	3013.16
spe	1393	1392	3319.26	3133.075	3226.1675	3693.81	2944.71	3469.76	2796.39	3245.1
spe	1392	1188	3133.075	2752.47	2942.7725	3469.76	2796.39	3058.53	2446.41	2958.085
spe	1188	1187	2752.47	2676.31	2714.39	3058.53	2446.41	2970.95	2381.67	2720.1
spe	1187	1186	2676.31	2550.565	2613.4375	2970.95	2381.67	2828.93	2272.2	2621.575
hgt	None	dead	0.0	0.0	0.0	0.0	0.0	0.0	0.0	0.0
los	1186	1185	2550.565	2405.805	2478.185	2828.93	2272.2	2675.17	2136.44	2482.685
hgt	1452	GCA.002348045.1.Bacteria.Chloroflexota	1430.125	0.0	715.0625	1777.81	1082.44	0.0	0.0	888.905
los	None	dead	0.0	0.0	0.0	0.0	0.0	0.0	0.0	0.0
dup	1186	1136	2550.565	1777.3	2163.9325	2828.93	2272.2	2350.53	1204.07	2016.5
hgt	1389	1237	2619.07	2011.28	2315.175	2879.48	2358.66	2328.85	1693.71	2286.595
hgt	801	GCA.001797815.1.Bacteria.RBG.13.61.14	1810.17	0.0	905.085	2217.42	1402.92	0.0	0.0	1108.71
spe	1186	1136	2550.565	1777.3	2163.9325	2828.93	2272.2	2350.53	1204.07	2016.5
dup	1136	GCA.001768645.1.Bacteria.Actinobacteriota	1777.3	0.0	888.65	2350.53	1204.07	0.0	0.0	1175.265
hgt	727	GCA.001803815.1.Bacteria.Nitrospirota	1484.11	0.0	742.055	1827.43	1140.79	0.0	0.0	913.715
hgt	849	GCA.001896555.1.Bacteria.Desulfobacterota	1605.6	0.0	802.8	2007.54	1203.66	0.0	0.0	1003.77
hgt	1425	GCA.003229915.1.Bacteria.Chloroflexota	1783.375	0.0	891.6875	2059.01	1507.74	0.0	0.0	1029.505
hgt	861	GCA.002327985.1.Bacteria.Desulfobacterota	1399.46	0.0	699.73	1712.04	1086.88	0.0	0.0	856.02
hgt	None	dead	0.0	0.0	0.0	0.0	0.0	0.0	0.0	0.0
hgt	1068	GCA.002877955.1.Bacteria.Caldisericota	1488.73	0.0	744.365	1829.99	1147.47	0.0	0.0	914.995
los	None	dead	0.0	0.0	0.0	0.0	0.0	0.0	0.0	0.0
spe	1389	1237	2619.07	2011.28	2315.175	2879.48	2358.66	2328.85	1693.71	2286.595
spe	1237	1221	2011.28	1546.995	1779.1375	2328.85	1693.71	1982.53	1111.46	1720.155
los	1221	GCA.002375925.1.Bacteria.Firmicutes.E	1546.995	0.0	773.4975	1982.53	1111.46	0.0	0.0	991.265
spe	1237	1236	2011.28	1872.885	1942.0825	2328.85	1693.71	2166.17	1579.6	1954.225
los	1236	1228	1872.885	1712.115	1792.5	2166.17	1579.6	2011.29	1412.94	1789.555
spe	1236	1235	1872.885	1667.965	1770.425	2166.17	1579.6	1952.79	1383.14	1774.655
los	1235	GCA.002376005.1.Bacteria.Firmicutes.E	1667.965	0.0	833.9825	1952.79	1383.14	0.0	0.0	976.395
spe	1235	1234	1667.965	1465.43	1566.6975	1952.79	1383.14	1741.67	1189.19	1570.99
spe	1234	1233	1465.43	1196.4	1330.915	1741.67	1189.19	1500.76	892.04	1316.855
los	1233	GCA.003449495.1.Bacteria.Firmicutes.E	1196.4	0.0	598.2	1500.76	892.04	0.0	0.0	750.38
hgt	1116	GCA.002435745.1.Bacteria.UBP15	1799.18	0.0	899.59	2205.43	1392.93	0.0	0.0	1102.715
hgt	801	GCA.001797815.1.Bacteria.RBG.13.61.14	1810.17	0.0	905.085	2217.42	1402.92	0.0	0.0	1108.71
spe	1186	1136	2550.565	1777.3	2163.9325	2828.93	2272.2	2350.53	1204.07	2016.5
hgt	887	863	2137.8	1855.945	1996.8725	2389.64	1885.96	2157.72	1554.17	1971.905
los	1187	1133	2676.31	1803.285	2239.7975	2970.95	2381.67	2441.81	1164.76	2067.855
spe	887	863	2137.8	1855.945	1996.8725	2389.64	1885.96	2157.72	1554.17	1971.905
spe	863	857	1855.945	1680.31	1768.1275	2157.72	1554.17	2026.99	1333.63	1745.675
los	857	GCA.001830835.1.Bacteria.Desulfobacterota	1680.31	0.0	840.155	2026.99	1333.63	0.0	0.0	1013.495
spe	863	862	1855.945	1513.555	1684.75	2157.72	1554.17	1819.77	1207.34	1682.53
spe	862	861	1513.555	1399.46	1456.5075	1819.77	1207.34	1712.04	1086.88	1453.325
los	861	GCA.002327985.1.Bacteria.Desulfobacterota	1399.46	0.0	699.73	1712.04	1086.88	0.0	0.0	856.02
hgt	753	GCA.001803565.1.Bacteria.Nitrospinota.B	1778.33	0.0	889.165	2125.97	1430.69	0.0	0.0	1062.985
hgt	1173	GCA.001768675.1.Bacteria.Actinobacteriota	1376.77	0.0	688.385	1664.76	1088.78	0.0	0.0	832.38
los	862	GCA.002782605.1.Bacteria.Desulfobacterota	1513.555	0.0	756.7775	1819.77	1207.34	0.0	0.0	909.885
hgt	1476	1454	2416.915	1996.555	2206.735	2708.83	2125.0	2245.89	1747.22	2228.025
los	1188	GCA.002779205.1.Bacteria.Actinobacteriota	2752.47	0.0	1376.235	3058.53	2446.41	0.0	0.0	1529.265
dup	1476	1454	2416.915	1996.555	2206.735	2708.83	2125.0	2245.89	1747.22	2228.025
hgt	None	dead	0.0	0.0	0.0	0.0	0.0	0.0	0.0	0.0
dup	None	dead	0.0	0.0	0.0	0.0	0.0	0.0	0.0	0.0
hgt	1292	GCF.001950325.1.Bacteria.Firmicutes.B	1516.66	0.0	758.33	1936.55	1096.77	0.0	0.0	968.275
los	None	dead	0.0	0.0	0.0	0.0	0.0	0.0	0.0	0.0
hgt	47	GCA.002495235.1.Archaea.Thermoplasmatota	1480.595	0.0	740.2975	1786.51	1174.68	0.0	0.0	893.255
los	None	dead	0.0	0.0	0.0	0.0	0.0	0.0	0.0	0.0
hgt	None	dead	0.0	0.0	0.0	0.0	0.0	0.0	0.0	0.0
hgt	59	GCA.002878135.1.Archaea.Thermoplasmatota	1276.445	0.0	638.2225	1522.67	1030.22	0.0	0.0	761.335
los	None	dead	0.0	0.0	0.0	0.0	0.0	0.0	0.0	0.0
spe	1476	1454	2416.915	1996.555	2206.735	2708.83	2125.0	2245.89	1747.22	2228.025
spe	1454	1446	1996.555	1803.385	1899.97	2245.89	1747.22	2040.01	1566.76	1906.325
los	1446	1445	1803.385	1577.91	1690.6475	2040.01	1566.76	1848.3	1307.52	1673.765
spe	1446	1440	1803.385	1679.715	1741.55	2040.01	1566.76	1908.42	1451.01	1745.51
los	1440	GCF.001306175.1.Bacteria.Chloroflexota	1679.715	0.0	839.8575	1908.42	1451.01	0.0	0.0	954.21
spe	1440	1439	1679.715	1492.005	1585.86	1908.42	1451.01	1713.37	1270.64	1589.53
los	1439	1438	1492.005	1317.205	1404.605	1713.37	1270.64	1528.24	1106.17	1409.77
hgt	None	dead	0.0	0.0	0.0	0.0	0.0	0.0	0.0	0.0
hgt	113	GCA.002255025.1.Archaea.Thermoproteota	1643.05	0.0	821.525	2015.58	1270.52	0.0	0.0	1007.79
los	None	dead	0.0	0.0	0.0	0.0	0.0	0.0	0.0	0.0
spe	1454	1453	1996.555	1862.655	1929.605	2245.89	1747.22	2140.61	1584.7	1915.295
spe	1453	1452	1862.655	1430.125	1646.39	2140.61	1584.7	1777.81	1082.44	1611.525
los	1452	GCA.002423325.1.Bacteria.Chloroflexota	1430.125	0.0	715.0625	1777.81	1082.44	0.0	0.0	888.905
spe	1453	1449	1862.655	1589.82	1726.2375	2140.61	1584.7	1942.5	1237.14	1688.875
hgt	877	GCA.001797675.1.Bacteria.Desulfobacterota	1616.13	0.0	808.065	1882.89	1349.37	0.0	0.0	941.445
hgt	143	GCA.001563325.1.Archaea.Asgardarchaeota	1902.65	0.0	951.325	2361.92	1443.38	0.0	0.0	1180.96
los	1449	GCA.002366595.1.Bacteria.Chloroflexota	1589.82	0.0	794.91	1942.5	1237.14	0.0	0.0	971.25
dup	143	GCA.001563325.1.Archaea.Asgardarchaeota	1902.65	0.0	951.325	2361.92	1443.38	0.0	0.0	1180.96
hgt	47	GCA.002494765.1.Archaea.Thermoplasmatota	1480.595	0.0	740.2975	1786.51	1174.68	0.0	0.0	893.255
dup	143	GCA.001563325.1.Archaea.Asgardarchaeota	1902.65	0.0	951.325	2361.92	1443.38	0.0	0.0	1180.96
spe	1476	1454	2416.915	1996.555	2206.735	2708.83	2125.0	2245.89	1747.22	2228.025
hgt	None	dead	0.0	0.0	0.0	0.0	0.0	0.0	0.0	0.0
los	1454	1446	1996.555	1803.385	1899.97	2245.89	1747.22	2040.01	1566.76	1906.325
hgt	113	GCA.001593865.1.Archaea.Thermoproteota	1643.05	0.0	821.525	2015.58	1270.52	0.0	0.0	1007.79
los	None	dead	0.0	0.0	0.0	0.0	0.0	0.0	0.0	0.0
spe	1454	1453	1996.555	1862.655	1929.605	2245.89	1747.22	2140.61	1584.7	1915.295
los	1453	1449	1862.655	1589.82	1726.2375	2140.61	1584.7	1942.5	1237.14	1688.875
spe	1453	1452	1862.655	1430.125	1646.39	2140.61	1584.7	1777.81	1082.44	1611.525
los	1452	GCA.002423325.1.Bacteria.Chloroflexota	1430.125	0.0	715.0625	1777.81	1082.44	0.0	0.0	888.905
spe	1392	1391	3133.075	2803.98	2968.5275	3469.76	2796.39	3089.33	2518.63	2994.195
spe	1391	1390	2803.98	2692.555	2748.2675	3089.33	2518.63	2961.03	2424.08	2756.705
hgt	None	dead	0.0	0.0	0.0	0.0	0.0	0.0	0.0	0.0
los	1390	1218	2692.555	2397.09	2544.8225	2961.03	2424.08	2801.39	1992.79	2476.91
hgt	741	GCA.001771285.1.Bacteria.Methylomirabilota	1693.345	0.0	846.6725	2199.48	1187.21	0.0	0.0	1099.74
los	None	dead	0.0	0.0	0.0	0.0	0.0	0.0	0.0	0.0
dup	741	GCA.001771285.1.Bacteria.Methylomirabilota	1693.345	0.0	846.6725	2199.48	1187.21	0.0	0.0	1099.74
hgt	185	GCA.001791795.1.Bacteria.Wallbacteria	3017.615	0.0	1508.8075	3697.2	2338.03	0.0	0.0	1848.6
spe	1390	1389	2692.555	2619.07	2655.8125	2961.03	2424.08	2879.48	2358.66	2659.845
spe	1389	1388	2619.07	2495.045	2557.0575	2879.48	2358.66	2745.25	2244.84	2562.16
los	1388	1387	2495.045	2426.135	2460.59	2745.25	2244.84	2669.8	2182.47	2463.86
spe	1388	1274	2495.045	2255.985	2375.515	2745.25	2244.84	2515.29	1996.68	2370.965
los	1274	1273	2255.985	2085.065	2170.525	2515.29	1996.68	2326.9	1843.23	2179.26
spe	1274	1240	2255.985	1697.815	1976.9	2515.29	1996.68	2230.68	1164.95	1840.12
los	1240	GCF.900142995.1.Bacteria.Firmicutes.A	1697.815	0.0	848.9075	2230.68	1164.95	0.0	0.0	1115.34
spe	1389	1237	2619.07	2011.28	2315.175	2879.48	2358.66	2328.85	1693.71	2286.595
spe	1237	1221	2011.28	1546.995	1779.1375	2328.85	1693.71	1982.53	1111.46	1720.155
los	1221	GCA.002375925.1.Bacteria.Firmicutes.E	1546.995	0.0	773.4975	1982.53	1111.46	0.0	0.0	991.265
spe	1237	1236	2011.28	1872.885	1942.0825	2328.85	1693.71	2166.17	1579.6	1954.225
los	1236	1235	1872.885	1667.965	1770.425	2166.17	1579.6	1952.79	1383.14	1774.655
spe	1236	1228	1872.885	1712.115	1792.5	2166.17	1579.6	2011.29	1412.94	1789.555
los	1228	GCA.003023725.1.Bacteria.Firmicutes.E	1712.115	0.0	856.0575	2011.29	1412.94	0.0	0.0	1005.645
spe	1228	1227	1712.115	1509.365	1610.74	2011.29	1412.94	1811.9	1206.83	1609.06
los	1227	GCA.003242675.1.Bacteria.Firmicutes.E	1509.365	0.0	754.6825	1811.9	1206.83	0.0	0.0	905.95
spe	1227	1226	1509.365	1388.78	1449.0725	1811.9	1206.83	1687.37	1090.19	1451.045
los	1226	GCA.003242195.1.Bacteria.Firmicutes.E	1388.78	0.0	694.39	1687.37	1090.19	0.0	0.0	843.685
hgt	250	249	1897.72	1764.145	1830.9325	2144.58	1650.86	2000.16	1528.13	1836.355
hgt	1445	GCA.003130875.1.Bacteria.Chloroflexota	1577.91	0.0	788.955	1848.3	1307.52	0.0	0.0	924.15
hgt	None	dead	0.0	0.0	0.0	0.0	0.0	0.0	0.0	0.0
hgt	857	GCA.002010915.1.Bacteria.Desulfobacterota	1680.31	0.0	840.155	2026.99	1333.63	0.0	0.0	1013.495
los	None	dead	0.0	0.0	0.0	0.0	0.0	0.0	0.0	0.0
spe	250	249	1897.72	1764.145	1830.9325	2144.58	1650.86	2000.16	1528.13	1836.355
spe	249	245	1764.145	1655.67	1709.9075	2000.16	1528.13	1889.67	1421.67	1710.915
hgt	198	GCA.002478245.1.Bacteria.UBP18	1971.4	0.0	985.7	2575.64	1367.16	0.0	0.0	1287.82
los	245	244	1655.67	1375.91	1515.79	1889.67	1421.67	1646.78	1105.04	1497.355
spe	245	241	1655.67	1455.26	1555.465	1889.67	1421.67	1697.59	1212.93	1551.3
los	241	239	1455.26	1336.82	1396.04	1697.59	1212.93	1587.29	1086.35	1391.97
spe	249	248	1764.145	1250.934	1507.5395	2000.16	1528.13	1513.86	988.008	1494.084
hgt	390	GCA.002780065.1.Bacteria.UBA8481	3029.745	0.0	1514.8725	3379.02	2680.47	0.0	0.0	1689.51
los	248	GCA.001800245.1.Bacteria.Elusimicrobiota	1250.934	0.0	625.467	1513.86	988.008	0.0	0.0	756.93
hgt	None	dead	0.0	0.0	0.0	0.0	0.0	0.0	0.0	0.0
los	1391	1211	2803.98	2064.13	2434.055	3089.33	2518.63	2431.02	1697.24	2393.285
hgt	1322	GCA.000961765.1.Bacteria.Firmicutes.B	1384.555	0.0	692.2775	1682.41	1086.7	0.0	0.0	841.205
los	None	dead	0.0	0.0	0.0	0.0	0.0	0.0	0.0	0.0
dup	1322	GCA.000961765.1.Bacteria.Firmicutes.B	1384.555	0.0	692.2775	1682.41	1086.7	0.0	0.0	841.205
hgt	741	GCA.001771285.1.Bacteria.Methylomirabilota	1693.345	0.0	846.6725	2199.48	1187.21	0.0	0.0	1099.74
hgt	74	GCA.002011165.1.Archaea.Halobacteriota	1616.7	0.0	808.35	1969.17	1264.23	0.0	0.0	984.585
hgt	1305	GCF.002207765.1.Bacteria.Firmicutes.B	1336.995	0.0	668.4975	1578.59	1095.4	0.0	0.0	789.295
hgt	1269	GCF.002252565.1.Bacteria.Firmicutes.A	1451.62	0.0	725.81	1671.19	1232.05	0.0	0.0	835.595
hgt	1058	GCF.000233775.1.Bacteria.Synergistota	1931.1	0.0	965.55	2676.3	1185.9	0.0	0.0	1338.15
dup	1305	GCF.002207765.1.Bacteria.Firmicutes.B	1336.995	0.0	668.4975	1578.59	1095.4	0.0	0.0	789.295
hgt	1221	GCA.002375925.1.Bacteria.Firmicutes.E	1546.995	0.0	773.4975	1982.53	1111.46	0.0	0.0	991.265
hgt	1208	GCA.001513145.1.Bacteria.Firmicutes.G	1446.125	0.0	723.0625	1790.14	1102.11	0.0	0.0	895.07
hgt	128	GCA.002011085.1.Archaea.Thermoproteota	925.9285	0.0	462.96425	1257.47	594.387	0.0	0.0	628.735
dup	1208	GCA.001513145.1.Bacteria.Firmicutes.G	1446.125	0.0	723.0625	1790.14	1102.11	0.0	0.0	895.07
hgt	174	GCA.001940665.1.Archaea.Asgardarchaeota	2527.615	0.0	1263.8075	2745.47	2309.76	0.0	0.0	1372.735
hgt	861	GCA.001304105.1.Bacteria.Desulfobacterota	1399.46	0.0	699.73	1712.04	1086.88	0.0	0.0	856.02
hgt	905	GCA.001412425.1.Bacteria.Cloacimonadota	1765.605	0.0	882.8025	2311.11	1220.1	0.0	0.0	1155.555
hgt	1645	GCF.000212395.1.Bacteria.Thermodesulfobiota	2606.885	0.0	1303.4425	3195.61	2018.16	0.0	0.0	1597.805
spe	1725	1724	3797.605	3674.455	3736.03	4126.01	3469.2	3987.9	3361.01	3743.51
los	1724	1723	3674.455	3369.21	3521.8325	3987.9	3361.01	3669.99	3068.43	3528.165
spe	1724	1642	3674.455	3592.175	3633.315	3987.9	3361.01	3900.37	3283.98	3635.94
los	1642	1641	3592.175	3376.77	3484.4725	3900.37	3283.98	3668.37	3085.17	3492.77
spe	1642	1478	3592.175	3018.815	3305.495	3900.37	3283.98	3423.42	2614.21	3257.29
los	1478	1396	3018.815	1723.235	2371.025	3423.42	2614.21	2334.25	1112.22	2267.82
spe	1478	1477	3018.815	2723.605	2871.21	3423.42	2614.21	3040.81	2406.4	2914.91
hgt	None	dead	0.0	0.0	0.0	0.0	0.0	0.0	0.0	0.0
dup	1477	1476	2723.605	2416.915	2570.26	3040.81	2406.4	2708.83	2125.0	2582.905
spe	1477	1476	2723.605	2416.915	2570.26	3040.81	2406.4	2708.83	2125.0	2582.905
los	1476	1475	2416.915	2249.485	2333.2	2708.83	2125.0	2543.8	1955.17	2332.0
spe	1476	1454	2416.915	1996.555	2206.735	2708.83	2125.0	2245.89	1747.22	2228.025
los	1454	1446	1996.555	1803.385	1899.97	2245.89	1747.22	2040.01	1566.76	1906.325
dup	1454	1453	1996.555	1862.655	1929.605	2245.89	1747.22	2140.61	1584.7	1915.295
spe	1454	1453	1996.555	1862.655	1929.605	2245.89	1747.22	2140.61	1584.7	1915.295
spe	1453	1449	1862.655	1589.82	1726.2375	2140.61	1584.7	1942.5	1237.14	1688.875
hgt	1344	GCF.000218765.1.Bacteria.Firmicutes	1520.89	0.0	760.445	1933.44	1108.34	0.0	0.0	966.72
los	1449	GCA.002366595.1.Bacteria.Chloroflexota	1589.82	0.0	794.91	1942.5	1237.14	0.0	0.0	971.25
hgt	887	863	2137.8	1855.945	1996.8725	2389.64	1885.96	2157.72	1554.17	1971.905
spe	1453	1452	1862.655	1430.125	1646.39	2140.61	1584.7	1777.81	1082.44	1611.525
los	1452	GCA.002423325.1.Bacteria.Chloroflexota	1430.125	0.0	715.0625	1777.81	1082.44	0.0	0.0	888.905
dup	1452	GCA.002348045.1.Bacteria.Chloroflexota	1430.125	0.0	715.0625	1777.81	1082.44	0.0	0.0	888.905
dup	887	863	2137.8	1855.945	1996.8725	2389.64	1885.96	2157.72	1554.17	1971.905
spe	887	863	2137.8	1855.945	1996.8725	2389.64	1885.96	2157.72	1554.17	1971.905
los	863	857	1855.945	1680.31	1768.1275	2157.72	1554.17	2026.99	1333.63	1745.675
spe	863	862	1855.945	1513.555	1684.75	2157.72	1554.17	1819.77	1207.34	1682.53
los	862	GCA.002782605.1.Bacteria.Desulfobacterota	1513.555	0.0	756.7775	1819.77	1207.34	0.0	0.0	909.885
spe	862	861	1513.555	1399.46	1456.5075	1819.77	1207.34	1712.04	1086.88	1453.325
los	861	GCA.002327985.1.Bacteria.Desulfobacterota	1399.46	0.0	699.73	1712.04	1086.88	0.0	0.0	856.02
hgt	1462	GCA.002436065.1.Bacteria.Chloroflexota	1858.705	0.0	929.3525	2184.36	1533.05	0.0	0.0	1092.18
spe	887	863	2137.8	1855.945	1996.8725	2389.64	1885.96	2157.72	1554.17	1971.905
spe	863	857	1855.945	1680.31	1768.1275	2157.72	1554.17	2026.99	1333.63	1745.675
los	857	GCA.001830835.1.Bacteria.Desulfobacterota	1680.31	0.0	840.155	2026.99	1333.63	0.0	0.0	1013.495
spe	863	862	1855.945	1513.555	1684.75	2157.72	1554.17	1819.77	1207.34	1682.53
los	862	GCA.002782605.1.Bacteria.Desulfobacterota	1513.555	0.0	756.7775	1819.77	1207.34	0.0	0.0	909.885
spe	862	861	1513.555	1399.46	1456.5075	1819.77	1207.34	1712.04	1086.88	1453.325
los	861	GCA.002327985.1.Bacteria.Desulfobacterota	1399.46	0.0	699.73	1712.04	1086.88	0.0	0.0	856.02
dup	1462	GCA.002436065.1.Bacteria.Chloroflexota	1858.705	0.0	929.3525	2184.36	1533.05	0.0	0.0	1092.18
dup	1462	GCA.002436065.1.Bacteria.Chloroflexota	1858.705	0.0	929.3525	2184.36	1533.05	0.0	0.0	1092.18
spe	1454	1453	1996.555	1862.655	1929.605	2245.89	1747.22	2140.61	1584.7	1915.295
hgt	None	dead	0.0	0.0	0.0	0.0	0.0	0.0	0.0	0.0
hgt	1438	GCA.002841995.1.Bacteria.Chloroflexota	1317.205	0.0	658.6025	1528.24	1106.17	0.0	0.0	764.12
los	None	dead	0.0	0.0	0.0	0.0	0.0	0.0	0.0	0.0
spe	1453	1452	1862.655	1430.125	1646.39	2140.61	1584.7	1777.81	1082.44	1611.525
dup	1452	GCA.002348045.1.Bacteria.Chloroflexota	1430.125	0.0	715.0625	1777.81	1082.44	0.0	0.0	888.905
dup	1452	GCA.002348045.1.Bacteria.Chloroflexota	1430.125	0.0	715.0625	1777.81	1082.44	0.0	0.0	888.905
hgt	None	dead	0.0	0.0	0.0	0.0	0.0	0.0	0.0	0.0
hgt	1424	GCA.002011475.1.Bacteria.Chloroflexota	1648.125	0.0	824.0625	1911.17	1385.08	0.0	0.0	955.585
los	None	dead	0.0	0.0	0.0	0.0	0.0	0.0	0.0	0.0
hgt	1236	1235	1872.885	1667.965	1770.425	2166.17	1579.6	1952.79	1383.14	1774.655
spe	1453	1449	1862.655	1589.82	1726.2375	2140.61	1584.7	1942.5	1237.14	1688.875
hgt	1289	GCA.002345475.1.Bacteria.Firmicutes.H	1989.36	0.0	994.68	2274.49	1704.23	0.0	0.0	1137.245
los	1449	GCA.002400365.1.Bacteria.Chloroflexota	1589.82	0.0	794.91	1942.5	1237.14	0.0	0.0	971.25
spe	1236	1235	1872.885	1667.965	1770.425	2166.17	1579.6	1952.79	1383.14	1774.655
spe	1235	1234	1667.965	1465.43	1566.6975	1952.79	1383.14	1741.67	1189.19	1570.99
spe	1234	1233	1465.43	1196.4	1330.915	1741.67	1189.19	1500.76	892.04	1316.855
los	1233	GCA.003449495.1.Bacteria.Firmicutes.E	1196.4	0.0	598.2	1500.76	892.04	0.0	0.0	750.38
hgt	1221	GCA.002375895.1.Bacteria.Firmicutes.E	1546.995	0.0	773.4975	1982.53	1111.46	0.0	0.0	991.265
hgt	None	dead	0.0	0.0	0.0	0.0	0.0	0.0	0.0	0.0
hgt	1092	1058	2976.645	1931.1	2453.8725	3379.5	2573.79	2676.3	1185.9	2282.7
hgt	None	dead	0.0	0.0	0.0	0.0	0.0	0.0	0.0	0.0
spe	1477	1476	2723.605	2416.915	2570.26	3040.81	2406.4	2708.83	2125.0	2582.905
hgt	None	dead	0.0	0.0	0.0	0.0	0.0	0.0	0.0	0.0
hgt	1307	GCA.000987045.1.Bacteria.Firmicutes.B	1451.1	0.0	725.55	1682.57	1219.63	0.0	0.0	841.285
los	None	dead	0.0	0.0	0.0	0.0	0.0	0.0	0.0	0.0
hgt	None	dead	0.0	0.0	0.0	0.0	0.0	0.0	0.0	0.0
hgt	1234	GCA.003599345.1.Bacteria.Firmicutes.E	1465.43	0.0	732.715	1741.67	1189.19	0.0	0.0	870.835
los	None	dead	0.0	0.0	0.0	0.0	0.0	0.0	0.0	0.0
hgt	None	dead	0.0	0.0	0.0	0.0	0.0	0.0	0.0	0.0
spe	1476	1454	2416.915	1996.555	2206.735	2708.83	2125.0	2245.89	1747.22	2228.025
spe	1454	1453	1996.555	1862.655	1929.605	2245.89	1747.22	2140.61	1584.7	1915.295
los	1453	1449	1862.655	1589.82	1726.2375	2140.61	1584.7	1942.5	1237.14	1688.875
spe	1453	1452	1862.655	1430.125	1646.39	2140.61	1584.7	1777.81	1082.44	1611.525
los	1452	GCA.002348045.1.Bacteria.Chloroflexota	1430.125	0.0	715.0625	1777.81	1082.44	0.0	0.0	888.905
hgt	None	dead	0.0	0.0	0.0	0.0	0.0	0.0	0.0	0.0
hgt	1300	GCA.002418765.1.Bacteria.Firmicutes.B	1333.34	0.0	666.67	1595.67	1071.01	0.0	0.0	797.835
los	None	dead	0.0	0.0	0.0	0.0	0.0	0.0	0.0	0.0
dup	1454	1446	1996.555	1803.385	1899.97	2245.89	1747.22	2040.01	1566.76	1906.325
spe	1454	1446	1996.555	1803.385	1899.97	2245.89	1747.22	2040.01	1566.76	1906.325
spe	1446	1445	1803.385	1577.91	1690.6475	2040.01	1566.76	1848.3	1307.52	1673.765
los	1445	GCA.003130875.1.Bacteria.Chloroflexota	1577.91	0.0	788.955	1848.3	1307.52	0.0	0.0	924.15
spe	1445	1444	1577.91	1386.06	1481.985	1848.3	1307.52	1673.58	1098.54	1473.42
los	1444	GCA.002366755.1.Bacteria.Chloroflexota	1386.06	0.0	693.03	1673.58	1098.54	0.0	0.0	836.79
spe	1446	1440	1803.385	1679.715	1741.55	2040.01	1566.76	1908.42	1451.01	1745.51
los	1440	1439	1679.715	1492.005	1585.86	1908.42	1451.01	1713.37	1270.64	1589.53
spe	1454	1446	1996.555	1803.385	1899.97	2245.89	1747.22	2040.01	1566.76	1906.325
spe	1446	1445	1803.385	1577.91	1690.6475	2040.01	1566.76	1848.3	1307.52	1673.765
hgt	529	GCA.002420425.1.Bacteria.Proteobacteria	1606.235	0.0	803.1175	2001.73	1210.74	0.0	0.0	1000.865
los	1445	1444	1577.91	1386.06	1481.985	1848.3	1307.52	1673.58	1098.54	1473.42
spe	1446	1440	1803.385	1679.715	1741.55	2040.01	1566.76	1908.42	1451.01	1745.51
hgt	1452	GCA.002348045.1.Bacteria.Chloroflexota	1430.125	0.0	715.0625	1777.81	1082.44	0.0	0.0	888.905
los	1440	GCF.001306175.1.Bacteria.Chloroflexota	1679.715	0.0	839.8575	1908.42	1451.01	0.0	0.0	954.21
spe	1440	1439	1679.715	1492.005	1585.86	1908.42	1451.01	1713.37	1270.64	1589.53
spe	1439	1438	1492.005	1317.205	1404.605	1713.37	1270.64	1528.24	1106.17	1409.77
los	1438	GCA.002841995.1.Bacteria.Chloroflexota	1317.205	0.0	658.6025	1528.24	1106.17	0.0	0.0	764.12
spe	1438	1437	1317.205	1158.264	1237.7345	1528.24	1106.17	1381.67	934.858	1231.549
los	1437	GCA.002702065.1.Bacteria.Chloroflexota	1158.264	0.0	579.132	1381.67	934.858	0.0	0.0	690.835
dup	1439	GCF.900187885.1.Bacteria.Chloroflexota	1492.005	0.0	746.0025	1713.37	1270.64	0.0	0.0	856.685
dup	None	dead	0.0	0.0	0.0	0.0	0.0	0.0	0.0	0.0
hgt	1116	GCA.002435745.1.Bacteria.UBP15	1799.18	0.0	899.59	2205.43	1392.93	0.0	0.0	1102.715
los	None	dead	0.0	0.0	0.0	0.0	0.0	0.0	0.0	0.0
hgt	1058	GCA.001443005.1.Bacteria.Synergistota	1931.1	0.0	965.55	2676.3	1185.9	0.0	0.0	1338.15
los	None	dead	0.0	0.0	0.0	0.0	0.0	0.0	0.0	0.0
hgt	None	dead	0.0	0.0	0.0	0.0	0.0	0.0	0.0	0.0
hgt	887	863	2137.8	1855.945	1996.8725	2389.64	1885.96	2157.72	1554.17	1971.905
los	None	dead	0.0	0.0	0.0	0.0	0.0	0.0	0.0	0.0
spe	887	863	2137.8	1855.945	1996.8725	2389.64	1885.96	2157.72	1554.17	1971.905
spe	863	862	1855.945	1513.555	1684.75	2157.72	1554.17	1819.77	1207.34	1682.53
los	862	GCA.002782605.1.Bacteria.Desulfobacterota	1513.555	0.0	756.7775	1819.77	1207.34	0.0	0.0	909.885
spe	862	861	1513.555	1399.46	1456.5075	1819.77	1207.34	1712.04	1086.88	1453.325
los	861	GCA.002327985.1.Bacteria.Desulfobacterota	1399.46	0.0	699.73	1712.04	1086.88	0.0	0.0	856.02
spe	863	857	1855.945	1680.31	1768.1275	2157.72	1554.17	2026.99	1333.63	1745.675
los	857	GCA.001830835.1.Bacteria.Desulfobacterota	1680.31	0.0	840.155	2026.99	1333.63	0.0	0.0	1013.495
spe	1476	1475	2416.915	2249.485	2333.2	2708.83	2125.0	2543.8	1955.17	2332.0
spe	1475	1463	2249.485	1987.575	2118.53	2543.8	1955.17	2304.87	1670.28	2107.04
los	1463	1457	1987.575	1538.99	1763.2825	2304.87	1670.28	1931.07	1146.91	1725.89
spe	1463	1462	1987.575	1858.705	1923.14	2304.87	1670.28	2184.36	1533.05	1918.96
los	1462	1461	1858.705	1519.02	1688.8625	2184.36	1533.05	1882.58	1155.46	1669.91
spe	1475	1474	2249.485	2094.15	2171.8175	2543.8	1955.17	2398.35	1789.95	2166.875
spe	1474	1470	2094.15	1749.085	1921.6175	2398.35	1789.95	2065.21	1432.96	1915.655
los	1470	GCF.000025005.1.Bacteria.Chloroflexota	1749.085	0.0	874.5425	2065.21	1432.96	0.0	0.0	1032.605
spe	1470	1469	1749.085	1574.225	1661.655	2065.21	1432.96	1892.87	1255.58	1660.395
los	1469	GCA.001898225.1.Bacteria.Chloroflexota	1574.225	0.0	787.1125	1892.87	1255.58	0.0	0.0	946.435
spe	1469	1467	1574.225	1431.56	1502.8925	1892.87	1255.58	1750.93	1112.19	1502.53
los	1467	GCA.002440805.1.Bacteria.Chloroflexota	1431.56	0.0	715.78	1750.93	1112.19	0.0	0.0	875.465
hgt	293	GCA.003246265.1.Bacteria.Verrucomicrobiota	1595.865	0.0	797.9325	2014.86	1176.87	0.0	0.0	1007.43
los	1474	1473	2094.15	1294.4735	1694.31175	2398.35	1789.95	1671.97	916.977	1657.6635
hgt	1300	GCF.000620305.1.Bacteria.Firmicutes.B	1333.34	0.0	666.67	1595.67	1071.01	0.0	0.0	797.835
los	None	dead	0.0	0.0	0.0	0.0	0.0	0.0	0.0	0.0
dup	1300	GCF.000620305.1.Bacteria.Firmicutes.B	1333.34	0.0	666.67	1595.67	1071.01	0.0	0.0	797.835
hgt	1322	GCA.000961765.1.Bacteria.Firmicutes.B	1384.555	0.0	692.2775	1682.41	1086.7	0.0	0.0	841.205
spe	1092	1058	2976.645	1931.1	2453.8725	3379.5	2573.79	2676.3	1185.9	2282.7
hgt	1240	GCA.002376045.1.Bacteria.Firmicutes.A	1697.815	0.0	848.9075	2230.68	1164.95	0.0	0.0	1115.34
dup	None	dead	0.0	0.0	0.0	0.0	0.0	0.0	0.0	0.0
hgt	116	GCA.001774245.1.Archaea.Thermoproteota	1108.5585	0.0	554.27925	1411.12	805.997	0.0	0.0	705.56
los	None	dead	0.0	0.0	0.0	0.0	0.0	0.0	0.0	0.0
hgt	99	GCF.000092185.1.Archaea.Thermoproteota	1356.82	0.0	678.41	1642.61	1071.03	0.0	0.0	821.305
los	None	dead	0.0	0.0	0.0	0.0	0.0	0.0	0.0	0.0
dup	None	dead	0.0	0.0	0.0	0.0	0.0	0.0	0.0	0.0
hgt	1235	GCA.002376005.1.Bacteria.Firmicutes.E	1667.965	0.0	833.9825	1952.79	1383.14	0.0	0.0	976.395
los	None	dead	0.0	0.0	0.0	0.0	0.0	0.0	0.0	0.0
hgt	147	GCA.001940725.1.Archaea.Asgardarchaeota	1579.1	0.0	789.55	1962.45	1195.75	0.0	0.0	981.225
los	None	dead	0.0	0.0	0.0	0.0	0.0	0.0	0.0	0.0
spe	1477	1431	2723.605	2420.455	2572.03	3040.81	2406.4	2714.59	2126.32	2583.565
hgt	None	dead	0.0	0.0	0.0	0.0	0.0	0.0	0.0	0.0
hgt	842	841	2419.635	2325.31	2372.4725	2639.73	2199.54	2547.32	2103.3	2371.515
hgt	None	dead	0.0	0.0	0.0	0.0	0.0	0.0	0.0	0.0
hgt	1183	GCA.002347365.1.Bacteria.Actinobacteriota	1581.31	0.0	790.655	2035.82	1126.8	0.0	0.0	1017.91
los	None	dead	0.0	0.0	0.0	0.0	0.0	0.0	0.0	0.0
hgt	1218	GCA.001513125.1.Bacteria.DTU030	2397.09	0.0	1198.545	2801.39	1992.79	0.0	0.0	1400.695
hgt	None	dead	0.0	0.0	0.0	0.0	0.0	0.0	0.0	0.0
hgt	1476	1454	2416.915	1996.555	2206.735	2708.83	2125.0	2245.89	1747.22	2228.025
hgt	None	dead	0.0	0.0	0.0	0.0	0.0	0.0	0.0	0.0
hgt	1173	GCA.001768675.1.Bacteria.Actinobacteriota	1376.77	0.0	688.385	1664.76	1088.78	0.0	0.0	832.38
los	None	dead	0.0	0.0	0.0	0.0	0.0	0.0	0.0	0.0
spe	1431	1430	2420.455	1801.635	2111.045	2714.59	2126.32	2276.21	1327.06	2020.825
spe	1476	1454	2416.915	1996.555	2206.735	2708.83	2125.0	2245.89	1747.22	2228.025
spe	1454	1446	1996.555	1803.385	1899.97	2245.89	1747.22	2040.01	1566.76	1906.325
spe	1446	1445	1803.385	1577.91	1690.6475	2040.01	1566.76	1848.3	1307.52	1673.765
los	1445	1444	1577.91	1386.06	1481.985	1848.3	1307.52	1673.58	1098.54	1473.42
hgt	1462	GCA.002436065.1.Bacteria.Chloroflexota	1858.705	0.0	929.3525	2184.36	1533.05	0.0	0.0	1092.18
los	1446	1440	1803.385	1679.715	1741.55	2040.01	1566.76	1908.42	1451.01	1745.51
spe	1454	1453	1996.555	1862.655	1929.605	2245.89	1747.22	2140.61	1584.7	1915.295
spe	1453	1452	1862.655	1430.125	1646.39	2140.61	1584.7	1777.81	1082.44	1611.525
los	1452	GCA.002423325.1.Bacteria.Chloroflexota	1430.125	0.0	715.0625	1777.81	1082.44	0.0	0.0	888.905
hgt	None	dead	0.0	0.0	0.0	0.0	0.0	0.0	0.0	0.0
los	1453	1449	1862.655	1589.82	1726.2375	2140.61	1584.7	1942.5	1237.14	1688.875
hgt	1322	GCA.000961765.1.Bacteria.Firmicutes.B	1384.555	0.0	692.2775	1682.41	1086.7	0.0	0.0	841.205
los	None	dead	0.0	0.0	0.0	0.0	0.0	0.0	0.0	0.0
dup	1322	GCA.000961765.1.Bacteria.Firmicutes.B	1384.555	0.0	692.2775	1682.41	1086.7	0.0	0.0	841.205
hgt	1221	GCA.002375925.1.Bacteria.Firmicutes.E	1546.995	0.0	773.4975	1982.53	1111.46	0.0	0.0	991.265
dup	1322	GCA.000961765.1.Bacteria.Firmicutes.B	1384.555	0.0	692.2775	1682.41	1086.7	0.0	0.0	841.205
dup	None	dead	0.0	0.0	0.0	0.0	0.0	0.0	0.0	0.0
hgt	1355	GCF.004522215.1.Bacteria.Firmicutes	1426.77	0.0	713.385	1769.44	1084.1	0.0	0.0	884.72
los	None	dead	0.0	0.0	0.0	0.0	0.0	0.0	0.0	0.0
hgt	1419	GCA.002352365.1.Bacteria.Chloroflexota	1336.415	0.0	668.2075	1593.44	1079.39	0.0	0.0	796.72
los	None	dead	0.0	0.0	0.0	0.0	0.0	0.0	0.0	0.0
hgt	1330	GCA.002385745.1.Bacteria.Firmicutes.D	1602.185	0.0	801.0925	2102.79	1101.58	0.0	0.0	1051.395
hgt	None	dead	0.0	0.0	0.0	0.0	0.0	0.0	0.0	0.0
hgt	None	dead	0.0	0.0	0.0	0.0	0.0	0.0	0.0	0.0
dup	None	dead	0.0	0.0	0.0	0.0	0.0	0.0	0.0	0.0
hgt	753	GCA.001803565.1.Bacteria.Nitrospinota.B	1778.33	0.0	889.165	2125.97	1430.69	0.0	0.0	1062.985
los	None	dead	0.0	0.0	0.0	0.0	0.0	0.0	0.0	0.0
hgt	91	GCA.003034855.1.Archaea.Halobacteriota	2166.265	0.0	1083.1325	2401.72	1930.81	0.0	0.0	1200.86
los	None	dead	0.0	0.0	0.0	0.0	0.0	0.0	0.0	0.0
dup	91	GCA.003034855.1.Archaea.Halobacteriota	2166.265	0.0	1083.1325	2401.72	1930.81	0.0	0.0	1200.86
spe	842	841	2419.635	2325.31	2372.4725	2639.73	2199.54	2547.32	2103.3	2371.515
spe	841	801	2325.31	1810.17	2067.74	2547.32	2103.3	2217.42	1402.92	1975.12
hgt	759	GCA.003170555.1.Bacteria.FEN.1099	1793.69	0.0	896.845	2243.04	1344.34	0.0	0.0	1121.52
hgt	849	GCA.001896555.1.Bacteria.Desulfobacterota	1605.6	0.0	802.8	2007.54	1203.66	0.0	0.0	1003.77
hgt	1438	GCA.002841995.1.Bacteria.Chloroflexota	1317.205	0.0	658.6025	1528.24	1106.17	0.0	0.0	764.12
los	801	GCA.002328485.1.Bacteria.Desulfobacterota.G	1810.17	0.0	905.085	2217.42	1402.92	0.0	0.0	1108.71
spe	841	840	2325.31	2147.98	2236.645	2547.32	2103.3	2361.31	1934.65	2240.985
hgt	None	dead	0.0	0.0	0.0	0.0	0.0	0.0	0.0	0.0
los	840	804	2147.98	1824.305	1986.1425	2361.31	1934.65	2197.3	1451.31	1906.31
hgt	150	GCA.003144275.1.Archaea.Asgardarchaeota	1481.835	0.0	740.9175	1840.51	1123.16	0.0	0.0	920.255
los	None	dead	0.0	0.0	0.0	0.0	0.0	0.0	0.0	0.0
spe	840	839	2147.98	2054.51	2101.245	2361.31	1934.65	2262.05	1846.97	2104.14
spe	839	829	2054.51	2001.85	2028.18	2262.05	1846.97	2204.71	1798.99	2030.52
spe	829	817	2001.85	1835.155	1918.5025	2204.71	1798.99	2046.73	1623.58	1914.145
los	817	816	1835.155	1328.145	1581.65	2046.73	1623.58	1593.25	1063.04	1554.885
spe	817	813	1835.155	1676.35	1755.7525	2046.73	1623.58	1896.42	1456.28	1751.505
los	813	807	1676.35	1389.97	1533.16	1896.42	1456.28	1659.67	1120.27	1508.345
spe	813	812	1676.35	1516.905	1596.6275	1896.42	1456.28	1751.13	1282.68	1589.55
los	812	811	1516.905	1313.225	1415.065	1751.13	1282.68	1553.88	1072.57	1411.85
spe	829	828	2001.85	1750.53	1876.19	2204.71	1798.99	1966.78	1534.28	1869.495
los	828	GCA.002699025.1.Bacteria.Myxococcota	1750.53	0.0	875.265	1966.78	1534.28	0.0	0.0	983.39
spe	828	827	1750.53	1617.135	1683.8325	1966.78	1534.28	1833.41	1400.86	1683.82
los	827	821	1617.135	1377.535	1497.335	1833.41	1400.86	1637.42	1117.65	1475.53
spe	827	826	1617.135	1444.855	1530.995	1833.41	1400.86	1661.37	1228.34	1530.875
los	826	GCA.002747355.1.Bacteria.Myxococcota	1444.855	0.0	722.4275	1661.37	1228.34	0.0	0.0	830.685
spe	826	825	1444.855	1134.553	1289.704	1661.37	1228.34	1400.01	869.096	1265.233
los	825	GCA.003170275.1.Bacteria.Myxococcota	1134.553	0.0	567.2765	1400.01	869.096	0.0	0.0	700.005
hgt	None	dead	0.0	0.0	0.0	0.0	0.0	0.0	0.0	0.0
hgt	59	GCA.002878135.1.Archaea.Thermoplasmatota	1276.445	0.0	638.2225	1522.67	1030.22	0.0	0.0	761.335
los	None	dead	0.0	0.0	0.0	0.0	0.0	0.0	0.0	0.0
hgt	108	GCF.000148385.1.Archaea.Thermoproteota	1863.195	0.0	931.5975	2170.45	1555.94	0.0	0.0	1085.225
los	839	838	2054.51	1822.44	1938.475	2262.05	1846.97	2068.6	1576.28	1919.165
dup	None	dead	0.0	0.0	0.0	0.0	0.0	0.0	0.0	0.0
hgt	1330	GCA.002385745.1.Bacteria.Firmicutes.D	1602.185	0.0	801.0925	2102.79	1101.58	0.0	0.0	1051.395
los	None	dead	0.0	0.0	0.0	0.0	0.0	0.0	0.0	0.0
dup	None	dead	0.0	0.0	0.0	0.0	0.0	0.0	0.0	0.0
hgt	1173	GCA.001768675.1.Bacteria.Actinobacteriota	1376.77	0.0	688.385	1664.76	1088.78	0.0	0.0	832.38
los	None	dead	0.0	0.0	0.0	0.0	0.0	0.0	0.0	0.0
hgt	686	GCA.002451015.1.Bacteria.Acidobacteriota	1587.93	0.0	793.965	1852.98	1322.88	0.0	0.0	926.49
los	None	dead	0.0	0.0	0.0	0.0	0.0	0.0	0.0	0.0
dup	686	GCA.002451015.1.Bacteria.Acidobacteriota	1587.93	0.0	793.965	1852.98	1322.88	0.0	0.0	926.49
dup	None	dead	0.0	0.0	0.0	0.0	0.0	0.0	0.0	0.0
hgt	1173	GCA.001768675.1.Bacteria.Actinobacteriota	1376.77	0.0	688.385	1664.76	1088.78	0.0	0.0	832.38
los	None	dead	0.0	0.0	0.0	0.0	0.0	0.0	0.0	0.0
hgt	686	GCA.002451015.1.Bacteria.Acidobacteriota	1587.93	0.0	793.965	1852.98	1322.88	0.0	0.0	926.49
los	None	dead	0.0	0.0	0.0	0.0	0.0	0.0	0.0	0.0
dup	686	GCA.002451015.1.Bacteria.Acidobacteriota	1587.93	0.0	793.965	1852.98	1322.88	0.0	0.0	926.49
hgt	None	dead	0.0	0.0	0.0	0.0	0.0	0.0	0.0	0.0
hgt	None	dead	0.0	0.0	0.0	0.0	0.0	0.0	0.0	0.0
spe	1431	1427	2420.455	2216.53	2318.4925	2714.59	2126.32	2490.85	1942.21	2328.4
spe	1427	1426	2216.53	1994.025	2105.2775	2490.85	1942.21	2287.24	1700.81	2095.83
los	1426	GCF.001953175.1.Bacteria.Chloroflexota	1994.025	0.0	997.0125	2287.24	1700.81	0.0	0.0	1143.62
spe	1426	1425	1994.025	1783.375	1888.7	2287.24	1700.81	2059.01	1507.74	1897.49
los	1425	GCA.003229915.1.Bacteria.Chloroflexota	1783.375	0.0	891.6875	2059.01	1507.74	0.0	0.0	1029.505
spe	1425	1424	1783.375	1648.125	1715.75	2059.01	1507.74	1911.17	1385.08	1722.045
los	1424	1422	1648.125	1519.76	1583.9425	1911.17	1385.08	1777.68	1261.84	1586.505
dup	1424	GCA.002011475.1.Bacteria.Chloroflexota	1648.125	0.0	824.0625	1911.17	1385.08	0.0	0.0	955.585
spe	1427	1413	2216.53	1968.2	2092.365	2490.85	1942.21	2223.13	1713.27	2102.06
spe	1413	1412	1968.2	1749.925	1859.0625	2223.13	1713.27	1991.74	1508.11	1865.62
hgt	741	GCA.003220615.1.Bacteria.Methylomirabilota	1693.345	0.0	846.6725	2199.48	1187.21	0.0	0.0	1099.74
los	1412	1408	1749.925	1662.42	1706.1725	1991.74	1508.11	1907.66	1417.18	1704.46
spe	1412	1411	1749.925	1413.835	1581.88	1991.74	1508.11	1714.05	1113.62	1552.68
hgt	746	GCA.002238965.1.Bacteria.UBA8248	1667.435	0.0	833.7175	2098.35	1236.52	0.0	0.0	1049.175
los	1411	GCA.002450515.1.Bacteria.Chloroflexota	1413.835	0.0	706.9175	1714.05	1113.62	0.0	0.0	857.025
dup	1411	GCA.002717805.1.Bacteria.Chloroflexota	1413.835	0.0	706.9175	1714.05	1113.62	0.0	0.0	857.025
hgt	1462	GCA.002436065.1.Bacteria.Chloroflexota	1858.705	0.0	929.3525	2184.36	1533.05	0.0	0.0	1092.18
los	1413	1399	1968.2	1604.38	1786.29	2223.13	1713.27	1953.48	1255.28	1739.205
dup	1462	GCA.002436065.1.Bacteria.Chloroflexota	1858.705	0.0	929.3525	2184.36	1533.05	0.0	0.0	1092.18
dup	None	dead	0.0	0.0	0.0	0.0	0.0	0.0	0.0	0.0
hgt	861	GCA.001304105.1.Bacteria.Desulfobacterota	1399.46	0.0	699.73	1712.04	1086.88	0.0	0.0	856.02
los	None	dead	0.0	0.0	0.0	0.0	0.0	0.0	0.0	0.0
dup	None	dead	0.0	0.0	0.0	0.0	0.0	0.0	0.0	0.0
hgt	1173	GCA.001768675.1.Bacteria.Actinobacteriota	1376.77	0.0	688.385	1664.76	1088.78	0.0	0.0	832.38
los	None	dead	0.0	0.0	0.0	0.0	0.0	0.0	0.0	0.0
hgt	686	GCA.002451015.1.Bacteria.Acidobacteriota	1587.93	0.0	793.965	1852.98	1322.88	0.0	0.0	926.49
los	None	dead	0.0	0.0	0.0	0.0	0.0	0.0	0.0	0.0
dup	None	dead	0.0	0.0	0.0	0.0	0.0	0.0	0.0	0.0
hgt	1307	GCA.000987045.1.Bacteria.Firmicutes.B	1451.1	0.0	725.55	1682.57	1219.63	0.0	0.0	841.285
los	None	dead	0.0	0.0	0.0	0.0	0.0	0.0	0.0	0.0
dup	None	dead	0.0	0.0	0.0	0.0	0.0	0.0	0.0	0.0
hgt	445	GCA.002717225.1.Bacteria.Proteobacteria	1339.17	0.0	669.585	1557.66	1120.68	0.0	0.0	778.83
los	None	dead	0.0	0.0	0.0	0.0	0.0	0.0	0.0	0.0
hgt	133	GCA.000405685.1.Archaea.Thermoproteota	1484.13	0.0	742.065	1802.63	1165.63	0.0	0.0	901.315
los	None	dead	0.0	0.0	0.0	0.0	0.0	0.0	0.0	0.0
spe	1726	1094	3874.525	3784.185	3829.355	4213.25	3535.8	4116.28	3452.09	3832.67
spe	1094	1093	3784.185	3252.63	3518.4075	4116.28	3452.09	3717.03	2788.23	3452.255
los	1093	1055	3252.63	2857.665	3055.1475	3717.03	2788.23	3366.33	2349.0	3033.015
spe	1093	1092	3252.63	2976.645	3114.6375	3717.03	2788.23	3379.5	2573.79	3145.41
hgt	177	176	2975.235	2798.9	2887.0675	3172.02	2778.45	2996.96	2600.84	2886.43
hgt	None	dead	0.0	0.0	0.0	0.0	0.0	0.0	0.0	0.0
spe	1092	1091	2976.645	2844.735	2910.69	3379.5	2573.79	3214.63	2474.84	2927.17
spe	1091	1090	2844.735	2540.54	2692.6375	3214.63	2474.84	2954.34	2126.74	2670.685
los	1090	GCA.000353875.1.Bacteria.Atribacterota	2540.54	0.0	1270.27	2954.34	2126.74	0.0	0.0	1477.17
spe	1090	1088	2540.54	1715.27	2127.905	2954.34	2126.74	2079.93	1350.61	2152.475
los	1088	1087	1715.27	1366.82	1541.045	2079.93	1350.61	1685.2	1048.44	1564.185
spe	1091	1083	2844.735	2641.845	2743.29	3214.63	2474.84	2987.89	2295.8	2755.215
spe	1083	1071	2641.845	2420.035	2530.94	2987.89	2295.8	2769.04	2071.03	2529.46
los	1071	1063	2420.035	1607.785	2013.91	2769.04	2071.03	1978.17	1237.4	2003.22
spe	1071	1070	2420.035	2141.115	2280.575	2769.04	2071.03	2496.71	1785.52	2277.28
los	1070	GCA.002878375.1.Bacteria.Dictyoglomota	2141.115	0.0	1070.5575	2496.71	1785.52	0.0	0.0	1248.355
spe	1070	1069	2141.115	1779.88	1960.4975	2496.71	1785.52	2130.11	1429.65	1963.18
los	1069	1068	1779.88	1488.73	1634.305	2130.11	1429.65	1829.99	1147.47	1638.79
hgt	None	dead	0.0	0.0	0.0	0.0	0.0	0.0	0.0	0.0
los	1083	1082	2641.845	2433.75	2537.7975	2987.89	2295.8	2808.36	2059.14	2523.515
hgt	59	GCA.002878135.1.Archaea.Thermoplasmatota	1276.445	0.0	638.2225	1522.67	1030.22	0.0	0.0	761.335
los	None	dead	0.0	0.0	0.0	0.0	0.0	0.0	0.0	0.0
hgt	70	54	2126.625	1938.605	2032.615	2338.09	1915.16	2167.1	1710.11	2024.1
los	None	dead	0.0	0.0	0.0	0.0	0.0	0.0	0.0	0.0
spe	70	54	2126.625	1938.605	2032.615	2338.09	1915.16	2167.1	1710.11	2024.1
spe	54	53	1938.605	1580.44	1759.5225	2167.1	1710.11	1846.71	1314.17	1740.635
los	53	52	1580.44	1320.27	1450.355	1846.71	1314.17	1581.03	1059.51	1453.11
spe	54	48	1938.605	1716.14	1827.3725	2167.1	1710.11	1982.66	1449.62	1808.36
los	48	GCA.003009755.1.Archaea.Thermoplasmatota	1716.14	0.0	858.07	1982.66	1449.62	0.0	0.0	991.33
spe	48	47	1716.14	1480.595	1598.3675	1982.66	1449.62	1786.51	1174.68	1578.67
los	47	GCA.002495235.1.Archaea.Thermoplasmatota	1480.595	0.0	740.2975	1786.51	1174.68	0.0	0.0	893.255
dup	177	176	2975.235	2798.9	2887.0675	3172.02	2778.45	2996.96	2600.84	2886.43
dup	177	176	2975.235	2798.9	2887.0675	3172.02	2778.45	2996.96	2600.84	2886.43
spe	177	176	2975.235	2798.9	2887.0675	3172.02	2778.45	2996.96	2600.84	2886.43
hgt	None	dead	0.0	0.0	0.0	0.0	0.0	0.0	0.0	0.0
hgt	84	GCF.000970205.1.Archaea.Halobacteriota	1169.197	0.0	584.5985	1403.93	934.464	0.0	0.0	701.965
los	None	dead	0.0	0.0	0.0	0.0	0.0	0.0	0.0	0.0
hgt	None	dead	0.0	0.0	0.0	0.0	0.0	0.0	0.0	0.0
hgt	1203	GCA.002399265.1.Bacteria.Firmicutes.G	1335.97	0.0	667.985	1646.81	1025.13	0.0	0.0	823.405
los	None	dead	0.0	0.0	0.0	0.0	0.0	0.0	0.0	0.0
hgt	None	dead	0.0	0.0	0.0	0.0	0.0	0.0	0.0	0.0
los	176	175	2798.9	2653.515	2726.2075	2996.96	2600.84	2862.53	2444.5	2720.73
hgt	1327	1326	2263.0	2039.05	2151.025	2518.47	2007.53	2290.01	1788.09	2153.28
los	None	dead	0.0	0.0	0.0	0.0	0.0	0.0	0.0	0.0
spe	1327	1326	2263.0	2039.05	2151.025	2518.47	2007.53	2290.01	1788.09	2153.28
spe	1326	1292	2039.05	1516.66	1777.855	2290.01	1788.09	1936.55	1096.77	1693.39
los	1292	GCF.001950325.1.Bacteria.Firmicutes.B	1516.66	0.0	758.33	1936.55	1096.77	0.0	0.0	968.275
spe	1326	1325	2039.05	1862.485	1950.7675	2290.01	1788.09	2083.02	1641.95	1965.98
spe	1325	1324	1862.485	1779.53	1821.0075	2083.02	1641.95	1989.46	1569.6	1826.31
hgt	185	GCA.001791795.1.Bacteria.Wallbacteria	3017.615	0.0	1508.8075	3697.2	2338.03	0.0	0.0	1848.6
los	1324	1308	1779.53	1606.55	1693.04	1989.46	1569.6	1832.18	1380.92	1685.19
spe	1324	1323	1779.53	1708.06	1743.795	1989.46	1569.6	1917.5	1498.62	1744.04
spe	1323	1319	1708.06	1607.725	1657.8925	1917.5	1498.62	1817.85	1397.6	1657.55
los	1319	1318	1607.725	1519.645	1563.685	1817.85	1397.6	1736.35	1302.94	1560.395
hgt	1273	GCF.000166335.1.Bacteria.Firmicutes.A	2085.065	0.0	1042.5325	2326.9	1843.23	0.0	0.0	1163.45
hgt	1069	GCF.000378005.1.Bacteria.Coprothermobacterota	1779.88	0.0	889.94	2130.11	1429.65	0.0	0.0	1065.055
los	1323	1322	1708.06	1384.555	1546.3075	1917.5	1498.62	1682.41	1086.7	1502.1
spe	1325	1297	1862.485	1576.575	1719.53	2083.02	1641.95	1886.7	1266.45	1674.735
hgt	1350	GCF.001742305.1.Bacteria.Firmicutes	1481.1	0.0	740.55	1809.84	1152.36	0.0	0.0	904.92
hgt	1667	GCA.003503675.1.Bacteria.Cyanobacteria	2112.65	0.0	1056.325	2842.8	1382.5	0.0	0.0	1421.4
hgt	873	871	1600.675	1358.76	1479.7175	1876.83	1324.52	1643.54	1073.98	1475.405
los	1297	1296	1576.575	1436.52	1506.5475	1886.7	1266.45	1763.25	1109.79	1498.245
spe	873	871	1600.675	1358.76	1479.7175	1876.83	1324.52	1643.54	1073.98	1475.405
hgt	861	GCA.001304105.1.Bacteria.Desulfobacterota	1399.46	0.0	699.73	1712.04	1086.88	0.0	0.0	856.02
hgt	801	GCA.002328485.1.Bacteria.Desulfobacterota.G	1810.17	0.0	905.085	2217.42	1402.92	0.0	0.0	1108.71
spe	176	140	2798.9	2626.73	2712.815	2996.96	2600.84	2837.91	2415.55	2706.255
spe	140	139	2626.73	2517.75	2572.24	2837.91	2415.55	2733.29	2302.21	2570.06
los	139	109	2517.75	2214.8	2366.275	2733.29	2302.21	2483.59	1946.01	2339.65
spe	139	138	2517.75	2383.655	2450.7025	2733.29	2302.21	2607.35	2159.96	2446.625
los	138	137	2383.655	2168.41	2276.0325	2607.35	2159.96	2408.53	1928.29	2267.82
spe	138	124	2383.655	2123.145	2253.4	2607.35	2159.96	2381.0	1865.29	2236.32
los	124	GCA.002495485.1.Archaea.Thermoproteota	2123.145	0.0	1061.5725	2381.0	1865.29	0.0	0.0	1190.5
spe	124	123	2123.145	1998.805	2060.975	2381.0	1865.29	2251.98	1745.63	2063.315
los	123	122	1998.805	1853.335	1926.07	2251.98	1745.63	2102.13	1604.54	1928.26
spe	123	113	1998.805	1643.05	1820.9275	2251.98	1745.63	2015.58	1270.52	1761.25
los	113	GCA.002255025.1.Archaea.Thermoproteota	1643.05	0.0	821.525	2015.58	1270.52	0.0	0.0	1007.79
hgt	188	GCA.001787855.1.Bacteria.Riflebacteria	2641.665	0.0	1320.8325	3499.21	1784.12	0.0	0.0	1749.605
hgt	91	90	2166.265	1969.495	2067.88	2401.72	1930.81	2197.74	1741.25	2071.485
hgt	133	GCA.000405685.1.Archaea.Thermoproteota	1484.13	0.0	742.065	1802.63	1165.63	0.0	0.0	901.315
spe	91	90	2166.265	1969.495	2067.88	2401.72	1930.81	2197.74	1741.25	2071.485
spe	90	74	1969.495	1616.7	1793.0975	2197.74	1741.25	1969.17	1264.23	1730.985
spe	90	89	1969.495	1812.405	1890.95	2197.74	1741.25	2030.99	1593.82	1895.78
spe	89	77	1812.405	1412.42	1612.4125	2030.99	1593.82	1711.62	1113.22	1572.105
hgt	113	GCA.001593865.1.Archaea.Thermoproteota	1643.05	0.0	821.525	2015.58	1270.52	0.0	0.0	1007.79
los	77	GCA.001766825.1.Archaea.Halobacteriota	1412.42	0.0	706.21	1711.62	1113.22	0.0	0.0	855.81
hgt	1452	GCA.002423325.1.Bacteria.Chloroflexota	1430.125	0.0	715.0625	1777.81	1082.44	0.0	0.0	888.905
hgt	1645	GCF.000212395.1.Bacteria.Thermodesulfobiota	2606.885	0.0	1303.4425	3195.61	2018.16	0.0	0.0	1597.805
hgt	895	GCA.002897695.1.Bacteria.BMS3Abin14	1810.42	0.0	905.21	2358.35	1262.49	0.0	0.0	1179.175
hgt	None	dead	0.0	0.0	0.0	0.0	0.0	0.0	0.0	0.0
los	89	88	1812.405	1663.625	1738.015	2030.99	1593.82	1881.51	1445.74	1738.365
hgt	52	GCA.001595945.1.Archaea.Thermoplasmatota	1320.27	0.0	660.135	1581.03	1059.51	0.0	0.0	790.515
los	None	dead	0.0	0.0	0.0	0.0	0.0	0.0	0.0	0.0
hgt	1478	1477	3018.815	2723.605	2871.21	3423.42	2614.21	3040.81	2406.4	2914.91
spe	177	176	2975.235	2798.9	2887.0675	3172.02	2778.45	2996.96	2600.84	2886.43
spe	176	175	2798.9	2653.515	2726.2075	2996.96	2600.84	2862.53	2444.5	2720.73
spe	175	143	2653.515	1902.65	2278.0825	2862.53	2444.5	2361.92	1443.38	2152.955
los	143	GCA.001563325.1.Archaea.Asgardarchaeota	1902.65	0.0	951.325	2361.92	1443.38	0.0	0.0	1180.96
hgt	None	dead	0.0	0.0	0.0	0.0	0.0	0.0	0.0	0.0
los	175	174	2653.515	2527.615	2590.565	2862.53	2444.5	2745.47	2309.76	2586.145
hgt	1136	GCA.003157385.1.Bacteria.Actinobacteriota	1777.3	0.0	888.65	2350.53	1204.07	0.0	0.0	1175.265
los	None	dead	0.0	0.0	0.0	0.0	0.0	0.0	0.0	0.0
spe	176	140	2798.9	2626.73	2712.815	2996.96	2600.84	2837.91	2415.55	2706.255
los	140	GCF.000019605.1.Archaea.Thermoproteota	2626.73	0.0	1313.365	2837.91	2415.55	0.0	0.0	1418.955
spe	140	139	2626.73	2517.75	2572.24	2837.91	2415.55	2733.29	2302.21	2570.06
los	139	109	2517.75	2214.8	2366.275	2733.29	2302.21	2483.59	1946.01	2339.65
spe	139	138	2517.75	2383.655	2450.7025	2733.29	2302.21	2607.35	2159.96	2446.625
spe	138	124	2383.655	2123.145	2253.4	2607.35	2159.96	2381.0	1865.29	2236.32
los	124	GCA.002495485.1.Archaea.Thermoproteota	2123.145	0.0	1061.5725	2381.0	1865.29	0.0	0.0	1190.5
spe	124	123	2123.145	1998.805	2060.975	2381.0	1865.29	2251.98	1745.63	2063.315
los	123	113	1998.805	1643.05	1820.9275	2251.98	1745.63	2015.58	1270.52	1761.25
spe	123	122	1998.805	1853.335	1926.07	2251.98	1745.63	2102.13	1604.54	1928.26
los	122	118	1853.335	1643.115	1748.225	2102.13	1604.54	1910.17	1376.06	1739.095
spe	122	121	1853.335	1422.225	1637.78	2102.13	1604.54	1736.27	1108.18	1605.155
los	121	GCA.001775995.1.Archaea.Thermoproteota	1422.225	0.0	711.1125	1736.27	1108.18	0.0	0.0	868.135
spe	138	137	2383.655	2168.41	2276.0325	2607.35	2159.96	2408.53	1928.29	2267.82
los	137	136	2168.41	2026.55	2097.48	2408.53	1928.29	2277.08	1776.02	2092.275
spe	1478	1477	3018.815	2723.605	2871.21	3423.42	2614.21	3040.81	2406.4	2914.91
spe	1477	1476	2723.605	2416.915	2570.26	3040.81	2406.4	2708.83	2125.0	2582.905
los	1476	1475	2416.915	2249.485	2333.2	2708.83	2125.0	2543.8	1955.17	2332.0
spe	1476	1454	2416.915	1996.555	2206.735	2708.83	2125.0	2245.89	1747.22	2228.025
los	1454	1446	1996.555	1803.385	1899.97	2245.89	1747.22	2040.01	1566.76	1906.325
spe	1454	1453	1996.555	1862.655	1929.605	2245.89	1747.22	2140.61	1584.7	1915.295
los	1453	1449	1862.655	1589.82	1726.2375	2140.61	1584.7	1942.5	1237.14	1688.875
spe	1453	1452	1862.655	1430.125	1646.39	2140.61	1584.7	1777.81	1082.44	1611.525
los	1452	GCA.002423325.1.Bacteria.Chloroflexota	1430.125	0.0	715.0625	1777.81	1082.44	0.0	0.0	888.905
spe	1477	1431	2723.605	2420.455	2572.03	3040.81	2406.4	2714.59	2126.32	2583.565
spe	1431	1427	2420.455	2216.53	2318.4925	2714.59	2126.32	2490.85	1942.21	2328.4
los	1427	1426	2216.53	1994.025	2105.2775	2490.85	1942.21	2287.24	1700.81	2095.83
spe	1427	1413	2216.53	1968.2	2092.365	2490.85	1942.21	2223.13	1713.27	2102.06
los	1413	1399	1968.2	1604.38	1786.29	2223.13	1713.27	1953.48	1255.28	1739.205
spe	1413	1412	1968.2	1749.925	1859.0625	2223.13	1713.27	1991.74	1508.11	1865.62
los	1412	1411	1749.925	1413.835	1581.88	1991.74	1508.11	1714.05	1113.62	1552.68
spe	1412	1408	1749.925	1662.42	1706.1725	1991.74	1508.11	1907.66	1417.18	1704.46
spe	1408	1407	1662.42	1546.495	1604.4575	1907.66	1417.18	1804.4	1288.59	1598.125
los	1407	GCA.002717565.1.Bacteria.Chloroflexota	1546.495	0.0	773.2475	1804.4	1288.59	0.0	0.0	902.2
spe	1407	1406	1546.495	1411.15	1478.8225	1804.4	1288.59	1684.0	1138.3	1471.35
los	1406	GCA.002717925.1.Bacteria.Chloroflexota	1411.15	0.0	705.575	1684.0	1138.3	0.0	0.0	842.0
spe	1408	1402	1662.42	1501.935	1582.1775	1907.66	1417.18	1778.95	1224.92	1566.29
los	1402	GCA.003228115.1.Bacteria.Chloroflexota	1501.935	0.0	750.9675	1778.95	1224.92	0.0	0.0	889.475
spe	1431	1430	2420.455	1801.635	2111.045	2714.59	2126.32	2276.21	1327.06	2020.825
hgt	797	796	1832.825	1652.795	1742.81	2092.41	1573.24	1900.16	1405.43	1748.92
los	1430	GCA.002239025.1.Bacteria.Chloroflexota	1801.635	0.0	900.8175	2276.21	1327.06	0.0	0.0	1138.105
spe	797	796	1832.825	1652.795	1742.81	2092.41	1573.24	1900.16	1405.43	1748.92
spe	796	795	1652.795	1481.005	1566.9	1900.16	1405.43	1717.52	1244.49	1572.325
los	795	791	1481.005	1228.3465	1354.67575	1717.52	1244.49	1482.5	974.193	1345.8565
spe	795	794	1481.005	1350.25	1415.6275	1717.52	1244.49	1609.55	1090.95	1404.235
los	794	GCA.003161515.1.Bacteria.Desulfobacterota.B	1350.25	0.0	675.125	1609.55	1090.95	0.0	0.0	804.775
hgt	1163	GCF.000384115.1.Bacteria.Actinobacteriota	1087.464	0.0	543.732	1323.49	851.438	0.0	0.0	661.745
spe	177	176	2975.235	2798.9	2887.0675	3172.02	2778.45	2996.96	2600.84	2886.43
spe	176	175	2798.9	2653.515	2726.2075	2996.96	2600.84	2862.53	2444.5	2720.73
los	175	143	2653.515	1902.65	2278.0825	2862.53	2444.5	2361.92	1443.38	2152.955
spe	175	174	2653.515	2527.615	2590.565	2862.53	2444.5	2745.47	2309.76	2586.145
los	174	173	2527.615	2445.14	2486.3775	2745.47	2309.76	2664.86	2225.42	2485.445
dup	176	140	2798.9	2626.73	2712.815	2996.96	2600.84	2837.91	2415.55	2706.255
hgt	397	GCF.000526155.1.Bacteria.Desulfobacterota	2713.19	0.0	1356.595	3215.27	2211.11	0.0	0.0	1607.635
spe	176	140	2798.9	2626.73	2712.815	2996.96	2600.84	2837.91	2415.55	2706.255
spe	140	139	2626.73	2517.75	2572.24	2837.91	2415.55	2733.29	2302.21	2570.06
spe	139	109	2517.75	2214.8	2366.275	2733.29	2302.21	2483.59	1946.01	2339.65
los	109	103	2214.8	1798.43	2006.615	2483.59	1946.01	2110.45	1486.41	1985.0
spe	109	108	2214.8	1863.195	2038.9975	2483.59	1946.01	2170.45	1555.94	2019.765
los	108	107	1863.195	1515.18	1689.1875	2170.45	1555.94	1853.29	1177.07	1673.76
spe	139	138	2517.75	2383.655	2450.7025	2733.29	2302.21	2607.35	2159.96	2446.625
los	138	124	2383.655	2123.145	2253.4	2607.35	2159.96	2381.0	1865.29	2236.32
spe	138	137	2383.655	2168.41	2276.0325	2607.35	2159.96	2408.53	1928.29	2267.82
los	137	GCA.002255045.1.Archaea.Thermoproteota	2168.41	0.0	1084.205	2408.53	1928.29	0.0	0.0	1204.265
spe	137	136	2168.41	2026.55	2097.48	2408.53	1928.29	2277.08	1776.02	2092.275
los	136	GCA.000375685.1.Archaea.Thermoproteota	2026.55	0.0	1013.275	2277.08	1776.02	0.0	0.0	1138.54
spe	136	134	2026.55	1807.525	1917.0375	2277.08	1776.02	2062.72	1552.33	1914.705
los	134	133	1807.525	1484.13	1645.8275	2062.72	1552.33	1802.63	1165.63	1614.175
spe	134	130	1807.525	1643.645	1725.585	2062.72	1552.33	1910.35	1376.94	1719.83
los	130	GCA.001510295.1.Archaea.Thermoproteota	1643.645	0.0	821.8225	1910.35	1376.94	0.0	0.0	955.175
spe	130	128	1643.645	925.9285	1284.78675	1910.35	1376.94	1257.47	594.387	1252.3685
hgt	None	dead	0.0	0.0	0.0	0.0	0.0	0.0	0.0	0.0
hgt	888	887	2336.71	2137.8	2237.255	2614.71	2058.71	2389.64	1885.96	2250.335
hgt	1234	GCA.003599345.1.Bacteria.Firmicutes.E	1465.43	0.0	732.715	1741.67	1189.19	0.0	0.0	870.835
hgt	None	dead	0.0	0.0	0.0	0.0	0.0	0.0	0.0	0.0
hgt	1240	GCA.002376045.1.Bacteria.Firmicutes.A	1697.815	0.0	848.9075	2230.68	1164.95	0.0	0.0	1115.34
los	None	dead	0.0	0.0	0.0	0.0	0.0	0.0	0.0	0.0
spe	888	887	2336.71	2137.8	2237.255	2614.71	2058.71	2389.64	1885.96	2250.335
spe	887	886	2137.8	1905.655	2021.7275	2389.64	1885.96	2131.89	1679.42	2034.53
spe	886	885	1905.655	1770.19	1837.9225	2131.89	1679.42	2001.88	1538.5	1835.195
los	885	884	1770.19	1647.595	1708.8925	2001.88	1538.5	1883.47	1411.72	1706.8
spe	885	877	1770.19	1616.13	1693.16	2001.88	1538.5	1882.89	1349.37	1675.625
los	877	GCA.001797675.1.Bacteria.Desulfobacterota	1616.13	0.0	808.065	1882.89	1349.37	0.0	0.0	941.445
spe	886	874	1905.655	1792.455	1849.055	2131.89	1679.42	2028.47	1556.44	1844.165
los	874	868	1792.455	1587.525	1689.99	2028.47	1556.44	1838.99	1336.06	1682.265
spe	874	873	1792.455	1600.675	1696.565	2028.47	1556.44	1876.83	1324.52	1676.495
spe	873	871	1600.675	1358.76	1479.7175	1876.83	1324.52	1643.54	1073.98	1475.405
hgt	883	GCA.000961655.1.Bacteria.Desulfobacterota	1311.85	0.0	655.925	1564.19	1059.51	0.0	0.0	782.095
los	871	GCA.002899795.1.Bacteria.Desulfobacterota	1358.76	0.0	679.38	1643.54	1073.98	0.0	0.0	821.77
spe	887	863	2137.8	1855.945	1996.8725	2389.64	1885.96	2157.72	1554.17	1971.905
los	863	857	1855.945	1680.31	1768.1275	2157.72	1554.17	2026.99	1333.63	1745.675
spe	863	862	1855.945	1513.555	1684.75	2157.72	1554.17	1819.77	1207.34	1682.53
los	862	GCA.002782605.1.Bacteria.Desulfobacterota	1513.555	0.0	756.7775	1819.77	1207.34	0.0	0.0	909.885
spe	862	861	1513.555	1399.46	1456.5075	1819.77	1207.34	1712.04	1086.88	1453.325
los	861	GCA.001304105.1.Bacteria.Desulfobacterota	1399.46	0.0	699.73	1712.04	1086.88	0.0	0.0	856.02
dup	861	GCA.002327985.1.Bacteria.Desulfobacterota	1399.46	0.0	699.73	1712.04	1086.88	0.0	0.0	856.02
hgt	1308	1307	1606.55	1451.1	1528.825	1832.18	1380.92	1682.57	1219.63	1525.905
los	None	dead	0.0	0.0	0.0	0.0	0.0	0.0	0.0	0.0
spe	1308	1307	1606.55	1451.1	1528.825	1832.18	1380.92	1682.57	1219.63	1525.905
hgt	1292	GCF.001950325.1.Bacteria.Firmicutes.B	1516.66	0.0	758.33	1936.55	1096.77	0.0	0.0	968.275
spe	1307	1305	1451.1	1336.995	1394.0475	1682.57	1219.63	1578.59	1095.4	1388.985
hgt	1178	GCA.002347645.1.Bacteria.Actinobacteriota	1434.165	0.0	717.0825	1689.01	1179.32	0.0	0.0	844.505
los	1305	1304	1336.995	1096.0955	1216.54525	1578.59	1095.4	1375.0	817.191	1197.8905
spe	176	140	2798.9	2626.73	2712.815	2996.96	2600.84	2837.91	2415.55	2706.255
los	140	GCF.000019605.1.Archaea.Thermoproteota	2626.73	0.0	1313.365	2837.91	2415.55	0.0	0.0	1418.955
spe	140	139	2626.73	2517.75	2572.24	2837.91	2415.55	2733.29	2302.21	2570.06
los	139	109	2517.75	2214.8	2366.275	2733.29	2302.21	2483.59	1946.01	2339.65
spe	139	138	2517.75	2383.655	2450.7025	2733.29	2302.21	2607.35	2159.96	2446.625
spe	138	124	2383.655	2123.145	2253.4	2607.35	2159.96	2381.0	1865.29	2236.32
los	124	GCA.002495485.1.Archaea.Thermoproteota	2123.145	0.0	1061.5725	2381.0	1865.29	0.0	0.0	1190.5
spe	124	123	2123.145	1998.805	2060.975	2381.0	1865.29	2251.98	1745.63	2063.315
spe	123	122	1998.805	1853.335	1926.07	2251.98	1745.63	2102.13	1604.54	1928.26
los	122	121	1853.335	1422.225	1637.78	2102.13	1604.54	1736.27	1108.18	1605.155
spe	122	118	1853.335	1643.115	1748.225	2102.13	1604.54	1910.17	1376.06	1739.095
los	118	116	1643.115	1108.5585	1375.83675	1910.17	1376.06	1411.12	805.997	1358.0835
spe	123	113	1998.805	1643.05	1820.9275	2251.98	1745.63	2015.58	1270.52	1761.25
los	113	GCA.001593865.1.Archaea.Thermoproteota	1643.05	0.0	821.525	2015.58	1270.52	0.0	0.0	1007.79
spe	138	137	2383.655	2168.41	2276.0325	2607.35	2159.96	2408.53	1928.29	2267.82
spe	137	136	2168.41	2026.55	2097.48	2408.53	1928.29	2277.08	1776.02	2092.275
los	136	GCA.000375685.1.Archaea.Thermoproteota	2026.55	0.0	1013.275	2277.08	1776.02	0.0	0.0	1138.54
spe	136	134	2026.55	1807.525	1917.0375	2277.08	1776.02	2062.72	1552.33	1914.705
los	134	130	1807.525	1643.645	1725.585	2062.72	1552.33	1910.35	1376.94	1719.83
spe	134	133	1807.525	1484.13	1645.8275	2062.72	1552.33	1802.63	1165.63	1614.175
los	133	GCA.002506605.1.Archaea.Thermoproteota	1484.13	0.0	742.065	1802.63	1165.63	0.0	0.0	901.315
hgt	74	GCA.002011165.1.Archaea.Halobacteriota	1616.7	0.0	808.35	1969.17	1264.23	0.0	0.0	984.585
los	137	GCA.002255045.1.Archaea.Thermoproteota	2168.41	0.0	1084.205	2408.53	1928.29	0.0	0.0	1204.265
dup	1092	1058	2976.645	1931.1	2453.8725	3379.5	2573.79	2676.3	1185.9	2282.7
spe	1092	1058	2976.645	1931.1	2453.8725	3379.5	2573.79	2676.3	1185.9	2282.7
hgt	1324	1308	1779.53	1606.55	1693.04	1989.46	1569.6	1832.18	1380.92	1685.19
los	1058	GCA.001443005.1.Bacteria.Synergistota	1931.1	0.0	965.55	2676.3	1185.9	0.0	0.0	1338.15
spe	1324	1308	1779.53	1606.55	1693.04	1989.46	1569.6	1832.18	1380.92	1685.19
spe	1308	1300	1606.55	1333.34	1469.945	1832.18	1380.92	1595.67	1071.01	1451.595
los	1300	GCF.000620305.1.Bacteria.Firmicutes.B	1333.34	0.0	666.67	1595.67	1071.01	0.0	0.0	797.835
spe	1308	1307	1606.55	1451.1	1528.825	1832.18	1380.92	1682.57	1219.63	1525.905
spe	1307	1305	1451.1	1336.995	1394.0475	1682.57	1219.63	1578.59	1095.4	1388.985
los	1305	1304	1336.995	1096.0955	1216.54525	1578.59	1095.4	1375.0	817.191	1197.8905
hgt	1296	GCF.900176005.1.Bacteria.Firmicutes.B	1436.52	0.0	718.26	1763.25	1109.79	0.0	0.0	881.625
los	1307	GCA.000987045.1.Bacteria.Firmicutes.B	1451.1	0.0	725.55	1682.57	1219.63	0.0	0.0	841.285
hgt	None	dead	0.0	0.0	0.0	0.0	0.0	0.0	0.0	0.0
hgt	11	GCA.002779595.1.Archaea.Nanoarchaeota	1724.445	0.0	862.2225	2153.72	1295.17	0.0	0.0	1076.86
los	None	dead	0.0	0.0	0.0	0.0	0.0	0.0	0.0	0.0
spe	1092	1058	2976.645	1931.1	2453.8725	3379.5	2573.79	2676.3	1185.9	2282.7
spe	1094	1048	3784.185	3607.975	3696.08	4116.28	3452.09	3913.75	3302.2	3709.24
los	1048	278	3607.975	3314.9	3461.4375	3913.75	3302.2	3672.04	2957.76	3435.755
spe	1048	1047	3607.975	3589.185	3598.58	3913.75	3302.2	3892.18	3286.19	3599.97
los	1047	365	3589.185	3304.24	3446.7125	3892.18	3286.19	3615.9	2992.58	3442.38
spe	1047	1046	3589.185	3513.075	3551.13	3892.18	3286.19	3806.64	3219.51	3555.845
los	1046	1045	3513.075	3138.485	3325.78	3806.64	3219.51	3454.21	2822.76	3314.7
spe	1046	902	3513.075	3405.845	3459.46	3806.64	3219.51	3689.17	3122.52	3464.58
los	902	390	3405.845	3029.745	3217.795	3689.17	3122.52	3379.02	2680.47	3184.82
spe	902	901	3405.845	3300.53	3353.1875	3689.17	3122.52	3575.42	3025.64	3357.405
spe	901	900	3300.53	3098.985	3199.7575	3575.42	3025.64	3380.82	2817.15	3196.285
hgt	None	dead	0.0	0.0	0.0	0.0	0.0	0.0	0.0	0.0
hgt	None	dead	0.0	0.0	0.0	0.0	0.0	0.0	0.0	0.0
spe	900	899	3098.985	2936.525	3017.755	3380.82	2817.15	3198.27	2674.78	3027.8
spe	899	743	2936.525	2681.09	2808.8075	3198.27	2674.78	3020.99	2341.19	2769.73
hgt	None	dead	0.0	0.0	0.0	0.0	0.0	0.0	0.0	0.0
los	743	721	2681.09	2277.575	2479.3325	3020.99	2341.19	2744.86	1810.29	2415.64
hgt	118	GCA.001593855.1.Archaea.Thermoproteota	1643.115	0.0	821.5575	1910.17	1376.06	0.0	0.0	955.085
los	None	dead	0.0	0.0	0.0	0.0	0.0	0.0	0.0	0.0
spe	743	742	2681.09	2393.59	2537.34	3020.99	2341.19	2740.14	2047.04	2534.015
los	742	738	2393.59	2076.07	2234.83	2740.14	2047.04	2381.91	1770.23	2255.185
spe	742	741	2393.59	1693.345	2043.4675	2740.14	2047.04	2199.48	1187.21	1963.675
los	741	GCA.003220615.1.Bacteria.Methylomirabilota	1693.345	0.0	846.6725	2199.48	1187.21	0.0	0.0	1099.74
spe	899	898	2936.525	2864.305	2900.415	3198.27	2674.78	3119.95	2608.66	2903.465
spe	898	897	2864.305	2785.14	2824.7225	3119.95	2608.66	3031.51	2538.77	2829.36
los	897	896	2785.14	2307.21	2546.175	3031.51	2538.77	2775.78	1838.64	2435.075
spe	897	889	2785.14	2616.235	2700.6875	3031.51	2538.77	2841.39	2391.08	2711.295
spe	889	888	2616.235	2336.71	2476.4725	2841.39	2391.08	2614.71	2058.71	2450.05
los	888	854	2336.71	2075.68	2206.195	2614.71	2058.71	2396.33	1755.03	2184.87
spe	888	887	2336.71	2137.8	2237.255	2614.71	2058.71	2389.64	1885.96	2250.335
hgt	400	GCA.002401295.1.Bacteria.SAR324	1933.765	0.0	966.8825	2579.57	1287.96	0.0	0.0	1289.785
dup	887	863	2137.8	1855.945	1996.8725	2389.64	1885.96	2157.72	1554.17	1971.905
spe	887	863	2137.8	1855.945	1996.8725	2389.64	1885.96	2157.72	1554.17	1971.905
los	863	857	1855.945	1680.31	1768.1275	2157.72	1554.17	2026.99	1333.63	1745.675
spe	863	862	1855.945	1513.555	1684.75	2157.72	1554.17	1819.77	1207.34	1682.53
los	862	GCA.002782605.1.Bacteria.Desulfobacterota	1513.555	0.0	756.7775	1819.77	1207.34	0.0	0.0	909.885
spe	862	861	1513.555	1399.46	1456.5075	1819.77	1207.34	1712.04	1086.88	1453.325
los	861	GCA.001304105.1.Bacteria.Desulfobacterota	1399.46	0.0	699.73	1712.04	1086.88	0.0	0.0	856.02
hgt	None	dead	0.0	0.0	0.0	0.0	0.0	0.0	0.0	0.0
hgt	118	GCA.001593855.1.Archaea.Thermoproteota	1643.115	0.0	821.5575	1910.17	1376.06	0.0	0.0	955.085
los	None	dead	0.0	0.0	0.0	0.0	0.0	0.0	0.0	0.0
hgt	None	dead	0.0	0.0	0.0	0.0	0.0	0.0	0.0	0.0
hgt	150	GCA.003144275.1.Archaea.Asgardarchaeota	1481.835	0.0	740.9175	1840.51	1123.16	0.0	0.0	920.255
los	None	dead	0.0	0.0	0.0	0.0	0.0	0.0	0.0	0.0
spe	887	863	2137.8	1855.945	1996.8725	2389.64	1885.96	2157.72	1554.17	1971.905
spe	863	862	1855.945	1513.555	1684.75	2157.72	1554.17	1819.77	1207.34	1682.53
hgt	686	GCA.002451015.1.Bacteria.Acidobacteriota	1587.93	0.0	793.965	1852.98	1322.88	0.0	0.0	926.49
los	862	GCA.002782605.1.Bacteria.Desulfobacterota	1513.555	0.0	756.7775	1819.77	1207.34	0.0	0.0	909.885
spe	862	861	1513.555	1399.46	1456.5075	1819.77	1207.34	1712.04	1086.88	1453.325
los	861	GCA.001304105.1.Bacteria.Desulfobacterota	1399.46	0.0	699.73	1712.04	1086.88	0.0	0.0	856.02
spe	863	857	1855.945	1680.31	1768.1275	2157.72	1554.17	2026.99	1333.63	1745.675
hgt	397	GCF.000526155.1.Bacteria.Desulfobacterota	2713.19	0.0	1356.595	3215.27	2211.11	0.0	0.0	1607.635
los	857	GCA.001830835.1.Bacteria.Desulfobacterota	1680.31	0.0	840.155	2026.99	1333.63	0.0	0.0	1013.495
hgt	65	GCA.001595885.1.Archaea.Thermoplasmatota	1261.09	0.0	630.545	1500.52	1021.66	0.0	0.0	750.26
hgt	702	GCA.003223635.1.Bacteria.Acidobacteriota	1226.544	0.0	613.272	1494.48	958.608	0.0	0.0	747.24
hgt	529	GCA.002420425.1.Bacteria.Proteobacteria	1606.235	0.0	803.1175	2001.73	1210.74	0.0	0.0	1000.865
hgt	150	GCA.001940645.1.Archaea.Asgardarchaeota	1481.835	0.0	740.9175	1840.51	1123.16	0.0	0.0	920.255
hgt	52	GCA.001595945.1.Archaea.Thermoplasmatota	1320.27	0.0	660.135	1581.03	1059.51	0.0	0.0	790.515
hgt	1449	GCA.002400365.1.Bacteria.Chloroflexota	1589.82	0.0	794.91	1942.5	1237.14	0.0	0.0	971.25
spe	887	886	2137.8	1905.655	2021.7275	2389.64	1885.96	2131.89	1679.42	2034.53
hgt	None	dead	0.0	0.0	0.0	0.0	0.0	0.0	0.0	0.0
los	886	874	1905.655	1792.455	1849.055	2131.89	1679.42	2028.47	1556.44	1844.165
hgt	837	GCA.001768075.1.Bacteria.Myxococcota	1472.175	0.0	736.0875	1791.61	1152.74	0.0	0.0	895.805
los	None	dead	0.0	0.0	0.0	0.0	0.0	0.0	0.0	0.0
spe	886	885	1905.655	1770.19	1837.9225	2131.89	1679.42	2001.88	1538.5	1835.195
hgt	None	dead	0.0	0.0	0.0	0.0	0.0	0.0	0.0	0.0
los	885	884	1770.19	1647.595	1708.8925	2001.88	1538.5	1883.47	1411.72	1706.8
hgt	1424	GCA.002011475.1.Bacteria.Chloroflexota	1648.125	0.0	824.0625	1911.17	1385.08	0.0	0.0	955.585
los	None	dead	0.0	0.0	0.0	0.0	0.0	0.0	0.0	0.0
spe	885	877	1770.19	1616.13	1693.16	2001.88	1538.5	1882.89	1349.37	1675.625
los	877	GCF.000620765.1.Bacteria.Desulfobacterota.I	1616.13	0.0	808.065	1882.89	1349.37	0.0	0.0	941.445
dup	877	GCA.001797675.1.Bacteria.Desulfobacterota	1616.13	0.0	808.065	1882.89	1349.37	0.0	0.0	941.445
spe	889	843	2616.235	2520.86	2568.5475	2841.39	2391.08	2742.85	2298.87	2570.13
los	843	783	2520.86	2397.91	2459.385	2742.85	2298.87	2628.44	2167.38	2455.115
spe	843	842	2520.86	2419.635	2470.2475	2742.85	2298.87	2639.73	2199.54	2471.195
spe	842	841	2419.635	2325.31	2372.4725	2639.73	2199.54	2547.32	2103.3	2371.515
hgt	None	dead	0.0	0.0	0.0	0.0	0.0	0.0	0.0	0.0
hgt	1315	GCF.002224645.1.Bacteria.Firmicutes.B	955.8	0.0	477.9	1256.7	654.9	0.0	0.0	628.35
los	None	dead	0.0	0.0	0.0	0.0	0.0	0.0	0.0	0.0
hgt	None	dead	0.0	0.0	0.0	0.0	0.0	0.0	0.0	0.0
los	841	840	2325.31	2147.98	2236.645	2547.32	2103.3	2361.31	1934.65	2240.985
hgt	1269	GCF.002252565.1.Bacteria.Firmicutes.A	1451.62	0.0	725.81	1671.19	1232.05	0.0	0.0	835.595
los	None	dead	0.0	0.0	0.0	0.0	0.0	0.0	0.0	0.0
spe	841	801	2325.31	1810.17	2067.74	2547.32	2103.3	2217.42	1402.92	1975.12
hgt	None	dead	0.0	0.0	0.0	0.0	0.0	0.0	0.0	0.0
hgt	116	GCA.001774245.1.Archaea.Thermoproteota	1108.5585	0.0	554.27925	1411.12	805.997	0.0	0.0	705.56
los	None	dead	0.0	0.0	0.0	0.0	0.0	0.0	0.0	0.0
hgt	863	857	1855.945	1680.31	1768.1275	2157.72	1554.17	2026.99	1333.63	1745.675
los	801	GCA.001797815.1.Bacteria.RBG.13.61.14	1810.17	0.0	905.085	2217.42	1402.92	0.0	0.0	1108.71
dup	863	857	1855.945	1680.31	1768.1275	2157.72	1554.17	2026.99	1333.63	1745.675
hgt	None	dead	0.0	0.0	0.0	0.0	0.0	0.0	0.0	0.0
hgt	1305	GCF.002207765.1.Bacteria.Firmicutes.B	1336.995	0.0	668.4975	1578.59	1095.4	0.0	0.0	789.295
los	None	dead	0.0	0.0	0.0	0.0	0.0	0.0	0.0	0.0
spe	863	857	1855.945	1680.31	1768.1275	2157.72	1554.17	2026.99	1333.63	1745.675
hgt	1424	GCA.002011475.1.Bacteria.Chloroflexota	1648.125	0.0	824.0625	1911.17	1385.08	0.0	0.0	955.585
hgt	1307	GCA.000987045.1.Bacteria.Firmicutes.B	1451.1	0.0	725.55	1682.57	1219.63	0.0	0.0	841.285
hgt	1235	GCA.002376005.1.Bacteria.Firmicutes.E	1667.965	0.0	833.9825	1952.79	1383.14	0.0	0.0	976.395
spe	863	857	1855.945	1680.31	1768.1275	2157.72	1554.17	2026.99	1333.63	1745.675
hgt	1307	GCA.000987045.1.Bacteria.Firmicutes.B	1451.1	0.0	725.55	1682.57	1219.63	0.0	0.0	841.285
los	857	GCA.002010915.1.Bacteria.Desulfobacterota	1680.31	0.0	840.155	2026.99	1333.63	0.0	0.0	1013.495
spe	842	798	2419.635	2124.995	2272.315	2639.73	2199.54	2377.41	1872.58	2256.155
hgt	1058	GCF.000233775.1.Bacteria.Synergistota	1931.1	0.0	965.55	2676.3	1185.9	0.0	0.0	1338.15
los	798	786	2124.995	1632.64	1878.8175	2377.41	1872.58	1993.38	1271.9	1824.655
spe	798	797	2124.995	1832.825	1978.91	2377.41	1872.58	2092.41	1573.24	1975.325
hgt	38	GCA.001515205.2.Archaea.Hadarchaeota	1770.925	0.0	885.4625	2300.92	1240.93	0.0	0.0	1150.46
los	797	GCA.002311335.1.Bacteria.Desulfobacterota.B	1832.825	0.0	916.4125	2092.41	1573.24	0.0	0.0	1046.205
spe	797	796	1832.825	1652.795	1742.81	2092.41	1573.24	1900.16	1405.43	1748.92
hgt	None	dead	0.0	0.0	0.0	0.0	0.0	0.0	0.0	0.0
los	796	795	1652.795	1481.005	1566.9	1900.16	1405.43	1717.52	1244.49	1572.325
hgt	598	GCA.002292285.1.Bacteria.Proteobacteria	953.337	0.0	476.6685	1225.19	681.484	0.0	0.0	612.595
los	None	dead	0.0	0.0	0.0	0.0	0.0	0.0	0.0	0.0
hgt	None	dead	0.0	0.0	0.0	0.0	0.0	0.0	0.0	0.0
dup	None	dead	0.0	0.0	0.0	0.0	0.0	0.0	0.0	0.0
dup	None	dead	0.0	0.0	0.0	0.0	0.0	0.0	0.0	0.0
hgt	1258	GCA.003527145.1.Bacteria.Firmicutes.A	1451.145	0.0	725.5725	1683.97	1218.32	0.0	0.0	841.985
los	None	dead	0.0	0.0	0.0	0.0	0.0	0.0	0.0	0.0
hgt	861	GCA.001304105.1.Bacteria.Desulfobacterota	1399.46	0.0	699.73	1712.04	1086.88	0.0	0.0	856.02
los	None	dead	0.0	0.0	0.0	0.0	0.0	0.0	0.0	0.0
dup	861	GCA.001304105.1.Bacteria.Desulfobacterota	1399.46	0.0	699.73	1712.04	1086.88	0.0	0.0	856.02
hgt	116	GCA.001774245.1.Archaea.Thermoproteota	1108.5585	0.0	554.27925	1411.12	805.997	0.0	0.0	705.56
hgt	199	GCA.003527405.1.Bacteria.Atribacterota	2238.68	0.0	1119.34	2831.12	1646.24	0.0	0.0	1415.56
hgt	1452	GCA.002348045.1.Bacteria.Chloroflexota	1430.125	0.0	715.0625	1777.81	1082.44	0.0	0.0	888.905
dup	None	dead	0.0	0.0	0.0	0.0	0.0	0.0	0.0	0.0
hgt	498	GCA.002731375.1.Bacteria.Proteobacteria	1261.48	0.0	630.74	1455.41	1067.55	0.0	0.0	727.705
los	None	dead	0.0	0.0	0.0	0.0	0.0	0.0	0.0	0.0
dup	None	dead	0.0	0.0	0.0	0.0	0.0	0.0	0.0	0.0
hgt	1322	GCA.000961765.1.Bacteria.Firmicutes.B	1384.555	0.0	692.2775	1682.41	1086.7	0.0	0.0	841.205
los	None	dead	0.0	0.0	0.0	0.0	0.0	0.0	0.0	0.0
hgt	1462	GCA.002436065.1.Bacteria.Chloroflexota	1858.705	0.0	929.3525	2184.36	1533.05	0.0	0.0	1092.18
los	None	dead	0.0	0.0	0.0	0.0	0.0	0.0	0.0	0.0
dup	898	756	2864.305	2320.99	2592.6475	3119.95	2608.66	2718.41	1923.57	2521.76
spe	898	756	2864.305	2320.99	2592.6475	3119.95	2608.66	2718.41	1923.57	2521.76
spe	756	754	2320.99	2042.42	2181.705	2718.41	1923.57	2408.05	1676.79	2197.6
los	754	746	2042.42	1667.435	1854.9275	2408.05	1676.79	2098.35	1236.52	1822.285
spe	754	753	2042.42	1778.33	1910.375	2408.05	1676.79	2125.97	1430.69	1919.37
los	753	751	1778.33	1613.625	1695.9775	2125.97	1430.69	1945.94	1281.31	1703.64
spe	898	756	2864.305	2320.99	2592.6475	3119.95	2608.66	2718.41	1923.57	2521.76
hgt	None	dead	0.0	0.0	0.0	0.0	0.0	0.0	0.0	0.0
los	756	754	2320.99	2042.42	2181.705	2718.41	1923.57	2408.05	1676.79	2197.6
hgt	38	GCA.001515205.2.Archaea.Hadarchaeota	1770.925	0.0	885.4625	2300.92	1240.93	0.0	0.0	1150.46
los	None	dead	0.0	0.0	0.0	0.0	0.0	0.0	0.0	0.0
dup	756	GCA.001790645.1.Bacteria.Schekmanbacteria	2320.99	0.0	1160.495	2718.41	1923.57	0.0	0.0	1359.205
hgt	1322	GCA.000961765.1.Bacteria.Firmicutes.B	1384.555	0.0	692.2775	1682.41	1086.7	0.0	0.0	841.205
los	None	dead	0.0	0.0	0.0	0.0	0.0	0.0	0.0	0.0
dup	1322	GCA.000961765.1.Bacteria.Firmicutes.B	1384.555	0.0	692.2775	1682.41	1086.7	0.0	0.0	841.205
hgt	1300	GCF.000620305.1.Bacteria.Firmicutes.B	1333.34	0.0	666.67	1595.67	1071.01	0.0	0.0	797.835
hgt	1240	GCA.002376045.1.Bacteria.Firmicutes.A	1697.815	0.0	848.9075	2230.68	1164.95	0.0	0.0	1115.34
hgt	1210	1209	1896.845	1584.4	1740.6225	2224.85	1568.84	1929.85	1238.95	1731.9
los	None	dead	0.0	0.0	0.0	0.0	0.0	0.0	0.0	0.0
dup	1210	1209	1896.845	1584.4	1740.6225	2224.85	1568.84	1929.85	1238.95	1731.9
hgt	1236	1235	1872.885	1667.965	1770.425	2166.17	1579.6	1952.79	1383.14	1774.655
spe	1210	1209	1896.845	1584.4	1740.6225	2224.85	1568.84	1929.85	1238.95	1731.9
hgt	None	dead	0.0	0.0	0.0	0.0	0.0	0.0	0.0	0.0
los	1209	1208	1584.4	1446.125	1515.2625	1929.85	1238.95	1790.14	1102.11	1515.98
hgt	1322	GCA.000961765.1.Bacteria.Firmicutes.B	1384.555	0.0	692.2775	1682.41	1086.7	0.0	0.0	841.205
los	None	dead	0.0	0.0	0.0	0.0	0.0	0.0	0.0	0.0
spe	1236	1235	1872.885	1667.965	1770.425	2166.17	1579.6	1952.79	1383.14	1774.655
spe	1235	1234	1667.965	1465.43	1566.6975	1952.79	1383.14	1741.67	1189.19	1570.99
los	1234	1233	1465.43	1196.4	1330.915	1741.67	1189.19	1500.76	892.04	1316.855
hgt	140	GCF.000019605.1.Archaea.Thermoproteota	2626.73	0.0	1313.365	2837.91	2415.55	0.0	0.0	1418.955
spe	1210	1209	1896.845	1584.4	1740.6225	2224.85	1568.84	1929.85	1238.95	1731.9
hgt	1469	GCA.001898225.1.Bacteria.Chloroflexota	1574.225	0.0	787.1125	1892.87	1255.58	0.0	0.0	946.435
los	1209	1208	1584.4	1446.125	1515.2625	1929.85	1238.95	1790.14	1102.11	1515.98
hgt	147	GCA.001940755.1.Archaea.Asgardarchaeota	1579.1	0.0	789.55	1962.45	1195.75	0.0	0.0	981.225
hgt	None	dead	0.0	0.0	0.0	0.0	0.0	0.0	0.0	0.0
los	900	716	3098.985	2659.235	2879.11	3380.82	2817.15	2943.59	2374.88	2877.85
hgt	143	GCA.001563325.1.Archaea.Asgardarchaeota	1902.65	0.0	951.325	2361.92	1443.38	0.0	0.0	1180.96
los	None	dead	0.0	0.0	0.0	0.0	0.0	0.0	0.0	0.0
dup	143	GCA.001563325.1.Archaea.Asgardarchaeota	1902.65	0.0	951.325	2361.92	1443.38	0.0	0.0	1180.96
hgt	1449	GCA.002400365.1.Bacteria.Chloroflexota	1589.82	0.0	794.91	1942.5	1237.14	0.0	0.0	971.25
hgt	128	GCA.002011075.1.Archaea.Thermoproteota	925.9285	0.0	462.96425	1257.47	594.387	0.0	0.0	628.735
dup	143	GCA.001563325.1.Archaea.Asgardarchaeota	1902.65	0.0	951.325	2361.92	1443.38	0.0	0.0	1180.96
hgt	236	GCA.002412545.1.Bacteria.Elusimicrobiota	1629.965	0.0	814.9825	1963.74	1296.19	0.0	0.0	981.87
hgt	198	GCA.002478245.1.Bacteria.UBP18	1971.4	0.0	985.7	2575.64	1367.16	0.0	0.0	1287.82
dup	143	GCA.001563325.1.Archaea.Asgardarchaeota	1902.65	0.0	951.325	2361.92	1443.38	0.0	0.0	1180.96
hgt	198	GCA.002478245.1.Bacteria.UBP18	1971.4	0.0	985.7	2575.64	1367.16	0.0	0.0	1287.82
dup	1449	GCA.002400365.1.Bacteria.Chloroflexota	1589.82	0.0	794.91	1942.5	1237.14	0.0	0.0	971.25
hgt	38	GCA.001515205.2.Archaea.Hadarchaeota	1770.925	0.0	885.4625	2300.92	1240.93	0.0	0.0	1150.46
hgt	198	GCA.002478245.1.Bacteria.UBP18	1971.4	0.0	985.7	2575.64	1367.16	0.0	0.0	1287.82
hgt	1296	GCF.900176005.1.Bacteria.Firmicutes.B	1436.52	0.0	718.26	1763.25	1109.79	0.0	0.0	881.625
hgt	121	GCA.001775995.1.Archaea.Thermoproteota	1422.225	0.0	711.1125	1736.27	1108.18	0.0	0.0	868.135
hgt	1300	GCA.002418765.1.Bacteria.Firmicutes.B	1333.34	0.0	666.67	1595.67	1071.01	0.0	0.0	797.835
hgt	199	GCA.003527405.1.Bacteria.Atribacterota	2238.68	0.0	1119.34	2831.12	1646.24	0.0	0.0	1415.56
hgt	1296	GCF.900176005.1.Bacteria.Firmicutes.B	1436.52	0.0	718.26	1763.25	1109.79	0.0	0.0	881.625
hgt	None	dead	0.0	0.0	0.0	0.0	0.0	0.0	0.0	0.0
hgt	80	GCF.002114285.1.Archaea.Halobacteriota	1371.305	0.0	685.6525	1640.83	1101.78	0.0	0.0	820.415
los	None	dead	0.0	0.0	0.0	0.0	0.0	0.0	0.0	0.0
hgt	None	dead	0.0	0.0	0.0	0.0	0.0	0.0	0.0	0.0
hgt	113	GCA.001593865.1.Archaea.Thermoproteota	1643.05	0.0	821.525	2015.58	1270.52	0.0	0.0	1007.79
los	None	dead	0.0	0.0	0.0	0.0	0.0	0.0	0.0	0.0
hgt	1325	1324	1862.485	1779.53	1821.0075	2083.02	1641.95	1989.46	1569.6	1826.31
hgt	1236	1235	1872.885	1667.965	1770.425	2166.17	1579.6	1952.79	1383.14	1774.655
spe	1325	1324	1862.485	1779.53	1821.0075	2083.02	1641.95	1989.46	1569.6	1826.31
spe	1324	1323	1779.53	1708.06	1743.795	1989.46	1569.6	1917.5	1498.62	1744.04
los	1323	1319	1708.06	1607.725	1657.8925	1917.5	1498.62	1817.85	1397.6	1657.55
spe	1323	1322	1708.06	1384.555	1546.3075	1917.5	1498.62	1682.41	1086.7	1502.1
los	1322	GCA.001512665.1.Bacteria.Firmicutes.B	1384.555	0.0	692.2775	1682.41	1086.7	0.0	0.0	841.205
spe	1324	1308	1779.53	1606.55	1693.04	1989.46	1569.6	1832.18	1380.92	1685.19
spe	1308	1300	1606.55	1333.34	1469.945	1832.18	1380.92	1595.67	1071.01	1451.595
los	1300	GCA.002418765.1.Bacteria.Firmicutes.B	1333.34	0.0	666.67	1595.67	1071.01	0.0	0.0	797.835
spe	1308	1307	1606.55	1451.1	1528.825	1832.18	1380.92	1682.57	1219.63	1525.905
hgt	1296	GCF.900176005.1.Bacteria.Firmicutes.B	1436.52	0.0	718.26	1763.25	1109.79	0.0	0.0	881.625
los	1307	1305	1451.1	1336.995	1394.0475	1682.57	1219.63	1578.59	1095.4	1388.985
spe	1236	1235	1872.885	1667.965	1770.425	2166.17	1579.6	1952.79	1383.14	1774.655
spe	1235	1234	1667.965	1465.43	1566.6975	1952.79	1383.14	1741.67	1189.19	1570.99
los	1234	GCA.003599345.1.Bacteria.Firmicutes.E	1465.43	0.0	732.715	1741.67	1189.19	0.0	0.0	870.835
spe	1234	1233	1465.43	1196.4	1330.915	1741.67	1189.19	1500.76	892.04	1316.855
los	1233	GCA.003449495.1.Bacteria.Firmicutes.E	1196.4	0.0	598.2	1500.76	892.04	0.0	0.0	750.38
spe	901	663	3300.53	3210.05	3255.29	3575.42	3025.64	3476.56	2943.54	3259.48
spe	663	397	3210.05	2713.19	2961.62	3476.56	2943.54	3215.27	2211.11	2843.835
hgt	None	dead	0.0	0.0	0.0	0.0	0.0	0.0	0.0	0.0
hgt	686	GCA.002451015.1.Bacteria.Acidobacteriota	1587.93	0.0	793.965	1852.98	1322.88	0.0	0.0	926.49
los	None	dead	0.0	0.0	0.0	0.0	0.0	0.0	0.0	0.0
hgt	None	dead	0.0	0.0	0.0	0.0	0.0	0.0	0.0	0.0
hgt	1307	GCA.000987045.1.Bacteria.Firmicutes.B	1451.1	0.0	725.55	1682.57	1219.63	0.0	0.0	841.285
los	None	dead	0.0	0.0	0.0	0.0	0.0	0.0	0.0	0.0
hgt	1391	1390	2803.98	2692.555	2748.2675	3089.33	2518.63	2961.03	2424.08	2756.705
los	397	396	2713.19	2315.495	2514.3425	3215.27	2211.11	2856.45	1774.54	2494.905
spe	1391	1390	2803.98	2692.555	2748.2675	3089.33	2518.63	2961.03	2424.08	2756.705
spe	1390	1218	2692.555	2397.09	2544.8225	2961.03	2424.08	2801.39	1992.79	2476.91
spe	1218	1216	2397.09	1902.285	2149.6875	2801.39	1992.79	2352.8	1451.77	2126.58
hgt	883	GCA.000961655.1.Bacteria.Desulfobacterota	1311.85	0.0	655.925	1564.19	1059.51	0.0	0.0	782.095
hgt	1289	1288	1989.36	1620.075	1804.7175	2274.49	1704.23	1888.5	1351.65	1813.07
los	1216	1215	1902.285	1418.775	1660.53	2352.8	1451.77	1822.09	1015.46	1684.13
spe	1289	1288	1989.36	1620.075	1804.7175	2274.49	1704.23	1888.5	1351.65	1813.07
spe	1288	1287	1620.075	1424.27	1522.1725	1888.5	1351.65	1673.04	1175.5	1532.0
los	1287	GCA.002329525.1.Bacteria.Firmicutes.C	1424.27	0.0	712.135	1673.04	1175.5	0.0	0.0	836.52
spe	1287	1285	1424.27	1338.6	1381.435	1673.04	1175.5	1586.21	1090.99	1382.015
los	1285	1284	1338.6	1065.8455	1202.22275	1586.21	1090.99	1351.63	780.061	1183.1355
spe	1285	1281	1338.6	1109.4215	1224.01075	1586.21	1090.99	1419.04	799.803	1193.0065
los	1281	1280	1109.4215	950.2895	1029.8555	1419.04	799.803	1302.52	598.059	1008.5495
hgt	886	885	1905.655	1770.19	1837.9225	2131.89	1679.42	2001.88	1538.5	1835.195
hgt	347	GCA.002683135.1.Bacteria.Planctomycetota	1905.8	0.0	952.9	2230.18	1581.42	0.0	0.0	1115.09
hgt	791	GCA.002898795.1.Bacteria.Desulfobacterota.B	1228.3465	0.0	614.17325	1482.5	974.193	0.0	0.0	741.25
spe	886	885	1905.655	1770.19	1837.9225	2131.89	1679.42	2001.88	1538.5	1835.195
spe	885	877	1770.19	1616.13	1693.16	2001.88	1538.5	1882.89	1349.37	1675.625
los	877	GCF.000620765.1.Bacteria.Desulfobacterota.I	1616.13	0.0	808.065	1882.89	1349.37	0.0	0.0	941.445
spe	885	884	1770.19	1647.595	1708.8925	2001.88	1538.5	1883.47	1411.72	1706.8
spe	884	883	1647.595	1311.85	1479.7225	1883.47	1411.72	1564.19	1059.51	1471.49
los	883	GCA.001751085.1.Bacteria.Desulfobacterota	1311.85	0.0	655.925	1564.19	1059.51	0.0	0.0	782.095
hgt	861	GCA.002327985.1.Bacteria.Desulfobacterota	1399.46	0.0	699.73	1712.04	1086.88	0.0	0.0	856.02
los	884	880	1647.595	1365.41	1506.5025	1883.47	1411.72	1637.86	1092.96	1488.215
dup	1390	1389	2692.555	2619.07	2655.8125	2961.03	2424.08	2879.48	2358.66	2659.845
dup	1390	1389	2692.555	2619.07	2655.8125	2961.03	2424.08	2879.48	2358.66	2659.845
spe	1390	1389	2692.555	2619.07	2655.8125	2961.03	2424.08	2879.48	2358.66	2659.845
hgt	None	dead	0.0	0.0	0.0	0.0	0.0	0.0	0.0	0.0
hgt	1280	GCF.000430605.1.Bacteria.Firmicutes.C	950.2895	0.0	475.14475	1302.52	598.059	0.0	0.0	651.26
los	None	dead	0.0	0.0	0.0	0.0	0.0	0.0	0.0	0.0
hgt	None	dead	0.0	0.0	0.0	0.0	0.0	0.0	0.0	0.0
hgt	150	GCA.003144275.1.Archaea.Asgardarchaeota	1481.835	0.0	740.9175	1840.51	1123.16	0.0	0.0	920.255
los	None	dead	0.0	0.0	0.0	0.0	0.0	0.0	0.0	0.0
dup	150	GCA.003144275.1.Archaea.Asgardarchaeota	1481.835	0.0	740.9175	1840.51	1123.16	0.0	0.0	920.255
spe	1389	1237	2619.07	2011.28	2315.175	2879.48	2358.66	2328.85	1693.71	2286.595
spe	1237	1221	2011.28	1546.995	1779.1375	2328.85	1693.71	1982.53	1111.46	1720.155
hgt	1307	GCA.000987045.1.Bacteria.Firmicutes.B	1451.1	0.0	725.55	1682.57	1219.63	0.0	0.0	841.285
spe	1237	1236	2011.28	1872.885	1942.0825	2328.85	1693.71	2166.17	1579.6	1954.225
spe	1236	1235	1872.885	1667.965	1770.425	2166.17	1579.6	1952.79	1383.14	1774.655
spe	1235	1234	1667.965	1465.43	1566.6975	1952.79	1383.14	1741.67	1189.19	1570.99
hgt	1296	GCF.900176005.1.Bacteria.Firmicutes.B	1436.52	0.0	718.26	1763.25	1109.79	0.0	0.0	881.625
los	1234	GCA.003599345.1.Bacteria.Firmicutes.E	1465.43	0.0	732.715	1741.67	1189.19	0.0	0.0	870.835
spe	1234	1233	1465.43	1196.4	1330.915	1741.67	1189.19	1500.76	892.04	1316.855
hgt	91	GCA.003034855.1.Archaea.Halobacteriota	2166.265	0.0	1083.1325	2401.72	1930.81	0.0	0.0	1200.86
los	1233	GCA.003449495.1.Bacteria.Firmicutes.E	1196.4	0.0	598.2	1500.76	892.04	0.0	0.0	750.38
hgt	1087	GCA.003535305.1.Bacteria.Bipolaricaulota	1366.82	0.0	683.41	1685.2	1048.44	0.0	0.0	842.6
hgt	None	dead	0.0	0.0	0.0	0.0	0.0	0.0	0.0	0.0
hgt	1439	GCF.900187885.1.Bacteria.Chloroflexota	1492.005	0.0	746.0025	1713.37	1270.64	0.0	0.0	856.685
los	None	dead	0.0	0.0	0.0	0.0	0.0	0.0	0.0	0.0
hgt	1645	GCF.000212395.1.Bacteria.Thermodesulfobiota	2606.885	0.0	1303.4425	3195.61	2018.16	0.0	0.0	1597.805
los	1236	1228	1872.885	1712.115	1792.5	2166.17	1579.6	2011.29	1412.94	1789.555
spe	1389	1388	2619.07	2495.045	2557.0575	2879.48	2358.66	2745.25	2244.84	2562.16
hgt	None	dead	0.0	0.0	0.0	0.0	0.0	0.0	0.0	0.0
dup	None	dead	0.0	0.0	0.0	0.0	0.0	0.0	0.0	0.0
hgt	1183	GCA.002347365.1.Bacteria.Actinobacteriota	1581.31	0.0	790.655	2035.82	1126.8	0.0	0.0	1017.91
los	None	dead	0.0	0.0	0.0	0.0	0.0	0.0	0.0	0.0
hgt	880	GCA.001577715.1.Bacteria.Desulfobacterota	1365.41	0.0	682.705	1637.86	1092.96	0.0	0.0	818.93
los	None	dead	0.0	0.0	0.0	0.0	0.0	0.0	0.0	0.0
hgt	889	888	2616.235	2336.71	2476.4725	2841.39	2391.08	2614.71	2058.71	2450.05
los	1388	1274	2495.045	2255.985	2375.515	2745.25	2244.84	2515.29	1996.68	2370.965
dup	889	888	2616.235	2336.71	2476.4725	2841.39	2391.08	2614.71	2058.71	2450.05
spe	889	888	2616.235	2336.71	2476.4725	2841.39	2391.08	2614.71	2058.71	2450.05
los	888	854	2336.71	2075.68	2206.195	2614.71	2058.71	2396.33	1755.03	2184.87
spe	888	887	2336.71	2137.8	2237.255	2614.71	2058.71	2389.64	1885.96	2250.335
spe	887	863	2137.8	1855.945	1996.8725	2389.64	1885.96	2157.72	1554.17	1971.905
los	863	862	1855.945	1513.555	1684.75	2157.72	1554.17	1819.77	1207.34	1682.53
spe	863	857	1855.945	1680.31	1768.1275	2157.72	1554.17	2026.99	1333.63	1745.675
los	857	GCA.001830835.1.Bacteria.Desulfobacterota	1680.31	0.0	840.155	2026.99	1333.63	0.0	0.0	1013.495
spe	887	886	2137.8	1905.655	2021.7275	2389.64	1885.96	2131.89	1679.42	2034.53
los	886	885	1905.655	1770.19	1837.9225	2131.89	1679.42	2001.88	1538.5	1835.195
spe	886	874	1905.655	1792.455	1849.055	2131.89	1679.42	2028.47	1556.44	1844.165
los	874	868	1792.455	1587.525	1689.99	2028.47	1556.44	1838.99	1336.06	1682.265
spe	874	873	1792.455	1600.675	1696.565	2028.47	1556.44	1876.83	1324.52	1676.495
los	873	GCA.002011835.1.Bacteria.Desulfobacterota	1600.675	0.0	800.3375	1876.83	1324.52	0.0	0.0	938.415
spe	873	871	1600.675	1358.76	1479.7175	1876.83	1324.52	1643.54	1073.98	1475.405
los	871	GCA.007244385.1.Bacteria.Desulfobacterota	1358.76	0.0	679.38	1643.54	1073.98	0.0	0.0	821.77
hgt	397	GCF.000526155.1.Bacteria.Desulfobacterota	2713.19	0.0	1356.595	3215.27	2211.11	0.0	0.0	1607.635
spe	889	888	2616.235	2336.71	2476.4725	2841.39	2391.08	2614.71	2058.71	2450.05
spe	888	854	2336.71	2075.68	2206.195	2614.71	2058.71	2396.33	1755.03	2184.87
hgt	None	dead	0.0	0.0	0.0	0.0	0.0	0.0	0.0	0.0
los	854	853	2075.68	1743.175	1909.4275	2396.33	1755.03	2129.35	1357.0	1876.665
hgt	837	GCA.001768075.1.Bacteria.Myxococcota	1472.175	0.0	736.0875	1791.61	1152.74	0.0	0.0	895.805
los	None	dead	0.0	0.0	0.0	0.0	0.0	0.0	0.0	0.0
spe	854	850	2075.68	2017.715	2046.6975	2396.33	1755.03	2343.11	1692.32	2044.325
los	850	846	2017.715	1673.82	1845.7675	2343.11	1692.32	2082.2	1265.44	1804.275
spe	850	849	2017.715	1605.6	1811.6575	2343.11	1692.32	2007.54	1203.66	1773.385
los	849	GCA.001896555.1.Bacteria.Desulfobacterota	1605.6	0.0	802.8	2007.54	1203.66	0.0	0.0	1003.77
spe	888	887	2336.71	2137.8	2237.255	2614.71	2058.71	2389.64	1885.96	2250.335
hgt	None	dead	0.0	0.0	0.0	0.0	0.0	0.0	0.0	0.0
los	887	863	2137.8	1855.945	1996.8725	2389.64	1885.96	2157.72	1554.17	1971.905
hgt	895	GCA.002897695.1.Bacteria.BMS3Abin14	1810.42	0.0	905.21	2358.35	1262.49	0.0	0.0	1179.175
los	None	dead	0.0	0.0	0.0	0.0	0.0	0.0	0.0	0.0
spe	887	886	2137.8	1905.655	2021.7275	2389.64	1885.96	2131.89	1679.42	2034.53
spe	886	874	1905.655	1792.455	1849.055	2131.89	1679.42	2028.47	1556.44	1844.165
spe	874	873	1792.455	1600.675	1696.565	2028.47	1556.44	1876.83	1324.52	1676.495
los	873	GCA.002011835.1.Bacteria.Desulfobacterota	1600.675	0.0	800.3375	1876.83	1324.52	0.0	0.0	938.415
spe	873	871	1600.675	1358.76	1479.7175	1876.83	1324.52	1643.54	1073.98	1475.405
los	871	GCA.002899795.1.Bacteria.Desulfobacterota	1358.76	0.0	679.38	1643.54	1073.98	0.0	0.0	821.77
hgt	None	dead	0.0	0.0	0.0	0.0	0.0	0.0	0.0	0.0
los	874	868	1792.455	1587.525	1689.99	2028.47	1556.44	1838.99	1336.06	1682.265
hgt	732	GCA.003153275.1.Bacteria.Nitrospirota	1232.2775	0.0	616.13875	1527.66	936.895	0.0	0.0	763.83
los	None	dead	0.0	0.0	0.0	0.0	0.0	0.0	0.0	0.0
hgt	376	GCA.002418835.1.Bacteria.Spirochaetota	1994.345	0.0	997.1725	2379.5	1609.19	0.0	0.0	1189.75
spe	886	885	1905.655	1770.19	1837.9225	2131.89	1679.42	2001.88	1538.5	1835.195
spe	885	884	1770.19	1647.595	1708.8925	2001.88	1538.5	1883.47	1411.72	1706.8
los	884	880	1647.595	1365.41	1506.5025	1883.47	1411.72	1637.86	1092.96	1488.215
spe	884	883	1647.595	1311.85	1479.7225	1883.47	1411.72	1564.19	1059.51	1471.49
los	883	GCA.001751085.1.Bacteria.Desulfobacterota	1311.85	0.0	655.925	1564.19	1059.51	0.0	0.0	782.095
spe	885	877	1770.19	1616.13	1693.16	2001.88	1538.5	1882.89	1349.37	1675.625
los	877	GCA.001797675.1.Bacteria.Desulfobacterota	1616.13	0.0	808.065	1882.89	1349.37	0.0	0.0	941.445
dup	397	GCF.000526155.1.Bacteria.Desulfobacterota	2713.19	0.0	1356.595	3215.27	2211.11	0.0	0.0	1607.635
spe	1388	1387	2495.045	2426.135	2460.59	2745.25	2244.84	2669.8	2182.47	2463.86
los	1387	1386	2426.135	2312.805	2369.47	2669.8	2182.47	2552.07	2073.54	2371.67
spe	1387	1327	2426.135	2263.0	2344.5675	2669.8	2182.47	2518.47	2007.53	2338.665
spe	1327	1289	2263.0	1989.36	2126.18	2518.47	2007.53	2274.49	1704.23	2111.35
los	1289	GCA.002345475.1.Bacteria.Firmicutes.H	1989.36	0.0	994.68	2274.49	1704.23	0.0	0.0	1137.245
spe	1289	1288	1989.36	1620.075	1804.7175	2274.49	1704.23	1888.5	1351.65	1813.07
spe	1288	1287	1620.075	1424.27	1522.1725	1888.5	1351.65	1673.04	1175.5	1532.0
los	1287	GCA.002329525.1.Bacteria.Firmicutes.C	1424.27	0.0	712.135	1673.04	1175.5	0.0	0.0	836.52
spe	1287	1285	1424.27	1338.6	1381.435	1673.04	1175.5	1586.21	1090.99	1382.015
los	1285	1284	1338.6	1065.8455	1202.22275	1586.21	1090.99	1351.63	780.061	1183.1355
spe	1285	1281	1338.6	1109.4215	1224.01075	1586.21	1090.99	1419.04	799.803	1193.0065
los	1281	1280	1109.4215	950.2895	1029.8555	1419.04	799.803	1302.52	598.059	1008.5495
spe	1327	1326	2263.0	2039.05	2151.025	2518.47	2007.53	2290.01	1788.09	2153.28
spe	1326	1292	2039.05	1516.66	1777.855	2290.01	1788.09	1936.55	1096.77	1693.39
hgt	1312	GCF.002607855.1.Bacteria.Firmicutes.B	1284.875	0.0	642.4375	1547.99	1021.76	0.0	0.0	773.995
los	1292	GCF.001950325.1.Bacteria.Firmicutes.B	1516.66	0.0	758.33	1936.55	1096.77	0.0	0.0	968.275
spe	1326	1325	2039.05	1862.485	1950.7675	2290.01	1788.09	2083.02	1641.95	1965.98
hgt	1216	GCF.000020005.1.Bacteria.Firmicutes.D	1902.285	0.0	951.1425	2352.8	1451.77	0.0	0.0	1176.4
los	1325	1297	1862.485	1576.575	1719.53	2083.02	1641.95	1886.7	1266.45	1674.735
spe	1325	1324	1862.485	1779.53	1821.0075	2083.02	1641.95	1989.46	1569.6	1826.31
los	1324	1308	1779.53	1606.55	1693.04	1989.46	1569.6	1832.18	1380.92	1685.19
spe	1324	1323	1779.53	1708.06	1743.795	1989.46	1569.6	1917.5	1498.62	1744.04
los	1323	1319	1708.06	1607.725	1657.8925	1917.5	1498.62	1817.85	1397.6	1657.55
spe	1323	1322	1708.06	1384.555	1546.3075	1917.5	1498.62	1682.41	1086.7	1502.1
los	1322	GCA.001512665.1.Bacteria.Firmicutes.B	1384.555	0.0	692.2775	1682.41	1086.7	0.0	0.0	841.205
dup	1322	GCA.000961765.1.Bacteria.Firmicutes.B	1384.555	0.0	692.2775	1682.41	1086.7	0.0	0.0	841.205
spe	1390	1389	2692.555	2619.07	2655.8125	2961.03	2424.08	2879.48	2358.66	2659.845
los	1389	1237	2619.07	2011.28	2315.175	2879.48	2358.66	2328.85	1693.71	2286.595
spe	1389	1388	2619.07	2495.045	2557.0575	2879.48	2358.66	2745.25	2244.84	2562.16
los	1388	1387	2495.045	2426.135	2460.59	2745.25	2244.84	2669.8	2182.47	2463.86
spe	1388	1274	2495.045	2255.985	2375.515	2745.25	2244.84	2515.29	1996.68	2370.965
los	1274	1273	2255.985	2085.065	2170.525	2515.29	1996.68	2326.9	1843.23	2179.26
spe	1274	1240	2255.985	1697.815	1976.9	2515.29	1996.68	2230.68	1164.95	1840.12
los	1240	GCF.900142995.1.Bacteria.Firmicutes.A	1697.815	0.0	848.9075	2230.68	1164.95	0.0	0.0	1115.34
dup	1240	GCA.002376045.1.Bacteria.Firmicutes.A	1697.815	0.0	848.9075	2230.68	1164.95	0.0	0.0	1115.34
hgt	1307	GCA.000987045.1.Bacteria.Firmicutes.B	1451.1	0.0	725.55	1682.57	1219.63	0.0	0.0	841.285
hgt	None	dead	0.0	0.0	0.0	0.0	0.0	0.0	0.0	0.0
spe	1390	1389	2692.555	2619.07	2655.8125	2961.03	2424.08	2879.48	2358.66	2659.845
spe	1389	1237	2619.07	2011.28	2315.175	2879.48	2358.66	2328.85	1693.71	2286.595
spe	1237	1221	2011.28	1546.995	1779.1375	2328.85	1693.71	1982.53	1111.46	1720.155
los	1221	GCA.002375925.1.Bacteria.Firmicutes.E	1546.995	0.0	773.4975	1982.53	1111.46	0.0	0.0	991.265
spe	1237	1236	2011.28	1872.885	1942.0825	2328.85	1693.71	2166.17	1579.6	1954.225
los	1236	1228	1872.885	1712.115	1792.5	2166.17	1579.6	2011.29	1412.94	1789.555
spe	1236	1235	1872.885	1667.965	1770.425	2166.17	1579.6	1952.79	1383.14	1774.655
los	1235	GCA.002376005.1.Bacteria.Firmicutes.E	1667.965	0.0	833.9825	1952.79	1383.14	0.0	0.0	976.395
spe	1235	1234	1667.965	1465.43	1566.6975	1952.79	1383.14	1741.67	1189.19	1570.99
los	1234	1233	1465.43	1196.4	1330.915	1741.67	1189.19	1500.76	892.04	1316.855
spe	1389	1388	2619.07	2495.045	2557.0575	2879.48	2358.66	2745.25	2244.84	2562.16
hgt	None	dead	0.0	0.0	0.0	0.0	0.0	0.0	0.0	0.0
los	1388	1387	2495.045	2426.135	2460.59	2745.25	2244.84	2669.8	2182.47	2463.86
hgt	143	GCA.001940655.1.Archaea.Asgardarchaeota	1902.65	0.0	951.325	2361.92	1443.38	0.0	0.0	1180.96
los	None	dead	0.0	0.0	0.0	0.0	0.0	0.0	0.0	0.0
spe	1388	1274	2495.045	2255.985	2375.515	2745.25	2244.84	2515.29	1996.68	2370.965
hgt	None	dead	0.0	0.0	0.0	0.0	0.0	0.0	0.0	0.0
los	1274	1273	2255.985	2085.065	2170.525	2515.29	1996.68	2326.9	1843.23	2179.26
hgt	686	GCA.002451015.1.Bacteria.Acidobacteriota	1587.93	0.0	793.965	1852.98	1322.88	0.0	0.0	926.49
los	None	dead	0.0	0.0	0.0	0.0	0.0	0.0	0.0	0.0
spe	1274	1240	2255.985	1697.815	1976.9	2515.29	1996.68	2230.68	1164.95	1840.12
hgt	1058	GCA.001443005.1.Bacteria.Synergistota	1931.1	0.0	965.55	2676.3	1185.9	0.0	0.0	1338.15
los	1240	GCA.002376045.1.Bacteria.Firmicutes.A	1697.815	0.0	848.9075	2230.68	1164.95	0.0	0.0	1115.34
hgt	1325	1324	1862.485	1779.53	1821.0075	2083.02	1641.95	1989.46	1569.6	1826.31
los	None	dead	0.0	0.0	0.0	0.0	0.0	0.0	0.0	0.0
dup	1325	1324	1862.485	1779.53	1821.0075	2083.02	1641.95	1989.46	1569.6	1826.31
spe	1325	1324	1862.485	1779.53	1821.0075	2083.02	1641.95	1989.46	1569.6	1826.31
spe	1324	1323	1779.53	1708.06	1743.795	1989.46	1569.6	1917.5	1498.62	1744.04
hgt	None	dead	0.0	0.0	0.0	0.0	0.0	0.0	0.0	0.0
hgt	1347	GCF.001561915.1.Bacteria.Firmicutes	1373.121	0.0	686.5605	1753.0	993.242	0.0	0.0	876.5
los	None	dead	0.0	0.0	0.0	0.0	0.0	0.0	0.0	0.0
hgt	None	dead	0.0	0.0	0.0	0.0	0.0	0.0	0.0	0.0
hgt	1338	GCF.002335525.1.Bacteria.Firmicutes	1549.595	0.0	774.7975	1917.57	1181.62	0.0	0.0	958.785
los	None	dead	0.0	0.0	0.0	0.0	0.0	0.0	0.0	0.0
hgt	None	dead	0.0	0.0	0.0	0.0	0.0	0.0	0.0	0.0
los	1323	1319	1708.06	1607.725	1657.8925	1917.5	1498.62	1817.85	1397.6	1657.55
hgt	1355	GCF.004522215.1.Bacteria.Firmicutes	1426.77	0.0	713.385	1769.44	1084.1	0.0	0.0	884.72
los	None	dead	0.0	0.0	0.0	0.0	0.0	0.0	0.0	0.0
spe	1323	1322	1708.06	1384.555	1546.3075	1917.5	1498.62	1682.41	1086.7	1502.1
hgt	1216	GCF.000020005.1.Bacteria.Firmicutes.D	1902.285	0.0	951.1425	2352.8	1451.77	0.0	0.0	1176.4
los	1322	GCA.001512665.1.Bacteria.Firmicutes.B	1384.555	0.0	692.2775	1682.41	1086.7	0.0	0.0	841.205
spe	1324	1308	1779.53	1606.55	1693.04	1989.46	1569.6	1832.18	1380.92	1685.19
spe	1308	1300	1606.55	1333.34	1469.945	1832.18	1380.92	1595.67	1071.01	1451.595
hgt	1296	GCF.900176005.1.Bacteria.Firmicutes.B	1436.52	0.0	718.26	1763.25	1109.79	0.0	0.0	881.625
hgt	600	598	1276.255	953.337	1114.796	1480.95	1071.56	1225.19	681.484	1081.217
hgt	439	GCA.002723345.1.Bacteria.Proteobacteria	1422.265	0.0	711.1325	1693.15	1151.38	0.0	0.0	846.575
hgt	741	GCA.003220615.1.Bacteria.Methylomirabilota	1693.345	0.0	846.6725	2199.48	1187.21	0.0	0.0	1099.74
hgt	1444	GCA.003451595.1.Bacteria.Chloroflexota	1386.06	0.0	693.03	1673.58	1098.54	0.0	0.0	836.79
los	1300	GCF.000620305.1.Bacteria.Firmicutes.B	1333.34	0.0	666.67	1595.67	1071.01	0.0	0.0	797.835
hgt	498	GCA.002731375.1.Bacteria.Proteobacteria	1261.48	0.0	630.74	1455.41	1067.55	0.0	0.0	727.705
spe	600	598	1276.255	953.337	1114.796	1480.95	1071.56	1225.19	681.484	1081.217
hgt	1209	GCA.002452295.1.Bacteria.Firmicutes.G	1584.4	0.0	792.2	1929.85	1238.95	0.0	0.0	964.925
dup	1308	1307	1606.55	1451.1	1528.825	1832.18	1380.92	1682.57	1219.63	1525.905
spe	1308	1307	1606.55	1451.1	1528.825	1832.18	1380.92	1682.57	1219.63	1525.905
los	1307	1305	1451.1	1336.995	1394.0475	1682.57	1219.63	1578.59	1095.4	1388.985
spe	1308	1307	1606.55	1451.1	1528.825	1832.18	1380.92	1682.57	1219.63	1525.905
spe	1307	1305	1451.1	1336.995	1394.0475	1682.57	1219.63	1578.59	1095.4	1388.985
los	1305	1304	1336.995	1096.0955	1216.54525	1578.59	1095.4	1375.0	817.191	1197.8905
spe	1325	1324	1862.485	1779.53	1821.0075	2083.02	1641.95	1989.46	1569.6	1826.31
los	1324	1323	1779.53	1708.06	1743.795	1989.46	1569.6	1917.5	1498.62	1744.04
spe	1324	1308	1779.53	1606.55	1693.04	1989.46	1569.6	1832.18	1380.92	1685.19
spe	1308	1307	1606.55	1451.1	1528.825	1832.18	1380.92	1682.57	1219.63	1525.905
los	1307	1305	1451.1	1336.995	1394.0475	1682.57	1219.63	1578.59	1095.4	1388.985
spe	1308	1300	1606.55	1333.34	1469.945	1832.18	1380.92	1595.67	1071.01	1451.595
los	1300	GCA.002418765.1.Bacteria.Firmicutes.B	1333.34	0.0	666.67	1595.67	1071.01	0.0	0.0	797.835
hgt	None	dead	0.0	0.0	0.0	0.0	0.0	0.0	0.0	0.0
hgt	84	GCF.000011005.1.Archaea.Euryarchaeota	1169.197	0.0	584.5985	1403.93	934.464	0.0	0.0	701.965
los	None	dead	0.0	0.0	0.0	0.0	0.0	0.0	0.0	0.0
hgt	None	dead	0.0	0.0	0.0	0.0	0.0	0.0	0.0	0.0
los	663	662	3210.05	3126.015	3168.0325	3476.56	2943.54	3383.83	2868.2	3172.38
hgt	1326	1325	2039.05	1862.485	1950.7675	2290.01	1788.09	2083.02	1641.95	1965.98
los	None	dead	0.0	0.0	0.0	0.0	0.0	0.0	0.0	0.0
spe	1326	1325	2039.05	1862.485	1950.7675	2290.01	1788.09	2083.02	1641.95	1965.98
spe	1325	1297	1862.485	1576.575	1719.53	2083.02	1641.95	1886.7	1266.45	1674.735
los	1297	GCA.002329495.1.Bacteria.Firmicutes.B	1576.575	0.0	788.2875	1886.7	1266.45	0.0	0.0	943.35
spe	1297	1296	1576.575	1436.52	1506.5475	1886.7	1266.45	1763.25	1109.79	1498.245
los	1296	GCA.001513545.1.Bacteria.Firmicutes.B	1436.52	0.0	718.26	1763.25	1109.79	0.0	0.0	881.625
dup	1325	1324	1862.485	1779.53	1821.0075	2083.02	1641.95	1989.46	1569.6	1826.31
spe	1325	1324	1862.485	1779.53	1821.0075	2083.02	1641.95	1989.46	1569.6	1826.31
los	1324	1323	1779.53	1708.06	1743.795	1989.46	1569.6	1917.5	1498.62	1744.04
spe	1324	1308	1779.53	1606.55	1693.04	1989.46	1569.6	1832.18	1380.92	1685.19
los	1308	1307	1606.55	1451.1	1528.825	1832.18	1380.92	1682.57	1219.63	1525.905
spe	1308	1300	1606.55	1333.34	1469.945	1832.18	1380.92	1595.67	1071.01	1451.595
los	1300	GCA.002418765.1.Bacteria.Firmicutes.B	1333.34	0.0	666.67	1595.67	1071.01	0.0	0.0	797.835
spe	1325	1324	1862.485	1779.53	1821.0075	2083.02	1641.95	1989.46	1569.6	1826.31
spe	1324	1323	1779.53	1708.06	1743.795	1989.46	1569.6	1917.5	1498.62	1744.04
los	1323	1319	1708.06	1607.725	1657.8925	1917.5	1498.62	1817.85	1397.6	1657.55
spe	1323	1322	1708.06	1384.555	1546.3075	1917.5	1498.62	1682.41	1086.7	1502.1
los	1322	GCA.001512665.1.Bacteria.Firmicutes.B	1384.555	0.0	692.2775	1682.41	1086.7	0.0	0.0	841.205
spe	1324	1308	1779.53	1606.55	1693.04	1989.46	1569.6	1832.18	1380.92	1685.19
los	1308	1307	1606.55	1451.1	1528.825	1832.18	1380.92	1682.57	1219.63	1525.905
spe	1308	1300	1606.55	1333.34	1469.945	1832.18	1380.92	1595.67	1071.01	1451.595
los	1300	GCA.002418765.1.Bacteria.Firmicutes.B	1333.34	0.0	666.67	1595.67	1071.01	0.0	0.0	797.835
