event	left_node	right_node	left_date	right_date	midpoint_date	left_date_lower	left_date_upper	right_date_lower	right_date_upper	midpoint_date_all
spe	1728	1727	0.0	3797.955	1898.9775	0.0	0.0	3920.8	3675.11	1837.555
hgt	None	dead	0.0	0.0	0.0	0.0	0.0	0.0	0.0	0.0
dup	None	dead	0.0	0.0	0.0	0.0	0.0	0.0	0.0	0.0
hgt	1032	GCA.002693325.1.Bacteria.Latescibacterota	1723.11	0.0	861.555	1986.49	1459.73	0.0	0.0	993.245
los	None	dead	0.0	0.0	0.0	0.0	0.0	0.0	0.0	0.0
dup	None	dead	0.0	0.0	0.0	0.0	0.0	0.0	0.0	0.0
hgt	660	659	2563.03	1482.555	2022.7925	2816.78	2309.28	1819.93	1145.18	1980.98
los	None	dead	0.0	0.0	0.0	0.0	0.0	0.0	0.0	0.0
spe	660	659	2563.03	1482.555	2022.7925	2816.78	2309.28	1819.93	1145.18	1980.98
hgt	1078	1076	1978.035	1449.05	1713.5425	2265.17	1690.9	1728.8	1169.3	1717.235
los	None	dead	0.0	0.0	0.0	0.0	0.0	0.0	0.0	0.0
spe	1078	1076	1978.035	1449.05	1713.5425	2265.17	1690.9	1728.8	1169.3	1717.235
spe	1727	189	3797.955	3564.735	3681.345	3920.8	3675.11	3752.98	3376.49	3648.645
spe	189	188	3564.735	3280.19	3422.4625	3752.98	3376.49	3542.63	3017.75	3385.365
hgt	396	395	2626.695	1520.715	2073.705	2851.47	2401.92	1836.24	1205.19	2028.33
los	188	GCA.001787855.1.Bacteria.Riflebacteria	3280.19	0.0	1640.095	3542.63	3017.75	0.0	0.0	1771.315
spe	396	395	2626.695	1520.715	2073.705	2851.47	2401.92	1836.24	1205.19	2028.33
hgt	660	659	2563.03	1482.555	2022.7925	2816.78	2309.28	1819.93	1145.18	1980.98
hgt	853	GCA.003232385.1.Bacteria.SZUA.79	2065.005	0.0	1032.5025	2302.51	1827.5	0.0	0.0	1151.255
spe	660	659	2563.03	1482.555	2022.7925	2816.78	2309.28	1819.93	1145.18	1980.98
spe	189	185	3564.735	3376.945	3470.84	3752.98	3376.49	3617.79	3136.1	3444.54
spe	185	183	3376.945	2959.72	3168.3325	3617.79	3136.1	3396.2	2523.24	3070.515
los	183	GCA.002325765.1.Bacteria.Proteobacteria	2959.72	0.0	1479.86	3396.2	2523.24	0.0	0.0	1698.1
dup	183	GCA.002402105.1.Bacteria.UBP17	2959.72	0.0	1479.86	3396.2	2523.24	0.0	0.0	1698.1
hgt	955	GCA.001769655.1.Bacteria.Bacteroidota	1094.6025	0.0	547.30125	1285.5	903.705	0.0	0.0	642.75
spe	1727	1726	3797.955	3785.015	3791.485	3920.8	3675.11	3906.33	3663.7	3792.25
los	1726	1094	3785.015	3721.555	3753.285	3906.33	3663.7	3846.33	3596.78	3751.555
spe	1726	1725	3785.015	3734.58	3759.7975	3906.33	3663.7	3857.32	3611.84	3759.085
hgt	None	dead	0.0	0.0	0.0	0.0	0.0	0.0	0.0	0.0
hgt	1083	1082	3063.215	2875.59	2969.4025	3264.85	2861.58	3109.76	2641.42	2953.135
los	None	dead	0.0	0.0	0.0	0.0	0.0	0.0	0.0	0.0
spe	1083	1082	3063.215	2875.59	2969.4025	3264.85	2861.58	3109.76	2641.42	2953.135
hgt	768	767	1764.5	1602.15	1683.325	1966.37	1562.63	1809.98	1394.32	1680.345
hgt	1008	GCA.000447245.1.Bacteria.Zixibacteria	1946.09	0.0	973.045	2197.88	1694.3	0.0	0.0	1098.94
hgt	227	GCA.001804315.1.Bacteria.Omnitrophota	2350.21	0.0	1175.105	2568.27	2132.15	0.0	0.0	1284.135
hgt	961	GCA.001769385.1.Bacteria.Bacteroidota	672.025	0.0	336.0125	829.441	514.609	0.0	0.0	414.7205
hgt	1078	GCA.002898315.1.Bacteria.Calescibacterota	1978.035	0.0	989.0175	2265.17	1690.9	0.0	0.0	1132.585
hgt	982	GCF.001535965.1.Bacteria.Bacteroidota	1930.625	0.0	965.3125	2111.35	1749.9	0.0	0.0	1055.675
hgt	220	GCA.001805375.1.Bacteria.Omnitrophota	1323.035	0.0	661.5175	1523.73	1122.34	0.0	0.0	761.865
hgt	749	GCA.003229375.1.Bacteria.Nitrospinota	1781.81	0.0	890.905	2044.22	1519.4	0.0	0.0	1022.11
dup	1008	GCA.000447245.1.Bacteria.Zixibacteria	1946.09	0.0	973.045	2197.88	1694.3	0.0	0.0	1098.94
hgt	136	GCA.000375685.1.Archaea.Thermoproteota	2332.2	0.0	1166.1	2572.88	2091.52	0.0	0.0	1286.44
spe	768	767	1764.5	1602.15	1683.325	1966.37	1562.63	1809.98	1394.32	1680.345
spe	767	766	1602.15	1409.215	1505.6825	1809.98	1394.32	1622.26	1196.17	1503.075
hgt	768	GCA.001798715.1.Bacteria.UBA10199	1764.5	0.0	882.25	1966.37	1562.63	0.0	0.0	983.185
hgt	270	GCA.001567115.1.Bacteria.OLB16	2795.225	0.0	1397.6125	3076.17	2514.28	0.0	0.0	1538.085
hgt	397	396	3012.355	2626.695	2819.525	3169.34	2855.37	2851.47	2401.92	2785.63
spe	1082	1080	2875.59	2598.745	2737.1675	3109.76	2641.42	2857.82	2339.67	2724.715
los	1080	1079	2598.745	2250.72	2424.7325	2857.82	2339.67	2526.74	1974.7	2416.26
spe	397	396	3012.355	2626.695	2819.525	3169.34	2855.37	2851.47	2401.92	2785.63
spe	396	395	2626.695	1520.715	2073.705	2851.47	2401.92	1836.24	1205.19	2028.33
los	395	GCF.000487995.1.Bacteria.Deferribacterota	1520.715	0.0	760.3575	1836.24	1205.19	0.0	0.0	918.12
hgt	551	GCA.002699105.1.Bacteria.Bacteroidota	1101.556	0.0	550.778	1279.17	923.942	0.0	0.0	639.585
hgt	926	GCA.001780825.1.Bacteria.Gemmatimonadota	2372.335	0.0	1186.1675	2644.81	2099.86	0.0	0.0	1322.405
hgt	1663	GCA.001464165.1.Bacteria.Cyanobacteria	2468.245	0.0	1234.1225	2741.36	2195.13	0.0	0.0	1370.68
dup	926	GCA.001780825.1.Bacteria.Gemmatimonadota	2372.335	0.0	1186.1675	2644.81	2099.86	0.0	0.0	1322.405
hgt	None	dead	0.0	0.0	0.0	0.0	0.0	0.0	0.0	0.0
hgt	244	GCA.001800075.1.Bacteria.Elusimicrobiota	1496.7	0.0	748.35	1712.17	1281.23	0.0	0.0	856.085
los	None	dead	0.0	0.0	0.0	0.0	0.0	0.0	0.0	0.0
spe	1725	1393	3734.58	3594.23	3664.405	3857.32	3611.84	3723.96	3464.5	3660.91
spe	1393	1129	3594.23	3343.055	3468.6425	3723.96	3464.5	3496.43	3189.68	3456.82
hgt	None	dead	0.0	0.0	0.0	0.0	0.0	0.0	0.0	0.0
hgt	353	352	2183.07	1776.1	1979.585	2393.32	1972.82	2008.33	1543.87	1968.595
los	None	dead	0.0	0.0	0.0	0.0	0.0	0.0	0.0	0.0
spe	353	352	2183.07	1776.1	1979.585	2393.32	1972.82	2008.33	1543.87	1968.595
spe	352	350	1776.1	1516.925	1646.5125	2008.33	1543.87	1763.53	1270.32	1639.325
los	350	GCA.002402755.1.Bacteria.Planctomycetota	1516.925	0.0	758.4625	1763.53	1270.32	0.0	0.0	881.765
hgt	None	dead	0.0	0.0	0.0	0.0	0.0	0.0	0.0	0.0
hgt	585	GCA.002688175.1.Bacteria.Proteobacteria	1098.223	0.0	549.1115	1267.88	928.566	0.0	0.0	633.94
los	None	dead	0.0	0.0	0.0	0.0	0.0	0.0	0.0	0.0
hgt	None	dead	0.0	0.0	0.0	0.0	0.0	0.0	0.0	0.0
los	1129	1101	3343.055	3191.295	3267.175	3496.43	3189.68	3394.94	2987.65	3242.04
hgt	782	781	2283.175	2076.175	2179.675	2456.54	2109.81	2261.29	1891.06	2173.8
los	None	dead	0.0	0.0	0.0	0.0	0.0	0.0	0.0	0.0
spe	782	781	2283.175	2076.175	2179.675	2456.54	2109.81	2261.29	1891.06	2173.8
spe	781	775	2076.175	1870.575	1973.375	2261.29	1891.06	2071.84	1669.31	1965.3
hgt	None	dead	0.0	0.0	0.0	0.0	0.0	0.0	0.0	0.0
los	775	773	1870.575	1746.09	1808.3325	2071.84	1669.31	1957.78	1534.4	1803.12
hgt	568	GCA.002862435.1.Bacteria.Proteobacteria	1463.05	0.0	731.525	1635.35	1290.75	0.0	0.0	817.675
los	None	dead	0.0	0.0	0.0	0.0	0.0	0.0	0.0	0.0
spe	781	780	2076.175	1805.89	1941.0325	2261.29	1891.06	2017.34	1594.44	1927.865
hgt	518	GCA.002689455.1.Bacteria.Proteobacteria	2401.92	0.0	1200.96	2550.03	2253.81	0.0	0.0	1275.015
hgt	None	dead	0.0	0.0	0.0	0.0	0.0	0.0	0.0	0.0
los	780	778	1805.89	1621.195	1713.5425	2017.34	1594.44	1851.21	1391.18	1704.26
hgt	477	GCA.001897475.1.Bacteria.Proteobacteria	981.752	0.0	490.876	1141.03	822.474	0.0	0.0	570.515
los	None	dead	0.0	0.0	0.0	0.0	0.0	0.0	0.0	0.0
hgt	515	GCA.002632265.1.Bacteria.Proteobacteria	2002.575	0.0	1001.2875	2145.74	1859.41	0.0	0.0	1072.87
hgt	None	dead	0.0	0.0	0.0	0.0	0.0	0.0	0.0	0.0
dup	None	dead	0.0	0.0	0.0	0.0	0.0	0.0	0.0	0.0
dup	None	dead	0.0	0.0	0.0	0.0	0.0	0.0	0.0	0.0
hgt	834	832	1863.715	1622.625	1743.17	2045.73	1681.7	1826.38	1418.87	1732.3
los	None	dead	0.0	0.0	0.0	0.0	0.0	0.0	0.0	0.0
spe	834	832	1863.715	1622.625	1743.17	2045.73	1681.7	1826.38	1418.87	1732.3
hgt	812	GCA.002863065.1.Bacteria.Myxococcota	1631.73	0.0	815.865	1817.22	1446.24	0.0	0.0	908.61
dup	None	dead	0.0	0.0	0.0	0.0	0.0	0.0	0.0	0.0
dup	None	dead	0.0	0.0	0.0	0.0	0.0	0.0	0.0	0.0
hgt	509	508	1417.44	1290.24	1353.84	1560.37	1274.51	1437.86	1142.62	1351.495
los	None	dead	0.0	0.0	0.0	0.0	0.0	0.0	0.0	0.0
spe	509	508	1417.44	1290.24	1353.84	1560.37	1274.51	1437.86	1142.62	1351.495
spe	508	498	1290.24	1143.1505	1216.69525	1437.86	1142.62	1299.85	986.451	1212.1555
los	498	GCA.002731375.1.Bacteria.Proteobacteria	1143.1505	0.0	571.57525	1299.85	986.451	0.0	0.0	649.925
spe	508	507	1290.24	1064.673	1177.4565	1437.86	1142.62	1214.52	914.826	1176.343
spe	507	503	1064.673	930.456	997.5645	1214.52	914.826	1085.53	775.382	994.951
los	503	501	930.456	746.3765	838.41625	1085.53	775.382	912.334	580.419	832.9745
spe	507	506	1064.673	1020.1165	1042.39475	1214.52	914.826	1171.97	868.263	1041.3915
los	506	GCA.002480495.1.Bacteria.Proteobacteria	1020.1165	0.0	510.05825	1171.97	868.263	0.0	0.0	585.985
hgt	514	513	1851.4	1786.09	1818.745	1991.92	1710.88	1924.53	1647.65	1819.785
los	None	dead	0.0	0.0	0.0	0.0	0.0	0.0	0.0	0.0
spe	514	513	1851.4	1786.09	1818.745	1991.92	1710.88	1924.53	1647.65	1819.785
spe	513	512	1786.09	1671.055	1728.5725	1924.53	1647.65	1813.33	1528.78	1726.655
spe	512	486	1671.055	1393.215	1532.135	1813.33	1528.78	1554.79	1231.64	1522.485
los	486	GCA.002721365.1.Bacteria.Proteobacteria	1393.215	0.0	696.6075	1554.79	1231.64	0.0	0.0	777.395
spe	512	511	1671.055	1589.625	1630.34	1813.33	1528.78	1731.04	1448.21	1630.77
hgt	None	dead	0.0	0.0	0.0	0.0	0.0	0.0	0.0	0.0
los	511	510	1589.625	1517.685	1553.655	1731.04	1448.21	1658.83	1376.54	1553.79
hgt	944	GCA.002712165.1.Bacteria.Proteobacteria	1432.315	0.0	716.1575	1664.44	1200.19	0.0	0.0	832.22
los	None	dead	0.0	0.0	0.0	0.0	0.0	0.0	0.0	0.0
spe	511	489	1589.625	1225.83	1407.7275	1731.04	1448.21	1388.27	1063.39	1397.215
hgt	458	GCA.002340345.1.Bacteria.Proteobacteria	1513.53	0.0	756.765	1663.43	1363.63	0.0	0.0	831.715
los	489	GCA.002348365.1.Bacteria.Proteobacteria	1225.83	0.0	612.915	1388.27	1063.39	0.0	0.0	694.135
hgt	517	GCA.002937675.1.Bacteria.Proteobacteria	2211.17	0.0	1105.585	2354.98	2067.36	0.0	0.0	1177.49
hgt	None	dead	0.0	0.0	0.0	0.0	0.0	0.0	0.0	0.0
spe	513	483	1786.09	1736.705	1761.3975	1924.53	1647.65	1875.69	1597.72	1761.125
spe	483	482	1736.705	1642.38	1689.5425	1875.69	1597.72	1782.01	1502.75	1689.22
spe	482	458	1642.38	1513.53	1577.955	1782.01	1502.75	1663.43	1363.63	1572.82
los	458	GCA.002340345.1.Bacteria.Proteobacteria	1513.53	0.0	756.765	1663.43	1363.63	0.0	0.0	831.715
spe	458	456	1513.53	1329.135	1421.3325	1663.43	1363.63	1490.23	1168.04	1415.735
spe	456	455	1329.135	974.476	1151.8055	1490.23	1168.04	1138.43	810.522	1150.376
hgt	486	GCA.002721365.1.Bacteria.Proteobacteria	1393.215	0.0	696.6075	1554.79	1231.64	0.0	0.0	777.395
spe	455	454	974.476	839.502	906.989	1138.43	810.522	1000.07	678.934	908.682
spe	454	453	839.502	720.6325	780.06725	1000.07	678.934	876.145	565.12	782.595
los	453	GCA.002457765.1.Bacteria.Proteobacteria	720.6325	0.0	360.31625	876.145	565.12	0.0	0.0	438.0725
spe	482	481	1642.38	1564.755	1603.5675	1782.01	1502.75	1703.88	1425.63	1603.82
spe	481	469	1564.755	1451.305	1508.03	1703.88	1425.63	1594.82	1307.79	1505.835
los	469	463	1451.305	1313.945	1382.625	1594.82	1307.79	1461.65	1166.24	1380.53
spe	469	468	1451.305	1270.185	1360.745	1594.82	1307.79	1420.59	1119.78	1357.3
los	468	467	1270.185	1108.71	1189.4475	1420.59	1119.78	1267.07	950.35	1185.47
hgt	None	dead	0.0	0.0	0.0	0.0	0.0	0.0	0.0	0.0
los	481	480	1564.755	1431.52	1498.1375	1703.88	1425.63	1580.99	1282.05	1492.965
hgt	506	GCA.002480495.1.Bacteria.Proteobacteria	1020.1165	0.0	510.05825	1171.97	868.263	0.0	0.0	585.985
los	None	dead	0.0	0.0	0.0	0.0	0.0	0.0	0.0	0.0
hgt	512	511	1671.055	1589.625	1630.34	1813.33	1528.78	1731.04	1448.21	1630.77
spe	483	447	1736.705	1590.07	1663.3875	1875.69	1597.72	1734.74	1445.4	1660.545
spe	447	439	1590.07	1430.985	1510.5275	1734.74	1445.4	1588.14	1273.83	1504.285
los	439	GCF.001613805.1.Bacteria.Proteobacteria	1430.985	0.0	715.4925	1588.14	1273.83	0.0	0.0	794.07
hgt	436	GCA.002722885.1.Bacteria.Proteobacteria	1731.205	0.0	865.6025	1880.65	1581.76	0.0	0.0	940.325
spe	447	446	1590.07	1389.555	1489.8125	1734.74	1445.4	1543.03	1236.08	1485.41
spe	446	445	1389.555	1267.47	1328.5125	1543.03	1236.08	1430.96	1103.98	1323.505
los	445	GCA.002717225.1.Bacteria.Proteobacteria	1267.47	0.0	633.735	1430.96	1103.98	0.0	0.0	715.48
spe	445	444	1267.47	1089.937	1178.7035	1430.96	1103.98	1263.85	916.024	1173.492
los	444	GCA.002348425.1.Bacteria.Proteobacteria	1089.937	0.0	544.9685	1263.85	916.024	0.0	0.0	631.925
hgt	435	GCA.006969625.1.Bacteria.Proteobacteria	1539.415	0.0	769.7075	1697.37	1381.46	0.0	0.0	848.685
hgt	463	GCF.002251795.1.Bacteria.Proteobacteria	1313.945	0.0	656.9725	1461.65	1166.24	0.0	0.0	730.825
spe	512	511	1671.055	1589.625	1630.34	1813.33	1528.78	1731.04	1448.21	1630.77
spe	511	510	1589.625	1517.685	1553.655	1731.04	1448.21	1658.83	1376.54	1553.79
spe	510	492	1517.685	1247.39	1382.5375	1658.83	1376.54	1403.42	1091.36	1375.095
los	492	GCF.002798435.1.Bacteria.Proteobacteria	1247.39	0.0	623.695	1403.42	1091.36	0.0	0.0	701.71
spe	510	509	1517.685	1417.44	1467.5625	1658.83	1376.54	1560.37	1274.51	1466.67
los	509	508	1417.44	1290.24	1353.84	1560.37	1274.51	1437.86	1142.62	1351.495
spe	509	495	1417.44	1152.21	1284.825	1560.37	1274.51	1304.12	1000.3	1280.335
los	495	GCF.003173035.1.Bacteria.Proteobacteria	1152.21	0.0	576.105	1304.12	1000.3	0.0	0.0	652.06
spe	511	489	1589.625	1225.83	1407.7275	1731.04	1448.21	1388.27	1063.39	1397.215
hgt	498	GCA.002731375.1.Bacteria.Proteobacteria	1143.1505	0.0	571.57525	1299.85	986.451	0.0	0.0	649.925
los	489	GCA.002701885.1.Bacteria.Proteobacteria	1225.83	0.0	612.915	1388.27	1063.39	0.0	0.0	694.135
hgt	435	434	1539.415	1329.5	1434.4575	1697.37	1381.46	1502.98	1156.02	1426.695
los	None	dead	0.0	0.0	0.0	0.0	0.0	0.0	0.0	0.0
spe	435	434	1539.415	1329.5	1434.4575	1697.37	1381.46	1502.98	1156.02	1426.695
hgt	492	GCF.002798435.1.Bacteria.Proteobacteria	1247.39	0.0	623.695	1403.42	1091.36	0.0	0.0	701.71
hgt	467	GCF.003258945.1.Bacteria.Proteobacteria	1108.71	0.0	554.355	1267.07	950.35	0.0	0.0	633.535
hgt	453	GCA.002457765.1.Bacteria.Proteobacteria	720.6325	0.0	360.31625	876.145	565.12	0.0	0.0	438.0725
hgt	501	GCA.003158585.1.Bacteria.Proteobacteria	746.3765	0.0	373.18825	912.334	580.419	0.0	0.0	456.167
hgt	495	GCF.003173035.1.Bacteria.Proteobacteria	1152.21	0.0	576.105	1304.12	1000.3	0.0	0.0	652.06
hgt	829	828	2062.825	1800.295	1931.56	2232.91	1892.74	1975.41	1625.18	1929.045
los	None	dead	0.0	0.0	0.0	0.0	0.0	0.0	0.0	0.0
spe	829	828	2062.825	1800.295	1931.56	2232.91	1892.74	1975.41	1625.18	1929.045
hgt	406	GCA.001872725.1.Bacteria.Proteobacteria	2569.1	0.0	1284.55	2747.05	2391.15	0.0	0.0	1373.525
spe	828	827	1800.295	1682.675	1741.485	1975.41	1625.18	1859.1	1506.25	1740.83
spe	827	821	1682.675	1480.98	1581.8275	1859.1	1506.25	1673.3	1288.66	1573.88
los	821	GCA.002841825.1.Bacteria.Myxococcota	1480.98	0.0	740.49	1673.3	1288.66	0.0	0.0	836.65
spe	827	826	1682.675	1516.045	1599.36	1859.1	1506.25	1693.77	1338.32	1598.71
spe	826	825	1516.045	1214.79	1365.4175	1693.77	1338.32	1405.39	1024.19	1358.98
los	825	GCA.003170275.1.Bacteria.Myxococcota	1214.79	0.0	607.395	1405.39	1024.19	0.0	0.0	702.695
hgt	837	GCA.001768075.1.Bacteria.Myxococcota	1633.315	0.0	816.6575	1837.63	1429.0	0.0	0.0	918.815
los	826	GCA.002747355.1.Bacteria.Myxococcota	1516.045	0.0	758.0225	1693.77	1338.32	0.0	0.0	846.885
dup	None	dead	0.0	0.0	0.0	0.0	0.0	0.0	0.0	0.0
dup	None	dead	0.0	0.0	0.0	0.0	0.0	0.0	0.0	0.0
dup	None	dead	0.0	0.0	0.0	0.0	0.0	0.0	0.0	0.0
hgt	1143	GCA.002352645.1.Bacteria.Actinobacteriota	1828.16	0.0	914.08	2065.05	1591.27	0.0	0.0	1032.525
los	None	dead	0.0	0.0	0.0	0.0	0.0	0.0	0.0	0.0
dup	None	dead	0.0	0.0	0.0	0.0	0.0	0.0	0.0	0.0
hgt	1396	GCA.003244045.1.Bacteria.Dormibacterota	2089.7	0.0	1044.85	2454.33	1725.07	0.0	0.0	1227.165
los	None	dead	0.0	0.0	0.0	0.0	0.0	0.0	0.0	0.0
hgt	652	651	2398.805	2255.845	2327.325	2542.21	2255.4	2397.01	2114.68	2328.445
los	None	dead	0.0	0.0	0.0	0.0	0.0	0.0	0.0	0.0
spe	652	651	2398.805	2255.845	2327.325	2542.21	2255.4	2397.01	2114.68	2328.445
spe	651	533	2255.845	2045.455	2150.65	2397.01	2114.68	2212.39	1878.52	2137.765
spe	533	532	2045.455	1641.495	1843.475	2212.39	1878.52	1864.28	1418.71	1815.55
los	532	GCA.002405475.1.Bacteria.Proteobacteria	1641.495	0.0	820.7475	1864.28	1418.71	0.0	0.0	932.14
spe	533	529	2045.455	1818.925	1932.19	2212.39	1878.52	2012.28	1625.57	1918.98
hgt	653	GCF.001399755.1.Bacteria.Proteobacteria	2568.17	0.0	1284.085	2711.59	2424.75	0.0	0.0	1355.795
los	529	GCA.002420425.1.Bacteria.Proteobacteria	1818.925	0.0	909.4625	2012.28	1625.57	0.0	0.0	1006.14
spe	651	650	2255.845	2166.365	2211.105	2397.01	2114.68	2307.19	2025.54	2211.275
spe	650	536	2166.365	1887.95	2027.1575	2307.19	2025.54	2062.1	1713.8	2010.495
hgt	519	GCF.002109495.1.Bacteria.Proteobacteria	2628.48	0.0	1314.24	2774.64	2482.32	0.0	0.0	1387.32
los	536	GCF.900111015.1.Bacteria.Proteobacteria	1887.95	0.0	943.975	2062.1	1713.8	0.0	0.0	1031.05
hgt	636	GCA.002840095.1.Bacteria.Proteobacteria	1603.01	0.0	801.505	1754.71	1451.31	0.0	0.0	877.355
spe	650	649	2166.365	2098.245	2132.305	2307.19	2025.54	2237.54	1958.95	2133.07
los	649	543	2098.245	1931.665	2014.955	2237.54	1958.95	2088.26	1775.07	2006.305
spe	649	648	2098.245	2024.465	2061.355	2237.54	1958.95	2163.47	1885.46	2061.5
hgt	741	GCA.003220615.1.Bacteria.Methylomirabilota	2099.065	0.0	1049.5325	2384.47	1813.66	0.0	0.0	1192.235
hgt	None	dead	0.0	0.0	0.0	0.0	0.0	0.0	0.0	0.0
dup	None	dead	0.0	0.0	0.0	0.0	0.0	0.0	0.0	0.0
hgt	551	GCA.002746645.1.Bacteria.Proteobacteria	1101.556	0.0	550.778	1279.17	923.942	0.0	0.0	639.585
los	None	dead	0.0	0.0	0.0	0.0	0.0	0.0	0.0	0.0
hgt	542	GCA.002352565.1.Bacteria.Proteobacteria	1750.015	0.0	875.0075	1929.85	1570.18	0.0	0.0	964.925
los	None	dead	0.0	0.0	0.0	0.0	0.0	0.0	0.0	0.0
spe	648	647	2024.465	1945.285	1984.875	2163.47	1885.46	2083.18	1807.39	1985.43
spe	647	571	1945.285	1781.46	1863.3725	2083.18	1807.39	1928.85	1634.07	1858.625
los	571	565	1781.46	1495.725	1638.5925	1928.85	1634.07	1673.32	1318.13	1623.49
spe	571	570	1781.46	1624.36	1702.91	1928.85	1634.07	1779.57	1469.15	1699.0
los	570	GCA.002255365.1.Bacteria.Proteobacteria	1624.36	0.0	812.18	1779.57	1469.15	0.0	0.0	889.785
spe	570	568	1624.36	1463.05	1543.705	1779.57	1469.15	1635.35	1290.75	1535.16
los	568	GCF.001051235.1.Bacteria.Proteobacteria	1463.05	0.0	731.525	1635.35	1290.75	0.0	0.0	817.675
spe	647	646	1945.285	1897.835	1921.56	2083.18	1807.39	2035.74	1759.93	1921.555
hgt	519	GCF.002109495.1.Bacteria.Proteobacteria	2628.48	0.0	1314.24	2774.64	2482.32	0.0	0.0	1387.32
hgt	None	dead	0.0	0.0	0.0	0.0	0.0	0.0	0.0	0.0
hgt	574	GCF.900112605.1.Bacteria.Proteobacteria	1374.275	0.0	687.1375	1546.58	1201.97	0.0	0.0	773.29
los	None	dead	0.0	0.0	0.0	0.0	0.0	0.0	0.0	0.0
hgt	None	dead	0.0	0.0	0.0	0.0	0.0	0.0	0.0	0.0
hgt	595	GCA.002454015.1.Bacteria.Proteobacteria	1214.005	0.0	607.0025	1372.8	1055.21	0.0	0.0	686.4
los	None	dead	0.0	0.0	0.0	0.0	0.0	0.0	0.0	0.0
hgt	None	dead	0.0	0.0	0.0	0.0	0.0	0.0	0.0	0.0
hgt	553	552	1630.725	1397.305	1514.015	1789.39	1472.06	1566.02	1228.59	1508.99
los	None	dead	0.0	0.0	0.0	0.0	0.0	0.0	0.0	0.0
spe	553	552	1630.725	1397.305	1514.015	1789.39	1472.06	1566.02	1228.59	1508.99
spe	552	551	1397.305	1101.556	1249.4305	1566.02	1228.59	1279.17	923.942	1244.981
hgt	560	GCA.001735895.1.Bacteria.Proteobacteria	1588.3	0.0	794.15	1745.96	1430.64	0.0	0.0	872.98
los	551	GCA.002699105.1.Bacteria.Bacteroidota	1101.556	0.0	550.778	1279.17	923.942	0.0	0.0	639.585
hgt	None	dead	0.0	0.0	0.0	0.0	0.0	0.0	0.0	0.0
hgt	581	GCA.002868855.1.Bacteria.Proteobacteria	1247.6	0.0	623.8	1410.64	1084.56	0.0	0.0	705.32
los	None	dead	0.0	0.0	0.0	0.0	0.0	0.0	0.0	0.0
spe	646	645	1897.835	1829.485	1863.66	2035.74	1759.93	1967.16	1691.81	1863.775
spe	645	644	1829.485	1683.9	1756.6925	1967.16	1691.81	1827.27	1540.53	1753.845
los	644	643	1683.9	1502.7	1593.3	1827.27	1540.53	1655.53	1349.87	1588.57
spe	644	636	1683.9	1603.01	1643.455	1827.27	1540.53	1754.71	1451.31	1639.29
hgt	603	GCA.002085445.1.Bacteria.Proteobacteria	1669.485	0.0	834.7425	1811.47	1527.5	0.0	0.0	905.735
hgt	562	546	1860.4	1496.095	1678.2475	2005.59	1715.21	1672.06	1320.13	1662.86
spe	636	634	1603.01	1434.16	1518.585	1754.71	1451.31	1607.4	1260.92	1507.815
los	634	GCF.001697225.1.Bacteria.Proteobacteria	1434.16	0.0	717.08	1607.4	1260.92	0.0	0.0	803.7
spe	562	546	1860.4	1496.095	1678.2475	2005.59	1715.21	1672.06	1320.13	1662.86
spe	645	631	1829.485	1750.855	1790.17	1967.16	1691.81	1889.42	1612.29	1789.725
los	631	630	1750.855	1615.545	1683.2	1889.42	1612.29	1755.48	1475.61	1682.515
spe	631	603	1750.855	1669.485	1710.17	1889.42	1612.29	1811.47	1527.5	1708.46
los	603	GCA.002085445.1.Bacteria.Proteobacteria	1669.485	0.0	834.7425	1811.47	1527.5	0.0	0.0	905.735
spe	603	602	1669.485	1587.075	1628.28	1811.47	1527.5	1728.53	1445.62	1628.545
spe	602	601	1587.075	1425.555	1506.315	1728.53	1445.62	1571.06	1280.05	1504.29
spe	601	600	1425.555	1212.31	1318.9325	1571.06	1280.05	1364.67	1059.95	1315.505
los	600	GCA.002007425.1.Bacteria.Proteobacteria	1212.31	0.0	606.155	1364.67	1059.95	0.0	0.0	682.335
spe	600	598	1212.31	904.2135	1058.26175	1364.67	1059.95	1071.01	737.417	1051.0435
los	598	GCA.002170535.1.Bacteria.Proteobacteria	904.2135	0.0	452.10675	1071.01	737.417	0.0	0.0	535.505
spe	601	595	1425.555	1214.005	1319.78	1571.06	1280.05	1372.8	1055.21	1313.135
hgt	558	GCA.002386945.1.Bacteria.Proteobacteria	1422.015	0.0	711.0075	1589.43	1254.6	0.0	0.0	794.715
los	595	GCA.002454015.1.Bacteria.Proteobacteria	1214.005	0.0	607.0025	1372.8	1055.21	0.0	0.0	686.4
hgt	542	GCA.002631715.1.Bacteria.Proteobacteria	1750.015	0.0	875.0075	1929.85	1570.18	0.0	0.0	964.925
spe	602	592	1587.075	1273.13	1430.1025	1728.53	1445.62	1434.77	1111.49	1420.01
hgt	546	GCA.002747435.1.Bacteria.Proteobacteria	1496.095	0.0	748.0475	1672.06	1320.13	0.0	0.0	836.03
hgt	598	GCA.002170535.1.Bacteria.Proteobacteria	904.2135	0.0	452.10675	1071.01	737.417	0.0	0.0	535.505
hgt	529	GCA.002420425.1.Bacteria.Proteobacteria	1818.925	0.0	909.4625	2012.28	1625.57	0.0	0.0	1006.14
hgt	557	GCA.002728355.1.Bacteria.Proteobacteria	1194.24	0.0	597.12	1374.44	1014.04	0.0	0.0	687.22
spe	646	588	1897.835	1783.48	1840.6575	2035.74	1759.93	1926.18	1640.78	1838.26
hgt	634	GCF.001697225.1.Bacteria.Proteobacteria	1434.16	0.0	717.08	1607.4	1260.92	0.0	0.0	803.7
los	588	587	1783.48	1406.63	1595.055	1926.18	1640.78	1560.81	1252.45	1589.315
spe	588	576	1783.48	1633.525	1708.5025	1926.18	1640.78	1787.8	1479.25	1702.715
hgt	None	dead	0.0	0.0	0.0	0.0	0.0	0.0	0.0	0.0
los	576	574	1633.525	1374.275	1503.9	1787.8	1479.25	1546.58	1201.97	1494.885
hgt	612	GCF.003612015.1.Bacteria.Proteobacteria	1191.86	0.0	595.93	1341.59	1042.13	0.0	0.0	670.795
los	None	dead	0.0	0.0	0.0	0.0	0.0	0.0	0.0	0.0
spe	648	562	2024.465	1860.4	1942.4325	2163.47	1885.46	2005.59	1715.21	1939.34
spe	562	561	1860.4	1784.925	1822.6625	2005.59	1715.21	1932.49	1637.36	1821.475
spe	561	553	1784.925	1630.725	1707.825	1932.49	1637.36	1789.39	1472.06	1702.275
spe	553	552	1630.725	1397.305	1514.015	1789.39	1472.06	1566.02	1228.59	1508.99
los	552	551	1397.305	1101.556	1249.4305	1566.02	1228.59	1279.17	923.942	1244.981
hgt	None	dead	0.0	0.0	0.0	0.0	0.0	0.0	0.0	0.0
hgt	585	GCA.002338605.1.Bacteria.Proteobacteria	1098.223	0.0	549.1115	1267.88	928.566	0.0	0.0	633.94
los	None	dead	0.0	0.0	0.0	0.0	0.0	0.0	0.0	0.0
hgt	None	dead	0.0	0.0	0.0	0.0	0.0	0.0	0.0	0.0
hgt	643	642	1502.7	1352.47	1427.585	1655.53	1349.87	1515.86	1189.08	1422.305
los	None	dead	0.0	0.0	0.0	0.0	0.0	0.0	0.0	0.0
spe	643	642	1502.7	1352.47	1427.585	1655.53	1349.87	1515.86	1189.08	1422.305
hgt	570	GCA.002255365.1.Bacteria.Proteobacteria	1624.36	0.0	812.18	1779.57	1469.15	0.0	0.0	889.785
hgt	614	613	1464.595	1345.44	1405.0175	1607.12	1322.07	1490.64	1200.24	1403.68
hgt	529	GCA.002420425.1.Bacteria.Proteobacteria	1818.925	0.0	909.4625	2012.28	1625.57	0.0	0.0	1006.14
spe	614	613	1464.595	1345.44	1405.0175	1607.12	1322.07	1490.64	1200.24	1403.68
spe	613	612	1345.44	1191.86	1268.65	1490.64	1200.24	1341.59	1042.13	1266.385
los	612	GCF.003612015.1.Bacteria.Proteobacteria	1191.86	0.0	595.93	1341.59	1042.13	0.0	0.0	670.795
spe	612	611	1191.86	907.6015	1049.73075	1341.59	1042.13	1068.3	746.903	1044.2465
hgt	565	GCF.002958735.1.Bacteria.Proteobacteria	1495.725	0.0	747.8625	1673.32	1318.13	0.0	0.0	836.66
hgt	532	GCA.002405475.1.Bacteria.Proteobacteria	1641.495	0.0	820.7475	1864.28	1418.71	0.0	0.0	932.14
spe	561	560	1784.925	1588.3	1686.6125	1932.49	1637.36	1745.96	1430.64	1681.565
spe	560	558	1588.3	1422.015	1505.1575	1745.96	1430.64	1589.43	1254.6	1500.28
los	558	GCA.002386945.1.Bacteria.Proteobacteria	1422.015	0.0	711.0075	1589.43	1254.6	0.0	0.0	794.715
spe	558	557	1422.015	1194.24	1308.1275	1589.43	1254.6	1374.44	1014.04	1301.735
los	557	GCA.002728355.1.Bacteria.Proteobacteria	1194.24	0.0	597.12	1374.44	1014.04	0.0	0.0	687.22
hgt	639	GCA.003230085.1.Bacteria.Proteobacteria	1270.67	0.0	635.335	1443.72	1097.62	0.0	0.0	721.86
hgt	None	dead	0.0	0.0	0.0	0.0	0.0	0.0	0.0	0.0
dup	None	dead	0.0	0.0	0.0	0.0	0.0	0.0	0.0	0.0
hgt	439	GCF.001613805.1.Bacteria.Proteobacteria	1430.985	0.0	715.4925	1588.14	1273.83	0.0	0.0	794.07
los	None	dead	0.0	0.0	0.0	0.0	0.0	0.0	0.0	0.0
hgt	568	GCF.001051235.1.Bacteria.Proteobacteria	1463.05	0.0	731.525	1635.35	1290.75	0.0	0.0	817.675
los	None	dead	0.0	0.0	0.0	0.0	0.0	0.0	0.0	0.0
hgt	515	514	2002.575	1851.4	1926.9875	2145.74	1859.41	1991.92	1710.88	1928.31
hgt	None	dead	0.0	0.0	0.0	0.0	0.0	0.0	0.0	0.0
los	562	546	1860.4	1496.095	1678.2475	2005.59	1715.21	1672.06	1320.13	1662.86
hgt	469	463	1451.305	1313.945	1382.625	1594.82	1307.79	1461.65	1166.24	1380.53
los	None	dead	0.0	0.0	0.0	0.0	0.0	0.0	0.0	0.0
spe	469	463	1451.305	1313.945	1382.625	1594.82	1307.79	1461.65	1166.24	1380.53
spe	463	462	1313.945	1065.146	1189.5455	1461.65	1166.24	1220.68	909.612	1185.631
dup	462	GCF.006980715.1.Bacteria.Proteobacteria	1065.146	0.0	532.573	1220.68	909.612	0.0	0.0	610.34
hgt	462	GCF.000315795.1.Bacteria.Proteobacteria	1065.146	0.0	532.573	1220.68	909.612	0.0	0.0	610.34
hgt	486	GCF.000264455.2.Bacteria.Proteobacteria	1393.215	0.0	696.6075	1554.79	1231.64	0.0	0.0	777.395
hgt	467	GCF.003258945.1.Bacteria.Proteobacteria	1108.71	0.0	554.355	1267.07	950.35	0.0	0.0	633.535
hgt	467	GCF.003258945.1.Bacteria.Proteobacteria	1108.71	0.0	554.355	1267.07	950.35	0.0	0.0	633.535
hgt	None	dead	0.0	0.0	0.0	0.0	0.0	0.0	0.0	0.0
hgt	None	dead	0.0	0.0	0.0	0.0	0.0	0.0	0.0	0.0
hgt	None	dead	0.0	0.0	0.0	0.0	0.0	0.0	0.0	0.0
hgt	None	dead	0.0	0.0	0.0	0.0	0.0	0.0	0.0	0.0
hgt	None	dead	0.0	0.0	0.0	0.0	0.0	0.0	0.0	0.0
hgt	495	GCA.002796975.1.Bacteria.Proteobacteria	1152.21	0.0	576.105	1304.12	1000.3	0.0	0.0	652.06
los	None	dead	0.0	0.0	0.0	0.0	0.0	0.0	0.0	0.0
spe	515	514	2002.575	1851.4	1926.9875	2145.74	1859.41	1991.92	1710.88	1928.31
spe	514	436	1851.4	1731.205	1791.3025	1991.92	1710.88	1880.65	1581.76	1786.84
spe	436	435	1731.205	1539.415	1635.31	1880.65	1581.76	1697.37	1381.46	1631.055
los	435	434	1539.415	1329.5	1434.4575	1697.37	1381.46	1502.98	1156.02	1426.695
spe	514	513	1851.4	1786.09	1818.745	1991.92	1710.88	1924.53	1647.65	1819.785
spe	513	512	1786.09	1671.055	1728.5725	1924.53	1647.65	1813.33	1528.78	1726.655
los	512	486	1671.055	1393.215	1532.135	1813.33	1528.78	1554.79	1231.64	1522.485
spe	512	511	1671.055	1589.625	1630.34	1813.33	1528.78	1731.04	1448.21	1630.77
los	511	510	1589.625	1517.685	1553.655	1731.04	1448.21	1658.83	1376.54	1553.79
spe	511	489	1589.625	1225.83	1407.7275	1731.04	1448.21	1388.27	1063.39	1397.215
los	489	GCA.002701885.1.Bacteria.Proteobacteria	1225.83	0.0	612.915	1388.27	1063.39	0.0	0.0	694.135
hgt	None	dead	0.0	0.0	0.0	0.0	0.0	0.0	0.0	0.0
hgt	445	GCA.002717225.1.Bacteria.Proteobacteria	1267.47	0.0	633.735	1430.96	1103.98	0.0	0.0	715.48
los	None	dead	0.0	0.0	0.0	0.0	0.0	0.0	0.0	0.0
spe	513	483	1786.09	1736.705	1761.3975	1924.53	1647.65	1875.69	1597.72	1761.125
spe	483	447	1736.705	1590.07	1663.3875	1875.69	1597.72	1734.74	1445.4	1660.545
spe	447	439	1590.07	1430.985	1510.5275	1734.74	1445.4	1588.14	1273.83	1504.285
los	439	GCF.001613805.1.Bacteria.Proteobacteria	1430.985	0.0	715.4925	1588.14	1273.83	0.0	0.0	794.07
spe	447	446	1590.07	1389.555	1489.8125	1734.74	1445.4	1543.03	1236.08	1485.41
los	446	GCA.002717185.1.Bacteria.Proteobacteria	1389.555	0.0	694.7775	1543.03	1236.08	0.0	0.0	771.515
spe	446	445	1389.555	1267.47	1328.5125	1543.03	1236.08	1430.96	1103.98	1323.505
los	445	GCA.002717225.1.Bacteria.Proteobacteria	1267.47	0.0	633.735	1430.96	1103.98	0.0	0.0	715.48
spe	445	444	1267.47	1089.937	1178.7035	1430.96	1103.98	1263.85	916.024	1173.492
spe	483	482	1736.705	1642.38	1689.5425	1875.69	1597.72	1782.01	1502.75	1689.22
spe	482	458	1642.38	1513.53	1577.955	1782.01	1502.75	1663.43	1363.63	1572.82
los	458	GCA.002340345.1.Bacteria.Proteobacteria	1513.53	0.0	756.765	1663.43	1363.63	0.0	0.0	831.715
spe	458	456	1513.53	1329.135	1421.3325	1663.43	1363.63	1490.23	1168.04	1415.735
los	456	455	1329.135	974.476	1151.8055	1490.23	1168.04	1138.43	810.522	1150.376
hgt	None	dead	0.0	0.0	0.0	0.0	0.0	0.0	0.0	0.0
hgt	454	GCA.002709155.1.Bacteria.Proteobacteria	839.502	0.0	419.751	1000.07	678.934	0.0	0.0	500.035
los	None	dead	0.0	0.0	0.0	0.0	0.0	0.0	0.0	0.0
hgt	517	GCA.002937675.1.Bacteria.Proteobacteria	2211.17	0.0	1105.585	2354.98	2067.36	0.0	0.0	1177.49
hgt	426	416	1807.88	1500.62	1654.25	1961.26	1654.5	1669.81	1331.43	1646.345
los	482	481	1642.38	1564.755	1603.5675	1782.01	1502.75	1703.88	1425.63	1603.82
spe	426	416	1807.88	1500.62	1654.25	1961.26	1654.5	1669.81	1331.43	1646.345
spe	416	415	1500.62	1271.57	1386.095	1669.81	1331.43	1452.56	1090.58	1380.195
los	415	GCA.003213135.1.Bacteria.Proteobacteria	1271.57	0.0	635.785	1452.56	1090.58	0.0	0.0	726.28
hgt	463	462	1313.945	1065.146	1189.5455	1461.65	1166.24	1220.68	909.612	1185.631
los	None	dead	0.0	0.0	0.0	0.0	0.0	0.0	0.0	0.0
spe	463	462	1313.945	1065.146	1189.5455	1461.65	1166.24	1220.68	909.612	1185.631
hgt	510	492	1517.685	1247.39	1382.5375	1658.83	1376.54	1403.42	1091.36	1375.095
los	None	dead	0.0	0.0	0.0	0.0	0.0	0.0	0.0	0.0
spe	510	492	1517.685	1247.39	1382.5375	1658.83	1376.54	1403.42	1091.36	1375.095
hgt	454	453	839.502	720.6325	780.06725	1000.07	678.934	876.145	565.12	782.595
los	None	dead	0.0	0.0	0.0	0.0	0.0	0.0	0.0	0.0
spe	454	453	839.502	720.6325	780.06725	1000.07	678.934	876.145	565.12	782.595
hgt	434	GCA.002238885.1.Bacteria.Proteobacteria	1329.5	0.0	664.75	1502.98	1156.02	0.0	0.0	751.49
hgt	455	GCF.900102465.1.Bacteria.Proteobacteria	974.476	0.0	487.238	1138.43	810.522	0.0	0.0	569.215
dup	None	dead	0.0	0.0	0.0	0.0	0.0	0.0	0.0	0.0
hgt	434	GCA.002898275.1.Bacteria.Proteobacteria	1329.5	0.0	664.75	1502.98	1156.02	0.0	0.0	751.49
los	None	dead	0.0	0.0	0.0	0.0	0.0	0.0	0.0	0.0
hgt	495	GCF.003173035.1.Bacteria.Proteobacteria	1152.21	0.0	576.105	1304.12	1000.3	0.0	0.0	652.06
los	None	dead	0.0	0.0	0.0	0.0	0.0	0.0	0.0	0.0
hgt	1185	1169	2773.915	2396.405	2585.16	2967.18	2580.65	2605.17	2187.64	2577.41
los	None	dead	0.0	0.0	0.0	0.0	0.0	0.0	0.0	0.0
spe	1185	1169	2773.915	2396.405	2585.16	2967.18	2580.65	2605.17	2187.64	2577.41
spe	1169	1145	2396.405	2028.235	2212.32	2605.17	2187.64	2257.09	1799.38	2202.275
spe	1145	1143	2028.235	1828.16	1928.1975	2257.09	1799.38	2065.05	1591.27	1924.18
los	1143	GCA.002352645.1.Bacteria.Actinobacteriota	1828.16	0.0	914.08	2065.05	1591.27	0.0	0.0	1032.525
spe	1143	1141	1828.16	1437.0	1632.58	2065.05	1591.27	1670.58	1203.42	1634.235
spe	1141	1140	1437.0	1211.153	1324.0765	1670.58	1203.42	1451.23	971.076	1320.828
los	1140	GCA.003162395.1.Bacteria.Actinobacteriota	1211.153	0.0	605.5765	1451.23	971.076	0.0	0.0	725.615
hgt	None	dead	0.0	0.0	0.0	0.0	0.0	0.0	0.0	0.0
dup	None	dead	0.0	0.0	0.0	0.0	0.0	0.0	0.0	0.0
hgt	1106	GCA.003134215.1.Bacteria.Armatimonadota	1668.05	0.0	834.025	1965.72	1370.38	0.0	0.0	982.86
los	None	dead	0.0	0.0	0.0	0.0	0.0	0.0	0.0	0.0
hgt	1154	GCF.001591405.1.Bacteria.Actinobacteria	907.0585	0.0	453.52925	1120.3	693.817	0.0	0.0	560.15
los	None	dead	0.0	0.0	0.0	0.0	0.0	0.0	0.0	0.0
hgt	1474	1473	2497.34	1423.81	1960.575	2721.69	2272.99	1699.81	1147.81	1934.75
spe	1169	1168	2396.405	2301.295	2348.85	2605.17	2187.64	2515.41	2087.18	2346.175
spe	1168	1148	2301.295	1851.865	2076.58	2515.41	2087.18	2104.07	1599.66	2057.535
los	1148	GCF.000969705.1.Bacteria.Actinobacteriota	1851.865	0.0	925.9325	2104.07	1599.66	0.0	0.0	1052.035
spe	1168	1167	2301.295	2105.28	2203.2875	2515.41	2087.18	2330.25	1880.31	2197.86
hgt	1148	GCF.000969705.1.Bacteria.Actinobacteriota	1851.865	0.0	925.9325	2104.07	1599.66	0.0	0.0	1052.035
spe	1167	1166	2105.28	1472.335	1788.8075	2330.25	1880.31	1697.69	1246.98	1788.615
hgt	None	dead	0.0	0.0	0.0	0.0	0.0	0.0	0.0	0.0
hgt	1158	GCF.001942305.1.Bacteria.Actinobacteriota	905.248	0.0	452.624	1113.91	696.586	0.0	0.0	556.955
los	None	dead	0.0	0.0	0.0	0.0	0.0	0.0	0.0	0.0
spe	1166	1165	1472.335	1325.685	1399.01	1697.69	1246.98	1549.4	1101.97	1399.83
spe	1165	1164	1325.685	1172.8835	1249.28425	1549.4	1101.97	1391.91	953.857	1251.6285
spe	1164	1163	1172.8835	995.9815	1084.4325	1391.91	953.857	1205.77	786.193	1089.0515
hgt	1158	GCF.001942305.1.Bacteria.Actinobacteriota	905.248	0.0	452.624	1113.91	696.586	0.0	0.0	556.955
spe	1164	1160	1172.8835	1016.58	1094.73175	1391.91	953.857	1228.58	804.58	1098.245
spe	1160	1158	1016.58	905.248	960.914	1228.58	804.58	1113.91	696.586	962.583
los	1158	GCF.001942305.1.Bacteria.Actinobacteriota	905.248	0.0	452.624	1113.91	696.586	0.0	0.0	556.955
spe	1165	1155	1325.685	1195.766	1260.7255	1549.4	1101.97	1415.51	976.022	1262.711
spe	1155	1154	1195.766	907.0585	1051.41225	1415.51	976.022	1120.3	693.817	1054.6635
los	1154	GCF.001591405.1.Bacteria.Actinobacteria	907.0585	0.0	453.52925	1120.3	693.817	0.0	0.0	560.15
spe	1474	1473	2497.34	1423.81	1960.575	2721.69	2272.99	1699.81	1147.81	1934.75
dup	None	dead	0.0	0.0	0.0	0.0	0.0	0.0	0.0	0.0
hgt	977	GCA.001567195.1.Bacteria.Bacteroidota	1171.8395	0.0	585.91975	1362.86	980.819	0.0	0.0	681.43
los	None	dead	0.0	0.0	0.0	0.0	0.0	0.0	0.0	0.0
dup	None	dead	0.0	0.0	0.0	0.0	0.0	0.0	0.0	0.0
dup	None	dead	0.0	0.0	0.0	0.0	0.0	0.0	0.0	0.0
hgt	811	GCA.002728755.1.Bacteria.Myxococcota	1440.74	0.0	720.37	1635.33	1246.15	0.0	0.0	817.665
los	None	dead	0.0	0.0	0.0	0.0	0.0	0.0	0.0	0.0
hgt	282	GCA.003219195.1.Bacteria.Verrucomicrobiota	1374.795	0.0	687.3975	1628.61	1120.98	0.0	0.0	814.305
los	None	dead	0.0	0.0	0.0	0.0	0.0	0.0	0.0	0.0
dup	None	dead	0.0	0.0	0.0	0.0	0.0	0.0	0.0	0.0
hgt	210	GCA.002796105.1.Bacteria.Omnitrophota	1758.02	0.0	879.01	1991.43	1524.61	0.0	0.0	995.715
los	None	dead	0.0	0.0	0.0	0.0	0.0	0.0	0.0	0.0
dup	None	dead	0.0	0.0	0.0	0.0	0.0	0.0	0.0	0.0
hgt	895	GCA.002897695.1.Bacteria.BMS3Abin14	2233.715	0.0	1116.8575	2507.56	1959.87	0.0	0.0	1253.78
los	None	dead	0.0	0.0	0.0	0.0	0.0	0.0	0.0	0.0
hgt	846	GCF.001611275.1.Bacteria.Desulfobacterota	2027.01	0.0	1013.505	2255.26	1798.76	0.0	0.0	1127.63
los	None	dead	0.0	0.0	0.0	0.0	0.0	0.0	0.0	0.0
hgt	1722	1721	3258.43	3170.865	3214.6475	3379.98	3136.88	3292.74	3048.99	3214.485
spe	1129	1128	3343.055	3162.27	3252.6625	3496.43	3189.68	3356.79	2967.75	3232.09
hgt	275	GCA.001784175.1.Bacteria.Lindowbacteria	2878.805	0.0	1439.4025	3143.08	2614.53	0.0	0.0	1571.54
hgt	892	GCA.001873295.1.Bacteria.CG2.30.70.394	2160.3	0.0	1080.15	2442.6	1878.0	0.0	0.0	1221.3
hgt	1178	1177	1673.74	1440.505	1557.1225	1926.76	1420.72	1704.68	1176.33	1551.545
hgt	188	GCA.001787855.1.Bacteria.Riflebacteria	3280.19	0.0	1640.095	3542.63	3017.75	0.0	0.0	1771.315
hgt	940	GCA.002898195.1.Bacteria.AABM5.125.24	1909.055	0.0	954.5275	2165.97	1652.14	0.0	0.0	1082.985
hgt	1226	GCA.003242195.1.Bacteria.Firmicutes.E	1819.185	0.0	909.5925	2087.96	1550.41	0.0	0.0	1043.98
spe	1178	1177	1673.74	1440.505	1557.1225	1926.76	1420.72	1704.68	1176.33	1551.545
hgt	1015	GCA.002790835.1.Bacteria.Krumholzibacteriota	2074.465	0.0	1037.2325	2357.8	1791.13	0.0	0.0	1178.9
hgt	1087	GCA.001778455.1.Bacteria.Bipolaricaulota	1326.12	0.0	663.06	1606.52	1045.72	0.0	0.0	803.26
dup	1177	GCA.001464275.1.Bacteria.Actinobacteriota	1440.505	0.0	720.2525	1704.68	1176.33	0.0	0.0	852.34
hgt	574	GCF.000374645.1.Bacteria.Proteobacteria	1374.275	0.0	687.1375	1546.58	1201.97	0.0	0.0	773.29
hgt	536	GCF.900111015.1.Bacteria.Proteobacteria	1887.95	0.0	943.975	2062.1	1713.8	0.0	0.0	1031.05
dup	1177	GCA.003138355.1.Bacteria.Actinobacteriota	1440.505	0.0	720.2525	1704.68	1176.33	0.0	0.0	852.34
hgt	265	GCA.003290465.1.Bacteria.Sumerlaeota	1973.575	0.0	986.7875	2327.22	1619.93	0.0	0.0	1163.61
hgt	992	GCF.001886815.1.Bacteria.Calditrichota	1729.195	0.0	864.5975	1962.87	1495.52	0.0	0.0	981.435
spe	1128	1127	3162.27	3047.3	3104.785	3356.79	2967.75	3242.91	2851.69	3104.24
spe	1127	1113	3047.3	2606.93	2827.115	3242.91	2851.69	2864.7	2349.16	2796.035
los	1113	1109	2606.93	2159.355	2383.1425	2864.7	2349.16	2458.0	1860.71	2362.705
spe	1113	1112	2606.93	2167.595	2387.2625	2864.7	2349.16	2500.73	1834.46	2349.58
los	1112	GCA.002352215.1.Bacteria.Armatimonadota	2167.595	0.0	1083.7975	2500.73	1834.46	0.0	0.0	1250.365
hgt	None	dead	0.0	0.0	0.0	0.0	0.0	0.0	0.0	0.0
los	1127	1126	3047.3	2827.62	2937.46	3242.91	2851.69	3062.08	2593.16	2918.035
hgt	1325	1297	2256.125	1985.275	2120.7	2432.87	2079.38	2195.62	1774.93	2103.9
los	None	dead	0.0	0.0	0.0	0.0	0.0	0.0	0.0	0.0
spe	1325	1297	2256.125	1985.275	2120.7	2432.87	2079.38	2195.62	1774.93	2103.9
hgt	886	874	2067.29	1965.97	2016.63	2248.32	1886.26	2151.74	1780.2	2014.26
spe	1297	1296	1985.275	1805.085	1895.18	2195.62	1774.93	2032.76	1577.41	1886.515
hgt	1155	GCF.003443735.1.Bacteria.Actinobacteriota	1195.766	0.0	597.883	1415.51	976.022	0.0	0.0	707.755
hgt	553	GCF.001641825.1.Bacteria.Proteobacteria	1630.725	0.0	815.3625	1789.39	1472.06	0.0	0.0	894.695
los	1296	GCA.001513545.1.Bacteria.Firmicutes.B	1805.085	0.0	902.5425	2032.76	1577.41	0.0	0.0	1016.38
hgt	871	GCA.007244385.1.Bacteria.Desulfobacterota	1532.675	0.0	766.3375	1744.25	1321.1	0.0	0.0	872.125
hgt	746	GCF.900079095.1.Bacteria.Tectomicrobia	2036.715	0.0	1018.3575	2336.38	1737.05	0.0	0.0	1168.19
spe	886	874	2067.29	1965.97	2016.63	2248.32	1886.26	2151.74	1780.2	2014.26
spe	874	868	1965.97	1758.21	1862.09	2151.74	1780.2	1962.57	1553.85	1852.795
los	868	866	1758.21	1421.715	1589.9625	1962.57	1553.85	1644.35	1199.08	1580.825
hgt	741	GCA.001771285.1.Bacteria.Methylomirabilota	2099.065	0.0	1049.5325	2384.47	1813.66	0.0	0.0	1192.235
spe	874	873	1965.97	1792.01	1878.99	2151.74	1780.2	1991.39	1592.63	1872.185
spe	873	871	1792.01	1532.675	1662.3425	1991.39	1592.63	1744.25	1321.1	1656.245
los	871	GCA.007244385.1.Bacteria.Desulfobacterota	1532.675	0.0	766.3375	1744.25	1321.1	0.0	0.0	872.125
hgt	801	GCA.001797815.1.Bacteria.RBG.13.61.14	2073.125	0.0	1036.5625	2289.45	1856.8	0.0	0.0	1144.725
hgt	857	GCA.002010915.1.Bacteria.Desulfobacterota	1980.505	0.0	990.2525	2203.95	1757.06	0.0	0.0	1101.975
hgt	86	GCA.001412335.1.Archaea.Halobacteriota	1547.845	0.0	773.9225	1766.34	1329.35	0.0	0.0	883.17
hgt	849	GCF.000266945.1.Bacteria.Desulfobacterota	1938.415	0.0	969.2075	2174.57	1702.26	0.0	0.0	1087.285
hgt	350	GCA.003509045.1.Bacteria.Planctomycetota	1516.925	0.0	758.4625	1763.53	1270.32	0.0	0.0	881.765
dup	1297	GCA.002329495.1.Bacteria.Firmicutes.B	1985.275	0.0	992.6375	2195.62	1774.93	0.0	0.0	1097.81
hgt	None	dead	0.0	0.0	0.0	0.0	0.0	0.0	0.0	0.0
hgt	None	dead	0.0	0.0	0.0	0.0	0.0	0.0	0.0	0.0
hgt	1341	GCF.001653195.1.Bacteria.Firmicutes	1562.96	0.0	781.48	1772.81	1353.11	0.0	0.0	886.405
los	None	dead	0.0	0.0	0.0	0.0	0.0	0.0	0.0	0.0
hgt	None	dead	0.0	0.0	0.0	0.0	0.0	0.0	0.0	0.0
hgt	821	GCA.002841825.1.Bacteria.Myxococcota	1480.98	0.0	740.49	1673.3	1288.66	0.0	0.0	836.65
los	None	dead	0.0	0.0	0.0	0.0	0.0	0.0	0.0	0.0
hgt	None	dead	0.0	0.0	0.0	0.0	0.0	0.0	0.0	0.0
hgt	None	dead	0.0	0.0	0.0	0.0	0.0	0.0	0.0	0.0
hgt	None	dead	0.0	0.0	0.0	0.0	0.0	0.0	0.0	0.0
hgt	932	GCA.002414805.1.Bacteria.Fibrobacterota	1699.53	0.0	849.765	1968.92	1430.14	0.0	0.0	984.46
los	None	dead	0.0	0.0	0.0	0.0	0.0	0.0	0.0	0.0
hgt	None	dead	0.0	0.0	0.0	0.0	0.0	0.0	0.0	0.0
hgt	None	dead	0.0	0.0	0.0	0.0	0.0	0.0	0.0	0.0
hgt	380	GCF.000758165.1.Bacteria.Spirochaetota	1365.355	0.0	682.6775	1618.24	1112.47	0.0	0.0	809.12
los	None	dead	0.0	0.0	0.0	0.0	0.0	0.0	0.0	0.0
spe	1722	1721	3258.43	3170.865	3214.6475	3379.98	3136.88	3292.74	3048.99	3214.485
spe	1721	1720	3170.865	2606.555	2888.71	3292.74	3048.99	2696.39	2516.72	2904.73
hgt	293	GCA.002429065.1.Bacteria.Verrucomicrobiota	1839.63	0.0	919.815	2093.59	1585.67	0.0	0.0	1046.795
hgt	288	GCA.002323895.1.Bacteria.Verrucomicrobiota	1656.495	0.0	828.2475	1919.97	1393.02	0.0	0.0	959.985
los	1720	GCF.000484535.1.Bacteria.Cyanobacteria	2606.555	0.0	1303.2775	2696.39	2516.72	0.0	0.0	1348.195
spe	1720	1719	2606.555	2498.57	2552.5625	2696.39	2516.72	2595.21	2401.93	2549.16
spe	1719	1718	2498.57	2360.855	2429.7125	2595.21	2401.93	2455.4	2266.31	2430.76
los	1718	1704	2360.855	2247.23	2304.0425	2455.4	2266.31	2338.81	2155.65	2305.525
spe	1718	1717	2360.855	2145.98	2253.4175	2455.4	2266.31	2280.59	2011.37	2233.385
los	1717	1716	2145.98	1755.0	1950.49	2280.59	2011.37	1914.22	1595.78	1938.185
spe	1721	1667	3170.865	2879.985	3025.425	3292.74	3048.99	3035.21	2724.76	3008.75
hgt	967	966	1840.425	1461.28	1650.8525	2031.87	1648.98	1661.11	1261.45	1646.66
hgt	1026	GCA.002084765.1.Bacteria.4572.55	2285.975	0.0	1142.9875	2553.74	2018.21	0.0	0.0	1276.87
hgt	220	GCA.001805375.1.Bacteria.Omnitrophota	1323.035	0.0	661.5175	1523.73	1122.34	0.0	0.0	761.865
los	1667	GCA.003503675.1.Bacteria.Cyanobacteria	2879.985	0.0	1439.9925	3035.21	2724.76	0.0	0.0	1517.605
spe	967	966	1840.425	1461.28	1650.8525	2031.87	1648.98	1661.11	1261.45	1646.66
spe	966	965	1461.28	1235.75	1348.515	1661.11	1261.45	1425.34	1046.16	1353.635
los	965	964	1235.75	1085.5365	1160.64325	1425.34	1046.16	1271.22	899.853	1162.5965
spe	965	955	1235.75	1094.6025	1165.17625	1425.34	1046.16	1285.5	903.705	1164.5225
los	955	GCA.001769655.1.Bacteria.Bacteroidota	1094.6025	0.0	547.30125	1285.5	903.705	0.0	0.0	642.75
hgt	305	303	1638.845	1573.395	1606.12	1873.03	1404.66	1810.45	1336.34	1604.685
hgt	778	GCA.002715375.1.Bacteria.Bdellovibrionota	1621.195	0.0	810.5975	1851.21	1391.18	0.0	0.0	925.605
hgt	320	GCA.002746535.1.Bacteria.Planctomycetota	2256.89	0.0	1128.445	2514.01	1999.77	0.0	0.0	1257.005
hgt	403	GCF.900177345.1.Bacteria.Proteobacteria	2523.57	0.0	1261.785	2749.35	2297.79	0.0	0.0	1374.675
spe	305	303	1638.845	1573.395	1606.12	1873.03	1404.66	1810.45	1336.34	1604.685
hgt	588	587	1783.48	1406.63	1595.055	1926.18	1640.78	1560.81	1252.45	1589.315
spe	303	302	1573.395	1395.265	1484.33	1810.45	1336.34	1631.99	1158.54	1484.495
los	302	GCA.002340265.1.Bacteria.Verrucomicrobiota	1395.265	0.0	697.6325	1631.99	1158.54	0.0	0.0	815.995
spe	588	587	1783.48	1406.63	1595.055	1926.18	1640.78	1560.81	1252.45	1589.315
spe	587	581	1406.63	1247.6	1327.115	1560.81	1252.45	1410.64	1084.56	1322.685
los	581	GCA.002868855.1.Bacteria.Proteobacteria	1247.6	0.0	623.8	1410.64	1084.56	0.0	0.0	705.32
spe	581	579	1247.6	971.347	1109.4735	1410.64	1084.56	1155.18	787.514	1099.077
spe	587	586	1406.63	1290.345	1348.4875	1560.81	1252.45	1452.62	1128.07	1344.44
los	586	GCA.003228965.1.Bacteria.Proteobacteria	1290.345	0.0	645.1725	1452.62	1128.07	0.0	0.0	726.31
spe	586	585	1290.345	1098.223	1194.284	1452.62	1128.07	1267.88	928.566	1190.593
dup	None	dead	0.0	0.0	0.0	0.0	0.0	0.0	0.0	0.0
hgt	846	GCA.002327765.1.Bacteria.Desulfobacterota.E	2027.01	0.0	1013.505	2255.26	1798.76	0.0	0.0	1127.63
los	None	dead	0.0	0.0	0.0	0.0	0.0	0.0	0.0	0.0
dup	None	dead	0.0	0.0	0.0	0.0	0.0	0.0	0.0	0.0
hgt	374	GCF.000266885.1.Bacteria.Spirochaetota	1675.86	0.0	837.93	1962.59	1389.13	0.0	0.0	981.295
los	None	dead	0.0	0.0	0.0	0.0	0.0	0.0	0.0	0.0
hgt	386	GCA.002450905.1.Bacteria.Spirochaetota	2009.02	0.0	1004.51	2288.32	1729.72	0.0	0.0	1144.16
los	None	dead	0.0	0.0	0.0	0.0	0.0	0.0	0.0	0.0
hgt	353	347	2183.07	2010.41	2096.74	2393.32	1972.82	2237.44	1783.38	2088.35
los	None	dead	0.0	0.0	0.0	0.0	0.0	0.0	0.0	0.0
spe	353	347	2183.07	2010.41	2096.74	2393.32	1972.82	2237.44	1783.38	2088.35
hgt	334	332	1433.42	1016.322	1224.871	1653.95	1212.89	1225.76	806.884	1230.417
hgt	321	GCA.003136555.1.Bacteria.Planctomycetota	2458.77	0.0	1229.385	2694.85	2222.69	0.0	0.0	1347.425
spe	334	332	1433.42	1016.322	1224.871	1653.95	1212.89	1225.76	806.884	1230.417
hgt	None	dead	0.0	0.0	0.0	0.0	0.0	0.0	0.0	0.0
hgt	326	GCF.900129635.1.Bacteria.Planctomycetota	1215.9915	0.0	607.99575	1444.02	987.963	0.0	0.0	722.01
los	None	dead	0.0	0.0	0.0	0.0	0.0	0.0	0.0	0.0
hgt	328	GCF.002277955.1.Bacteria.Planctomycetota	1842.83	0.0	921.415	2064.83	1620.83	0.0	0.0	1032.415
spe	347	345	2010.41	1703.735	1857.0725	2237.44	1783.38	1950.33	1457.14	1847.29
hgt	1051	GCA.002501535.1.Bacteria.UBP7	2620.84	0.0	1310.42	3073.34	2168.34	0.0	0.0	1536.67
dup	None	dead	0.0	0.0	0.0	0.0	0.0	0.0	0.0	0.0
dup	None	dead	0.0	0.0	0.0	0.0	0.0	0.0	0.0	0.0
hgt	702	GCA.003152095.1.Bacteria.Acidobacteriota	1354.27	0.0	677.135	1586.23	1122.31	0.0	0.0	793.115
los	None	dead	0.0	0.0	0.0	0.0	0.0	0.0	0.0	0.0
dup	None	dead	0.0	0.0	0.0	0.0	0.0	0.0	0.0	0.0
hgt	282	GCF.900105685.1.Bacteria.Verrucomicrobiota	1374.795	0.0	687.3975	1628.61	1120.98	0.0	0.0	814.305
los	None	dead	0.0	0.0	0.0	0.0	0.0	0.0	0.0	0.0
hgt	288	GCA.002382525.1.Bacteria.Verrucomicrobiota	1656.495	0.0	828.2475	1919.97	1393.02	0.0	0.0	959.985
los	None	dead	0.0	0.0	0.0	0.0	0.0	0.0	0.0	0.0
hgt	714	713	2462.345	2300.685	2381.515	2655.37	2269.32	2489.46	2111.91	2383.64
los	None	dead	0.0	0.0	0.0	0.0	0.0	0.0	0.0	0.0
spe	714	713	2462.345	2300.685	2381.515	2655.37	2269.32	2489.46	2111.91	2383.64
spe	713	712	2300.685	2094.82	2197.7525	2489.46	2111.91	2296.42	1893.22	2191.34
hgt	1119	GCA.002779825.1.Bacteria.Armatimonadota	2017.9	0.0	1008.95	2337.68	1698.12	0.0	0.0	1168.84
hgt	1015	GCA.002790835.1.Bacteria.Krumholzibacteriota	2074.465	0.0	1037.2325	2357.8	1791.13	0.0	0.0	1178.9
hgt	None	dead	0.0	0.0	0.0	0.0	0.0	0.0	0.0	0.0
los	712	706	2094.82	1817.88	1956.35	2296.42	1893.22	2043.39	1592.37	1944.395
hgt	305	GCA.001803235.1.Bacteria.Verrucomicrobiota	1638.845	0.0	819.4225	1873.03	1404.66	0.0	0.0	936.515
los	None	dead	0.0	0.0	0.0	0.0	0.0	0.0	0.0	0.0
spe	712	711	2094.82	1902.735	1998.7775	2296.42	1893.22	2119.38	1686.09	1991.255
spe	711	709	1902.735	1593.285	1748.01	2119.38	1686.09	1842.94	1343.63	1731.505
los	709	GCA.003223145.1.Bacteria.Acidobacteriota	1593.285	0.0	796.6425	1842.94	1343.63	0.0	0.0	921.47
hgt	270	GCA.002746185.1.Bacteria.Hydrogenedentota	2795.225	0.0	1397.6125	3076.17	2514.28	0.0	0.0	1538.085
hgt	362	342	2473.985	2271.435	2372.71	2673.81	2274.16	2476.91	2065.96	2369.885
spe	713	699	2300.685	2165.445	2233.065	2489.46	2111.91	2355.9	1974.99	2232.225
spe	699	681	2165.445	1934.475	2049.96	2355.9	1974.99	2141.55	1727.4	2041.65
los	681	GCA.002712885.1.Bacteria.Acidobacteriota	1934.475	0.0	967.2375	2141.55	1727.4	0.0	0.0	1070.775
spe	681	680	1934.475	1748.645	1841.56	2141.55	1727.4	1979.3	1517.99	1829.77
los	680	GCA.003155335.1.Bacteria.Acidobacteriota	1748.645	0.0	874.3225	1979.3	1517.99	0.0	0.0	989.65
spe	699	698	2165.445	1924.625	2045.035	2355.9	1974.99	2118.09	1731.16	2043.53
spe	698	686	1924.625	1699.78	1812.2025	2118.09	1731.16	1911.59	1487.97	1803.03
spe	686	684	1699.78	1325.86	1512.82	1911.59	1487.97	1548.2	1103.52	1507.555
spe	698	697	1924.625	1651.7	1788.1625	2118.09	1731.16	1852.38	1451.02	1784.555
spe	697	696	1651.7	1431.15	1541.425	1852.38	1451.02	1624.46	1237.84	1545.11
hgt	692	GCA.003152325.1.Bacteria.Acidobacteriota	1141.9465	0.0	570.97325	1341.08	942.813	0.0	0.0	670.54
los	696	GCA.003224665.1.Bacteria.Acidobacteriota	1431.15	0.0	715.575	1624.46	1237.84	0.0	0.0	812.23
spe	696	695	1431.15	1321.86	1376.505	1624.46	1237.84	1513.66	1130.06	1377.26
hgt	696	GCA.003224665.1.Bacteria.Acidobacteriota	1431.15	0.0	715.575	1624.46	1237.84	0.0	0.0	812.23
spe	695	694	1321.86	1248.195	1285.0275	1513.66	1130.06	1437.94	1058.45	1286.055
spe	694	692	1248.195	1141.9465	1195.07075	1437.94	1058.45	1341.08	942.813	1190.3765
los	692	GCA.003152325.1.Bacteria.Acidobacteriota	1141.9465	0.0	570.97325	1341.08	942.813	0.0	0.0	670.54
dup	694	GCA.001767075.1.Bacteria.Acidobacteriota	1248.195	0.0	624.0975	1437.94	1058.45	0.0	0.0	718.97
hgt	None	dead	0.0	0.0	0.0	0.0	0.0	0.0	0.0	0.0
hgt	834	GCA.001798605.1.Bacteria.Myxococcota	1863.715	0.0	931.8575	2045.73	1681.7	0.0	0.0	1022.865
los	None	dead	0.0	0.0	0.0	0.0	0.0	0.0	0.0	0.0
spe	362	342	2473.985	2271.435	2372.71	2673.81	2274.16	2476.91	2065.96	2369.885
spe	342	328	2271.435	1842.83	2057.1325	2476.91	2065.96	2064.83	1620.83	2048.87
los	328	GCF.002277955.1.Bacteria.Planctomycetota	1842.83	0.0	921.415	2064.83	1620.83	0.0	0.0	1032.415
spe	328	327	1842.83	1542.255	1692.5425	2064.83	1620.83	1770.06	1314.45	1689.64
spe	327	326	1542.255	1215.9915	1379.12325	1770.06	1314.45	1444.02	987.963	1379.0115
spe	342	341	2271.435	2005.01	2138.2225	2476.91	2065.96	2220.55	1789.47	2133.19
los	341	GCA.003170085.1.Bacteria.Planctomycetota	2005.01	0.0	1002.505	2220.55	1789.47	0.0	0.0	1110.275
spe	341	340	2005.01	1641.945	1823.4775	2220.55	1789.47	1853.74	1430.15	1825.35
spe	340	339	1641.945	1498.51	1570.2275	1853.74	1430.15	1713.12	1283.9	1568.82
los	339	337	1498.51	1327.975	1413.2425	1713.12	1283.9	1544.74	1111.21	1412.165
spe	340	334	1641.945	1433.42	1537.6825	1853.74	1430.15	1653.95	1212.89	1533.315
hgt	807	GCA.002841945.1.Bacteria.Myxococcota	1533.145	0.0	766.5725	1724.66	1341.63	0.0	0.0	862.33
los	334	332	1433.42	1016.322	1224.871	1653.95	1212.89	1225.76	806.884	1230.417
hgt	None	dead	0.0	0.0	0.0	0.0	0.0	0.0	0.0	0.0
dup	None	dead	0.0	0.0	0.0	0.0	0.0	0.0	0.0	0.0
hgt	669	GCA.002335385.1.Bacteria.Acidobacteriota	1836.34	0.0	918.17	2118.45	1554.23	0.0	0.0	1059.225
los	None	dead	0.0	0.0	0.0	0.0	0.0	0.0	0.0	0.0
hgt	709	GCA.003223145.1.Bacteria.Acidobacteriota	1593.285	0.0	796.6425	1842.94	1343.63	0.0	0.0	921.47
los	None	dead	0.0	0.0	0.0	0.0	0.0	0.0	0.0	0.0
hgt	None	dead	0.0	0.0	0.0	0.0	0.0	0.0	0.0	0.0
hgt	1032	GCA.002727195.1.Bacteria.Latescibacterota	1723.11	0.0	861.555	1986.49	1459.73	0.0	0.0	993.245
los	None	dead	0.0	0.0	0.0	0.0	0.0	0.0	0.0	0.0
hgt	360	359	2098.525	1876.535	1987.53	2317.15	1879.9	2114.78	1638.29	1977.72
hgt	751	GCA.002500605.1.Bacteria.Nitrospinota	1941.285	0.0	970.6425	2197.64	1684.93	0.0	0.0	1098.82
hgt	935	GCA.001789205.1.Bacteria.Fibrobacterota	2109.88	0.0	1054.94	2366.86	1852.9	0.0	0.0	1183.43
hgt	293	GCA.003246265.1.Bacteria.Verrucomicrobiota	1839.63	0.0	919.815	2093.59	1585.67	0.0	0.0	1046.795
hgt	229	GCA.002791075.1.Bacteria.Ratteibacteria	2544.195	0.0	1272.0975	2758.56	2329.83	0.0	0.0	1379.28
spe	360	359	2098.525	1876.535	1987.53	2317.15	1879.9	2114.78	1638.29	1977.72
hgt	220	GCA.003451585.1.Bacteria.Omnitrophota	1323.035	0.0	661.5175	1523.73	1122.34	0.0	0.0	761.865
dup	None	dead	0.0	0.0	0.0	0.0	0.0	0.0	0.0	0.0
hgt	1337	GCF.001399675.1.Bacteria.Firmicutes	1358.655	0.0	679.3275	1579.49	1137.82	0.0	0.0	789.745
los	None	dead	0.0	0.0	0.0	0.0	0.0	0.0	0.0	0.0
dup	None	dead	0.0	0.0	0.0	0.0	0.0	0.0	0.0	0.0
hgt	670	GCA.002898535.1.Bacteria.Acidobacteriota	2401.115	0.0	1200.5575	2634.12	2168.11	0.0	0.0	1317.06
los	None	dead	0.0	0.0	0.0	0.0	0.0	0.0	0.0	0.0
hgt	159	GCA.002049455.2.Eukaryota.Rhodophyta	1092.41	0.0	546.205	1134.25	1050.57	0.0	0.0	567.125
los	None	dead	0.0	0.0	0.0	0.0	0.0	0.0	0.0	0.0
spe	1393	1392	3594.23	3486.295	3540.2625	3723.96	3464.5	3621.84	3350.75	3537.355
hgt	1642	1478	3541.065	3264.47	3402.7675	3668.81	3413.32	3427.31	3101.63	3385.22
hgt	None	dead	0.0	0.0	0.0	0.0	0.0	0.0	0.0	0.0
hgt	1022	1021	2605.7	2221.035	2413.3675	2814.49	2396.91	2475.21	1966.86	2390.675
los	None	dead	0.0	0.0	0.0	0.0	0.0	0.0	0.0	0.0
spe	1022	1021	2605.7	2221.035	2413.3675	2814.49	2396.91	2475.21	1966.86	2390.675
hgt	1184	1180	2619.05	2187.185	2403.1175	2826.1	2412.0	2433.9	1940.47	2383.285
hgt	797	796	1933.19	1757.055	1845.1225	2131.05	1735.33	1958.83	1555.28	1843.165
hgt	1462	1461	2298.115	1906.91	2102.5125	2545.29	2050.94	2201.28	1612.54	2078.915
hgt	1041	GCA.002686955.1.Bacteria.Gemmatimonadota.A	2693.13	0.0	1346.565	2889.17	2497.09	0.0	0.0	1444.585
hgt	924	GCA.002348465.1.Bacteria.Gemmatimonadota	1862.1	0.0	931.05	2200.32	1523.88	0.0	0.0	1100.16
hgt	None	dead	0.0	0.0	0.0	0.0	0.0	0.0	0.0	0.0
hgt	706	GCA.002327305.1.Bacteria.Acidobacteriota	1817.88	0.0	908.94	2043.39	1592.37	0.0	0.0	1021.695
los	None	dead	0.0	0.0	0.0	0.0	0.0	0.0	0.0	0.0
spe	1462	1461	2298.115	1906.91	2102.5125	2545.29	2050.94	2201.28	1612.54	2078.915
hgt	1457	GCA.002404055.1.Bacteria.Chloroflexota	1966.385	0.0	983.1925	2253.77	1679.0	0.0	0.0	1126.885
hgt	1667	GCA.003503675.1.Bacteria.Cyanobacteria	2879.985	0.0	1439.9925	3035.21	2724.76	0.0	0.0	1517.605
spe	797	796	1933.19	1757.055	1845.1225	2131.05	1735.33	1958.83	1555.28	1843.165
spe	796	795	1757.055	1569.94	1663.4975	1958.83	1555.28	1775.68	1364.2	1661.515
los	795	791	1569.94	1320.57	1445.255	1775.68	1364.2	1532.25	1108.89	1442.285
spe	795	794	1569.94	1455.87	1512.905	1775.68	1364.2	1673.56	1238.18	1506.93
los	794	GCA.001798565.1.Bacteria.Desulfobacterota.B	1455.87	0.0	727.935	1673.56	1238.18	0.0	0.0	836.78
spe	1184	1180	2619.05	2187.185	2403.1175	2826.1	2412.0	2433.9	1940.47	2383.285
spe	1180	1179	2187.185	1862.535	2024.86	2433.9	1940.47	2110.2	1614.87	2024.385
spe	1179	1178	1862.535	1673.74	1768.1375	2110.2	1614.87	1926.76	1420.72	1765.46
los	1178	1177	1673.74	1440.505	1557.1225	1926.76	1420.72	1704.68	1176.33	1551.545
spe	1179	1173	1862.535	1615.325	1738.93	2110.2	1614.87	1879.87	1350.78	1730.49
los	1173	GCA.002897715.1.Bacteria.Actinobacteriota	1615.325	0.0	807.6625	1879.87	1350.78	0.0	0.0	939.935
spe	1021	1020	2221.035	1634.295	1927.665	2475.21	1966.86	1925.35	1343.24	1909.225
hgt	284	GCA.003164675.1.Bacteria.Verrucomicrobiota	1761.175	0.0	880.5875	2009.73	1512.62	0.0	0.0	1004.865
los	1020	GCA.003235575.1.Bacteria.Eisenbacteria	1634.295	0.0	817.1475	1925.35	1343.24	0.0	0.0	962.675
hgt	769	GCA.001798135.1.Bacteria.UBA10199	1907.64	0.0	953.82	2101.44	1713.84	0.0	0.0	1050.72
hgt	1119	GCF.002973605.1.Bacteria.Armatimonadota	2017.9	0.0	1008.95	2337.68	1698.12	0.0	0.0	1168.84
hgt	None	dead	0.0	0.0	0.0	0.0	0.0	0.0	0.0	0.0
hgt	None	dead	0.0	0.0	0.0	0.0	0.0	0.0	0.0	0.0
hgt	241	GCA.002841695.1.Bacteria.Elusimicrobiota	1559.885	0.0	779.9425	1765.89	1353.88	0.0	0.0	882.945
los	None	dead	0.0	0.0	0.0	0.0	0.0	0.0	0.0	0.0
hgt	None	dead	0.0	0.0	0.0	0.0	0.0	0.0	0.0	0.0
dup	None	dead	0.0	0.0	0.0	0.0	0.0	0.0	0.0	0.0
hgt	1004	GCA.001775395.1.Bacteria.Zixibacteria	1511.205	0.0	755.6025	1770.4	1252.01	0.0	0.0	885.2
los	None	dead	0.0	0.0	0.0	0.0	0.0	0.0	0.0	0.0
hgt	816	GCA.002724675.1.Bacteria.Myxococcota.A	1355.92	0.0	677.96	1564.17	1147.67	0.0	0.0	782.085
los	None	dead	0.0	0.0	0.0	0.0	0.0	0.0	0.0	0.0
hgt	None	dead	0.0	0.0	0.0	0.0	0.0	0.0	0.0	0.0
hgt	1478	1477	3264.47	3024.12	3144.295	3427.31	3101.63	3199.0	2849.24	3138.275
hgt	None	dead	0.0	0.0	0.0	0.0	0.0	0.0	0.0	0.0
hgt	1462	GCA.002436065.1.Bacteria.Chloroflexota	2298.115	0.0	1149.0575	2545.29	2050.94	0.0	0.0	1272.645
los	None	dead	0.0	0.0	0.0	0.0	0.0	0.0	0.0	0.0
hgt	None	dead	0.0	0.0	0.0	0.0	0.0	0.0	0.0	0.0
hgt	899	898	3077.265	3008.34	3042.8025	3217.17	2937.36	3157.32	2859.36	3038.265
los	None	dead	0.0	0.0	0.0	0.0	0.0	0.0	0.0	0.0
spe	899	898	3077.265	3008.34	3042.8025	3217.17	2937.36	3157.32	2859.36	3038.265
spe	898	897	3008.34	2922.2	2965.27	3157.32	2859.36	3075.7	2768.7	2963.01
los	897	889	2922.2	2701.575	2811.8875	3075.7	2768.7	2862.5	2540.65	2808.175
spe	897	896	2922.2	2689.39	2805.795	3075.7	2768.7	2894.07	2484.71	2780.205
los	896	892	2689.39	2160.3	2424.845	2894.07	2484.71	2442.6	1878.0	2386.035
spe	896	895	2689.39	2233.715	2461.5525	2894.07	2484.71	2507.56	1959.87	2426.97
hgt	746	GCA.002238965.1.Bacteria.UBA8248	2036.715	0.0	1018.3575	2336.38	1737.05	0.0	0.0	1168.19
hgt	738	728	2387.34	2047.46	2217.4	2598.05	2176.63	2283.88	1811.04	2204.545
hgt	849	GCF.000266945.1.Bacteria.Desulfobacterota	1938.415	0.0	969.2075	2174.57	1702.26	0.0	0.0	1087.285
hgt	862	861	1779.145	1645.455	1712.3	1993.79	1564.5	1870.52	1420.39	1707.09
hgt	853	GCA.001797415.1.Bacteria.Desulfobacterota	2065.005	0.0	1032.5025	2302.51	1827.5	0.0	0.0	1151.255
hgt	857	GCA.001830835.1.Bacteria.Desulfobacterota	1980.505	0.0	990.2525	2203.95	1757.06	0.0	0.0	1101.975
hgt	727	GCA.001803815.1.Bacteria.Nitrospirota	1801.01	0.0	900.505	2055.82	1546.2	0.0	0.0	1027.91
spe	862	861	1779.145	1645.455	1712.3	1993.79	1564.5	1870.52	1420.39	1707.09
hgt	397	GCF.000526155.1.Bacteria.Desulfobacterota	3012.355	0.0	1506.1775	3169.34	2855.37	0.0	0.0	1584.67
spe	738	728	2387.34	2047.46	2217.4	2598.05	2176.63	2283.88	1811.04	2204.545
spe	728	727	2047.46	1801.01	1924.235	2283.88	1811.04	2055.82	1546.2	1915.04
los	727	GCA.001803815.1.Bacteria.Nitrospirota	1801.01	0.0	900.505	2055.82	1546.2	0.0	0.0	1027.91
spe	728	724	2047.46	1631.91	1839.685	2283.88	1811.04	1903.61	1360.21	1822.045
hgt	746	GCF.900079095.1.Bacteria.Tectomicrobia	2036.715	0.0	1018.3575	2336.38	1737.05	0.0	0.0	1168.19
hgt	804	GCA.003247575.1.Bacteria.Myxococcota.A	2020.19	0.0	1010.095	2257.86	1782.52	0.0	0.0	1128.93
hgt	267	GCA.002428325.1.Bacteria.UBP4	2781.505	0.0	1390.7525	3054.3	2508.71	0.0	0.0	1527.15
spe	898	756	3008.34	2635.78	2822.06	3157.32	2859.36	2841.14	2430.42	2793.87
spe	756	754	2635.78	2364.085	2499.9325	2841.14	2430.42	2588.61	2139.56	2490.35
los	754	746	2364.085	2036.715	2200.4	2588.61	2139.56	2336.38	1737.05	2162.83
spe	754	753	2364.085	2099.055	2231.57	2588.61	2139.56	2342.98	1855.13	2221.87
los	753	751	2099.055	1941.285	2020.17	2342.98	1855.13	2197.64	1684.93	2013.955
hgt	849	GCA.001896555.1.Bacteria.Desulfobacterota	1938.415	0.0	969.2075	2174.57	1702.26	0.0	0.0	1087.285
hgt	None	dead	0.0	0.0	0.0	0.0	0.0	0.0	0.0	0.0
dup	None	dead	0.0	0.0	0.0	0.0	0.0	0.0	0.0	0.0
hgt	732	GCA.002011735.1.Bacteria.Nitrospirota	1418.365	0.0	709.1825	1679.42	1157.31	0.0	0.0	839.71
los	None	dead	0.0	0.0	0.0	0.0	0.0	0.0	0.0	0.0
hgt	390	GCA.002780065.1.Bacteria.UBA8481	3128.085	0.0	1564.0425	3305.45	2950.72	0.0	0.0	1652.725
los	None	dead	0.0	0.0	0.0	0.0	0.0	0.0	0.0	0.0
hgt	None	dead	0.0	0.0	0.0	0.0	0.0	0.0	0.0	0.0
spe	1392	1188	3486.295	3139.205	3312.75	3621.84	3350.75	3310.24	2968.17	3295.005
spe	1188	1187	3139.205	3067.16	3103.1825	3310.24	2968.17	3235.87	2898.45	3104.345
spe	1187	1133	3067.16	2467.96	2767.56	3235.87	2898.45	2738.86	2197.06	2716.465
hgt	668	GCA.002010665.1.Bacteria.Acidobacteriota	1575.265	0.0	787.6325	1852.06	1298.47	0.0	0.0	926.03
los	1133	GCA.001871795.1.Bacteria.Actinobacteriota	2467.96	0.0	1233.98	2738.86	2197.06	0.0	0.0	1369.43
hgt	None	dead	0.0	0.0	0.0	0.0	0.0	0.0	0.0	0.0
los	1187	1186	3067.16	2936.225	3001.6925	3235.87	2898.45	3121.91	2750.54	2993.205
hgt	223	222	1939.68	1655.985	1797.8325	2143.27	1736.09	1853.57	1458.4	1800.835
los	None	dead	0.0	0.0	0.0	0.0	0.0	0.0	0.0	0.0
spe	223	222	1939.68	1655.985	1797.8325	2143.27	1736.09	1853.57	1458.4	1800.835
spe	222	216	1655.985	1473.715	1564.85	1853.57	1458.4	1688.37	1259.06	1556.315
los	216	GCA.003154195.1.Bacteria.Omnitrophota	1473.715	0.0	736.8575	1688.37	1259.06	0.0	0.0	844.185
spe	222	221	1655.985	1557.945	1606.965	1853.57	1458.4	1757.54	1358.35	1605.96
los	221	220	1557.945	1323.035	1440.49	1757.54	1358.35	1523.73	1122.34	1439.94
dup	None	dead	0.0	0.0	0.0	0.0	0.0	0.0	0.0	0.0
hgt	376	GCA.002418835.1.Bacteria.Spirochaetota	2164.345	0.0	1082.1725	2427.34	1901.35	0.0	0.0	1213.67
los	None	dead	0.0	0.0	0.0	0.0	0.0	0.0	0.0	0.0
dup	None	dead	0.0	0.0	0.0	0.0	0.0	0.0	0.0	0.0
hgt	198	GCA.001871015.1.Bacteria.Desantisbacteria	2444.64	0.0	1222.32	2741.2	2148.08	0.0	0.0	1370.6
los	None	dead	0.0	0.0	0.0	0.0	0.0	0.0	0.0	0.0
hgt	236	GCA.002412545.1.Bacteria.Elusimicrobiota	1769.81	0.0	884.905	1996.52	1543.1	0.0	0.0	998.26
los	None	dead	0.0	0.0	0.0	0.0	0.0	0.0	0.0	0.0
hgt	None	dead	0.0	0.0	0.0	0.0	0.0	0.0	0.0	0.0
hgt	1183	GCA.002347365.1.Bacteria.Actinobacteriota	2026.845	0.0	1013.4225	2306.44	1747.25	0.0	0.0	1153.22
los	None	dead	0.0	0.0	0.0	0.0	0.0	0.0	0.0	0.0
hgt	None	dead	0.0	0.0	0.0	0.0	0.0	0.0	0.0	0.0
hgt	1440	1439	1813.195	1555.635	1684.415	2028.77	1597.62	1768.59	1342.68	1685.725
los	None	dead	0.0	0.0	0.0	0.0	0.0	0.0	0.0	0.0
spe	1440	1439	1813.195	1555.635	1684.415	2028.77	1597.62	1768.59	1342.68	1685.725
spe	1439	1438	1555.635	1347.94	1451.7875	1768.59	1342.68	1557.13	1138.75	1453.67
los	1438	GCA.002841995.1.Bacteria.Chloroflexota	1347.94	0.0	673.97	1557.13	1138.75	0.0	0.0	778.565
spe	1438	1437	1347.94	1218.17	1283.055	1557.13	1138.75	1425.69	1010.65	1283.89
spe	1478	1477	3264.47	3024.12	3144.295	3427.31	3101.63	3199.0	2849.24	3138.275
spe	1477	1431	3024.12	2678.945	2851.5325	3199.0	2849.24	2899.32	2458.57	2828.785
spe	1431	1427	2678.945	2442.77	2560.8575	2899.32	2458.57	2663.44	2222.1	2560.71
spe	1427	1413	2442.77	2151.5	2297.135	2663.44	2222.1	2387.23	1915.77	2289.605
spe	1413	1399	2151.5	1824.235	1987.8675	2387.23	1915.77	2117.89	1530.58	1958.905
hgt	1438	GCA.002841995.1.Bacteria.Chloroflexota	1347.94	0.0	673.97	1557.13	1138.75	0.0	0.0	778.565
hgt	1411	GCA.002450515.1.Bacteria.Chloroflexota	1632.645	0.0	816.3225	1874.09	1391.2	0.0	0.0	937.045
hgt	1402	GCA.002721445.1.Bacteria.Chloroflexota	1732.845	0.0	866.4225	1968.92	1496.77	0.0	0.0	984.46
spe	1413	1412	2151.5	1912.54	2032.02	2387.23	1915.77	2139.54	1685.54	2036.385
spe	1412	1411	1912.54	1632.645	1772.5925	2139.54	1685.54	1874.09	1391.2	1765.37
los	1411	GCA.002450515.1.Bacteria.Chloroflexota	1632.645	0.0	816.3225	1874.09	1391.2	0.0	0.0	937.045
spe	1412	1408	1912.54	1849.35	1880.945	2139.54	1685.54	2074.55	1624.15	1881.845
los	1408	1407	1849.35	1756.215	1802.7825	2074.55	1624.15	1988.03	1524.4	1799.475
spe	1408	1402	1849.35	1732.845	1791.0975	2074.55	1624.15	1968.92	1496.77	1785.66
los	1402	GCA.002721445.1.Bacteria.Chloroflexota	1732.845	0.0	866.4225	1968.92	1496.77	0.0	0.0	984.46
hgt	None	dead	0.0	0.0	0.0	0.0	0.0	0.0	0.0	0.0
los	1427	1426	2442.77	2247.125	2344.9475	2663.44	2222.1	2482.54	2011.71	2337.575
hgt	1408	1407	1849.35	1756.215	1802.7825	2074.55	1624.15	1988.03	1524.4	1799.475
los	None	dead	0.0	0.0	0.0	0.0	0.0	0.0	0.0	0.0
spe	1408	1407	1849.35	1756.215	1802.7825	2074.55	1624.15	1988.03	1524.4	1799.475
spe	1407	1406	1756.215	1650.16	1703.1875	1988.03	1524.4	1881.35	1418.97	1703.5
los	1406	GCA.002717925.1.Bacteria.Chloroflexota	1650.16	0.0	825.08	1881.35	1418.97	0.0	0.0	940.675
hgt	1426	1425	2247.125	2026.57	2136.8475	2482.54	2011.71	2261.53	1791.61	2137.075
spe	1431	1430	2678.945	2204.905	2441.925	2899.32	2458.57	2528.66	1881.15	2390.235
spe	1426	1425	2247.125	2026.57	2136.8475	2482.54	2011.71	2261.53	1791.61	2137.075
spe	1425	1424	2026.57	1882.275	1954.4225	2261.53	1791.61	2112.69	1651.86	1956.695
spe	1424	1422	1882.275	1743.865	1813.07	2112.69	1651.86	1974.76	1512.97	1812.83
los	1422	GCA.003484395.1.Bacteria.Chloroflexota	1743.865	0.0	871.9325	1974.76	1512.97	0.0	0.0	987.38
spe	1422	1421	1743.865	1703.17	1723.5175	1974.76	1512.97	1936.17	1470.17	1722.465
los	1421	GCA.002347295.1.Bacteria.Chloroflexota	1703.17	0.0	851.585	1936.17	1470.17	0.0	0.0	968.085
spe	1421	1419	1703.17	1560.275	1631.7225	1936.17	1470.17	1794.98	1325.57	1630.87
los	1419	GCA.002352365.1.Bacteria.Chloroflexota	1560.275	0.0	780.1375	1794.98	1325.57	0.0	0.0	897.49
dup	1425	GCA.003229915.1.Bacteria.Chloroflexota	2026.57	0.0	1013.285	2261.53	1791.61	0.0	0.0	1130.765
spe	1477	1476	3024.12	2783.015	2903.5675	3199.0	2849.24	2979.26	2586.77	2892.885
spe	1476	1454	2783.015	2214.935	2498.975	2979.26	2586.77	2430.94	1998.93	2489.095
hgt	1469	GCA.001898225.1.Bacteria.Chloroflexota	1964.555	0.0	982.2775	2217.5	1711.61	0.0	0.0	1108.75
spe	1454	1446	2214.935	1960.08	2087.5075	2430.94	1998.93	2176.15	1744.01	2087.475
spe	1446	1440	1960.08	1813.195	1886.6375	2176.15	1744.01	2028.77	1597.62	1886.885
los	1440	1439	1813.195	1555.635	1684.415	2028.77	1597.62	1768.59	1342.68	1685.725
spe	1446	1445	1960.08	1742.485	1851.2825	2176.15	1744.01	1965.0	1519.97	1848.06
los	1445	1444	1742.485	1539.09	1640.7875	1965.0	1519.97	1770.71	1307.47	1636.235
dup	1469	GCA.001898225.1.Bacteria.Chloroflexota	1964.555	0.0	982.2775	2217.5	1711.61	0.0	0.0	1108.75
spe	1454	1453	2214.935	2115.485	2165.21	2430.94	1998.93	2342.31	1888.66	2159.8
los	1453	1452	2115.485	1623.74	1869.6125	2342.31	1888.66	1926.13	1321.35	1831.83
spe	1453	1449	2115.485	1891.395	2003.44	2342.31	1888.66	2134.97	1647.82	1995.065
hgt	None	dead	0.0	0.0	0.0	0.0	0.0	0.0	0.0	0.0
hgt	1453	1452	2115.485	1623.74	1869.6125	2342.31	1888.66	1926.13	1321.35	1831.83
los	None	dead	0.0	0.0	0.0	0.0	0.0	0.0	0.0	0.0
spe	1453	1452	2115.485	1623.74	1869.6125	2342.31	1888.66	1926.13	1321.35	1831.83
hgt	None	dead	0.0	0.0	0.0	0.0	0.0	0.0	0.0	0.0
hgt	1228	GCA.003023725.1.Bacteria.Firmicutes.E	2207.365	0.0	1103.6825	2441.9	1972.83	0.0	0.0	1220.95
los	None	dead	0.0	0.0	0.0	0.0	0.0	0.0	0.0	0.0
spe	1476	1475	2783.015	2647.025	2715.02	2979.26	2586.77	2858.49	2435.56	2707.41
spe	1475	1474	2647.025	2497.34	2572.1825	2858.49	2435.56	2721.69	2272.99	2565.74
los	1474	1473	2497.34	1423.81	1960.575	2721.69	2272.99	1699.81	1147.81	1934.75
spe	1474	1470	2497.34	2147.93	2322.635	2721.69	2272.99	2388.86	1907.0	2314.345
los	1470	1469	2147.93	1964.555	2056.2425	2388.86	1907.0	2217.5	1711.61	2050.235
spe	1475	1463	2647.025	2401.705	2524.365	2858.49	2435.56	2637.86	2165.55	2512.02
los	1463	1462	2401.705	2298.115	2349.91	2637.86	2165.55	2545.29	2050.94	2344.4
spe	1463	1457	2401.705	1966.385	2184.045	2637.86	2165.55	2253.77	1679.0	2158.43
los	1457	GCA.002404055.1.Bacteria.Chloroflexota	1966.385	0.0	983.1925	2253.77	1679.0	0.0	0.0	1126.885
dup	None	dead	0.0	0.0	0.0	0.0	0.0	0.0	0.0	0.0
hgt	1116	GCA.002435745.1.Bacteria.UBP15	2382.81	0.0	1191.405	2709.7	2055.92	0.0	0.0	1354.85
los	None	dead	0.0	0.0	0.0	0.0	0.0	0.0	0.0	0.0
dup	None	dead	0.0	0.0	0.0	0.0	0.0	0.0	0.0	0.0
hgt	1136	GCA.001768645.1.Bacteria.Actinobacteriota	2376.455	0.0	1188.2275	2654.7	2098.21	0.0	0.0	1327.35
los	None	dead	0.0	0.0	0.0	0.0	0.0	0.0	0.0	0.0
dup	None	dead	0.0	0.0	0.0	0.0	0.0	0.0	0.0	0.0
dup	None	dead	0.0	0.0	0.0	0.0	0.0	0.0	0.0	0.0
hgt	706	GCA.002327305.1.Bacteria.Acidobacteriota	1817.88	0.0	908.94	2043.39	1592.37	0.0	0.0	1021.695
los	None	dead	0.0	0.0	0.0	0.0	0.0	0.0	0.0	0.0
hgt	1029	GCA.001777915.1.Bacteria.Edwardsbacteria	2083.06	0.0	1041.53	2346.25	1819.87	0.0	0.0	1173.125
los	None	dead	0.0	0.0	0.0	0.0	0.0	0.0	0.0	0.0
hgt	275	274	2878.805	2118.375	2498.59	3143.08	2614.53	2473.84	1762.91	2452.995
los	None	dead	0.0	0.0	0.0	0.0	0.0	0.0	0.0	0.0
spe	275	274	2878.805	2118.375	2498.59	3143.08	2614.53	2473.84	1762.91	2452.995
dup	None	dead	0.0	0.0	0.0	0.0	0.0	0.0	0.0	0.0
hgt	801	GCA.001797815.1.Bacteria.RBG.13.61.14	2073.125	0.0	1036.5625	2289.45	1856.8	0.0	0.0	1144.725
los	None	dead	0.0	0.0	0.0	0.0	0.0	0.0	0.0	0.0
dup	None	dead	0.0	0.0	0.0	0.0	0.0	0.0	0.0	0.0
hgt	668	GCA.001775755.1.Bacteria.Acidobacteriota	1575.265	0.0	787.6325	1852.06	1298.47	0.0	0.0	926.03
los	None	dead	0.0	0.0	0.0	0.0	0.0	0.0	0.0	0.0
hgt	248	GCA.001799695.1.Bacteria.Elusimicrobiota	1213.735	0.0	606.8675	1423.28	1004.19	0.0	0.0	711.64
los	None	dead	0.0	0.0	0.0	0.0	0.0	0.0	0.0	0.0
hgt	None	dead	0.0	0.0	0.0	0.0	0.0	0.0	0.0	0.0
hgt	None	dead	0.0	0.0	0.0	0.0	0.0	0.0	0.0	0.0
hgt	741	GCA.003220615.1.Bacteria.Methylomirabilota	2099.065	0.0	1049.5325	2384.47	1813.66	0.0	0.0	1192.235
los	None	dead	0.0	0.0	0.0	0.0	0.0	0.0	0.0	0.0
spe	1642	1478	3541.065	3264.47	3402.7675	3668.81	3413.32	3427.31	3101.63	3385.22
spe	1478	1396	3264.47	2089.7	2677.085	3427.31	3101.63	2454.33	1725.07	2576.19
los	1396	GCA.003244045.1.Bacteria.Dormibacterota	2089.7	0.0	1044.85	2454.33	1725.07	0.0	0.0	1227.165
spe	1478	1477	3264.47	3024.12	3144.295	3427.31	3101.63	3199.0	2849.24	3138.275
los	1477	1431	3024.12	2678.945	2851.5325	3199.0	2849.24	2899.32	2458.57	2828.785
spe	1477	1476	3024.12	2783.015	2903.5675	3199.0	2849.24	2979.26	2586.77	2892.885
spe	1476	1475	2783.015	2647.025	2715.02	2979.26	2586.77	2858.49	2435.56	2707.41
los	1475	1463	2647.025	2401.705	2524.365	2858.49	2435.56	2637.86	2165.55	2512.02
spe	1475	1474	2647.025	2497.34	2572.1825	2858.49	2435.56	2721.69	2272.99	2565.74
los	1474	1473	2497.34	1423.81	1960.575	2721.69	2272.99	1699.81	1147.81	1934.75
spe	1474	1470	2497.34	2147.93	2322.635	2721.69	2272.99	2388.86	1907.0	2314.345
los	1470	GCF.000025005.1.Bacteria.Chloroflexota	2147.93	0.0	1073.965	2388.86	1907.0	0.0	0.0	1194.43
spe	1470	1469	2147.93	1964.555	2056.2425	2388.86	1907.0	2217.5	1711.61	2050.235
spe	1469	1467	1964.555	1808.245	1886.4	2217.5	1711.61	2082.93	1533.56	1875.53
hgt	1462	GCA.002436065.1.Bacteria.Chloroflexota	2298.115	0.0	1149.0575	2545.29	2050.94	0.0	0.0	1272.645
los	1467	GCA.002440805.1.Bacteria.Chloroflexota	1808.245	0.0	904.1225	2082.93	1533.56	0.0	0.0	1041.465
hgt	None	dead	0.0	0.0	0.0	0.0	0.0	0.0	0.0	0.0
dup	None	dead	0.0	0.0	0.0	0.0	0.0	0.0	0.0	0.0
hgt	746	GCF.900079095.1.Bacteria.Tectomicrobia	2036.715	0.0	1018.3575	2336.38	1737.05	0.0	0.0	1168.19
los	None	dead	0.0	0.0	0.0	0.0	0.0	0.0	0.0	0.0
hgt	167	166	1104.9615	870.936	987.94875	1223.63	986.293	1015.32	726.552	975.091
los	None	dead	0.0	0.0	0.0	0.0	0.0	0.0	0.0	0.0
spe	167	166	1104.9615	870.936	987.94875	1223.63	986.293	1015.32	726.552	975.091
spe	166	165	870.936	603.2	737.068	1015.32	726.552	760.935	445.465	730.3925
spe	1476	1454	2783.015	2214.935	2498.975	2979.26	2586.77	2430.94	1998.93	2489.095
spe	1454	1453	2214.935	2115.485	2165.21	2430.94	1998.93	2342.31	1888.66	2159.8
los	1453	1449	2115.485	1891.395	2003.44	2342.31	1888.66	2134.97	1647.82	1995.065
spe	1453	1452	2115.485	1623.74	1869.6125	2342.31	1888.66	1926.13	1321.35	1831.83
los	1452	GCA.002348045.1.Bacteria.Chloroflexota	1623.74	0.0	811.87	1926.13	1321.35	0.0	0.0	963.065
spe	1454	1446	2214.935	1960.08	2087.5075	2430.94	1998.93	2176.15	1744.01	2087.475
spe	1446	1440	1960.08	1813.195	1886.6375	2176.15	1744.01	2028.77	1597.62	1886.885
los	1440	1439	1813.195	1555.635	1684.415	2028.77	1597.62	1768.59	1342.68	1685.725
spe	1446	1445	1960.08	1742.485	1851.2825	2176.15	1744.01	1965.0	1519.97	1848.06
los	1445	1444	1742.485	1539.09	1640.7875	1965.0	1519.97	1770.71	1307.47	1636.235
dup	None	dead	0.0	0.0	0.0	0.0	0.0	0.0	0.0	0.0
hgt	1109	GCA.002898895.1.Bacteria.Armatimonadota	2159.355	0.0	1079.6775	2458.0	1860.71	0.0	0.0	1229.0
los	None	dead	0.0	0.0	0.0	0.0	0.0	0.0	0.0	0.0
dup	None	dead	0.0	0.0	0.0	0.0	0.0	0.0	0.0	0.0
dup	None	dead	0.0	0.0	0.0	0.0	0.0	0.0	0.0	0.0
hgt	804	GCA.002731275.1.Bacteria.Myxococcota	2020.19	0.0	1010.095	2257.86	1782.52	0.0	0.0	1128.93
los	None	dead	0.0	0.0	0.0	0.0	0.0	0.0	0.0	0.0
hgt	807	GCA.002789955.1.Bacteria.Myxococcota	1533.145	0.0	766.5725	1724.66	1341.63	0.0	0.0	862.33
los	None	dead	0.0	0.0	0.0	0.0	0.0	0.0	0.0	0.0
dup	None	dead	0.0	0.0	0.0	0.0	0.0	0.0	0.0	0.0
hgt	1721	1720	3170.865	2606.555	2888.71	3292.74	3048.99	2696.39	2516.72	2904.73
los	None	dead	0.0	0.0	0.0	0.0	0.0	0.0	0.0	0.0
spe	1721	1720	3170.865	2606.555	2888.71	3292.74	3048.99	2696.39	2516.72	2904.73
spe	1720	1719	2606.555	2498.57	2552.5625	2696.39	2516.72	2595.21	2401.93	2549.16
los	1719	GCF.000013205.1.Bacteria.Cyanobacteria	2498.57	0.0	1249.285	2595.21	2401.93	0.0	0.0	1297.605
spe	1719	1718	2498.57	2360.855	2429.7125	2595.21	2401.93	2455.4	2266.31	2430.76
los	1718	1717	2360.855	2145.98	2253.4175	2455.4	2266.31	2280.59	2011.37	2233.385
spe	1718	1704	2360.855	2247.23	2304.0425	2455.4	2266.31	2338.81	2155.65	2305.525
los	1704	1672	2247.23	2002.185	2124.7075	2338.81	2155.65	2153.78	1850.59	2094.7
spe	1704	1703	2247.23	2155.655	2201.4425	2338.81	2155.65	2243.27	2068.04	2203.425
spe	1703	1702	2155.655	2083.6	2119.6275	2243.27	2068.04	2167.45	1999.75	2121.51
spe	1702	1701	2083.6	2042.11	2062.855	2167.45	1999.75	2121.49	1962.73	2065.09
spe	1701	1685	2042.11	1873.315	1957.7125	2121.49	1962.73	1989.89	1756.74	1939.115
spe	1685	1684	1873.315	1661.66	1767.4875	1989.89	1756.74	1813.5	1509.82	1749.855
los	1684	GCA.001698445.1.Bacteria.Cyanobacteria	1661.66	0.0	830.83	1813.5	1509.82	0.0	0.0	906.75
spe	1701	1700	2042.11	1961.585	2001.8475	2121.49	1962.73	2035.9	1887.27	2004.38
spe	1700	1699	1961.585	1903.88	1932.7325	2035.9	1887.27	1972.93	1834.83	1935.365
los	1699	1698	1903.88	1614.145	1759.0125	1972.93	1834.83	1628.1	1600.19	1786.56
hgt	1672	GCF.002251945.1.Bacteria.Cyanobacteria	2002.185	0.0	1001.0925	2153.78	1850.59	0.0	0.0	1076.89
spe	1700	1688	1961.585	1636.375	1798.98	2035.9	1887.27	1774.1	1498.65	1767.275
hgt	1698	1697	1614.145	1294.515	1454.33	1628.1	1600.19	1416.54	1172.49	1400.295
spe	1698	1697	1614.145	1294.515	1454.33	1628.1	1600.19	1416.54	1172.49	1400.295
spe	1697	1695	1294.515	878.0175	1086.26625	1416.54	1172.49	1068.32	687.715	1052.1275
spe	1703	1679	2155.655	1829.33	1992.4925	2243.27	2068.04	1977.8	1680.86	1962.065
spe	1679	1678	1829.33	892.4805	1360.90525	1977.8	1680.86	1125.82	659.141	1318.4705
los	1678	1676	892.4805	250.8965	571.6885	1125.82	659.141	362.735	139.058	632.439
hgt	1684	GCA.001698445.1.Bacteria.Cyanobacteria	1661.66	0.0	830.83	1813.5	1509.82	0.0	0.0	906.75
dup	None	dead	0.0	0.0	0.0	0.0	0.0	0.0	0.0	0.0
hgt	702	GCA.003223635.1.Bacteria.Acidobacteriota	1354.27	0.0	677.135	1586.23	1122.31	0.0	0.0	793.115
los	None	dead	0.0	0.0	0.0	0.0	0.0	0.0	0.0	0.0
hgt	825	GCA.003170275.1.Bacteria.Myxococcota	1214.79	0.0	607.395	1405.39	1024.19	0.0	0.0	702.695
los	None	dead	0.0	0.0	0.0	0.0	0.0	0.0	0.0	0.0
hgt	None	dead	0.0	0.0	0.0	0.0	0.0	0.0	0.0	0.0
hgt	178	177	3649.25	3486.475	3567.8625	3713.37	3585.13	3512.52	3460.43	3586.9
hgt	None	dead	0.0	0.0	0.0	0.0	0.0	0.0	0.0	0.0
hgt	None	dead	0.0	0.0	0.0	0.0	0.0	0.0	0.0	0.0
spe	1392	1391	3486.295	3193.865	3340.08	3621.84	3350.75	3340.39	3047.34	3334.59
spe	1391	1390	3193.865	3074.65	3134.2575	3340.39	3047.34	3224.77	2924.53	3132.46
spe	1390	1389	3074.65	2995.16	3034.905	3224.77	2924.53	3145.66	2844.66	3034.715
los	1389	1237	2995.16	2548.64	2771.9	3145.66	2844.66	2742.96	2354.32	2749.99
spe	1389	1388	2995.16	2841.585	2918.3725	3145.66	2844.66	2996.83	2686.34	2916.0
los	1388	1387	2841.585	2774.13	2807.8575	2996.83	2686.34	2929.52	2618.74	2807.785
spe	1388	1274	2841.585	2600.015	2720.8	2996.83	2686.34	2770.93	2429.1	2712.965
los	1274	1273	2600.015	2372.06	2486.0375	2770.93	2429.1	2551.07	2193.05	2481.99
spe	1274	1240	2600.015	2224.995	2412.505	2770.93	2429.1	2447.68	2002.31	2386.62
spe	1390	1218	3074.65	2879.54	2977.095	3224.77	2924.53	3061.15	2697.93	2961.35
hgt	86	GCA.001412335.1.Archaea.Halobacteriota	1547.845	0.0	773.9225	1766.34	1329.35	0.0	0.0	883.17
los	1218	GCA.001513125.1.Bacteria.DTU030	2879.54	0.0	1439.77	3061.15	2697.93	0.0	0.0	1530.575
hgt	1092	1058	3391.895	2648.915	3020.405	3557.02	3226.77	2961.31	2336.52	2946.77
hgt	1274	1273	2600.015	2372.06	2486.0375	2770.93	2429.1	2551.07	2193.05	2481.99
spe	1218	1216	2879.54	2264.52	2572.03	3061.15	2697.93	2522.36	2006.68	2533.915
spe	1216	1215	2264.52	1572.11	1918.315	2522.36	2006.68	1879.68	1264.54	1893.45
hgt	1061	GCA.003538775.1.Bacteria.Thermotogota	1460.525	0.0	730.2625	1770.55	1150.5	0.0	0.0	885.275
hgt	198	GCA.002478245.1.Bacteria.UBP18	2444.64	0.0	1222.32	2741.2	2148.08	0.0	0.0	1370.6
hgt	1333	GCF.900111575.1.Bacteria.Firmicutes.D	2115.765	0.0	1057.8825	2320.01	1911.52	0.0	0.0	1160.005
hgt	None	dead	0.0	0.0	0.0	0.0	0.0	0.0	0.0	0.0
hgt	1300	GCF.000620305.1.Bacteria.Firmicutes.B	1565.1	0.0	782.55	1781.13	1349.07	0.0	0.0	890.565
los	None	dead	0.0	0.0	0.0	0.0	0.0	0.0	0.0	0.0
spe	1274	1273	2600.015	2372.06	2486.0375	2770.93	2429.1	2551.07	2193.05	2481.99
spe	1273	1272	2372.06	2201.415	2286.7375	2551.07	2193.05	2383.76	2019.07	2285.07
los	1272	1246	2201.415	1853.53	2027.4725	2383.76	2019.07	2061.12	1645.94	2014.85
spe	1272	1271	2201.415	1904.435	2052.925	2383.76	2019.07	2085.31	1723.56	2053.66
spe	1271	1270	1904.435	1709.88	1807.1575	2085.31	1723.56	1894.58	1525.18	1805.245
hgt	1252	GCF.900107485.1.Bacteria.Firmicutes.A	1492.085	0.0	746.0425	1682.67	1301.5	0.0	0.0	841.335
los	1270	1264	1709.88	1401.22	1555.55	1894.58	1525.18	1594.09	1208.35	1551.465
spe	1270	1269	1709.88	1538.365	1624.1225	1894.58	1525.18	1724.93	1351.8	1623.19
los	1269	1268	1538.365	1301.03	1419.6975	1724.93	1351.8	1501.89	1100.17	1412.55
spe	1271	1259	1904.435	1830.34	1867.3875	2085.31	1723.56	2010.68	1650.0	1867.655
spe	1259	1258	1830.34	1568.675	1699.5075	2010.68	1650.0	1758.42	1378.93	1694.805
los	1258	1257	1568.675	1358.965	1463.82	1758.42	1378.93	1587.69	1130.24	1444.33
spe	1259	1253	1830.34	1684.93	1757.635	2010.68	1650.0	1873.49	1496.37	1753.525
spe	1253	1252	1684.93	1492.085	1588.5075	1873.49	1496.37	1682.67	1301.5	1587.495
los	1252	GCF.900107485.1.Bacteria.Firmicutes.A	1492.085	0.0	746.0425	1682.67	1301.5	0.0	0.0	841.335
spe	1252	1251	1492.085	1313.25	1402.6675	1682.67	1301.5	1519.57	1106.93	1394.8
los	1251	GCA.002478485.1.Bacteria.Firmicutes.A	1313.25	0.0	656.625	1519.57	1106.93	0.0	0.0	759.785
hgt	1315	GCF.002224645.1.Bacteria.Firmicutes.B	1023.5775	0.0	511.78875	1225.27	821.885	0.0	0.0	612.635
los	1253	GCF.900142265.1.Bacteria.Firmicutes.A	1684.93	0.0	842.465	1873.49	1496.37	0.0	0.0	936.745
hgt	1382	1381	1812.955	1697.085	1755.02	1984.88	1641.03	1866.73	1527.44	1756.16
hgt	383	GCA.001829315.1.Bacteria.Spirochaetota	1910.295	0.0	955.1475	2169.33	1651.26	0.0	0.0	1084.665
hgt	1269	GCF.002252565.1.Bacteria.Firmicutes.A	1538.365	0.0	769.1825	1724.93	1351.8	0.0	0.0	862.465
hgt	801	GCA.002328485.1.Bacteria.Desulfobacterota.G	2073.125	0.0	1036.5625	2289.45	1856.8	0.0	0.0	1144.725
spe	1382	1381	1812.955	1697.085	1755.02	1984.88	1641.03	1866.73	1527.44	1756.16
spe	1381	1380	1697.085	1588.96	1643.0225	1866.73	1527.44	1755.87	1422.05	1644.39
hgt	1344	GCF.000218765.1.Bacteria.Firmicutes	1531.325	0.0	765.6625	1719.64	1343.01	0.0	0.0	859.82
los	1380	1379	1588.96	1514.47	1551.715	1755.87	1422.05	1680.25	1348.69	1552.28
spe	1381	1351	1697.085	1602.01	1649.5475	1866.73	1527.44	1773.61	1430.41	1648.57
spe	1351	1347	1602.01	1294.365	1448.1875	1773.61	1430.41	1476.68	1112.05	1442.83
hgt	1338	GCF.002335525.1.Bacteria.Firmicutes	1618.77	0.0	809.385	1818.56	1418.98	0.0	0.0	909.28
hgt	1379	1355	1514.47	1273.085	1393.7775	1680.25	1348.69	1444.33	1101.84	1391.045
spe	1379	1355	1514.47	1273.085	1393.7775	1680.25	1348.69	1444.33	1101.84	1391.045
spe	1351	1350	1602.01	1409.0	1505.505	1773.61	1430.41	1596.52	1221.48	1497.545
hgt	1322	GCA.000961765.1.Bacteria.Firmicutes.B	1700.81	0.0	850.405	1909.29	1492.33	0.0	0.0	954.645
hgt	1317	GCA.002398485.1.Bacteria.Firmicutes.B	1219.28	0.0	609.64	1424.03	1014.53	0.0	0.0	712.015
los	1350	GCF.000942395.1.Bacteria.Firmicutes	1409.0	0.0	704.5	1596.52	1221.48	0.0	0.0	798.26
hgt	None	dead	0.0	0.0	0.0	0.0	0.0	0.0	0.0	0.0
hgt	1292	GCF.001950325.1.Bacteria.Firmicutes.B	1962.37	0.0	981.185	2188.61	1736.13	0.0	0.0	1094.305
los	None	dead	0.0	0.0	0.0	0.0	0.0	0.0	0.0	0.0
hgt	None	dead	0.0	0.0	0.0	0.0	0.0	0.0	0.0	0.0
hgt	1069	GCF.000378005.1.Bacteria.Coprothermobacterota	2077.72	0.0	1038.86	2370.86	1784.58	0.0	0.0	1185.43
los	None	dead	0.0	0.0	0.0	0.0	0.0	0.0	0.0	0.0
spe	1092	1058	3391.895	2648.915	3020.405	3557.02	3226.77	2961.31	2336.52	2946.77
spe	1391	1211	3193.865	2951.505	3072.685	3340.39	3047.34	3130.45	2772.56	3056.475
spe	1211	1210	2951.505	2781.0	2866.2525	3130.45	2772.56	2987.0	2575.0	2852.725
hgt	1387	1327	2774.13	2643.35	2708.74	2929.52	2618.74	2807.8	2478.9	2704.21
spe	1210	1204	2781.0	2525.77	2653.385	2987.0	2575.0	2781.64	2269.9	2628.45
spe	1204	1203	2525.77	1946.15	2235.96	2781.64	2269.9	2262.26	1630.04	2205.84
los	1203	GCA.002409975.1.Bacteria.Firmicutes.G	1946.15	0.0	973.075	2262.26	1630.04	0.0	0.0	1131.13
hgt	798	797	2208.72	1933.19	2070.955	2388.7	2028.74	2131.05	1735.33	2062.015
hgt	886	885	2067.29	1945.59	2006.44	2248.32	1886.26	2133.66	1757.52	2002.92
los	1204	GCA.002426645.1.Bacteria.Firmicutes.G	2525.77	0.0	1262.885	2781.64	2269.9	0.0	0.0	1390.82
spe	886	885	2067.29	1945.59	2006.44	2248.32	1886.26	2133.66	1757.52	2002.92
spe	885	877	1945.59	1826.365	1885.9775	2133.66	1757.52	2034.01	1618.72	1876.19
hgt	193	GCA.001873945.1.Bacteria.UBA9089	2415.11	0.0	1207.555	2728.71	2101.51	0.0	0.0	1364.355
los	877	GCA.001797675.1.Bacteria.Desulfobacterota	1826.365	0.0	913.1825	2034.01	1618.72	0.0	0.0	1017.005
spe	885	884	1945.59	1824.105	1884.8475	2133.66	1757.52	2015.87	1632.34	1883.0
spe	884	880	1824.105	1550.835	1687.47	2015.87	1632.34	1763.87	1337.8	1676.835
hgt	857	GCA.002010915.1.Bacteria.Desulfobacterota	1980.505	0.0	990.2525	2203.95	1757.06	0.0	0.0	1101.975
los	880	GCA.001577715.1.Bacteria.Desulfobacterota	1550.835	0.0	775.4175	1763.87	1337.8	0.0	0.0	881.935
hgt	873	871	1792.01	1532.675	1662.3425	1991.39	1592.63	1744.25	1321.1	1656.245
spe	884	883	1824.105	1441.77	1632.9375	2015.87	1632.34	1657.06	1226.48	1621.175
hgt	849	GCF.000266945.1.Bacteria.Desulfobacterota	1938.415	0.0	969.2075	2174.57	1702.26	0.0	0.0	1087.285
los	883	GCA.001751085.1.Bacteria.Desulfobacterota	1441.77	0.0	720.885	1657.06	1226.48	0.0	0.0	828.53
hgt	1133	GCA.001871795.1.Bacteria.Actinobacteriota	2467.96	0.0	1233.98	2738.86	2197.06	0.0	0.0	1369.43
spe	873	871	1792.01	1532.675	1662.3425	1991.39	1592.63	1744.25	1321.1	1656.245
hgt	877	GCA.001797675.1.Bacteria.Desulfobacterota	1826.365	0.0	913.1825	2034.01	1618.72	0.0	0.0	1017.005
hgt	686	GCA.002451015.1.Bacteria.Acidobacteriota	1699.78	0.0	849.89	1911.59	1487.97	0.0	0.0	955.795
spe	798	797	2208.72	1933.19	2070.955	2388.7	2028.74	2131.05	1735.33	2062.015
spe	797	796	1933.19	1757.055	1845.1225	2131.05	1735.33	1958.83	1555.28	1843.165
spe	796	795	1757.055	1569.94	1663.4975	1958.83	1555.28	1775.68	1364.2	1661.515
los	795	794	1569.94	1455.87	1512.905	1775.68	1364.2	1673.56	1238.18	1506.93
spe	795	791	1569.94	1320.57	1445.255	1775.68	1364.2	1532.25	1108.89	1442.285
los	791	GCA.002898795.1.Bacteria.Desulfobacterota.B	1320.57	0.0	660.285	1532.25	1108.89	0.0	0.0	766.125
hgt	791	GCA.002898795.1.Bacteria.Desulfobacterota.B	1320.57	0.0	660.285	1532.25	1108.89	0.0	0.0	766.125
hgt	None	dead	0.0	0.0	0.0	0.0	0.0	0.0	0.0	0.0
dup	None	dead	0.0	0.0	0.0	0.0	0.0	0.0	0.0	0.0
dup	None	dead	0.0	0.0	0.0	0.0	0.0	0.0	0.0	0.0
hgt	1163	GCF.000384115.1.Bacteria.Actinobacteriota	995.9815	0.0	497.99075	1205.77	786.193	0.0	0.0	602.885
los	None	dead	0.0	0.0	0.0	0.0	0.0	0.0	0.0	0.0
hgt	1457	GCA.002404055.1.Bacteria.Chloroflexota	1966.385	0.0	983.1925	2253.77	1679.0	0.0	0.0	1126.885
los	None	dead	0.0	0.0	0.0	0.0	0.0	0.0	0.0	0.0
hgt	1440	1439	1813.195	1555.635	1684.415	2028.77	1597.62	1768.59	1342.68	1685.725
los	None	dead	0.0	0.0	0.0	0.0	0.0	0.0	0.0	0.0
spe	1440	1439	1813.195	1555.635	1684.415	2028.77	1597.62	1768.59	1342.68	1685.725
spe	1439	1438	1555.635	1347.94	1451.7875	1768.59	1342.68	1557.13	1138.75	1453.67
spe	1438	1437	1347.94	1218.17	1283.055	1557.13	1138.75	1425.69	1010.65	1283.89
hgt	1444	GCA.003451595.1.Bacteria.Chloroflexota	1539.09	0.0	769.545	1770.71	1307.47	0.0	0.0	885.355
los	1437	GCA.002702065.1.Bacteria.Chloroflexota	1218.17	0.0	609.085	1425.69	1010.65	0.0	0.0	712.845
hgt	1419	GCA.002352365.1.Bacteria.Chloroflexota	1560.275	0.0	780.1375	1794.98	1325.57	0.0	0.0	897.49
hgt	1406	GCA.002710215.1.Bacteria.Chloroflexota	1650.16	0.0	825.08	1881.35	1418.97	0.0	0.0	940.675
hgt	1411	GCA.002717805.1.Bacteria.Chloroflexota	1632.645	0.0	816.3225	1874.09	1391.2	0.0	0.0	937.045
hgt	1402	GCA.002721445.1.Bacteria.Chloroflexota	1732.845	0.0	866.4225	1968.92	1496.77	0.0	0.0	984.46
hgt	None	dead	0.0	0.0	0.0	0.0	0.0	0.0	0.0	0.0
spe	1387	1327	2774.13	2643.35	2708.74	2929.52	2618.74	2807.8	2478.9	2704.21
spe	1327	1289	2643.35	2319.605	2481.4775	2807.8	2478.9	2515.76	2123.45	2465.625
los	1289	GCA.002345475.1.Bacteria.Firmicutes.H	2319.605	0.0	1159.8025	2515.76	2123.45	0.0	0.0	1257.88
spe	1289	1288	2319.605	1737.805	2028.705	2515.76	2123.45	1959.07	1516.54	2016.15
hgt	1285	1281	1344.265	1116.4885	1230.37675	1565.83	1122.7	1331.85	901.127	1233.4785
spe	1285	1281	1344.265	1116.4885	1230.37675	1565.83	1122.7	1331.85	901.127	1233.4785
spe	1281	1280	1116.4885	953.42	1034.95425	1331.85	901.127	1163.28	743.56	1037.705
hgt	1312	GCF.000019165.1.Bacteria.Firmicutes.B	1521.75	0.0	760.875	1739.03	1304.47	0.0	0.0	869.515
los	1280	GCF.900104455.1.Bacteria.Firmicutes.C	953.42	0.0	476.71	1163.28	743.56	0.0	0.0	581.64
spe	1288	1287	1737.805	1455.455	1596.63	1959.07	1516.54	1682.3	1228.61	1593.84
hgt	1297	GCA.002329495.1.Bacteria.Firmicutes.B	1985.275	0.0	992.6375	2195.62	1774.93	0.0	0.0	1097.81
los	1287	1285	1455.455	1344.265	1399.86	1682.3	1228.61	1565.83	1122.7	1402.5
spe	1327	1326	2643.35	2448.67	2546.01	2807.8	2478.9	2619.66	2277.68	2542.74
spe	1326	1292	2448.67	1962.37	2205.52	2619.66	2277.68	2188.61	1736.13	2177.895
los	1292	GCF.001950325.1.Bacteria.Firmicutes.B	1962.37	0.0	981.185	2188.61	1736.13	0.0	0.0	1094.305
spe	1326	1325	2448.67	2256.125	2352.3975	2619.66	2277.68	2432.87	2079.38	2349.52
spe	1325	1297	2256.125	1985.275	2120.7	2432.87	2079.38	2195.62	1774.93	2103.9
los	1297	GCA.002329495.1.Bacteria.Firmicutes.B	1985.275	0.0	992.6375	2195.62	1774.93	0.0	0.0	1097.81
spe	1297	1296	1985.275	1805.085	1895.18	2195.62	1774.93	2032.76	1577.41	1886.515
hgt	1218	GCA.001513125.1.Bacteria.DTU030	2879.54	0.0	1439.77	3061.15	2697.93	0.0	0.0	1530.575
spe	1325	1324	2256.125	2152.01	2204.0675	2432.87	2079.38	2327.59	1976.43	2204.65
spe	1324	1323	2152.01	2061.88	2106.945	2327.59	1976.43	2241.44	1882.32	2104.955
los	1323	1322	2061.88	1700.81	1881.345	2241.44	1882.32	1909.29	1492.33	1866.885
spe	1323	1319	2061.88	1933.46	1997.67	2241.44	1882.32	2119.98	1746.94	1994.19
spe	1319	1318	1933.46	1818.985	1876.2225	2119.98	1746.94	2011.41	1626.56	1873.27
hgt	1305	GCF.002207765.1.Bacteria.Firmicutes.B	1518.03	0.0	759.015	1722.41	1313.65	0.0	0.0	861.205
los	1318	1317	1818.985	1219.28	1519.1325	2011.41	1626.56	1424.03	1014.53	1512.97
spe	1318	1312	1818.985	1521.75	1670.3675	2011.41	1626.56	1739.03	1304.47	1657.94
hgt	862	GCA.002782605.1.Bacteria.Desulfobacterota	1779.145	0.0	889.5725	1993.79	1564.5	0.0	0.0	996.895
los	1312	GCF.000019165.1.Bacteria.Firmicutes.B	1521.75	0.0	760.875	1739.03	1304.47	0.0	0.0	869.515
spe	1324	1308	2152.01	1925.235	2038.6225	2327.59	1976.43	2113.94	1736.53	2032.06
spe	1308	1300	1925.235	1565.1	1745.1675	2113.94	1736.53	1781.13	1349.07	1731.505
los	1300	GCF.000620305.1.Bacteria.Firmicutes.B	1565.1	0.0	782.55	1781.13	1349.07	0.0	0.0	890.565
spe	1308	1307	1925.235	1703.5	1814.3675	2113.94	1736.53	1894.89	1512.11	1813.025
spe	1307	1305	1703.5	1518.03	1610.765	1894.89	1512.11	1722.41	1313.65	1604.27
los	1305	GCF.002207765.1.Bacteria.Firmicutes.B	1518.03	0.0	759.015	1722.41	1313.65	0.0	0.0	861.205
spe	1305	1304	1518.03	1212.67	1365.35	1722.41	1313.65	1425.13	1000.21	1361.31
los	1304	GCA.001508005.1.Bacteria.Firmicutes.B	1212.67	0.0	606.335	1425.13	1000.21	0.0	0.0	712.565
dup	None	dead	0.0	0.0	0.0	0.0	0.0	0.0	0.0	0.0
hgt	1227	GCA.003242675.1.Bacteria.Firmicutes.E	1969.33	0.0	984.665	2217.32	1721.34	0.0	0.0	1108.66
los	None	dead	0.0	0.0	0.0	0.0	0.0	0.0	0.0	0.0
hgt	1234	1233	1826.555	1501.49	1664.0225	2072.98	1580.13	1760.32	1242.66	1657.82
los	None	dead	0.0	0.0	0.0	0.0	0.0	0.0	0.0	0.0
spe	1234	1233	1826.555	1501.49	1664.0225	2072.98	1580.13	1760.32	1242.66	1657.82
hgt	1221	GCA.002375925.1.Bacteria.Firmicutes.E	2065.095	0.0	1032.5475	2339.28	1790.91	0.0	0.0	1169.64
hgt	1198	GCA.002159155.1.Bacteria.Firmicutes.G	2386.815	0.0	1193.4075	2646.81	2126.82	0.0	0.0	1323.405
hgt	1226	GCA.003242195.1.Bacteria.Firmicutes.E	1819.185	0.0	909.5925	2087.96	1550.41	0.0	0.0	1043.98
hgt	None	dead	0.0	0.0	0.0	0.0	0.0	0.0	0.0	0.0
hgt	1136	GCA.003157385.1.Bacteria.Actinobacteriota	2376.455	0.0	1188.2275	2654.7	2098.21	0.0	0.0	1327.35
los	None	dead	0.0	0.0	0.0	0.0	0.0	0.0	0.0	0.0
hgt	None	dead	0.0	0.0	0.0	0.0	0.0	0.0	0.0	0.0
hgt	746	GCA.002238965.1.Bacteria.UBA8248	2036.715	0.0	1018.3575	2336.38	1737.05	0.0	0.0	1168.19
los	None	dead	0.0	0.0	0.0	0.0	0.0	0.0	0.0	0.0
spe	1210	1209	2781.0	2390.265	2585.6325	2987.0	2575.0	2661.11	2119.42	2553.21
spe	1209	1208	2390.265	2182.765	2286.515	2661.11	2119.42	2489.07	1876.46	2268.785
los	1208	GCA.900016865.1.Bacteria.Firmicutes.G	2182.765	0.0	1091.3825	2489.07	1876.46	0.0	0.0	1244.535
hgt	None	dead	0.0	0.0	0.0	0.0	0.0	0.0	0.0	0.0
hgt	1173	GCA.002897715.1.Bacteria.Actinobacteriota	1615.325	0.0	807.6625	1879.87	1350.78	0.0	0.0	939.935
los	None	dead	0.0	0.0	0.0	0.0	0.0	0.0	0.0	0.0
hgt	None	dead	0.0	0.0	0.0	0.0	0.0	0.0	0.0	0.0
los	1211	1199	2951.505	2662.26	2806.8825	3130.45	2772.56	2889.8	2434.72	2782.585
hgt	738	737	2387.34	2168.56	2277.95	2598.05	2176.63	2402.13	1934.99	2266.52
los	None	dead	0.0	0.0	0.0	0.0	0.0	0.0	0.0	0.0
spe	738	737	2387.34	2168.56	2277.95	2598.05	2176.63	2402.13	1934.99	2266.52
spe	737	733	2168.56	1662.33	1915.445	2402.13	1934.99	1919.68	1404.98	1903.555
los	733	732	1662.33	1418.365	1540.3475	1919.68	1404.98	1679.42	1157.31	1538.495
spe	737	736	2168.56	1883.24	2025.9	2402.13	1934.99	2143.89	1622.59	2012.36
hgt	892	GCA.001873285.1.Bacteria.CG2.30.53.67	2160.3	0.0	1080.15	2442.6	1878.0	0.0	0.0	1221.3
hgt	866	GCA.002877985.1.Bacteria.Desulfobacterota	1421.715	0.0	710.8575	1644.35	1199.08	0.0	0.0	822.175
hgt	732	GCA.003153275.1.Bacteria.Nitrospirota	1418.365	0.0	709.1825	1679.42	1157.31	0.0	0.0	839.71
hgt	139	109	2917.505	2602.795	2760.15	3054.61	2780.4	2795.16	2410.43	2732.52
los	None	dead	0.0	0.0	0.0	0.0	0.0	0.0	0.0	0.0
spe	139	109	2917.505	2602.795	2760.15	3054.61	2780.4	2795.16	2410.43	2732.52
spe	109	103	2602.795	2146.08	2374.4375	2795.16	2410.43	2387.58	1904.58	2349.87
spe	103	101	2146.08	1883.85	2014.965	2387.58	1904.58	2144.44	1623.26	2005.42
spe	101	99	1883.85	1639.4	1761.625	2144.44	1623.26	1901.87	1376.93	1760.685
los	99	GCF.000092185.1.Archaea.Thermoproteota	1639.4	0.0	819.7	1901.87	1376.93	0.0	0.0	950.935
hgt	150	GCA.001940645.1.Archaea.Asgardarchaeota	1958.415	0.0	979.2075	2236.46	1680.37	0.0	0.0	1118.23
hgt	1289	GCA.002345475.1.Bacteria.Firmicutes.H	2319.605	0.0	1159.8025	2515.76	2123.45	0.0	0.0	1257.88
hgt	1099	1098	2899.85	1723.505	2311.6775	3167.29	2632.41	2078.78	1368.23	2267.76
hgt	1235	GCA.002376005.1.Bacteria.Firmicutes.E	2102.15	0.0	1051.075	2336.06	1868.24	0.0	0.0	1168.03
hgt	1645	GCF.000212395.1.Bacteria.Thermodesulfobiota	3111.405	0.0	1555.7025	3340.86	2881.95	0.0	0.0	1670.43
los	103	GCA.002254745.1.Archaea.Thermoproteota	2146.08	0.0	1073.04	2387.58	1904.58	0.0	0.0	1193.79
spe	1099	1098	2899.85	1723.505	2311.6775	3167.29	2632.41	2078.78	1368.23	2267.76
hgt	720	GCA.002347965.1.Bacteria.UBA2233	2336.65	0.0	1168.325	2619.25	2054.05	0.0	0.0	1309.625
spe	109	108	2602.795	2228.635	2415.715	2795.16	2410.43	2492.25	1965.02	2380.09
spe	108	107	2228.635	1874.74	2051.6875	2492.25	1965.02	2176.29	1573.19	2032.72
los	107	GCA.001717025.1.Archaea.Thermoproteota	1874.74	0.0	937.37	2176.29	1573.19	0.0	0.0	1088.145
hgt	35	GCF.002201895.1.Archaea.Euryarchaeota	2647.665	0.0	1323.8325	2911.01	2384.32	0.0	0.0	1455.505
hgt	134	133	2080.28	1814.08	1947.18	2330.98	1829.58	2092.89	1535.27	1933.125
hgt	1317	GCA.002398485.1.Bacteria.Firmicutes.B	1219.28	0.0	609.64	1424.03	1014.53	0.0	0.0	712.015
hgt	797	GCA.002311335.1.Bacteria.Desulfobacterota.B	1933.19	0.0	966.595	2131.05	1735.33	0.0	0.0	1065.525
hgt	1088	GCA.002010365.1.Bacteria.Bipolaricaulota	1684.665	0.0	842.3325	1970.35	1398.98	0.0	0.0	985.175
hgt	1287	GCA.002329525.1.Bacteria.Firmicutes.C	1455.455	0.0	727.7275	1682.3	1228.61	0.0	0.0	841.15
hgt	86	GCA.001412335.1.Archaea.Halobacteriota	1547.845	0.0	773.9225	1766.34	1329.35	0.0	0.0	883.17
hgt	1330	GCA.003444595.1.Bacteria.Firmicutes.D	2019.045	0.0	1009.5225	2248.91	1789.18	0.0	0.0	1124.455
hgt	1438	GCA.002841995.1.Bacteria.Chloroflexota	1347.94	0.0	673.97	1557.13	1138.75	0.0	0.0	778.565
hgt	1304	GCA.002352935.1.Bacteria.Firmicutes.B	1212.67	0.0	606.335	1425.13	1000.21	0.0	0.0	712.565
hgt	1235	GCA.002376005.1.Bacteria.Firmicutes.E	2102.15	0.0	1051.075	2336.06	1868.24	0.0	0.0	1168.03
hgt	1098	GCA.003244105.1.Bacteria.Eremiobacterota	1723.505	0.0	861.7525	2078.78	1368.23	0.0	0.0	1039.39
hgt	1215	GCF.000328625.1.Bacteria.Firmicutes.F	1572.11	0.0	786.055	1879.68	1264.54	0.0	0.0	939.84
hgt	1163	GCF.000384115.1.Bacteria.Actinobacteriota	995.9815	0.0	497.99075	1205.77	786.193	0.0	0.0	602.885
hgt	1380	GCF.001049895.1.Bacteria.Firmicutes	1588.96	0.0	794.48	1755.87	1422.05	0.0	0.0	877.935
hgt	1273	GCF.000166335.1.Bacteria.Firmicutes.A	2372.06	0.0	1186.03	2551.07	2193.05	0.0	0.0	1275.535
hgt	68	GCA.002495185.1.Archaea.Thermoplasmatota	1880.675	0.0	940.3375	2109.24	1652.11	0.0	0.0	1054.62
spe	134	133	2080.28	1814.08	1947.18	2330.98	1829.58	2092.89	1535.27	1933.125
hgt	128	GCA.002011075.1.Archaea.Thermoproteota	930.467	0.0	465.2335	1201.25	659.684	0.0	0.0	600.625
hgt	107	GCA.003019535.1.Archaea.Thermoproteota	1874.74	0.0	937.37	2176.29	1573.19	0.0	0.0	1088.145
dup	133	GCA.002506605.1.Archaea.Thermoproteota	1814.08	0.0	907.04	2092.89	1535.27	0.0	0.0	1046.445
hgt	101	GCF.000011205.1.Archaea.Thermoproteota	1883.85	0.0	941.925	2144.44	1623.26	0.0	0.0	1072.22
dup	None	dead	0.0	0.0	0.0	0.0	0.0	0.0	0.0	0.0
dup	None	dead	0.0	0.0	0.0	0.0	0.0	0.0	0.0	0.0
hgt	853	GCA.003232385.1.Bacteria.SZUA.79	2065.005	0.0	1032.5025	2302.51	1827.5	0.0	0.0	1151.255
los	None	dead	0.0	0.0	0.0	0.0	0.0	0.0	0.0	0.0
hgt	1228	GCA.003023725.1.Bacteria.Firmicutes.E	2207.365	0.0	1103.6825	2441.9	1972.83	0.0	0.0	1220.95
los	None	dead	0.0	0.0	0.0	0.0	0.0	0.0	0.0	0.0
dup	None	dead	0.0	0.0	0.0	0.0	0.0	0.0	0.0	0.0
hgt	643	642	1502.7	1352.47	1427.585	1655.53	1349.87	1515.86	1189.08	1422.305
los	None	dead	0.0	0.0	0.0	0.0	0.0	0.0	0.0	0.0
spe	643	642	1502.7	1352.47	1427.585	1655.53	1349.87	1515.86	1189.08	1422.305
hgt	738	728	2387.34	2047.46	2217.4	2598.05	2176.63	2283.88	1811.04	2204.545
los	None	dead	0.0	0.0	0.0	0.0	0.0	0.0	0.0	0.0
spe	738	728	2387.34	2047.46	2217.4	2598.05	2176.63	2283.88	1811.04	2204.545
spe	728	727	2047.46	1801.01	1924.235	2283.88	1811.04	2055.82	1546.2	1915.04
los	727	GCA.001803815.1.Bacteria.Nitrospirota	1801.01	0.0	900.505	2055.82	1546.2	0.0	0.0	1027.91
spe	728	724	2047.46	1631.91	1839.685	2283.88	1811.04	1903.61	1360.21	1822.045
los	724	GCA.001914955.1.Bacteria.Nitrospirota	1631.91	0.0	815.955	1903.61	1360.21	0.0	0.0	951.805
spe	178	177	3649.25	3486.475	3567.8625	3713.37	3585.13	3512.52	3460.43	3586.9
spe	177	95	3486.475	3251.76	3369.1175	3512.52	3460.43	3341.54	3161.98	3337.25
hgt	None	dead	0.0	0.0	0.0	0.0	0.0	0.0	0.0	0.0
hgt	1068	GCA.002428295.1.Bacteria.Caldisericota	1804.715	0.0	902.3575	2116.99	1492.44	0.0	0.0	1058.495
los	None	dead	0.0	0.0	0.0	0.0	0.0	0.0	0.0	0.0
hgt	None	dead	0.0	0.0	0.0	0.0	0.0	0.0	0.0	0.0
hgt	113	GCA.002255025.1.Archaea.Thermoproteota	2111.275	0.0	1055.6375	2361.91	1860.64	0.0	0.0	1180.955
los	None	dead	0.0	0.0	0.0	0.0	0.0	0.0	0.0	0.0
spe	95	39	3251.76	2961.96	3106.86	3341.54	3161.98	3130.74	2793.18	3067.36
spe	39	38	2961.96	2493.245	2727.6025	3130.74	2793.18	2769.67	2216.82	2673.78
los	38	GCA.001515205.2.Archaea.Hadarchaeota	2493.245	0.0	1246.6225	2769.67	2216.82	0.0	0.0	1384.835
spe	39	35	2961.96	2647.665	2804.8125	3130.74	2793.18	2911.01	2384.32	2757.53
hgt	143	GCA.001940655.1.Archaea.Asgardarchaeota	2506.355	0.0	1253.1775	2769.4	2243.31	0.0	0.0	1384.7
los	35	GCF.002201895.1.Archaea.Euryarchaeota	2647.665	0.0	1323.8325	2911.01	2384.32	0.0	0.0	1455.505
spe	95	94	3251.76	3195.115	3223.4375	3341.54	3161.98	3301.05	3089.18	3215.36
hgt	None	dead	0.0	0.0	0.0	0.0	0.0	0.0	0.0	0.0
hgt	137	GCA.002255045.1.Archaea.Thermoproteota	2491.115	0.0	1245.5575	2707.1	2275.13	0.0	0.0	1353.55
los	None	dead	0.0	0.0	0.0	0.0	0.0	0.0	0.0	0.0
hgt	None	dead	0.0	0.0	0.0	0.0	0.0	0.0	0.0	0.0
dup	None	dead	0.0	0.0	0.0	0.0	0.0	0.0	0.0	0.0
dup	None	dead	0.0	0.0	0.0	0.0	0.0	0.0	0.0	0.0
hgt	65	GCA.001800745.1.Archaea.Thermoplasmatota	1417.775	0.0	708.8875	1651.47	1184.08	0.0	0.0	825.735
los	None	dead	0.0	0.0	0.0	0.0	0.0	0.0	0.0	0.0
hgt	1116	GCA.002898575.1.Bacteria.Armatimonadota	2382.81	0.0	1191.405	2709.7	2055.92	0.0	0.0	1354.85
los	None	dead	0.0	0.0	0.0	0.0	0.0	0.0	0.0	0.0
dup	None	dead	0.0	0.0	0.0	0.0	0.0	0.0	0.0	0.0
hgt	1426	GCF.001953175.1.Bacteria.Chloroflexota	2247.125	0.0	1123.5625	2482.54	2011.71	0.0	0.0	1241.27
los	None	dead	0.0	0.0	0.0	0.0	0.0	0.0	0.0	0.0
dup	None	dead	0.0	0.0	0.0	0.0	0.0	0.0	0.0	0.0
hgt	681	GCA.002712885.1.Bacteria.Acidobacteriota	1934.475	0.0	967.2375	2141.55	1727.4	0.0	0.0	1070.775
los	None	dead	0.0	0.0	0.0	0.0	0.0	0.0	0.0	0.0
hgt	741	GCA.001771285.1.Bacteria.Methylomirabilota	2099.065	0.0	1049.5325	2384.47	1813.66	0.0	0.0	1192.235
los	None	dead	0.0	0.0	0.0	0.0	0.0	0.0	0.0	0.0
spe	94	93	3195.115	2978.785	3086.95	3301.05	3089.18	3114.91	2842.66	3071.855
hgt	32	26	3162.845	606.986	1884.9155	3355.17	2970.52	862.723	351.249	1853.2095
spe	32	26	3162.845	606.986	1884.9155	3355.17	2970.52	862.723	351.249	1853.2095
spe	93	92	2978.785	2820.295	2899.54	3114.91	2842.66	2975.98	2664.61	2889.76
los	92	91	2820.295	2456.155	2638.225	2975.98	2664.61	2657.46	2254.85	2615.415
spe	92	70	2820.295	2306.48	2563.3875	2975.98	2664.61	2494.66	2118.3	2547.14
los	70	69	2306.48	2110.085	2208.2825	2494.66	2118.3	2307.92	1912.25	2203.455
spe	70	54	2306.48	2132.505	2219.4925	2494.66	2118.3	2336.0	1929.01	2211.835
spe	54	48	2132.505	1954.89	2043.6975	2336.0	1929.01	2176.6	1733.18	2034.59
los	48	GCA.003009755.1.Archaea.Thermoplasmatota	1954.89	0.0	977.445	2176.6	1733.18	0.0	0.0	1088.3
spe	48	47	1954.89	1758.69	1856.79	2176.6	1733.18	2012.02	1505.36	1840.98
spe	54	53	2132.505	1748.97	1940.7375	2336.0	1929.01	1980.44	1517.5	1926.75
hgt	None	dead	0.0	0.0	0.0	0.0	0.0	0.0	0.0	0.0
los	53	52	1748.97	1459.595	1604.2825	1980.44	1517.5	1710.74	1208.45	1594.445
hgt	116	GCA.001774245.1.Archaea.Thermoproteota	1247.9685	0.0	623.98425	1523.73	972.207	0.0	0.0	761.865
los	None	dead	0.0	0.0	0.0	0.0	0.0	0.0	0.0	0.0
hgt	176	140	3232.565	3044.4	3138.4825	3311.48	3153.65	3166.67	2922.13	3116.805
spe	94	42	3195.115	2648.12	2921.6175	3301.05	3089.18	2950.53	2345.71	2823.38
hgt	38	GCA.001515205.2.Archaea.Hadarchaeota	2493.245	0.0	1246.6225	2769.67	2216.82	0.0	0.0	1384.835
hgt	400	GCA.002707655.1.Bacteria.SAR324	2394.165	0.0	1197.0825	2660.57	2127.76	0.0	0.0	1330.285
hgt	837	GCA.001768075.1.Bacteria.Myxococcota	1633.315	0.0	816.6575	1837.63	1429.0	0.0	0.0	918.815
los	42	GCA.002502135.1.Archaea.Undinarchaeota	2648.12	0.0	1324.06	2950.53	2345.71	0.0	0.0	1475.265
spe	176	140	3232.565	3044.4	3138.4825	3311.48	3153.65	3166.67	2922.13	3116.805
hgt	86	84	1547.845	1360.205	1454.025	1766.34	1329.35	1583.15	1137.26	1451.8
spe	86	84	1547.845	1360.205	1454.025	1766.34	1329.35	1583.15	1137.26	1451.8
hgt	74	GCA.002011165.1.Archaea.Halobacteriota	1964.425	0.0	982.2125	2200.42	1728.43	0.0	0.0	1100.21
hgt	80	GCF.002114285.1.Archaea.Halobacteriota	1577.665	0.0	788.8325	1816.4	1338.93	0.0	0.0	908.2
hgt	91	GCA.003034855.1.Archaea.Halobacteriota	2456.155	0.0	1228.0775	2657.46	2254.85	0.0	0.0	1328.73
hgt	None	dead	0.0	0.0	0.0	0.0	0.0	0.0	0.0	0.0
hgt	118	GCA.001593855.1.Archaea.Thermoproteota	1963.41	0.0	981.705	2228.25	1698.57	0.0	0.0	1114.125
los	None	dead	0.0	0.0	0.0	0.0	0.0	0.0	0.0	0.0
hgt	None	dead	0.0	0.0	0.0	0.0	0.0	0.0	0.0	0.0
hgt	174	GCA.001940665.1.Archaea.Asgardarchaeota	2978.795	0.0	1489.3975	3092.22	2865.37	0.0	0.0	1546.11
spe	140	139	3044.4	2917.505	2980.9525	3166.67	2922.13	3054.61	2780.4	2973.535
spe	139	109	2917.505	2602.795	2760.15	3054.61	2780.4	2795.16	2410.43	2732.52
los	109	103	2602.795	2146.08	2374.4375	2795.16	2410.43	2387.58	1904.58	2349.87
spe	109	108	2602.795	2228.635	2415.715	2795.16	2410.43	2492.25	1965.02	2380.09
spe	108	107	2228.635	1874.74	2051.6875	2492.25	1965.02	2176.29	1573.19	2032.72
los	107	GCA.003019535.1.Archaea.Thermoproteota	1874.74	0.0	937.37	2176.29	1573.19	0.0	0.0	1088.145
spe	139	138	2917.505	2764.09	2840.7975	3054.61	2780.4	2929.91	2598.27	2826.44
hgt	None	dead	0.0	0.0	0.0	0.0	0.0	0.0	0.0	0.0
los	138	124	2764.09	2515.505	2639.7975	2929.91	2598.27	2722.55	2308.46	2619.185
hgt	150	GCA.001940645.1.Archaea.Asgardarchaeota	1958.415	0.0	979.2075	2236.46	1680.37	0.0	0.0	1118.23
los	None	dead	0.0	0.0	0.0	0.0	0.0	0.0	0.0	0.0
spe	138	137	2764.09	2491.115	2627.6025	2929.91	2598.27	2707.1	2275.13	2602.52
los	137	GCA.002255045.1.Archaea.Thermoproteota	2491.115	0.0	1245.5575	2707.1	2275.13	0.0	0.0	1353.55
spe	137	136	2491.115	2332.2	2411.6575	2707.1	2275.13	2572.88	2091.52	2399.31
los	136	GCA.000375685.1.Archaea.Thermoproteota	2332.2	0.0	1166.1	2572.88	2091.52	0.0	0.0	1286.44
spe	136	134	2332.2	2080.28	2206.24	2572.88	2091.52	2330.98	1829.58	2201.23
spe	134	133	2080.28	1814.08	1947.18	2330.98	1829.58	2092.89	1535.27	1933.125
hgt	59	GCA.002878135.1.Archaea.Thermoplasmatota	1444.935	0.0	722.4675	1674.12	1215.75	0.0	0.0	837.06
los	133	GCA.002506605.1.Archaea.Thermoproteota	1814.08	0.0	907.04	2092.89	1535.27	0.0	0.0	1046.445
hgt	113	GCA.001593865.1.Archaea.Thermoproteota	2111.275	0.0	1055.6375	2361.91	1860.64	0.0	0.0	1180.955
spe	134	130	2080.28	1916.685	1998.4825	2330.98	1829.58	2187.49	1645.88	1988.43
hgt	99	GCF.000092185.1.Archaea.Thermoproteota	1639.4	0.0	819.7	1901.87	1376.93	0.0	0.0	950.935
los	130	GCA.001510295.1.Archaea.Thermoproteota	1916.685	0.0	958.3425	2187.49	1645.88	0.0	0.0	1093.745
spe	130	128	1916.685	930.467	1423.576	2187.49	1645.88	1201.25	659.684	1423.587
hgt	93	GCF.000025525.1.Archaea.Methanobacteriota.A	2978.785	0.0	1489.3925	3114.91	2842.66	0.0	0.0	1557.455
hgt	91	90	2456.155	2213.885	2335.02	2657.46	2254.85	2419.47	2008.3	2332.88
los	None	dead	0.0	0.0	0.0	0.0	0.0	0.0	0.0	0.0
spe	91	90	2456.155	2213.885	2335.02	2657.46	2254.85	2419.47	2008.3	2332.88
spe	90	74	2213.885	1964.425	2089.155	2419.47	2008.3	2200.42	1728.43	2073.95
los	74	GCA.002011165.1.Archaea.Halobacteriota	1964.425	0.0	982.2125	2200.42	1728.43	0.0	0.0	1100.21
spe	90	89	2213.885	2018.03	2115.9575	2419.47	2008.3	2233.95	1802.11	2110.79
los	89	88	2018.03	1850.095	1934.0625	2233.95	1802.11	2065.66	1634.53	1934.24
spe	89	77	2018.03	1646.475	1832.2525	2233.95	1802.11	1886.1	1406.85	1820.4
hgt	121	GCA.001775995.1.Archaea.Thermoproteota	1743.665	0.0	871.8325	2016.22	1471.11	0.0	0.0	1008.11
hgt	31	GCA.001723855.1.Archaea.Altiarchaeota	2674.29	0.0	1337.145	2966.44	2382.14	0.0	0.0	1483.22
hgt	147	GCA.001940725.1.Archaea.Asgardarchaeota	2129.97	0.0	1064.985	2400.45	1859.49	0.0	0.0	1200.225
hgt	None	dead	0.0	0.0	0.0	0.0	0.0	0.0	0.0	0.0
hgt	31	GCA.001723855.1.Archaea.Altiarchaeota	2674.29	0.0	1337.145	2966.44	2382.14	0.0	0.0	1483.22
los	None	dead	0.0	0.0	0.0	0.0	0.0	0.0	0.0	0.0
hgt	None	dead	0.0	0.0	0.0	0.0	0.0	0.0	0.0	0.0
hgt	90	89	2213.885	2018.03	2115.9575	2419.47	2008.3	2233.95	1802.11	2110.79
los	None	dead	0.0	0.0	0.0	0.0	0.0	0.0	0.0	0.0
spe	90	89	2213.885	2018.03	2115.9575	2419.47	2008.3	2233.95	1802.11	2110.79
spe	89	77	2018.03	1646.475	1832.2525	2233.95	1802.11	1886.1	1406.85	1820.4
hgt	400	GCA.002707655.1.Bacteria.SAR324	2394.165	0.0	1197.0825	2660.57	2127.76	0.0	0.0	1330.285
hgt	74	GCA.002011165.1.Archaea.Halobacteriota	1964.425	0.0	982.2125	2200.42	1728.43	0.0	0.0	1100.21
spe	89	88	2018.03	1850.095	1934.0625	2233.95	1802.11	2065.66	1634.53	1934.24
spe	88	87	1850.095	1733.555	1791.825	2065.66	1634.53	1951.94	1515.17	1790.415
los	87	86	1733.555	1547.845	1640.7	1951.94	1515.17	1766.34	1329.35	1640.645
hgt	None	dead	0.0	0.0	0.0	0.0	0.0	0.0	0.0	0.0
hgt	84	GCF.000970205.1.Archaea.Halobacteriota	1360.205	0.0	680.1025	1583.15	1137.26	0.0	0.0	791.575
los	None	dead	0.0	0.0	0.0	0.0	0.0	0.0	0.0	0.0
hgt	None	dead	0.0	0.0	0.0	0.0	0.0	0.0	0.0	0.0
hgt	84	GCF.000011005.1.Archaea.Euryarchaeota	1360.205	0.0	680.1025	1583.15	1137.26	0.0	0.0	791.575
los	None	dead	0.0	0.0	0.0	0.0	0.0	0.0	0.0	0.0
spe	88	80	1850.095	1577.665	1713.88	2065.66	1634.53	1816.4	1338.93	1702.295
hgt	91	GCA.003034855.1.Archaea.Halobacteriota	2456.155	0.0	1228.0775	2657.46	2254.85	0.0	0.0	1328.73
hgt	326	GCF.900129635.1.Bacteria.Planctomycetota	1215.9915	0.0	607.99575	1444.02	987.963	0.0	0.0	722.01
hgt	837	GCA.001768075.1.Bacteria.Myxococcota	1633.315	0.0	816.6575	1837.63	1429.0	0.0	0.0	918.815
spe	177	176	3486.475	3232.565	3359.52	3512.52	3460.43	3311.48	3153.65	3333.085
spe	176	140	3232.565	3044.4	3138.4825	3311.48	3153.65	3166.67	2922.13	3116.805
spe	140	139	3044.4	2917.505	2980.9525	3166.67	2922.13	3054.61	2780.4	2973.535
los	139	109	2917.505	2602.795	2760.15	3054.61	2780.4	2795.16	2410.43	2732.52
spe	139	138	2917.505	2764.09	2840.7975	3054.61	2780.4	2929.91	2598.27	2826.44
los	138	137	2764.09	2491.115	2627.6025	2929.91	2598.27	2707.1	2275.13	2602.52
spe	138	124	2764.09	2515.505	2639.7975	2929.91	2598.27	2722.55	2308.46	2619.185
los	124	GCA.002495485.1.Archaea.Thermoproteota	2515.505	0.0	1257.7525	2722.55	2308.46	0.0	0.0	1361.275
spe	124	123	2515.505	2385.055	2450.28	2722.55	2308.46	2599.87	2170.24	2446.395
spe	123	113	2385.055	2111.275	2248.165	2599.87	2170.24	2361.91	1860.64	2230.255
hgt	101	99	1883.85	1639.4	1761.625	2144.44	1623.26	1901.87	1376.93	1760.685
hgt	133	GCA.000405685.1.Archaea.Thermoproteota	1814.08	0.0	907.04	2092.89	1535.27	0.0	0.0	1046.445
hgt	108	GCF.000148385.1.Archaea.Thermoproteota	2228.635	0.0	1114.3175	2492.25	1965.02	0.0	0.0	1246.125
hgt	59	GCA.002878135.1.Archaea.Thermoplasmatota	1444.935	0.0	722.4675	1674.12	1215.75	0.0	0.0	837.06
hgt	107	GCA.001717025.1.Archaea.Thermoproteota	1874.74	0.0	937.37	2176.29	1573.19	0.0	0.0	1088.145
spe	101	99	1883.85	1639.4	1761.625	2144.44	1623.26	1901.87	1376.93	1760.685
hgt	147	GCA.001940725.1.Archaea.Asgardarchaeota	2129.97	0.0	1064.985	2400.45	1859.49	0.0	0.0	1200.225
hgt	None	dead	0.0	0.0	0.0	0.0	0.0	0.0	0.0	0.0
hgt	130	128	1916.685	930.467	1423.576	2187.49	1645.88	1201.25	659.684	1423.587
los	None	dead	0.0	0.0	0.0	0.0	0.0	0.0	0.0	0.0
spe	130	128	1916.685	930.467	1423.576	2187.49	1645.88	1201.25	659.684	1423.587
hgt	None	dead	0.0	0.0	0.0	0.0	0.0	0.0	0.0	0.0
hgt	74	GCF.000194625.1.Archaea.Halobacteriota	1964.425	0.0	982.2125	2200.42	1728.43	0.0	0.0	1100.21
los	None	dead	0.0	0.0	0.0	0.0	0.0	0.0	0.0	0.0
spe	123	122	2385.055	2203.735	2294.395	2599.87	2170.24	2434.44	1973.03	2286.45
spe	122	121	2203.735	1743.665	1973.7	2434.44	1973.03	2016.22	1471.11	1952.775
los	121	GCA.001273335.1.Archaea.Thermoproteota	1743.665	0.0	871.8325	2016.22	1471.11	0.0	0.0	1008.11
spe	122	118	2203.735	1963.41	2083.5725	2434.44	1973.03	2228.25	1698.57	2066.505
los	118	116	1963.41	1247.9685	1605.68925	2228.25	1698.57	1523.73	972.207	1600.2285
spe	176	175	3232.565	3094.86	3163.7125	3311.48	3153.65	3202.25	2987.47	3149.475
hgt	None	dead	0.0	0.0	0.0	0.0	0.0	0.0	0.0	0.0
hgt	60	GCF.002078355.1.Archaea.Thermoplasmatota	1729.97	0.0	864.985	1959.88	1500.06	0.0	0.0	979.94
los	None	dead	0.0	0.0	0.0	0.0	0.0	0.0	0.0	0.0
hgt	93	GCF.000025525.1.Archaea.Methanobacteriota.A	2978.785	0.0	1489.3925	3114.91	2842.66	0.0	0.0	1557.455
spe	175	174	3094.86	2978.795	3036.8275	3202.25	2987.47	3092.22	2865.37	3033.81
spe	174	173	2978.795	2879.565	2929.18	3092.22	2865.37	3003.72	2755.41	2923.815
los	173	172	2879.565	1667.17	2273.3675	3003.72	2755.41	1801.03	1533.31	2268.515
spe	173	151	2879.565	2655.89	2767.7275	3003.72	2755.41	2813.75	2498.03	2750.875
los	151	150	2655.89	1958.415	2307.1525	2813.75	2498.03	2236.46	1680.37	2247.06
spe	151	147	2655.89	2129.97	2392.93	2813.75	2498.03	2400.45	1859.49	2336.62
los	147	GCA.001940755.1.Archaea.Asgardarchaeota	2129.97	0.0	1064.985	2400.45	1859.49	0.0	0.0	1200.225
hgt	95	39	3251.76	2961.96	3106.86	3341.54	3161.98	3130.74	2793.18	3067.36
spe	95	39	3251.76	2961.96	3106.86	3341.54	3161.98	3130.74	2793.18	3067.36
spe	39	35	2961.96	2647.665	2804.8125	3130.74	2793.18	2911.01	2384.32	2757.53
los	35	GCF.002201895.1.Archaea.Euryarchaeota	2647.665	0.0	1323.8325	2911.01	2384.32	0.0	0.0	1455.505
spe	39	38	2961.96	2493.245	2727.6025	3130.74	2793.18	2769.67	2216.82	2673.78
los	38	GCA.001515205.2.Archaea.Hadarchaeota	2493.245	0.0	1246.6225	2769.67	2216.82	0.0	0.0	1384.835
spe	175	143	3094.86	2506.355	2800.6075	3202.25	2987.47	2769.4	2243.31	2722.78
hgt	31	GCA.001723855.1.Archaea.Altiarchaeota	2674.29	0.0	1337.145	2966.44	2382.14	0.0	0.0	1483.22
los	143	GCA.001563325.1.Archaea.Asgardarchaeota	2506.355	0.0	1253.1775	2769.4	2243.31	0.0	0.0	1384.7
hgt	38	GCA.001515205.2.Archaea.Hadarchaeota	2493.245	0.0	1246.6225	2769.67	2216.82	0.0	0.0	1384.835
hgt	150	GCA.001940645.1.Archaea.Asgardarchaeota	1958.415	0.0	979.2075	2236.46	1680.37	0.0	0.0	1118.23
hgt	60	GCF.002078355.1.Archaea.Thermoplasmatota	1729.97	0.0	864.985	1959.88	1500.06	0.0	0.0	979.94
hgt	1389	1237	2995.16	2548.64	2771.9	3145.66	2844.66	2742.96	2354.32	2749.99
los	None	dead	0.0	0.0	0.0	0.0	0.0	0.0	0.0	0.0
spe	1389	1237	2995.16	2548.64	2771.9	3145.66	2844.66	2742.96	2354.32	2749.99
hgt	1385	1384	2489.295	2053.965	2271.63	2657.44	2321.15	2227.59	1880.34	2268.89
hgt	1325	1324	2256.125	2152.01	2204.0675	2432.87	2079.38	2327.59	1976.43	2204.65
spe	1237	1221	2548.64	2065.095	2306.8675	2742.96	2354.32	2339.28	1790.91	2266.935
hgt	1305	GCF.002207765.1.Bacteria.Firmicutes.B	1518.03	0.0	759.015	1722.41	1313.65	0.0	0.0	861.205
hgt	1285	1281	1344.265	1116.4885	1230.37675	1565.83	1122.7	1331.85	901.127	1233.4785
spe	1285	1281	1344.265	1116.4885	1230.37675	1565.83	1122.7	1331.85	901.127	1233.4785
spe	1281	1280	1116.4885	953.42	1034.95425	1331.85	901.127	1163.28	743.56	1037.705
los	1280	GCF.000430605.1.Bacteria.Firmicutes.C	953.42	0.0	476.71	1163.28	743.56	0.0	0.0	581.64
dup	1280	GCF.900104455.1.Bacteria.Firmicutes.C	953.42	0.0	476.71	1163.28	743.56	0.0	0.0	581.64
dup	1281	GCF.002257705.1.Bacteria.Firmicutes.C	1116.4885	0.0	558.24425	1331.85	901.127	0.0	0.0	665.925
spe	1325	1324	2256.125	2152.01	2204.0675	2432.87	2079.38	2327.59	1976.43	2204.65
spe	1324	1308	2152.01	1925.235	2038.6225	2327.59	1976.43	2113.94	1736.53	2032.06
los	1308	1300	1925.235	1565.1	1745.1675	2113.94	1736.53	1781.13	1349.07	1731.505
spe	1308	1307	1925.235	1703.5	1814.3675	2113.94	1736.53	1894.89	1512.11	1813.025
los	1307	1305	1703.5	1518.03	1610.765	1894.89	1512.11	1722.41	1313.65	1604.27
spe	1324	1323	2152.01	2061.88	2106.945	2327.59	1976.43	2241.44	1882.32	2104.955
spe	1323	1322	2061.88	1700.81	1881.345	2241.44	1882.32	1909.29	1492.33	1866.885
hgt	1216	GCF.000020005.1.Bacteria.Firmicutes.D	2264.52	0.0	1132.26	2522.36	2006.68	0.0	0.0	1261.18
los	1322	GCA.001512665.1.Bacteria.Firmicutes.B	1700.81	0.0	850.405	1909.29	1492.33	0.0	0.0	954.645
hgt	1330	GCA.003444595.1.Bacteria.Firmicutes.D	2019.045	0.0	1009.5225	2248.91	1789.18	0.0	0.0	1124.455
hgt	1333	GCF.900111575.1.Bacteria.Firmicutes.D	2115.765	0.0	1057.8825	2320.01	1911.52	0.0	0.0	1160.005
hgt	1300	GCF.000620305.1.Bacteria.Firmicutes.B	1565.1	0.0	782.55	1781.13	1349.07	0.0	0.0	890.565
hgt	1292	GCF.001950325.1.Bacteria.Firmicutes.B	1962.37	0.0	981.185	2188.61	1736.13	0.0	0.0	1094.305
spe	1323	1319	2061.88	1933.46	1997.67	2241.44	1882.32	2119.98	1746.94	1994.19
spe	1319	1318	1933.46	1818.985	1876.2225	2119.98	1746.94	2011.41	1626.56	1873.27
spe	1318	1317	1818.985	1219.28	1519.1325	2011.41	1626.56	1424.03	1014.53	1512.97
hgt	1380	GCF.001049895.1.Bacteria.Firmicutes	1588.96	0.0	794.48	1755.87	1422.05	0.0	0.0	877.935
los	1317	GCA.002398485.1.Bacteria.Firmicutes.B	1219.28	0.0	609.64	1424.03	1014.53	0.0	0.0	712.015
spe	1317	1315	1219.28	1023.5775	1121.42875	1424.03	1014.53	1225.27	821.885	1122.9575
hgt	880	GCA.001577715.1.Bacteria.Desulfobacterota	1550.835	0.0	775.4175	1763.87	1337.8	0.0	0.0	881.935
los	1315	GCA.002482535.1.Bacteria.Firmicutes.B	1023.5775	0.0	511.78875	1225.27	821.885	0.0	0.0	612.635
hgt	None	dead	0.0	0.0	0.0	0.0	0.0	0.0	0.0	0.0
los	1318	1312	1818.985	1521.75	1670.3675	2011.41	1626.56	1739.03	1304.47	1657.94
hgt	1285	1281	1344.265	1116.4885	1230.37675	1565.83	1122.7	1331.85	901.127	1233.4785
los	None	dead	0.0	0.0	0.0	0.0	0.0	0.0	0.0	0.0
spe	1285	1281	1344.265	1116.4885	1230.37675	1565.83	1122.7	1331.85	901.127	1233.4785
spe	1281	1280	1116.4885	953.42	1034.95425	1331.85	901.127	1163.28	743.56	1037.705
los	1280	GCF.900104455.1.Bacteria.Firmicutes.C	953.42	0.0	476.71	1163.28	743.56	0.0	0.0	581.64
dup	1281	GCF.002257705.1.Bacteria.Firmicutes.C	1116.4885	0.0	558.24425	1331.85	901.127	0.0	0.0	665.925
dup	1281	GCF.002257705.1.Bacteria.Firmicutes.C	1116.4885	0.0	558.24425	1331.85	901.127	0.0	0.0	665.925
hgt	1375	GCF.000178255.1.Bacteria.Firmicutes	776.4135	0.0	388.20675	902.908	649.919	0.0	0.0	451.454
spe	1385	1384	2489.295	2053.965	2271.63	2657.44	2321.15	2227.59	1880.34	2268.89
spe	1384	1383	2053.965	1928.425	1991.195	2227.59	1880.34	2100.2	1756.65	1992.12
hgt	None	dead	0.0	0.0	0.0	0.0	0.0	0.0	0.0	0.0
spe	1383	1382	1928.425	1812.955	1870.69	2100.2	1756.65	1984.88	1641.03	1870.615
spe	1382	1381	1812.955	1697.085	1755.02	1984.88	1641.03	1866.73	1527.44	1756.16
los	1381	1351	1697.085	1602.01	1649.5475	1866.73	1527.44	1773.61	1430.41	1648.57
spe	1381	1380	1697.085	1588.96	1643.0225	1866.73	1527.44	1755.87	1422.05	1644.39
spe	1380	1379	1588.96	1514.47	1551.715	1755.87	1422.05	1680.25	1348.69	1552.28
los	1379	1378	1514.47	1207.485	1360.9775	1680.25	1348.69	1362.77	1052.2	1366.225
spe	1379	1355	1514.47	1273.085	1393.7775	1680.25	1348.69	1444.33	1101.84	1391.045
los	1355	GCF.000503775.1.Bacteria.Firmicutes	1273.085	0.0	636.5425	1444.33	1101.84	0.0	0.0	722.165
spe	1382	1344	1812.955	1531.325	1672.14	1984.88	1641.03	1719.64	1343.01	1663.945
hgt	1360	GCF.002902625.1.Bacteria.Firmicutes	814.663	0.0	407.3315	955.024	674.302	0.0	0.0	477.512
los	1344	GCA.002159075.1.Bacteria.Firmicutes	1531.325	0.0	765.6625	1719.64	1343.01	0.0	0.0	859.82
dup	None	dead	0.0	0.0	0.0	0.0	0.0	0.0	0.0	0.0
hgt	1355	GCF.000503775.1.Bacteria.Firmicutes	1273.085	0.0	636.5425	1444.33	1101.84	0.0	0.0	722.165
los	None	dead	0.0	0.0	0.0	0.0	0.0	0.0	0.0	0.0
hgt	1347	GCF.900099895.1.Bacteria.Firmicutes	1294.365	0.0	647.1825	1476.68	1112.05	0.0	0.0	738.34
los	None	dead	0.0	0.0	0.0	0.0	0.0	0.0	0.0	0.0
spe	1383	1341	1928.425	1562.96	1745.6925	2100.2	1756.65	1772.81	1353.11	1726.655
hgt	1355	GCF.004522215.1.Bacteria.Firmicutes	1273.085	0.0	636.5425	1444.33	1101.84	0.0	0.0	722.165
hgt	1347	GCF.900099895.1.Bacteria.Firmicutes	1294.365	0.0	647.1825	1476.68	1112.05	0.0	0.0	738.34
los	1341	GCF.001653195.1.Bacteria.Firmicutes	1562.96	0.0	781.48	1772.81	1353.11	0.0	0.0	886.405
spe	1384	1338	2053.965	1618.77	1836.3675	2227.59	1880.34	1818.56	1418.98	1823.285
hgt	1350	GCF.001742305.1.Bacteria.Firmicutes	1409.0	0.0	704.5	1596.52	1221.48	0.0	0.0	798.26
spe	1338	1337	1618.77	1358.655	1488.7125	1818.56	1418.98	1579.49	1137.82	1478.19
hgt	1191	GCA.002408345.1.Bacteria.Firmicutes.G	2225.115	0.0	1112.5575	2540.46	1909.77	0.0	0.0	1270.23
los	1337	GCF.001399675.1.Bacteria.Firmicutes	1358.655	0.0	679.3275	1579.49	1137.82	0.0	0.0	789.745
hgt	1341	GCF.001653195.1.Bacteria.Firmicutes	1562.96	0.0	781.48	1772.81	1353.11	0.0	0.0	886.405
dup	1341	GCF.001653195.1.Bacteria.Firmicutes	1562.96	0.0	781.48	1772.81	1353.11	0.0	0.0	886.405
spe	1237	1236	2548.64	2380.34	2464.49	2742.96	2354.32	2593.02	2167.66	2455.31
los	1236	1235	2380.34	2102.15	2241.245	2593.02	2167.66	2336.06	1868.24	2230.63
spe	1236	1228	2380.34	2207.365	2293.8525	2593.02	2167.66	2441.9	1972.83	2282.925
spe	1228	1227	2207.365	1969.33	2088.3475	2441.9	1972.83	2217.32	1721.34	2081.62
los	1227	1226	1969.33	1819.185	1894.2575	2217.32	1721.34	2087.96	1550.41	1883.865
hgt	1004	GCA.002791595.1.Bacteria.Zixibacteria	1511.205	0.0	755.6025	1770.4	1252.01	0.0	0.0	885.2
hgt	1284	GCF.001553315.1.Bacteria.Firmicutes.C	1051.609	0.0	525.8045	1266.32	836.898	0.0	0.0	633.16
hgt	1645	GCF.000212395.1.Bacteria.Thermodesulfobiota	3111.405	0.0	1555.7025	3340.86	2881.95	0.0	0.0	1670.43
spe	1725	1724	3734.58	3628.125	3681.3525	3857.32	3611.84	3750.92	3505.33	3681.325
spe	1724	1723	3628.125	3473.32	3550.7225	3750.92	3505.33	3598.84	3347.8	3549.36
hgt	None	dead	0.0	0.0	0.0	0.0	0.0	0.0	0.0	0.0
los	1723	1722	3473.32	3258.43	3365.875	3598.84	3347.8	3379.98	3136.88	3367.86
hgt	1063	GCA.002878315.1.Bacteria.Thermotogota	1808.72	0.0	904.36	2124.28	1493.16	0.0	0.0	1062.14
los	None	dead	0.0	0.0	0.0	0.0	0.0	0.0	0.0	0.0
dup	1063	GCA.002878315.1.Bacteria.Thermotogota	1808.72	0.0	904.36	2124.28	1493.16	0.0	0.0	1062.14
spe	1723	1657	3473.32	3302.405	3387.8625	3598.84	3347.8	3453.53	3151.28	3375.06
los	1657	1645	3302.405	3111.405	3206.905	3453.53	3151.28	3340.86	2881.95	3167.74
spe	1657	1656	3302.405	3049.13	3175.7675	3453.53	3151.28	3238.64	2859.62	3156.575
spe	1656	1655	3049.13	2266.66	2657.895	3238.64	2859.62	2585.89	1947.43	2593.035
los	1655	GCA.001771365.1.Bacteria.Margulisbacteria	2266.66	0.0	1133.33	2585.89	1947.43	0.0	0.0	1292.945
spe	1656	1652	3049.13	2477.145	2763.1375	3238.64	2859.62	2760.46	2193.83	2716.235
spe	1652	1651	2477.145	2156.75	2316.9475	2760.46	2193.83	2473.24	1840.26	2300.36
hgt	183	GCA.002402105.1.Bacteria.UBP17	2959.72	0.0	1479.86	3396.2	2523.24	0.0	0.0	1698.1
los	1651	GCA.001783275.1.Bacteria.Margulisbacteria	2156.75	0.0	1078.375	2473.24	1840.26	0.0	0.0	1236.62
hgt	370	GCF.000092845.1.Bacteria.Spirochaetota	2115.08	0.0	1057.54	2426.61	1803.55	0.0	0.0	1213.305
hgt	941	GCA.003477045.1.Bacteria.Delongbacteria	2334.605	0.0	1167.3025	2549.68	2119.53	0.0	0.0	1274.84
los	1652	1648	2477.145	1861.39	2169.2675	2760.46	2193.83	2199.17	1523.61	2142.035
hgt	None	dead	0.0	0.0	0.0	0.0	0.0	0.0	0.0	0.0
hgt	674	GCA.002747255.1.Bacteria.Acidobacteriota	1948.825	0.0	974.4125	2211.19	1686.46	0.0	0.0	1105.595
los	None	dead	0.0	0.0	0.0	0.0	0.0	0.0	0.0	0.0
hgt	None	dead	0.0	0.0	0.0	0.0	0.0	0.0	0.0	0.0
los	1724	1642	3628.125	3541.065	3584.595	3750.92	3505.33	3668.81	3413.32	3582.12
hgt	1006	1004	1724.14	1511.205	1617.6725	1977.72	1470.56	1770.4	1252.01	1614.865
los	None	dead	0.0	0.0	0.0	0.0	0.0	0.0	0.0	0.0
spe	1006	1004	1724.14	1511.205	1617.6725	1977.72	1470.56	1770.4	1252.01	1614.865
hgt	940	GCA.002127415.1.Bacteria.AABM5.125.24	1909.055	0.0	954.5275	2165.97	1652.14	0.0	0.0	1082.985
