event	left_node	right_node	left_date	right_date	midpoint_date	left_date_lower	left_date_upper	right_date_lower	right_date_upper	midpoint_date_all
spe	178	177	3649.25	3486.475	3567.8625	3713.37	3585.13	3512.52	3460.43	3586.9
spe	177	95	3486.475	3251.76	3369.1175	3512.52	3460.43	3341.54	3161.98	3337.25
los	95	94	3251.76	3195.115	3223.4375	3341.54	3161.98	3301.05	3089.18	3215.36
spe	95	39	3251.76	2961.96	3106.86	3341.54	3161.98	3130.74	2793.18	3067.36
spe	39	38	2961.96	2493.245	2727.6025	3130.74	2793.18	2769.67	2216.82	2673.78
hgt	1452	GCA.002348045.1.Bacteria.Chloroflexota	1623.74	0.0	811.87	1926.13	1321.35	0.0	0.0	963.065
los	38	GCF.002214485.1.Archaea.Methanobacteriota.B	2493.245	0.0	1246.6225	2769.67	2216.82	0.0	0.0	1384.835
spe	39	35	2961.96	2647.665	2804.8125	3130.74	2793.18	2911.01	2384.32	2757.53
hgt	None	dead	0.0	0.0	0.0	0.0	0.0	0.0	0.0	0.0
hgt	None	dead	0.0	0.0	0.0	0.0	0.0	0.0	0.0	0.0
hgt	1322	GCA.000961765.1.Bacteria.Firmicutes.B	1700.81	0.0	850.405	1909.29	1492.33	0.0	0.0	954.645
los	None	dead	0.0	0.0	0.0	0.0	0.0	0.0	0.0	0.0
dup	1322	GCA.000961765.1.Bacteria.Firmicutes.B	1700.81	0.0	850.405	1909.29	1492.33	0.0	0.0	954.645
dup	1322	GCA.000961765.1.Bacteria.Firmicutes.B	1700.81	0.0	850.405	1909.29	1492.33	0.0	0.0	954.645
hgt	1462	GCA.002436065.1.Bacteria.Chloroflexota	2298.115	0.0	1149.0575	2545.29	2050.94	0.0	0.0	1272.645
hgt	1058	GCA.001443005.1.Bacteria.Synergistota	2648.915	0.0	1324.4575	2961.31	2336.52	0.0	0.0	1480.655
hgt	742	741	2707.335	2099.065	2403.2	2896.17	2518.5	2384.47	1813.66	2354.915
hgt	None	dead	0.0	0.0	0.0	0.0	0.0	0.0	0.0	0.0
hgt	107	GCA.001717025.1.Archaea.Thermoproteota	1874.74	0.0	937.37	2176.29	1573.19	0.0	0.0	1088.145
los	None	dead	0.0	0.0	0.0	0.0	0.0	0.0	0.0	0.0
hgt	None	dead	0.0	0.0	0.0	0.0	0.0	0.0	0.0	0.0
hgt	861	GCA.001304105.1.Bacteria.Desulfobacterota	1645.455	0.0	822.7275	1870.52	1420.39	0.0	0.0	935.26
los	None	dead	0.0	0.0	0.0	0.0	0.0	0.0	0.0	0.0
hgt	754	746	2364.085	2036.715	2200.4	2588.61	2139.56	2336.38	1737.05	2162.83
spe	742	741	2707.335	2099.065	2403.2	2896.17	2518.5	2384.47	1813.66	2354.915
spe	754	746	2364.085	2036.715	2200.4	2588.61	2139.56	2336.38	1737.05	2162.83
dup	None	dead	0.0	0.0	0.0	0.0	0.0	0.0	0.0	0.0
hgt	1322	GCA.000961765.1.Bacteria.Firmicutes.B	1700.81	0.0	850.405	1909.29	1492.33	0.0	0.0	954.645
los	None	dead	0.0	0.0	0.0	0.0	0.0	0.0	0.0	0.0
hgt	1178	GCA.002347645.1.Bacteria.Actinobacteriota	1673.74	0.0	836.87	1926.76	1420.72	0.0	0.0	963.38
los	None	dead	0.0	0.0	0.0	0.0	0.0	0.0	0.0	0.0
hgt	None	dead	0.0	0.0	0.0	0.0	0.0	0.0	0.0	0.0
hgt	1240	GCF.900142995.1.Bacteria.Firmicutes.A	2224.995	0.0	1112.4975	2447.68	2002.31	0.0	0.0	1223.84
los	None	dead	0.0	0.0	0.0	0.0	0.0	0.0	0.0	0.0
dup	1240	GCF.900142995.1.Bacteria.Firmicutes.A	2224.995	0.0	1112.4975	2447.68	2002.31	0.0	0.0	1223.84
hgt	1173	GCA.001768675.1.Bacteria.Actinobacteriota	1615.325	0.0	807.6625	1879.87	1350.78	0.0	0.0	939.935
hgt	686	GCA.002451015.1.Bacteria.Acidobacteriota	1699.78	0.0	849.89	1911.59	1487.97	0.0	0.0	955.795
hgt	1425	GCA.003229915.1.Bacteria.Chloroflexota	2026.57	0.0	1013.285	2261.53	1791.61	0.0	0.0	1130.765
hgt	1069	GCF.000378005.1.Bacteria.Coprothermobacterota	2077.72	0.0	1038.86	2370.86	1784.58	0.0	0.0	1185.43
hgt	397	GCF.000526155.1.Bacteria.Desulfobacterota	3012.355	0.0	1506.1775	3169.34	2855.37	0.0	0.0	1584.67
los	35	GCF.002201895.1.Archaea.Euryarchaeota	2647.665	0.0	1323.8325	2911.01	2384.32	0.0	0.0	1455.505
dup	397	GCF.000526155.1.Bacteria.Desulfobacterota	3012.355	0.0	1506.1775	3169.34	2855.37	0.0	0.0	1584.67
hgt	None	dead	0.0	0.0	0.0	0.0	0.0	0.0	0.0	0.0
hgt	686	GCA.002451015.1.Bacteria.Acidobacteriota	1699.78	0.0	849.89	1911.59	1487.97	0.0	0.0	955.795
los	None	dead	0.0	0.0	0.0	0.0	0.0	0.0	0.0	0.0
hgt	1274	1240	2600.015	2224.995	2412.505	2770.93	2429.1	2447.68	2002.31	2386.62
hgt	None	dead	0.0	0.0	0.0	0.0	0.0	0.0	0.0	0.0
dup	None	dead	0.0	0.0	0.0	0.0	0.0	0.0	0.0	0.0
hgt	1292	GCF.000024605.1.Bacteria.Firmicutes.B	1962.37	0.0	981.185	2188.61	1736.13	0.0	0.0	1094.305
los	None	dead	0.0	0.0	0.0	0.0	0.0	0.0	0.0	0.0
hgt	1312	GCF.002607855.1.Bacteria.Firmicutes.B	1521.75	0.0	760.875	1739.03	1304.47	0.0	0.0	869.515
los	None	dead	0.0	0.0	0.0	0.0	0.0	0.0	0.0	0.0
hgt	1389	1237	2995.16	2548.64	2771.9	3145.66	2844.66	2742.96	2354.32	2749.99
hgt	None	dead	0.0	0.0	0.0	0.0	0.0	0.0	0.0	0.0
hgt	873	871	1792.01	1532.675	1662.3425	1991.39	1592.63	1744.25	1321.1	1656.245
hgt	1183	GCA.002347365.1.Bacteria.Actinobacteriota	2026.845	0.0	1013.4225	2306.44	1747.25	0.0	0.0	1153.22
dup	397	GCF.000526155.1.Bacteria.Desulfobacterota	3012.355	0.0	1506.1775	3169.34	2855.37	0.0	0.0	1584.67
spe	873	871	1792.01	1532.675	1662.3425	1991.39	1592.63	1744.25	1321.1	1656.245
hgt	857	GCA.002010915.1.Bacteria.Desulfobacterota	1980.505	0.0	990.2525	2203.95	1757.06	0.0	0.0	1101.975
hgt	880	GCA.001577715.1.Bacteria.Desulfobacterota	1550.835	0.0	775.4175	1763.87	1337.8	0.0	0.0	881.935
hgt	837	GCA.001768075.1.Bacteria.Myxococcota	1633.315	0.0	816.6575	1837.63	1429.0	0.0	0.0	918.815
hgt	895	GCA.002897695.1.Bacteria.BMS3Abin14	2233.715	0.0	1116.8575	2507.56	1959.87	0.0	0.0	1253.78
hgt	883	GCA.000961655.1.Bacteria.Desulfobacterota	1441.77	0.0	720.885	1657.06	1226.48	0.0	0.0	828.53
hgt	732	GCA.003153275.1.Bacteria.Nitrospirota	1418.365	0.0	709.1825	1679.42	1157.31	0.0	0.0	839.71
hgt	376	GCA.002418835.1.Bacteria.Spirochaetota	2164.345	0.0	1082.1725	2427.34	1901.35	0.0	0.0	1213.67
hgt	877	GCF.000620765.1.Bacteria.Desulfobacterota.I	1826.365	0.0	913.1825	2034.01	1618.72	0.0	0.0	1017.005
hgt	849	GCF.000266945.1.Bacteria.Desulfobacterota	1938.415	0.0	969.2075	2174.57	1702.26	0.0	0.0	1087.285
hgt	1285	1281	1344.265	1116.4885	1230.37675	1565.83	1122.7	1331.85	901.127	1233.4785
los	None	dead	0.0	0.0	0.0	0.0	0.0	0.0	0.0	0.0
spe	1285	1281	1344.265	1116.4885	1230.37675	1565.83	1122.7	1331.85	901.127	1233.4785
spe	1281	1280	1116.4885	953.42	1034.95425	1331.85	901.127	1163.28	743.56	1037.705
los	1280	GCF.900104455.1.Bacteria.Firmicutes.C	953.42	0.0	476.71	1163.28	743.56	0.0	0.0	581.64
hgt	1322	GCA.000961765.1.Bacteria.Firmicutes.B	1700.81	0.0	850.405	1909.29	1492.33	0.0	0.0	954.645
hgt	1288	GCA.002411145.1.Bacteria.Firmicutes.C	1737.805	0.0	868.9025	1959.07	1516.54	0.0	0.0	979.535
hgt	1216	GCF.000020005.1.Bacteria.Firmicutes.D	2264.52	0.0	1132.26	2522.36	2006.68	0.0	0.0	1261.18
dup	1322	GCA.000961765.1.Bacteria.Firmicutes.B	1700.81	0.0	850.405	1909.29	1492.33	0.0	0.0	954.645
hgt	None	dead	0.0	0.0	0.0	0.0	0.0	0.0	0.0	0.0
hgt	150	GCA.003144275.1.Archaea.Asgardarchaeota	1958.415	0.0	979.2075	2236.46	1680.37	0.0	0.0	1118.23
los	None	dead	0.0	0.0	0.0	0.0	0.0	0.0	0.0	0.0
dup	150	GCA.003144275.1.Archaea.Asgardarchaeota	1958.415	0.0	979.2075	2236.46	1680.37	0.0	0.0	1118.23
spe	1389	1237	2995.16	2548.64	2771.9	3145.66	2844.66	2742.96	2354.32	2749.99
spe	1237	1221	2548.64	2065.095	2306.8675	2742.96	2354.32	2339.28	1790.91	2266.935
hgt	1307	GCA.000987045.1.Bacteria.Firmicutes.B	1703.5	0.0	851.75	1894.89	1512.11	0.0	0.0	947.445
spe	1237	1236	2548.64	2380.34	2464.49	2742.96	2354.32	2593.02	2167.66	2455.31
spe	1236	1235	2380.34	2102.15	2241.245	2593.02	2167.66	2336.06	1868.24	2230.63
spe	1235	1234	2102.15	1826.555	1964.3525	2336.06	1868.24	2072.98	1580.13	1958.095
hgt	1296	GCF.900176005.1.Bacteria.Firmicutes.B	1805.085	0.0	902.5425	2032.76	1577.41	0.0	0.0	1016.38
los	1234	GCA.003599345.1.Bacteria.Firmicutes.E	1826.555	0.0	913.2775	2072.98	1580.13	0.0	0.0	1036.49
spe	1234	1233	1826.555	1501.49	1664.0225	2072.98	1580.13	1760.32	1242.66	1657.82
hgt	91	GCA.003034855.1.Archaea.Halobacteriota	2456.155	0.0	1228.0775	2657.46	2254.85	0.0	0.0	1328.73
los	1233	GCA.003449495.1.Bacteria.Firmicutes.E	1501.49	0.0	750.745	1760.32	1242.66	0.0	0.0	880.16
hgt	1087	GCA.003535305.1.Bacteria.Bipolaricaulota	1326.12	0.0	663.06	1606.52	1045.72	0.0	0.0	803.26
hgt	None	dead	0.0	0.0	0.0	0.0	0.0	0.0	0.0	0.0
hgt	1439	GCF.900187885.1.Bacteria.Chloroflexota	1555.635	0.0	777.8175	1768.59	1342.68	0.0	0.0	884.295
los	None	dead	0.0	0.0	0.0	0.0	0.0	0.0	0.0	0.0
hgt	1645	GCF.000212395.1.Bacteria.Thermodesulfobiota	3111.405	0.0	1555.7025	3340.86	2881.95	0.0	0.0	1670.43
los	1236	1228	2380.34	2207.365	2293.8525	2593.02	2167.66	2441.9	1972.83	2282.925
hgt	143	GCA.001940655.1.Archaea.Asgardarchaeota	2506.355	0.0	1253.1775	2769.4	2243.31	0.0	0.0	1384.7
spe	1274	1240	2600.015	2224.995	2412.505	2770.93	2429.1	2447.68	2002.31	2386.62
dup	1240	GCA.002376045.1.Bacteria.Firmicutes.A	2224.995	0.0	1112.4975	2447.68	2002.31	0.0	0.0	1223.84
hgt	1307	GCA.000987045.1.Bacteria.Firmicutes.B	1703.5	0.0	851.75	1894.89	1512.11	0.0	0.0	947.445
hgt	1307	GCA.000987045.1.Bacteria.Firmicutes.B	1703.5	0.0	851.75	1894.89	1512.11	0.0	0.0	947.445
hgt	1325	1324	2256.125	2152.01	2204.0675	2432.87	2079.38	2327.59	1976.43	2204.65
hgt	1324	1308	2152.01	1925.235	2038.6225	2327.59	1976.43	2113.94	1736.53	2032.06
hgt	1058	GCA.001443005.1.Bacteria.Synergistota	2648.915	0.0	1324.4575	2961.31	2336.52	0.0	0.0	1480.655
hgt	1221	GCA.002375895.1.Bacteria.Firmicutes.E	2065.095	0.0	1032.5475	2339.28	1790.91	0.0	0.0	1169.64
hgt	1234	GCA.003599345.1.Bacteria.Firmicutes.E	1826.555	0.0	913.2775	2072.98	1580.13	0.0	0.0	1036.49
hgt	686	GCA.002451015.1.Bacteria.Acidobacteriota	1699.78	0.0	849.89	1911.59	1487.97	0.0	0.0	955.795
spe	1324	1308	2152.01	1925.235	2038.6225	2327.59	1976.43	2113.94	1736.53	2032.06
spe	1308	1300	1925.235	1565.1	1745.1675	2113.94	1736.53	1781.13	1349.07	1731.505
los	1300	GCA.002418765.1.Bacteria.Firmicutes.B	1565.1	0.0	782.55	1781.13	1349.07	0.0	0.0	890.565
spe	1308	1307	1925.235	1703.5	1814.3675	2113.94	1736.53	1894.89	1512.11	1813.025
hgt	1218	GCA.001513125.1.Bacteria.DTU030	2879.54	0.0	1439.77	3061.15	2697.93	0.0	0.0	1530.575
los	1307	1305	1703.5	1518.03	1610.765	1894.89	1512.11	1722.41	1313.65	1604.27
spe	1325	1324	2256.125	2152.01	2204.0675	2432.87	2079.38	2327.59	1976.43	2204.65
spe	1324	1323	2152.01	2061.88	2106.945	2327.59	1976.43	2241.44	1882.32	2104.955
hgt	None	dead	0.0	0.0	0.0	0.0	0.0	0.0	0.0	0.0
hgt	1347	GCF.001561915.1.Bacteria.Firmicutes	1294.365	0.0	647.1825	1476.68	1112.05	0.0	0.0	738.34
los	None	dead	0.0	0.0	0.0	0.0	0.0	0.0	0.0	0.0
hgt	None	dead	0.0	0.0	0.0	0.0	0.0	0.0	0.0	0.0
hgt	1338	GCF.002335525.1.Bacteria.Firmicutes	1618.77	0.0	809.385	1818.56	1418.98	0.0	0.0	909.28
los	None	dead	0.0	0.0	0.0	0.0	0.0	0.0	0.0	0.0
hgt	None	dead	0.0	0.0	0.0	0.0	0.0	0.0	0.0	0.0
los	1323	1319	2061.88	1933.46	1997.67	2241.44	1882.32	2119.98	1746.94	1994.19
hgt	1355	GCF.004522215.1.Bacteria.Firmicutes	1273.085	0.0	636.5425	1444.33	1101.84	0.0	0.0	722.165
los	None	dead	0.0	0.0	0.0	0.0	0.0	0.0	0.0	0.0
spe	1323	1322	2061.88	1700.81	1881.345	2241.44	1882.32	1909.29	1492.33	1866.885
hgt	1216	GCF.000020005.1.Bacteria.Firmicutes.D	2264.52	0.0	1132.26	2522.36	2006.68	0.0	0.0	1261.18
los	1322	GCA.001512665.1.Bacteria.Firmicutes.B	1700.81	0.0	850.405	1909.29	1492.33	0.0	0.0	954.645
spe	1324	1308	2152.01	1925.235	2038.6225	2327.59	1976.43	2113.94	1736.53	2032.06
spe	1308	1300	1925.235	1565.1	1745.1675	2113.94	1736.53	1781.13	1349.07	1731.505
hgt	1296	GCF.900176005.1.Bacteria.Firmicutes.B	1805.085	0.0	902.5425	2032.76	1577.41	0.0	0.0	1016.38
hgt	600	598	1212.31	904.2135	1058.26175	1364.67	1059.95	1071.01	737.417	1051.0435
hgt	439	GCA.002723345.1.Bacteria.Proteobacteria	1430.985	0.0	715.4925	1588.14	1273.83	0.0	0.0	794.07
hgt	741	GCA.003220615.1.Bacteria.Methylomirabilota	2099.065	0.0	1049.5325	2384.47	1813.66	0.0	0.0	1192.235
hgt	1444	GCA.003451595.1.Bacteria.Chloroflexota	1539.09	0.0	769.545	1770.71	1307.47	0.0	0.0	885.355
los	1300	GCF.000620305.1.Bacteria.Firmicutes.B	1565.1	0.0	782.55	1781.13	1349.07	0.0	0.0	890.565
hgt	498	GCA.002731375.1.Bacteria.Proteobacteria	1143.1505	0.0	571.57525	1299.85	986.451	0.0	0.0	649.925
spe	600	598	1212.31	904.2135	1058.26175	1364.67	1059.95	1071.01	737.417	1051.0435
hgt	1209	GCA.002452295.1.Bacteria.Firmicutes.G	2390.265	0.0	1195.1325	2661.11	2119.42	0.0	0.0	1330.555
spe	1308	1307	1925.235	1703.5	1814.3675	2113.94	1736.53	1894.89	1512.11	1813.025
spe	1307	1305	1703.5	1518.03	1610.765	1894.89	1512.11	1722.41	1313.65	1604.27
hgt	1307	GCA.000987045.1.Bacteria.Firmicutes.B	1703.5	0.0	851.75	1894.89	1512.11	0.0	0.0	947.445
los	1305	1304	1518.03	1212.67	1365.35	1722.41	1313.65	1425.13	1000.21	1361.31
hgt	883	GCA.000961655.1.Bacteria.Desulfobacterota	1441.77	0.0	720.885	1657.06	1226.48	0.0	0.0	828.53
dup	883	GCA.000961655.1.Bacteria.Desulfobacterota	1441.77	0.0	720.885	1657.06	1226.48	0.0	0.0	828.53
hgt	1288	GCA.002411145.1.Bacteria.Firmicutes.C	1737.805	0.0	868.9025	1959.07	1516.54	0.0	0.0	979.535
hgt	1216	GCF.000020005.1.Bacteria.Firmicutes.D	2264.52	0.0	1132.26	2522.36	2006.68	0.0	0.0	1261.18
hgt	1281	GCF.002257705.1.Bacteria.Firmicutes.C	1116.4885	0.0	558.24425	1331.85	901.127	0.0	0.0	665.925
hgt	347	GCA.002683135.1.Bacteria.Planctomycetota	2010.41	0.0	1005.205	2237.44	1783.38	0.0	0.0	1118.72
hgt	877	GCA.001797675.1.Bacteria.Desulfobacterota	1826.365	0.0	913.1825	2034.01	1618.72	0.0	0.0	1017.005
hgt	861	GCA.002327985.1.Bacteria.Desulfobacterota	1645.455	0.0	822.7275	1870.52	1420.39	0.0	0.0	935.26
hgt	791	GCA.002898795.1.Bacteria.Desulfobacterota.B	1320.57	0.0	660.285	1532.25	1108.89	0.0	0.0	766.125
hgt	None	dead	0.0	0.0	0.0	0.0	0.0	0.0	0.0	0.0
dup	None	dead	0.0	0.0	0.0	0.0	0.0	0.0	0.0	0.0
hgt	84	GCF.000011005.1.Archaea.Euryarchaeota	1360.205	0.0	680.1025	1583.15	1137.26	0.0	0.0	791.575
los	None	dead	0.0	0.0	0.0	0.0	0.0	0.0	0.0	0.0
dup	None	dead	0.0	0.0	0.0	0.0	0.0	0.0	0.0	0.0
hgt	1296	GCF.900176005.1.Bacteria.Firmicutes.B	1805.085	0.0	902.5425	2032.76	1577.41	0.0	0.0	1016.38
los	None	dead	0.0	0.0	0.0	0.0	0.0	0.0	0.0	0.0
hgt	1300	GCF.000620305.1.Bacteria.Firmicutes.B	1565.1	0.0	782.55	1781.13	1349.07	0.0	0.0	890.565
los	None	dead	0.0	0.0	0.0	0.0	0.0	0.0	0.0	0.0
dup	1300	GCF.000620305.1.Bacteria.Firmicutes.B	1565.1	0.0	782.55	1781.13	1349.07	0.0	0.0	890.565
hgt	1322	GCA.000961765.1.Bacteria.Firmicutes.B	1700.81	0.0	850.405	1909.29	1492.33	0.0	0.0	954.645
dup	177	176	3486.475	3232.565	3359.52	3512.52	3460.43	3311.48	3153.65	3333.085
spe	177	176	3486.475	3232.565	3359.52	3512.52	3460.43	3311.48	3153.65	3333.085
hgt	1092	1058	3391.895	2648.915	3020.405	3557.02	3226.77	2961.31	2336.52	2946.77
spe	176	140	3232.565	3044.4	3138.4825	3311.48	3153.65	3166.67	2922.13	3116.805
hgt	143	GCA.001940655.1.Archaea.Asgardarchaeota	2506.355	0.0	1253.1775	2769.4	2243.31	0.0	0.0	1384.7
hgt	1327	1326	2643.35	2448.67	2546.01	2807.8	2478.9	2619.66	2277.68	2542.74
hgt	None	dead	0.0	0.0	0.0	0.0	0.0	0.0	0.0	0.0
hgt	113	GCA.001593865.1.Archaea.Thermoproteota	2111.275	0.0	1055.6375	2361.91	1860.64	0.0	0.0	1180.955
los	None	dead	0.0	0.0	0.0	0.0	0.0	0.0	0.0	0.0
hgt	188	GCA.001787855.1.Bacteria.Riflebacteria	3280.19	0.0	1640.095	3542.63	3017.75	0.0	0.0	1771.315
hgt	91	90	2456.155	2213.885	2335.02	2657.46	2254.85	2419.47	2008.3	2332.88
hgt	133	GCA.000405685.1.Archaea.Thermoproteota	1814.08	0.0	907.04	2092.89	1535.27	0.0	0.0	1046.445
spe	91	90	2456.155	2213.885	2335.02	2657.46	2254.85	2419.47	2008.3	2332.88
spe	90	74	2213.885	1964.425	2089.155	2419.47	2008.3	2200.42	1728.43	2073.95
spe	90	89	2213.885	2018.03	2115.9575	2419.47	2008.3	2233.95	1802.11	2110.79
spe	89	77	2018.03	1646.475	1832.2525	2233.95	1802.11	1886.1	1406.85	1820.4
hgt	113	GCA.001593865.1.Archaea.Thermoproteota	2111.275	0.0	1055.6375	2361.91	1860.64	0.0	0.0	1180.955
los	77	GCA.001766825.1.Archaea.Halobacteriota	1646.475	0.0	823.2375	1886.1	1406.85	0.0	0.0	943.05
hgt	1452	GCA.002423325.1.Bacteria.Chloroflexota	1623.74	0.0	811.87	1926.13	1321.35	0.0	0.0	963.065
hgt	1645	GCF.000212395.1.Bacteria.Thermodesulfobiota	3111.405	0.0	1555.7025	3340.86	2881.95	0.0	0.0	1670.43
hgt	895	GCA.002897695.1.Bacteria.BMS3Abin14	2233.715	0.0	1116.8575	2507.56	1959.87	0.0	0.0	1253.78
hgt	None	dead	0.0	0.0	0.0	0.0	0.0	0.0	0.0	0.0
los	89	88	2018.03	1850.095	1934.0625	2233.95	1802.11	2065.66	1634.53	1934.24
hgt	52	GCA.001595945.1.Archaea.Thermoplasmatota	1459.595	0.0	729.7975	1710.74	1208.45	0.0	0.0	855.37
los	None	dead	0.0	0.0	0.0	0.0	0.0	0.0	0.0	0.0
hgt	None	dead	0.0	0.0	0.0	0.0	0.0	0.0	0.0	0.0
hgt	84	GCF.000970205.1.Archaea.Halobacteriota	1360.205	0.0	680.1025	1583.15	1137.26	0.0	0.0	791.575
los	None	dead	0.0	0.0	0.0	0.0	0.0	0.0	0.0	0.0
hgt	None	dead	0.0	0.0	0.0	0.0	0.0	0.0	0.0	0.0
hgt	1203	GCA.002399265.1.Bacteria.Firmicutes.G	1946.15	0.0	973.075	2262.26	1630.04	0.0	0.0	1131.13
los	None	dead	0.0	0.0	0.0	0.0	0.0	0.0	0.0	0.0
spe	1327	1326	2643.35	2448.67	2546.01	2807.8	2478.9	2619.66	2277.68	2542.74
spe	1326	1292	2448.67	1962.37	2205.52	2619.66	2277.68	2188.61	1736.13	2177.895
los	1292	GCF.001950325.1.Bacteria.Firmicutes.B	1962.37	0.0	981.185	2188.61	1736.13	0.0	0.0	1094.305
spe	1326	1325	2448.67	2256.125	2352.3975	2619.66	2277.68	2432.87	2079.38	2349.52
spe	1325	1324	2256.125	2152.01	2204.0675	2432.87	2079.38	2327.59	1976.43	2204.65
hgt	185	GCA.001791795.1.Bacteria.Wallbacteria	3376.945	0.0	1688.4725	3617.79	3136.1	0.0	0.0	1808.895
los	1324	1308	2152.01	1925.235	2038.6225	2327.59	1976.43	2113.94	1736.53	2032.06
spe	1324	1323	2152.01	2061.88	2106.945	2327.59	1976.43	2241.44	1882.32	2104.955
spe	1323	1319	2061.88	1933.46	1997.67	2241.44	1882.32	2119.98	1746.94	1994.19
los	1319	1318	1933.46	1818.985	1876.2225	2119.98	1746.94	2011.41	1626.56	1873.27
hgt	1273	GCF.000166335.1.Bacteria.Firmicutes.A	2372.06	0.0	1186.03	2551.07	2193.05	0.0	0.0	1275.535
hgt	1069	GCF.000378005.1.Bacteria.Coprothermobacterota	2077.72	0.0	1038.86	2370.86	1784.58	0.0	0.0	1185.43
los	1323	1322	2061.88	1700.81	1881.345	2241.44	1882.32	1909.29	1492.33	1866.885
spe	1325	1297	2256.125	1985.275	2120.7	2432.87	2079.38	2195.62	1774.93	2103.9
hgt	1350	GCF.001742305.1.Bacteria.Firmicutes	1409.0	0.0	704.5	1596.52	1221.48	0.0	0.0	798.26
hgt	1667	GCA.003503675.1.Bacteria.Cyanobacteria	2879.985	0.0	1439.9925	3035.21	2724.76	0.0	0.0	1517.605
hgt	None	dead	0.0	0.0	0.0	0.0	0.0	0.0	0.0	0.0
los	1297	1296	1985.275	1805.085	1895.18	2195.62	1774.93	2032.76	1577.41	1886.515
hgt	873	871	1792.01	1532.675	1662.3425	1991.39	1592.63	1744.25	1321.1	1656.245
los	None	dead	0.0	0.0	0.0	0.0	0.0	0.0	0.0	0.0
spe	873	871	1792.01	1532.675	1662.3425	1991.39	1592.63	1744.25	1321.1	1656.245
hgt	861	GCA.001304105.1.Bacteria.Desulfobacterota	1645.455	0.0	822.7275	1870.52	1420.39	0.0	0.0	935.26
hgt	801	GCA.002328485.1.Bacteria.Desulfobacterota.G	2073.125	0.0	1036.5625	2289.45	1856.8	0.0	0.0	1144.725
hgt	1412	1408	1912.54	1849.35	1880.945	2139.54	1685.54	2074.55	1624.15	1881.845
hgt	121	GCA.001273335.1.Archaea.Thermoproteota	1743.665	0.0	871.8325	2016.22	1471.11	0.0	0.0	1008.11
hgt	1136	GCA.003157385.1.Bacteria.Actinobacteriota	2376.455	0.0	1188.2275	2654.7	2098.21	0.0	0.0	1327.35
hgt	137	GCA.002255045.1.Archaea.Thermoproteota	2491.115	0.0	1245.5575	2707.1	2275.13	0.0	0.0	1353.55
hgt	None	dead	0.0	0.0	0.0	0.0	0.0	0.0	0.0	0.0
hgt	1452	GCA.002348045.1.Bacteria.Chloroflexota	1623.74	0.0	811.87	1926.13	1321.35	0.0	0.0	963.065
los	None	dead	0.0	0.0	0.0	0.0	0.0	0.0	0.0	0.0
hgt	1430	GCA.001795235.1.Bacteria.Chloroflexota	2204.905	0.0	1102.4525	2528.66	1881.15	0.0	0.0	1264.33
spe	1412	1408	1912.54	1849.35	1880.945	2139.54	1685.54	2074.55	1624.15	1881.845
spe	1408	1407	1849.35	1756.215	1802.7825	2074.55	1624.15	1988.03	1524.4	1799.475
los	1407	GCA.002717565.1.Bacteria.Chloroflexota	1756.215	0.0	878.1075	1988.03	1524.4	0.0	0.0	994.015
spe	1407	1406	1756.215	1650.16	1703.1875	1988.03	1524.4	1881.35	1418.97	1703.5
los	1406	GCA.002717925.1.Bacteria.Chloroflexota	1650.16	0.0	825.08	1881.35	1418.97	0.0	0.0	940.675
spe	1408	1402	1849.35	1732.845	1791.0975	2074.55	1624.15	1968.92	1496.77	1785.66
los	1402	GCA.003228115.1.Bacteria.Chloroflexota	1732.845	0.0	866.4225	1968.92	1496.77	0.0	0.0	984.46
hgt	797	796	1933.19	1757.055	1845.1225	2131.05	1735.33	1958.83	1555.28	1843.165
hgt	1163	GCF.000384115.1.Bacteria.Actinobacteriota	995.9815	0.0	497.99075	1205.77	786.193	0.0	0.0	602.885
spe	797	796	1933.19	1757.055	1845.1225	2131.05	1735.33	1958.83	1555.28	1843.165
spe	796	795	1757.055	1569.94	1663.4975	1958.83	1555.28	1775.68	1364.2	1661.515
los	795	791	1569.94	1320.57	1445.255	1775.68	1364.2	1532.25	1108.89	1442.285
spe	795	794	1569.94	1455.87	1512.905	1775.68	1364.2	1673.56	1238.18	1506.93
los	794	GCA.003161515.1.Bacteria.Desulfobacterota.B	1455.87	0.0	727.935	1673.56	1238.18	0.0	0.0	836.78
hgt	None	dead	0.0	0.0	0.0	0.0	0.0	0.0	0.0	0.0
dup	None	dead	0.0	0.0	0.0	0.0	0.0	0.0	0.0	0.0
dup	None	dead	0.0	0.0	0.0	0.0	0.0	0.0	0.0	0.0
hgt	1088	GCA.002010365.1.Bacteria.Bipolaricaulota	1684.665	0.0	842.3325	1970.35	1398.98	0.0	0.0	985.175
los	None	dead	0.0	0.0	0.0	0.0	0.0	0.0	0.0	0.0
dup	None	dead	0.0	0.0	0.0	0.0	0.0	0.0	0.0	0.0
hgt	1069	GCF.000378005.1.Bacteria.Coprothermobacterota	2077.72	0.0	1038.86	2370.86	1784.58	0.0	0.0	1185.43
los	None	dead	0.0	0.0	0.0	0.0	0.0	0.0	0.0	0.0
hgt	59	GCA.002878135.1.Archaea.Thermoplasmatota	1444.935	0.0	722.4675	1674.12	1215.75	0.0	0.0	837.06
los	None	dead	0.0	0.0	0.0	0.0	0.0	0.0	0.0	0.0
hgt	70	54	2306.48	2132.505	2219.4925	2494.66	2118.3	2336.0	1929.01	2211.835
los	None	dead	0.0	0.0	0.0	0.0	0.0	0.0	0.0	0.0
spe	70	54	2306.48	2132.505	2219.4925	2494.66	2118.3	2336.0	1929.01	2211.835
spe	54	53	2132.505	1748.97	1940.7375	2336.0	1929.01	1980.44	1517.5	1926.75
los	53	52	1748.97	1459.595	1604.2825	1980.44	1517.5	1710.74	1208.45	1594.445
spe	54	48	2132.505	1954.89	2043.6975	2336.0	1929.01	2176.6	1733.18	2034.59
los	48	GCA.003009755.1.Archaea.Thermoplasmatota	1954.89	0.0	977.445	2176.6	1733.18	0.0	0.0	1088.3
spe	48	47	1954.89	1758.69	1856.79	2176.6	1733.18	2012.02	1505.36	1840.98
los	47	GCA.002495235.1.Archaea.Thermoplasmatota	1758.69	0.0	879.345	2012.02	1505.36	0.0	0.0	1006.01
spe	140	139	3044.4	2917.505	2980.9525	3166.67	2922.13	3054.61	2780.4	2973.535
spe	139	109	2917.505	2602.795	2760.15	3054.61	2780.4	2795.16	2410.43	2732.52
spe	109	108	2602.795	2228.635	2415.715	2795.16	2410.43	2492.25	1965.02	2380.09
hgt	140	GCF.000019605.1.Archaea.Thermoproteota	3044.4	0.0	1522.2	3166.67	2922.13	0.0	0.0	1583.335
los	108	107	2228.635	1874.74	2051.6875	2492.25	1965.02	2176.29	1573.19	2032.72
hgt	130	128	1916.685	930.467	1423.576	2187.49	1645.88	1201.25	659.684	1423.587
spe	130	128	1916.685	930.467	1423.576	2187.49	1645.88	1201.25	659.684	1423.587
hgt	174	GCA.001940665.1.Archaea.Asgardarchaeota	2978.795	0.0	1489.3975	3092.22	2865.37	0.0	0.0	1546.11
hgt	None	dead	0.0	0.0	0.0	0.0	0.0	0.0	0.0	0.0
hgt	1234	GCA.003599345.1.Bacteria.Firmicutes.E	1826.555	0.0	913.2775	2072.98	1580.13	0.0	0.0	1036.49
los	None	dead	0.0	0.0	0.0	0.0	0.0	0.0	0.0	0.0
hgt	None	dead	0.0	0.0	0.0	0.0	0.0	0.0	0.0	0.0
hgt	1240	GCA.002376045.1.Bacteria.Firmicutes.A	2224.995	0.0	1112.4975	2447.68	2002.31	0.0	0.0	1223.84
los	None	dead	0.0	0.0	0.0	0.0	0.0	0.0	0.0	0.0
hgt	888	887	2515.76	2332.115	2423.9375	2689.37	2342.15	2510.45	2153.78	2421.575
hgt	None	dead	0.0	0.0	0.0	0.0	0.0	0.0	0.0	0.0
los	109	103	2602.795	2146.08	2374.4375	2795.16	2410.43	2387.58	1904.58	2349.87
hgt	1308	1307	1925.235	1703.5	1814.3675	2113.94	1736.53	1894.89	1512.11	1813.025
los	None	dead	0.0	0.0	0.0	0.0	0.0	0.0	0.0	0.0
spe	1308	1307	1925.235	1703.5	1814.3675	2113.94	1736.53	1894.89	1512.11	1813.025
hgt	1292	GCF.001950325.1.Bacteria.Firmicutes.B	1962.37	0.0	981.185	2188.61	1736.13	0.0	0.0	1094.305
spe	1307	1305	1703.5	1518.03	1610.765	1894.89	1512.11	1722.41	1313.65	1604.27
hgt	1178	GCA.002347645.1.Bacteria.Actinobacteriota	1673.74	0.0	836.87	1926.76	1420.72	0.0	0.0	963.38
los	1305	1304	1518.03	1212.67	1365.35	1722.41	1313.65	1425.13	1000.21	1361.31
spe	888	887	2515.76	2332.115	2423.9375	2689.37	2342.15	2510.45	2153.78	2421.575
hgt	397	GCF.000526155.1.Bacteria.Desulfobacterota	3012.355	0.0	1506.1775	3169.34	2855.37	0.0	0.0	1584.67
spe	887	886	2332.115	2067.29	2199.7025	2510.45	2153.78	2248.32	1886.26	2198.355
spe	886	885	2067.29	1945.59	2006.44	2248.32	1886.26	2133.66	1757.52	2002.92
los	885	884	1945.59	1824.105	1884.8475	2133.66	1757.52	2015.87	1632.34	1883.0
spe	885	877	1945.59	1826.365	1885.9775	2133.66	1757.52	2034.01	1618.72	1876.19
los	877	GCA.001797675.1.Bacteria.Desulfobacterota	1826.365	0.0	913.1825	2034.01	1618.72	0.0	0.0	1017.005
spe	886	874	2067.29	1965.97	2016.63	2248.32	1886.26	2151.74	1780.2	2014.26
los	874	868	1965.97	1758.21	1862.09	2151.74	1780.2	1962.57	1553.85	1852.795
spe	874	873	1965.97	1792.01	1878.99	2151.74	1780.2	1991.39	1592.63	1872.185
spe	873	871	1792.01	1532.675	1662.3425	1991.39	1592.63	1744.25	1321.1	1656.245
hgt	883	GCA.000961655.1.Bacteria.Desulfobacterota	1441.77	0.0	720.885	1657.06	1226.48	0.0	0.0	828.53
los	871	GCA.002899795.1.Bacteria.Desulfobacterota	1532.675	0.0	766.3375	1744.25	1321.1	0.0	0.0	872.125
spe	887	863	2332.115	2111.78	2221.9475	2510.45	2153.78	2305.71	1917.85	2214.15
los	863	857	2111.78	1980.505	2046.1425	2305.71	1917.85	2203.95	1757.06	2031.385
spe	863	862	2111.78	1779.145	1945.4625	2305.71	1917.85	1993.79	1564.5	1935.105
los	862	GCA.002782605.1.Bacteria.Desulfobacterota	1779.145	0.0	889.5725	1993.79	1564.5	0.0	0.0	996.895
spe	862	861	1779.145	1645.455	1712.3	1993.79	1564.5	1870.52	1420.39	1707.09
los	861	GCA.001304105.1.Bacteria.Desulfobacterota	1645.455	0.0	822.7275	1870.52	1420.39	0.0	0.0	935.26
dup	861	GCA.002327985.1.Bacteria.Desulfobacterota	1645.455	0.0	822.7275	1870.52	1420.39	0.0	0.0	935.26
spe	139	138	2917.505	2764.09	2840.7975	3054.61	2780.4	2929.91	2598.27	2826.44
spe	138	124	2764.09	2515.505	2639.7975	2929.91	2598.27	2722.55	2308.46	2619.185
los	124	GCA.002495485.1.Archaea.Thermoproteota	2515.505	0.0	1257.7525	2722.55	2308.46	0.0	0.0	1361.275
spe	124	123	2515.505	2385.055	2450.28	2722.55	2308.46	2599.87	2170.24	2446.395
spe	123	122	2385.055	2203.735	2294.395	2599.87	2170.24	2434.44	1973.03	2286.45
los	122	121	2203.735	1743.665	1973.7	2434.44	1973.03	2016.22	1471.11	1952.775
spe	122	118	2203.735	1963.41	2083.5725	2434.44	1973.03	2228.25	1698.57	2066.505
los	118	116	1963.41	1247.9685	1605.68925	2228.25	1698.57	1523.73	972.207	1600.2285
spe	123	113	2385.055	2111.275	2248.165	2599.87	2170.24	2361.91	1860.64	2230.255
los	113	GCA.001593865.1.Archaea.Thermoproteota	2111.275	0.0	1055.6375	2361.91	1860.64	0.0	0.0	1180.955
spe	138	137	2764.09	2491.115	2627.6025	2929.91	2598.27	2707.1	2275.13	2602.52
spe	137	136	2491.115	2332.2	2411.6575	2707.1	2275.13	2572.88	2091.52	2399.31
los	136	GCA.000375685.1.Archaea.Thermoproteota	2332.2	0.0	1166.1	2572.88	2091.52	0.0	0.0	1286.44
spe	136	134	2332.2	2080.28	2206.24	2572.88	2091.52	2330.98	1829.58	2201.23
los	134	130	2080.28	1916.685	1998.4825	2330.98	1829.58	2187.49	1645.88	1988.43
spe	134	133	2080.28	1814.08	1947.18	2330.98	1829.58	2092.89	1535.27	1933.125
los	133	GCA.002506605.1.Archaea.Thermoproteota	1814.08	0.0	907.04	2092.89	1535.27	0.0	0.0	1046.445
hgt	74	GCA.002011165.1.Archaea.Halobacteriota	1964.425	0.0	982.2125	2200.42	1728.43	0.0	0.0	1100.21
los	137	GCA.002255045.1.Archaea.Thermoproteota	2491.115	0.0	1245.5575	2707.1	2275.13	0.0	0.0	1353.55
spe	1092	1058	3391.895	2648.915	3020.405	3557.02	3226.77	2961.31	2336.52	2946.77
hgt	1058	GCF.000233775.1.Bacteria.Synergistota	2648.915	0.0	1324.4575	2961.31	2336.52	0.0	0.0	1480.655
hgt	1324	1308	2152.01	1925.235	2038.6225	2327.59	1976.43	2113.94	1736.53	2032.06
spe	1324	1308	2152.01	1925.235	2038.6225	2327.59	1976.43	2113.94	1736.53	2032.06
spe	1308	1300	1925.235	1565.1	1745.1675	2113.94	1736.53	1781.13	1349.07	1731.505
los	1300	GCF.000620305.1.Bacteria.Firmicutes.B	1565.1	0.0	782.55	1781.13	1349.07	0.0	0.0	890.565
spe	1308	1307	1925.235	1703.5	1814.3675	2113.94	1736.53	1894.89	1512.11	1813.025
spe	1307	1305	1703.5	1518.03	1610.765	1894.89	1512.11	1722.41	1313.65	1604.27
los	1305	1304	1518.03	1212.67	1365.35	1722.41	1313.65	1425.13	1000.21	1361.31
hgt	1296	GCF.900176005.1.Bacteria.Firmicutes.B	1805.085	0.0	902.5425	2032.76	1577.41	0.0	0.0	1016.38
los	1307	GCA.000987045.1.Bacteria.Firmicutes.B	1703.5	0.0	851.75	1894.89	1512.11	0.0	0.0	947.445
spe	176	175	3232.565	3094.86	3163.7125	3311.48	3153.65	3202.25	2987.47	3149.475
spe	175	174	3094.86	2978.795	3036.8275	3202.25	2987.47	3092.22	2865.37	3033.81
spe	174	173	2978.795	2879.565	2929.18	3092.22	2865.37	3003.72	2755.41	2923.815
hgt	1424	GCA.002011475.1.Bacteria.Chloroflexota	1882.275	0.0	941.1375	2112.69	1651.86	0.0	0.0	1056.345
hgt	1307	GCA.000987045.1.Bacteria.Firmicutes.B	1703.5	0.0	851.75	1894.89	1512.11	0.0	0.0	947.445
hgt	None	dead	0.0	0.0	0.0	0.0	0.0	0.0	0.0	0.0
hgt	445	GCA.002717225.1.Bacteria.Proteobacteria	1267.47	0.0	633.735	1430.96	1103.98	0.0	0.0	715.48
los	None	dead	0.0	0.0	0.0	0.0	0.0	0.0	0.0	0.0
hgt	133	GCA.000405685.1.Archaea.Thermoproteota	1814.08	0.0	907.04	2092.89	1535.27	0.0	0.0	1046.445
los	173	172	2879.565	1667.17	2273.3675	3003.72	2755.41	1801.03	1533.31	2268.515
hgt	861	GCA.001304105.1.Bacteria.Desulfobacterota	1645.455	0.0	822.7275	1870.52	1420.39	0.0	0.0	935.26
hgt	746	GCA.002238965.1.Bacteria.UBA8248	2036.715	0.0	1018.3575	2336.38	1737.05	0.0	0.0	1168.19
dup	1424	GCA.002011475.1.Bacteria.Chloroflexota	1882.275	0.0	941.1375	2112.69	1651.86	0.0	0.0	1056.345
hgt	1462	GCA.002436065.1.Bacteria.Chloroflexota	2298.115	0.0	1149.0575	2545.29	2050.94	0.0	0.0	1272.645
hgt	741	GCA.003220615.1.Bacteria.Methylomirabilota	2099.065	0.0	1049.5325	2384.47	1813.66	0.0	0.0	1192.235
hgt	1411	GCA.002717805.1.Bacteria.Chloroflexota	1632.645	0.0	816.3225	1874.09	1391.2	0.0	0.0	937.045
dup	1411	GCA.002717805.1.Bacteria.Chloroflexota	1632.645	0.0	816.3225	1874.09	1391.2	0.0	0.0	937.045
dup	1462	GCA.002436065.1.Bacteria.Chloroflexota	2298.115	0.0	1149.0575	2545.29	2050.94	0.0	0.0	1272.645
hgt	1173	GCA.001768675.1.Bacteria.Actinobacteriota	1615.325	0.0	807.6625	1879.87	1350.78	0.0	0.0	939.935
hgt	686	GCA.002451015.1.Bacteria.Acidobacteriota	1699.78	0.0	849.89	1911.59	1487.97	0.0	0.0	955.795
spe	173	151	2879.565	2655.89	2767.7275	3003.72	2755.41	2813.75	2498.03	2750.875
spe	151	147	2655.89	2129.97	2392.93	2813.75	2498.03	2400.45	1859.49	2336.62
los	147	GCA.001940755.1.Archaea.Asgardarchaeota	2129.97	0.0	1064.985	2400.45	1859.49	0.0	0.0	1200.225
hgt	None	dead	0.0	0.0	0.0	0.0	0.0	0.0	0.0	0.0
hgt	1431	1430	2678.945	2204.905	2441.925	2899.32	2458.57	2528.66	1881.15	2390.235
spe	151	150	2655.89	1958.415	2307.1525	2813.75	2498.03	2236.46	1680.37	2247.06
hgt	753	GCA.001803565.1.Bacteria.Nitrospinota.B	2099.055	0.0	1049.5275	2342.98	1855.13	0.0	0.0	1171.49
hgt	801	GCA.001797815.1.Bacteria.RBG.13.61.14	2073.125	0.0	1036.5625	2289.45	1856.8	0.0	0.0	1144.725
hgt	825	GCA.002344285.1.Bacteria.Myxococcota	1214.79	0.0	607.395	1405.39	1024.19	0.0	0.0	702.695
hgt	59	GCA.002878135.1.Archaea.Thermoplasmatota	1444.935	0.0	722.4675	1674.12	1215.75	0.0	0.0	837.06
hgt	812	GCA.002863065.1.Bacteria.Myxococcota	1631.73	0.0	815.865	1817.22	1446.24	0.0	0.0	908.61
hgt	108	GCF.000148385.1.Archaea.Thermoproteota	2228.635	0.0	1114.3175	2492.25	1965.02	0.0	0.0	1246.125
hgt	849	GCA.001896555.1.Bacteria.Desulfobacterota	1938.415	0.0	969.2075	2174.57	1702.26	0.0	0.0	1087.285
hgt	759	GCA.003170555.1.Bacteria.FEN.1099	2069.88	0.0	1034.94	2297.11	1842.65	0.0	0.0	1148.555
hgt	1438	GCA.002841995.1.Bacteria.Chloroflexota	1347.94	0.0	673.97	1557.13	1138.75	0.0	0.0	778.565
hgt	91	GCA.003034855.1.Archaea.Halobacteriota	2456.155	0.0	1228.0775	2657.46	2254.85	0.0	0.0	1328.73
dup	91	GCA.003034855.1.Archaea.Halobacteriota	2456.155	0.0	1228.0775	2657.46	2254.85	0.0	0.0	1328.73
hgt	1330	GCA.002385745.1.Bacteria.Firmicutes.D	2019.045	0.0	1009.5225	2248.91	1789.18	0.0	0.0	1124.455
hgt	1173	GCA.001768675.1.Bacteria.Actinobacteriota	1615.325	0.0	807.6625	1879.87	1350.78	0.0	0.0	939.935
hgt	686	GCA.002451015.1.Bacteria.Acidobacteriota	1699.78	0.0	849.89	1911.59	1487.97	0.0	0.0	955.795
los	150	GCA.001940645.1.Archaea.Asgardarchaeota	1958.415	0.0	979.2075	2236.46	1680.37	0.0	0.0	1118.23
dup	686	GCA.002451015.1.Bacteria.Acidobacteriota	1699.78	0.0	849.89	1911.59	1487.97	0.0	0.0	955.795
hgt	None	dead	0.0	0.0	0.0	0.0	0.0	0.0	0.0	0.0
hgt	1183	GCA.002347365.1.Bacteria.Actinobacteriota	2026.845	0.0	1013.4225	2306.44	1747.25	0.0	0.0	1153.22
los	None	dead	0.0	0.0	0.0	0.0	0.0	0.0	0.0	0.0
hgt	1218	GCA.001513125.1.Bacteria.DTU030	2879.54	0.0	1439.77	3061.15	2697.93	0.0	0.0	1530.575
hgt	None	dead	0.0	0.0	0.0	0.0	0.0	0.0	0.0	0.0
hgt	1462	GCA.002436065.1.Bacteria.Chloroflexota	2298.115	0.0	1149.0575	2545.29	2050.94	0.0	0.0	1272.645
hgt	None	dead	0.0	0.0	0.0	0.0	0.0	0.0	0.0	0.0
hgt	1173	GCA.001768675.1.Bacteria.Actinobacteriota	1615.325	0.0	807.6625	1879.87	1350.78	0.0	0.0	939.935
los	None	dead	0.0	0.0	0.0	0.0	0.0	0.0	0.0	0.0
spe	1431	1430	2678.945	2204.905	2441.925	2899.32	2458.57	2528.66	1881.15	2390.235
hgt	1322	GCA.000961765.1.Bacteria.Firmicutes.B	1700.81	0.0	850.405	1909.29	1492.33	0.0	0.0	954.645
hgt	1445	GCA.003130875.1.Bacteria.Chloroflexota	1742.485	0.0	871.2425	1965.0	1519.97	0.0	0.0	982.5
hgt	1452	GCA.002348045.1.Bacteria.Chloroflexota	1623.74	0.0	811.87	1926.13	1321.35	0.0	0.0	963.065
dup	1322	GCA.000961765.1.Bacteria.Firmicutes.B	1700.81	0.0	850.405	1909.29	1492.33	0.0	0.0	954.645
hgt	1221	GCA.002375925.1.Bacteria.Firmicutes.E	2065.095	0.0	1032.5475	2339.28	1790.91	0.0	0.0	1169.64
dup	1322	GCA.000961765.1.Bacteria.Firmicutes.B	1700.81	0.0	850.405	1909.29	1492.33	0.0	0.0	954.645
dup	None	dead	0.0	0.0	0.0	0.0	0.0	0.0	0.0	0.0
hgt	1355	GCF.004522215.1.Bacteria.Firmicutes	1273.085	0.0	636.5425	1444.33	1101.84	0.0	0.0	722.165
los	None	dead	0.0	0.0	0.0	0.0	0.0	0.0	0.0	0.0
hgt	1419	GCA.002352365.1.Bacteria.Chloroflexota	1560.275	0.0	780.1375	1794.98	1325.57	0.0	0.0	897.49
los	None	dead	0.0	0.0	0.0	0.0	0.0	0.0	0.0	0.0
hgt	1330	GCA.002385745.1.Bacteria.Firmicutes.D	2019.045	0.0	1009.5225	2248.91	1789.18	0.0	0.0	1124.455
dup	None	dead	0.0	0.0	0.0	0.0	0.0	0.0	0.0	0.0
hgt	1173	GCA.001768675.1.Bacteria.Actinobacteriota	1615.325	0.0	807.6625	1879.87	1350.78	0.0	0.0	939.935
los	None	dead	0.0	0.0	0.0	0.0	0.0	0.0	0.0	0.0
hgt	686	GCA.002451015.1.Bacteria.Acidobacteriota	1699.78	0.0	849.89	1911.59	1487.97	0.0	0.0	955.795
los	None	dead	0.0	0.0	0.0	0.0	0.0	0.0	0.0	0.0
dup	686	GCA.002451015.1.Bacteria.Acidobacteriota	1699.78	0.0	849.89	1911.59	1487.97	0.0	0.0	955.795
hgt	1092	1058	3391.895	2648.915	3020.405	3557.02	3226.77	2961.31	2336.52	2946.77
hgt	1186	1136	2936.225	2376.455	2656.34	3121.91	2750.54	2654.7	2098.21	2610.06
hgt	1237	1221	2548.64	2065.095	2306.8675	2742.96	2354.32	2339.28	1790.91	2266.935
hgt	1322	GCA.000961765.1.Bacteria.Firmicutes.B	1700.81	0.0	850.405	1909.29	1492.33	0.0	0.0	954.645
hgt	861	GCA.001304105.1.Bacteria.Desulfobacterota	1645.455	0.0	822.7275	1870.52	1420.39	0.0	0.0	935.26
hgt	905	GCA.001412425.1.Bacteria.Cloacimonadota	2019.13	0.0	1009.565	2343.41	1694.85	0.0	0.0	1171.705
hgt	1645	GCF.000212395.1.Bacteria.Thermodesulfobiota	3111.405	0.0	1555.7025	3340.86	2881.95	0.0	0.0	1670.43
hgt	None	dead	0.0	0.0	0.0	0.0	0.0	0.0	0.0	0.0
hgt	1226	GCA.002385465.1.Bacteria.Firmicutes.E	1819.185	0.0	909.5925	2087.96	1550.41	0.0	0.0	1043.98
los	None	dead	0.0	0.0	0.0	0.0	0.0	0.0	0.0	0.0
spe	1237	1221	2548.64	2065.095	2306.8675	2742.96	2354.32	2339.28	1790.91	2266.935
hgt	1058	GCF.000233775.1.Bacteria.Synergistota	2648.915	0.0	1324.4575	2961.31	2336.52	0.0	0.0	1480.655
hgt	1322	GCA.000961765.1.Bacteria.Firmicutes.B	1700.81	0.0	850.405	1909.29	1492.33	0.0	0.0	954.645
hgt	1269	GCF.002252565.1.Bacteria.Firmicutes.A	1538.365	0.0	769.1825	1724.93	1351.8	0.0	0.0	862.465
hgt	74	GCA.002011165.1.Archaea.Halobacteriota	1964.425	0.0	982.2125	2200.42	1728.43	0.0	0.0	1100.21
hgt	1208	GCA.001513145.1.Bacteria.Firmicutes.G	2182.765	0.0	1091.3825	2489.07	1876.46	0.0	0.0	1244.535
hgt	128	GCA.002011085.1.Archaea.Thermoproteota	930.467	0.0	465.2335	1201.25	659.684	0.0	0.0	600.625
dup	1208	GCA.001513145.1.Bacteria.Firmicutes.G	2182.765	0.0	1091.3825	2489.07	1876.46	0.0	0.0	1244.535
hgt	1305	GCF.002207765.1.Bacteria.Firmicutes.B	1518.03	0.0	759.015	1722.41	1313.65	0.0	0.0	861.205
hgt	741	GCA.001771285.1.Bacteria.Methylomirabilota	2099.065	0.0	1049.5325	2384.47	1813.66	0.0	0.0	1192.235
hgt	1305	GCF.002207765.1.Bacteria.Firmicutes.B	1518.03	0.0	759.015	1722.41	1313.65	0.0	0.0	861.205
hgt	741	GCA.001771285.1.Bacteria.Methylomirabilota	2099.065	0.0	1049.5325	2384.47	1813.66	0.0	0.0	1192.235
hgt	185	GCA.001791795.1.Bacteria.Wallbacteria	3376.945	0.0	1688.4725	3617.79	3136.1	0.0	0.0	1808.895
hgt	250	249	1934.74	1808.655	1871.6975	2145.44	1724.04	2017.91	1599.4	1872.42
hgt	1240	GCA.002376045.1.Bacteria.Firmicutes.A	2224.995	0.0	1112.4975	2447.68	2002.31	0.0	0.0	1223.84
spe	250	249	1934.74	1808.655	1871.6975	2145.44	1724.04	2017.91	1599.4	1872.42
spe	249	245	1808.655	1720.98	1764.8175	2017.91	1599.4	1926.99	1514.97	1766.44
hgt	198	GCA.002478245.1.Bacteria.UBP18	2444.64	0.0	1222.32	2741.2	2148.08	0.0	0.0	1370.6
los	245	244	1720.98	1496.7	1608.84	1926.99	1514.97	1712.17	1281.23	1604.11
spe	245	241	1720.98	1559.885	1640.4325	1926.99	1514.97	1765.89	1353.88	1640.435
los	241	239	1559.885	1457.025	1508.455	1765.89	1353.88	1667.53	1246.52	1506.205
spe	249	248	1808.655	1213.735	1511.195	2017.91	1599.4	1423.28	1004.19	1511.05
hgt	390	GCA.002780065.1.Bacteria.UBA8481	3128.085	0.0	1564.0425	3305.45	2950.72	0.0	0.0	1652.725
los	248	GCA.001800245.1.Bacteria.Elusimicrobiota	1213.735	0.0	606.8675	1423.28	1004.19	0.0	0.0	711.64
hgt	857	GCA.002010915.1.Bacteria.Desulfobacterota	1980.505	0.0	990.2525	2203.95	1757.06	0.0	0.0	1101.975
hgt	1445	GCA.003130875.1.Bacteria.Chloroflexota	1742.485	0.0	871.2425	1965.0	1519.97	0.0	0.0	982.5
dup	741	GCA.001771285.1.Bacteria.Methylomirabilota	2099.065	0.0	1049.5325	2384.47	1813.66	0.0	0.0	1192.235
hgt	None	dead	0.0	0.0	0.0	0.0	0.0	0.0	0.0	0.0
hgt	None	dead	0.0	0.0	0.0	0.0	0.0	0.0	0.0	0.0
hgt	None	dead	0.0	0.0	0.0	0.0	0.0	0.0	0.0	0.0
hgt	1452	GCA.002348045.1.Bacteria.Chloroflexota	1623.74	0.0	811.87	1926.13	1321.35	0.0	0.0	963.065
los	None	dead	0.0	0.0	0.0	0.0	0.0	0.0	0.0	0.0
dup	1186	1136	2936.225	2376.455	2656.34	3121.91	2750.54	2654.7	2098.21	2610.06
hgt	1389	1237	2995.16	2548.64	2771.9	3145.66	2844.66	2742.96	2354.32	2749.99
hgt	None	dead	0.0	0.0	0.0	0.0	0.0	0.0	0.0	0.0
spe	1186	1136	2936.225	2376.455	2656.34	3121.91	2750.54	2654.7	2098.21	2610.06
dup	1136	GCA.001768645.1.Bacteria.Actinobacteriota	2376.455	0.0	1188.2275	2654.7	2098.21	0.0	0.0	1327.35
dup	None	dead	0.0	0.0	0.0	0.0	0.0	0.0	0.0	0.0
dup	None	dead	0.0	0.0	0.0	0.0	0.0	0.0	0.0	0.0
hgt	1425	GCA.003229915.1.Bacteria.Chloroflexota	2026.57	0.0	1013.285	2261.53	1791.61	0.0	0.0	1130.765
los	None	dead	0.0	0.0	0.0	0.0	0.0	0.0	0.0	0.0
dup	None	dead	0.0	0.0	0.0	0.0	0.0	0.0	0.0	0.0
hgt	861	GCA.002327985.1.Bacteria.Desulfobacterota	1645.455	0.0	822.7275	1870.52	1420.39	0.0	0.0	935.26
los	None	dead	0.0	0.0	0.0	0.0	0.0	0.0	0.0	0.0
hgt	727	GCA.001803815.1.Bacteria.Nitrospirota	1801.01	0.0	900.505	2055.82	1546.2	0.0	0.0	1027.91
los	None	dead	0.0	0.0	0.0	0.0	0.0	0.0	0.0	0.0
dup	None	dead	0.0	0.0	0.0	0.0	0.0	0.0	0.0	0.0
hgt	849	GCA.001896555.1.Bacteria.Desulfobacterota	1938.415	0.0	969.2075	2174.57	1702.26	0.0	0.0	1087.285
los	None	dead	0.0	0.0	0.0	0.0	0.0	0.0	0.0	0.0
hgt	801	GCA.001797815.1.Bacteria.RBG.13.61.14	2073.125	0.0	1036.5625	2289.45	1856.8	0.0	0.0	1144.725
los	None	dead	0.0	0.0	0.0	0.0	0.0	0.0	0.0	0.0
hgt	None	dead	0.0	0.0	0.0	0.0	0.0	0.0	0.0	0.0
hgt	1068	GCA.002877955.1.Bacteria.Caldisericota	1804.715	0.0	902.3575	2116.99	1492.44	0.0	0.0	1058.495
los	None	dead	0.0	0.0	0.0	0.0	0.0	0.0	0.0	0.0
spe	1389	1237	2995.16	2548.64	2771.9	3145.66	2844.66	2742.96	2354.32	2749.99
spe	1237	1221	2548.64	2065.095	2306.8675	2742.96	2354.32	2339.28	1790.91	2266.935
los	1221	GCA.002375925.1.Bacteria.Firmicutes.E	2065.095	0.0	1032.5475	2339.28	1790.91	0.0	0.0	1169.64
spe	1237	1236	2548.64	2380.34	2464.49	2742.96	2354.32	2593.02	2167.66	2455.31
los	1236	1228	2380.34	2207.365	2293.8525	2593.02	2167.66	2441.9	1972.83	2282.925
spe	1236	1235	2380.34	2102.15	2241.245	2593.02	2167.66	2336.06	1868.24	2230.63
los	1235	GCA.002376005.1.Bacteria.Firmicutes.E	2102.15	0.0	1051.075	2336.06	1868.24	0.0	0.0	1168.03
spe	1235	1234	2102.15	1826.555	1964.3525	2336.06	1868.24	2072.98	1580.13	1958.095
spe	1234	1233	1826.555	1501.49	1664.0225	2072.98	1580.13	1760.32	1242.66	1657.82
los	1233	GCA.003449495.1.Bacteria.Firmicutes.E	1501.49	0.0	750.745	1760.32	1242.66	0.0	0.0	880.16
hgt	1116	GCA.002435745.1.Bacteria.UBP15	2382.81	0.0	1191.405	2709.7	2055.92	0.0	0.0	1354.85
hgt	None	dead	0.0	0.0	0.0	0.0	0.0	0.0	0.0	0.0
hgt	801	GCA.001797815.1.Bacteria.RBG.13.61.14	2073.125	0.0	1036.5625	2289.45	1856.8	0.0	0.0	1144.725
los	None	dead	0.0	0.0	0.0	0.0	0.0	0.0	0.0	0.0
spe	1186	1136	2936.225	2376.455	2656.34	3121.91	2750.54	2654.7	2098.21	2610.06
dup	None	dead	0.0	0.0	0.0	0.0	0.0	0.0	0.0	0.0
hgt	857	GCA.002010915.1.Bacteria.Desulfobacterota	1980.505	0.0	990.2525	2203.95	1757.06	0.0	0.0	1101.975
los	None	dead	0.0	0.0	0.0	0.0	0.0	0.0	0.0	0.0
dup	None	dead	0.0	0.0	0.0	0.0	0.0	0.0	0.0	0.0
hgt	861	GCA.001304105.1.Bacteria.Desulfobacterota	1645.455	0.0	822.7275	1870.52	1420.39	0.0	0.0	935.26
los	None	dead	0.0	0.0	0.0	0.0	0.0	0.0	0.0	0.0
dup	None	dead	0.0	0.0	0.0	0.0	0.0	0.0	0.0	0.0
hgt	753	GCA.001803565.1.Bacteria.Nitrospinota.B	2099.055	0.0	1049.5275	2342.98	1855.13	0.0	0.0	1171.49
los	None	dead	0.0	0.0	0.0	0.0	0.0	0.0	0.0	0.0
hgt	1173	GCA.001768675.1.Bacteria.Actinobacteriota	1615.325	0.0	807.6625	1879.87	1350.78	0.0	0.0	939.935
los	None	dead	0.0	0.0	0.0	0.0	0.0	0.0	0.0	0.0
hgt	123	113	2385.055	2111.275	2248.165	2599.87	2170.24	2361.91	1860.64	2230.255
los	None	dead	0.0	0.0	0.0	0.0	0.0	0.0	0.0	0.0
spe	123	113	2385.055	2111.275	2248.165	2599.87	2170.24	2361.91	1860.64	2230.255
hgt	None	dead	0.0	0.0	0.0	0.0	0.0	0.0	0.0	0.0
dup	None	dead	0.0	0.0	0.0	0.0	0.0	0.0	0.0	0.0
hgt	1292	GCF.001950325.1.Bacteria.Firmicutes.B	1962.37	0.0	981.185	2188.61	1736.13	0.0	0.0	1094.305
los	None	dead	0.0	0.0	0.0	0.0	0.0	0.0	0.0	0.0
hgt	47	GCA.002495235.1.Archaea.Thermoplasmatota	1758.69	0.0	879.345	2012.02	1505.36	0.0	0.0	1006.01
los	None	dead	0.0	0.0	0.0	0.0	0.0	0.0	0.0	0.0
hgt	None	dead	0.0	0.0	0.0	0.0	0.0	0.0	0.0	0.0
hgt	59	GCA.002878135.1.Archaea.Thermoplasmatota	1444.935	0.0	722.4675	1674.12	1215.75	0.0	0.0	837.06
los	None	dead	0.0	0.0	0.0	0.0	0.0	0.0	0.0	0.0
hgt	None	dead	0.0	0.0	0.0	0.0	0.0	0.0	0.0	0.0
hgt	1439	GCF.900187885.1.Bacteria.Chloroflexota	1555.635	0.0	777.8175	1768.59	1342.68	0.0	0.0	884.295
los	None	dead	0.0	0.0	0.0	0.0	0.0	0.0	0.0	0.0
hgt	1454	1453	2214.935	2115.485	2165.21	2430.94	1998.93	2342.31	1888.66	2159.8
spe	1454	1453	2214.935	2115.485	2165.21	2430.94	1998.93	2342.31	1888.66	2159.8
spe	1453	1452	2115.485	1623.74	1869.6125	2342.31	1888.66	1926.13	1321.35	1831.83
los	1452	GCA.002423325.1.Bacteria.Chloroflexota	1623.74	0.0	811.87	1926.13	1321.35	0.0	0.0	963.065
spe	1453	1449	2115.485	1891.395	2003.44	2342.31	1888.66	2134.97	1647.82	1995.065
hgt	877	GCA.001797675.1.Bacteria.Desulfobacterota	1826.365	0.0	913.1825	2034.01	1618.72	0.0	0.0	1017.005
hgt	143	GCA.001563325.1.Archaea.Asgardarchaeota	2506.355	0.0	1253.1775	2769.4	2243.31	0.0	0.0	1384.7
los	1449	GCA.002366595.1.Bacteria.Chloroflexota	1891.395	0.0	945.6975	2134.97	1647.82	0.0	0.0	1067.485
dup	143	GCA.001563325.1.Archaea.Asgardarchaeota	2506.355	0.0	1253.1775	2769.4	2243.31	0.0	0.0	1384.7
hgt	47	GCA.002494765.1.Archaea.Thermoplasmatota	1758.69	0.0	879.345	2012.02	1505.36	0.0	0.0	1006.01
dup	143	GCA.001563325.1.Archaea.Asgardarchaeota	2506.355	0.0	1253.1775	2769.4	2243.31	0.0	0.0	1384.7
hgt	1452	GCA.002348045.1.Bacteria.Chloroflexota	1623.74	0.0	811.87	1926.13	1321.35	0.0	0.0	963.065
hgt	None	dead	0.0	0.0	0.0	0.0	0.0	0.0	0.0	0.0
hgt	1235	GCA.002376005.1.Bacteria.Firmicutes.E	2102.15	0.0	1051.075	2336.06	1868.24	0.0	0.0	1168.03
los	None	dead	0.0	0.0	0.0	0.0	0.0	0.0	0.0	0.0
hgt	None	dead	0.0	0.0	0.0	0.0	0.0	0.0	0.0	0.0
hgt	1454	1453	2214.935	2115.485	2165.21	2430.94	1998.93	2342.31	1888.66	2159.8
los	None	dead	0.0	0.0	0.0	0.0	0.0	0.0	0.0	0.0
dup	1454	1453	2214.935	2115.485	2165.21	2430.94	1998.93	2342.31	1888.66	2159.8
spe	1454	1453	2214.935	2115.485	2165.21	2430.94	1998.93	2342.31	1888.66	2159.8
spe	1453	1449	2115.485	1891.395	2003.44	2342.31	1888.66	2134.97	1647.82	1995.065
hgt	1344	GCF.000218765.1.Bacteria.Firmicutes	1531.325	0.0	765.6625	1719.64	1343.01	0.0	0.0	859.82
los	1449	GCA.002366595.1.Bacteria.Chloroflexota	1891.395	0.0	945.6975	2134.97	1647.82	0.0	0.0	1067.485
spe	1453	1452	2115.485	1623.74	1869.6125	2342.31	1888.66	1926.13	1321.35	1831.83
dup	1452	GCA.002348045.1.Bacteria.Chloroflexota	1623.74	0.0	811.87	1926.13	1321.35	0.0	0.0	963.065
hgt	861	GCA.001304105.1.Bacteria.Desulfobacterota	1645.455	0.0	822.7275	1870.52	1420.39	0.0	0.0	935.26
los	1452	GCA.002423325.1.Bacteria.Chloroflexota	1623.74	0.0	811.87	1926.13	1321.35	0.0	0.0	963.065
dup	861	GCA.001304105.1.Bacteria.Desulfobacterota	1645.455	0.0	822.7275	1870.52	1420.39	0.0	0.0	935.26
hgt	1462	GCA.002436065.1.Bacteria.Chloroflexota	2298.115	0.0	1149.0575	2545.29	2050.94	0.0	0.0	1272.645
hgt	857	GCA.002010915.1.Bacteria.Desulfobacterota	1980.505	0.0	990.2525	2203.95	1757.06	0.0	0.0	1101.975
dup	1462	GCA.002436065.1.Bacteria.Chloroflexota	2298.115	0.0	1149.0575	2545.29	2050.94	0.0	0.0	1272.645
dup	1462	GCA.002436065.1.Bacteria.Chloroflexota	2298.115	0.0	1149.0575	2545.29	2050.94	0.0	0.0	1272.645
spe	1454	1453	2214.935	2115.485	2165.21	2430.94	1998.93	2342.31	1888.66	2159.8
hgt	None	dead	0.0	0.0	0.0	0.0	0.0	0.0	0.0	0.0
hgt	1438	GCA.002841995.1.Bacteria.Chloroflexota	1347.94	0.0	673.97	1557.13	1138.75	0.0	0.0	778.565
los	None	dead	0.0	0.0	0.0	0.0	0.0	0.0	0.0	0.0
spe	1453	1452	2115.485	1623.74	1869.6125	2342.31	1888.66	1926.13	1321.35	1831.83
dup	1452	GCA.002348045.1.Bacteria.Chloroflexota	1623.74	0.0	811.87	1926.13	1321.35	0.0	0.0	963.065
dup	1452	GCA.002348045.1.Bacteria.Chloroflexota	1623.74	0.0	811.87	1926.13	1321.35	0.0	0.0	963.065
hgt	None	dead	0.0	0.0	0.0	0.0	0.0	0.0	0.0	0.0
hgt	1424	GCA.002011475.1.Bacteria.Chloroflexota	1882.275	0.0	941.1375	2112.69	1651.86	0.0	0.0	1056.345
los	None	dead	0.0	0.0	0.0	0.0	0.0	0.0	0.0	0.0
hgt	1236	1235	2380.34	2102.15	2241.245	2593.02	2167.66	2336.06	1868.24	2230.63
spe	1453	1449	2115.485	1891.395	2003.44	2342.31	1888.66	2134.97	1647.82	1995.065
hgt	1289	GCA.002345475.1.Bacteria.Firmicutes.H	2319.605	0.0	1159.8025	2515.76	2123.45	0.0	0.0	1257.88
los	1449	GCA.002400365.1.Bacteria.Chloroflexota	1891.395	0.0	945.6975	2134.97	1647.82	0.0	0.0	1067.485
spe	1236	1235	2380.34	2102.15	2241.245	2593.02	2167.66	2336.06	1868.24	2230.63
spe	1235	1234	2102.15	1826.555	1964.3525	2336.06	1868.24	2072.98	1580.13	1958.095
spe	1234	1233	1826.555	1501.49	1664.0225	2072.98	1580.13	1760.32	1242.66	1657.82
los	1233	GCA.003449495.1.Bacteria.Firmicutes.E	1501.49	0.0	750.745	1760.32	1242.66	0.0	0.0	880.16
hgt	1221	GCA.002375895.1.Bacteria.Firmicutes.E	2065.095	0.0	1032.5475	2339.28	1790.91	0.0	0.0	1169.64
hgt	None	dead	0.0	0.0	0.0	0.0	0.0	0.0	0.0	0.0
dup	None	dead	0.0	0.0	0.0	0.0	0.0	0.0	0.0	0.0
dup	None	dead	0.0	0.0	0.0	0.0	0.0	0.0	0.0	0.0
dup	None	dead	0.0	0.0	0.0	0.0	0.0	0.0	0.0	0.0
hgt	1462	GCA.002436065.1.Bacteria.Chloroflexota	2298.115	0.0	1149.0575	2545.29	2050.94	0.0	0.0	1272.645
los	None	dead	0.0	0.0	0.0	0.0	0.0	0.0	0.0	0.0
hgt	861	GCA.001304105.1.Bacteria.Desulfobacterota	1645.455	0.0	822.7275	1870.52	1420.39	0.0	0.0	935.26
los	None	dead	0.0	0.0	0.0	0.0	0.0	0.0	0.0	0.0
dup	None	dead	0.0	0.0	0.0	0.0	0.0	0.0	0.0	0.0
hgt	857	GCA.002010915.1.Bacteria.Desulfobacterota	1980.505	0.0	990.2525	2203.95	1757.06	0.0	0.0	1101.975
los	None	dead	0.0	0.0	0.0	0.0	0.0	0.0	0.0	0.0
hgt	1300	GCF.000620305.1.Bacteria.Firmicutes.B	1565.1	0.0	782.55	1781.13	1349.07	0.0	0.0	890.565
los	None	dead	0.0	0.0	0.0	0.0	0.0	0.0	0.0	0.0
hgt	1325	1324	2256.125	2152.01	2204.0675	2432.87	2079.38	2327.59	1976.43	2204.65
los	None	dead	0.0	0.0	0.0	0.0	0.0	0.0	0.0	0.0
spe	1325	1324	2256.125	2152.01	2204.0675	2432.87	2079.38	2327.59	1976.43	2204.65
spe	1324	1323	2152.01	2061.88	2106.945	2327.59	1976.43	2241.44	1882.32	2104.955
los	1323	1319	2061.88	1933.46	1997.67	2241.44	1882.32	2119.98	1746.94	1994.19
spe	1323	1322	2061.88	1700.81	1881.345	2241.44	1882.32	1909.29	1492.33	1866.885
los	1322	GCA.001512665.1.Bacteria.Firmicutes.B	1700.81	0.0	850.405	1909.29	1492.33	0.0	0.0	954.645
hgt	None	dead	0.0	0.0	0.0	0.0	0.0	0.0	0.0	0.0
hgt	1467	GCA.002292925.1.Bacteria.Chloroflexota	1808.245	0.0	904.1225	2082.93	1533.56	0.0	0.0	1041.465
los	None	dead	0.0	0.0	0.0	0.0	0.0	0.0	0.0	0.0
hgt	None	dead	0.0	0.0	0.0	0.0	0.0	0.0	0.0	0.0
hgt	293	GCA.003246265.1.Bacteria.Verrucomicrobiota	1839.63	0.0	919.815	2093.59	1585.67	0.0	0.0	1046.795
los	None	dead	0.0	0.0	0.0	0.0	0.0	0.0	0.0	0.0
spe	1324	1308	2152.01	1925.235	2038.6225	2327.59	1976.43	2113.94	1736.53	2032.06
spe	1308	1307	1925.235	1703.5	1814.3675	2113.94	1736.53	1894.89	1512.11	1813.025
los	1307	1305	1703.5	1518.03	1610.765	1894.89	1512.11	1722.41	1313.65	1604.27
hgt	1234	GCA.003599345.1.Bacteria.Firmicutes.E	1826.555	0.0	913.2775	2072.98	1580.13	0.0	0.0	1036.49
hgt	1058	GCA.001443005.1.Bacteria.Synergistota	2648.915	0.0	1324.4575	2961.31	2336.52	0.0	0.0	1480.655
hgt	None	dead	0.0	0.0	0.0	0.0	0.0	0.0	0.0	0.0
hgt	1452	GCA.002423325.1.Bacteria.Chloroflexota	1623.74	0.0	811.87	1926.13	1321.35	0.0	0.0	963.065
los	None	dead	0.0	0.0	0.0	0.0	0.0	0.0	0.0	0.0
hgt	1446	1440	1960.08	1813.195	1886.6375	2176.15	1744.01	2028.77	1597.62	1886.885
spe	1308	1300	1925.235	1565.1	1745.1675	2113.94	1736.53	1781.13	1349.07	1731.505
los	1300	GCF.000620305.1.Bacteria.Firmicutes.B	1565.1	0.0	782.55	1781.13	1349.07	0.0	0.0	890.565
spe	1446	1440	1960.08	1813.195	1886.6375	2176.15	1744.01	2028.77	1597.62	1886.885
hgt	1444	GCA.003451595.1.Bacteria.Chloroflexota	1539.09	0.0	769.545	1770.71	1307.47	0.0	0.0	885.355
hgt	529	GCA.002420425.1.Bacteria.Proteobacteria	1818.925	0.0	909.4625	2012.28	1625.57	0.0	0.0	1006.14
hgt	1452	GCA.002348045.1.Bacteria.Chloroflexota	1623.74	0.0	811.87	1926.13	1321.35	0.0	0.0	963.065
spe	1440	1439	1813.195	1555.635	1684.415	2028.77	1597.62	1768.59	1342.68	1685.725
spe	1439	1438	1555.635	1347.94	1451.7875	1768.59	1342.68	1557.13	1138.75	1453.67
los	1438	GCA.002841995.1.Bacteria.Chloroflexota	1347.94	0.0	673.97	1557.13	1138.75	0.0	0.0	778.565
spe	1438	1437	1347.94	1218.17	1283.055	1557.13	1138.75	1425.69	1010.65	1283.89
los	1437	GCA.002702065.1.Bacteria.Chloroflexota	1218.17	0.0	609.085	1425.69	1010.65	0.0	0.0	712.845
dup	1439	GCF.900187885.1.Bacteria.Chloroflexota	1555.635	0.0	777.8175	1768.59	1342.68	0.0	0.0	884.295
hgt	1445	GCA.003130875.1.Bacteria.Chloroflexota	1742.485	0.0	871.2425	1965.0	1519.97	0.0	0.0	982.5
hgt	1116	GCA.002435745.1.Bacteria.UBP15	2382.81	0.0	1191.405	2709.7	2055.92	0.0	0.0	1354.85
hgt	None	dead	0.0	0.0	0.0	0.0	0.0	0.0	0.0	0.0
spe	1092	1058	3391.895	2648.915	3020.405	3557.02	3226.77	2961.31	2336.52	2946.77
hgt	1300	GCF.000620305.1.Bacteria.Firmicutes.B	1565.1	0.0	782.55	1781.13	1349.07	0.0	0.0	890.565
hgt	1240	GCA.002376045.1.Bacteria.Firmicutes.A	2224.995	0.0	1112.4975	2447.68	2002.31	0.0	0.0	1223.84
dup	None	dead	0.0	0.0	0.0	0.0	0.0	0.0	0.0	0.0
hgt	116	GCA.001774245.1.Archaea.Thermoproteota	1247.9685	0.0	623.98425	1523.73	972.207	0.0	0.0	761.865
los	None	dead	0.0	0.0	0.0	0.0	0.0	0.0	0.0	0.0
hgt	99	GCF.000092185.1.Archaea.Thermoproteota	1639.4	0.0	819.7	1901.87	1376.93	0.0	0.0	950.935
los	None	dead	0.0	0.0	0.0	0.0	0.0	0.0	0.0	0.0
hgt	173	151	2879.565	2655.89	2767.7275	3003.72	2755.41	2813.75	2498.03	2750.875
hgt	None	dead	0.0	0.0	0.0	0.0	0.0	0.0	0.0	0.0
hgt	80	GCF.002114285.1.Archaea.Halobacteriota	1577.665	0.0	788.8325	1816.4	1338.93	0.0	0.0	908.2
los	None	dead	0.0	0.0	0.0	0.0	0.0	0.0	0.0	0.0
hgt	255	199	3041.58	2720.74	2881.16	3219.25	2863.91	2969.79	2471.69	2845.47
spe	175	143	3094.86	2506.355	2800.6075	3202.25	2987.47	2769.4	2243.31	2722.78
hgt	128	GCA.002011075.1.Archaea.Thermoproteota	930.467	0.0	465.2335	1201.25	659.684	0.0	0.0	600.625
los	143	GCA.001940655.1.Archaea.Asgardarchaeota	2506.355	0.0	1253.1775	2769.4	2243.31	0.0	0.0	1384.7
dup	143	GCA.001563325.1.Archaea.Asgardarchaeota	2506.355	0.0	1253.1775	2769.4	2243.31	0.0	0.0	1384.7
hgt	236	GCA.002412545.1.Bacteria.Elusimicrobiota	1769.81	0.0	884.905	1996.52	1543.1	0.0	0.0	998.26
hgt	198	GCA.002478245.1.Bacteria.UBP18	2444.64	0.0	1222.32	2741.2	2148.08	0.0	0.0	1370.6
dup	143	GCA.001563325.1.Archaea.Asgardarchaeota	2506.355	0.0	1253.1775	2769.4	2243.31	0.0	0.0	1384.7
hgt	198	GCA.002478245.1.Bacteria.UBP18	2444.64	0.0	1222.32	2741.2	2148.08	0.0	0.0	1370.6
spe	255	199	3041.58	2720.74	2881.16	3219.25	2863.91	2969.79	2471.69	2845.47
spe	199	198	2720.74	2444.64	2582.69	2969.79	2471.69	2741.2	2148.08	2558.935
hgt	38	GCA.001515205.2.Archaea.Hadarchaeota	2493.245	0.0	1246.6225	2769.67	2216.82	0.0	0.0	1384.835
los	198	GCA.001871015.1.Bacteria.Desantisbacteria	2444.64	0.0	1222.32	2741.2	2148.08	0.0	0.0	1370.6
hgt	1449	GCA.002400365.1.Bacteria.Chloroflexota	1891.395	0.0	945.6975	2134.97	1647.82	0.0	0.0	1067.485
hgt	1296	GCF.900176005.1.Bacteria.Firmicutes.B	1805.085	0.0	902.5425	2032.76	1577.41	0.0	0.0	1016.38
hgt	121	GCA.001775995.1.Archaea.Thermoproteota	1743.665	0.0	871.8325	2016.22	1471.11	0.0	0.0	1008.11
hgt	1300	GCA.002418765.1.Bacteria.Firmicutes.B	1565.1	0.0	782.55	1781.13	1349.07	0.0	0.0	890.565
hgt	1449	GCA.002400365.1.Bacteria.Chloroflexota	1891.395	0.0	945.6975	2134.97	1647.82	0.0	0.0	1067.485
hgt	1296	GCF.900176005.1.Bacteria.Firmicutes.B	1805.085	0.0	902.5425	2032.76	1577.41	0.0	0.0	1016.38
hgt	None	dead	0.0	0.0	0.0	0.0	0.0	0.0	0.0	0.0
spe	173	151	2879.565	2655.89	2767.7275	3003.72	2755.41	2813.75	2498.03	2750.875
hgt	None	dead	0.0	0.0	0.0	0.0	0.0	0.0	0.0	0.0
hgt	None	dead	0.0	0.0	0.0	0.0	0.0	0.0	0.0	0.0
dup	None	dead	0.0	0.0	0.0	0.0	0.0	0.0	0.0	0.0
hgt	38	GCA.001515205.2.Archaea.Hadarchaeota	2493.245	0.0	1246.6225	2769.67	2216.82	0.0	0.0	1384.835
los	None	dead	0.0	0.0	0.0	0.0	0.0	0.0	0.0	0.0
dup	None	dead	0.0	0.0	0.0	0.0	0.0	0.0	0.0	0.0
hgt	837	GCA.001768075.1.Bacteria.Myxococcota	1633.315	0.0	816.6575	1837.63	1429.0	0.0	0.0	918.815
los	None	dead	0.0	0.0	0.0	0.0	0.0	0.0	0.0	0.0
dup	None	dead	0.0	0.0	0.0	0.0	0.0	0.0	0.0	0.0
hgt	1424	GCA.002011475.1.Bacteria.Chloroflexota	1882.275	0.0	941.1375	2112.69	1651.86	0.0	0.0	1056.345
los	None	dead	0.0	0.0	0.0	0.0	0.0	0.0	0.0	0.0
hgt	877	GCA.001797675.1.Bacteria.Desulfobacterota	1826.365	0.0	913.1825	2034.01	1618.72	0.0	0.0	1017.005
los	None	dead	0.0	0.0	0.0	0.0	0.0	0.0	0.0	0.0
dup	877	GCA.001797675.1.Bacteria.Desulfobacterota	1826.365	0.0	913.1825	2034.01	1618.72	0.0	0.0	1017.005
hgt	898	756	3008.34	2635.78	2822.06	3157.32	2859.36	2841.14	2430.42	2793.87
hgt	887	863	2332.115	2111.78	2221.9475	2510.45	2153.78	2305.71	1917.85	2214.15
hgt	None	dead	0.0	0.0	0.0	0.0	0.0	0.0	0.0	0.0
spe	151	150	2655.89	1958.415	2307.1525	2813.75	2498.03	2236.46	1680.37	2247.06
hgt	400	GCA.002401295.1.Bacteria.SAR324	2394.165	0.0	1197.0825	2660.57	2127.76	0.0	0.0	1330.285
hgt	65	GCA.001595885.1.Archaea.Thermoplasmatota	1417.775	0.0	708.8875	1651.47	1184.08	0.0	0.0	825.735
hgt	1449	GCA.002400365.1.Bacteria.Chloroflexota	1891.395	0.0	945.6975	2134.97	1647.82	0.0	0.0	1067.485
hgt	52	GCA.001595945.1.Archaea.Thermoplasmatota	1459.595	0.0	729.7975	1710.74	1208.45	0.0	0.0	855.37
hgt	702	GCA.003223635.1.Bacteria.Acidobacteriota	1354.27	0.0	677.135	1586.23	1122.31	0.0	0.0	793.115
hgt	529	GCA.002420425.1.Bacteria.Proteobacteria	1818.925	0.0	909.4625	2012.28	1625.57	0.0	0.0	1006.14
hgt	861	GCA.002327985.1.Bacteria.Desulfobacterota	1645.455	0.0	822.7275	1870.52	1420.39	0.0	0.0	935.26
hgt	118	GCA.001593855.1.Archaea.Thermoproteota	1963.41	0.0	981.705	2228.25	1698.57	0.0	0.0	1114.125
hgt	857	GCA.002010915.1.Bacteria.Desulfobacterota	1980.505	0.0	990.2525	2203.95	1757.06	0.0	0.0	1101.975
hgt	861	GCA.002327985.1.Bacteria.Desulfobacterota	1645.455	0.0	822.7275	1870.52	1420.39	0.0	0.0	935.26
hgt	397	GCF.000526155.1.Bacteria.Desulfobacterota	3012.355	0.0	1506.1775	3169.34	2855.37	0.0	0.0	1584.67
hgt	686	GCA.002451015.1.Bacteria.Acidobacteriota	1699.78	0.0	849.89	1911.59	1487.97	0.0	0.0	955.795
dup	None	dead	0.0	0.0	0.0	0.0	0.0	0.0	0.0	0.0
hgt	1315	GCF.002224645.1.Bacteria.Firmicutes.B	1023.5775	0.0	511.78875	1225.27	821.885	0.0	0.0	612.635
los	None	dead	0.0	0.0	0.0	0.0	0.0	0.0	0.0	0.0
hgt	1269	GCF.002252565.1.Bacteria.Firmicutes.A	1538.365	0.0	769.1825	1724.93	1351.8	0.0	0.0	862.465
los	None	dead	0.0	0.0	0.0	0.0	0.0	0.0	0.0	0.0
spe	887	863	2332.115	2111.78	2221.9475	2510.45	2153.78	2305.71	1917.85	2214.15
spe	863	862	2111.78	1779.145	1945.4625	2305.71	1917.85	1993.79	1564.5	1935.105
spe	862	861	1779.145	1645.455	1712.3	1993.79	1564.5	1870.52	1420.39	1707.09
los	861	GCA.002327985.1.Bacteria.Desulfobacterota	1645.455	0.0	822.7275	1870.52	1420.39	0.0	0.0	935.26
dup	861	GCA.001304105.1.Bacteria.Desulfobacterota	1645.455	0.0	822.7275	1870.52	1420.39	0.0	0.0	935.26
hgt	1258	GCA.003527145.1.Bacteria.Firmicutes.A	1568.675	0.0	784.3375	1758.42	1378.93	0.0	0.0	879.21
hgt	1452	GCA.002348045.1.Bacteria.Chloroflexota	1623.74	0.0	811.87	1926.13	1321.35	0.0	0.0	963.065
hgt	116	GCA.001774245.1.Archaea.Thermoproteota	1247.9685	0.0	623.98425	1523.73	972.207	0.0	0.0	761.865
hgt	199	GCA.003527405.1.Bacteria.Atribacterota	2720.74	0.0	1360.37	2969.79	2471.69	0.0	0.0	1484.895
hgt	498	GCA.002731375.1.Bacteria.Proteobacteria	1143.1505	0.0	571.57525	1299.85	986.451	0.0	0.0	649.925
hgt	1322	GCA.000961765.1.Bacteria.Firmicutes.B	1700.81	0.0	850.405	1909.29	1492.33	0.0	0.0	954.645
hgt	1462	GCA.002436065.1.Bacteria.Chloroflexota	2298.115	0.0	1149.0575	2545.29	2050.94	0.0	0.0	1272.645
los	862	GCA.002782605.1.Bacteria.Desulfobacterota	1779.145	0.0	889.5725	1993.79	1564.5	0.0	0.0	996.895
hgt	1058	GCF.000233775.1.Bacteria.Synergistota	2648.915	0.0	1324.4575	2961.31	2336.52	0.0	0.0	1480.655
hgt	None	dead	0.0	0.0	0.0	0.0	0.0	0.0	0.0	0.0
hgt	801	GCA.002328485.1.Bacteria.Desulfobacterota.G	2073.125	0.0	1036.5625	2289.45	1856.8	0.0	0.0	1144.725
hgt	None	dead	0.0	0.0	0.0	0.0	0.0	0.0	0.0	0.0
hgt	116	GCA.001774245.1.Archaea.Thermoproteota	1247.9685	0.0	623.98425	1523.73	972.207	0.0	0.0	761.865
los	None	dead	0.0	0.0	0.0	0.0	0.0	0.0	0.0	0.0
spe	863	857	2111.78	1980.505	2046.1425	2305.71	1917.85	2203.95	1757.06	2031.385
hgt	1305	GCF.002207765.1.Bacteria.Firmicutes.B	1518.03	0.0	759.015	1722.41	1313.65	0.0	0.0	861.205
hgt	857	GCA.001830835.1.Bacteria.Desulfobacterota	1980.505	0.0	990.2525	2203.95	1757.06	0.0	0.0	1101.975
hgt	1424	GCA.002011475.1.Bacteria.Chloroflexota	1882.275	0.0	941.1375	2112.69	1651.86	0.0	0.0	1056.345
hgt	1307	GCA.000987045.1.Bacteria.Firmicutes.B	1703.5	0.0	851.75	1894.89	1512.11	0.0	0.0	947.445
hgt	1235	GCA.002376005.1.Bacteria.Firmicutes.E	2102.15	0.0	1051.075	2336.06	1868.24	0.0	0.0	1168.03
hgt	1307	GCA.000987045.1.Bacteria.Firmicutes.B	1703.5	0.0	851.75	1894.89	1512.11	0.0	0.0	947.445
dup	None	dead	0.0	0.0	0.0	0.0	0.0	0.0	0.0	0.0
hgt	796	GCA.002238415.1.Bacteria.Desulfobacterota.B	1757.055	0.0	878.5275	1958.83	1555.28	0.0	0.0	979.415
los	None	dead	0.0	0.0	0.0	0.0	0.0	0.0	0.0	0.0
hgt	598	GCA.002292285.1.Bacteria.Proteobacteria	904.2135	0.0	452.10675	1071.01	737.417	0.0	0.0	535.505
los	None	dead	0.0	0.0	0.0	0.0	0.0	0.0	0.0	0.0
spe	898	756	3008.34	2635.78	2822.06	3157.32	2859.36	2841.14	2430.42	2793.87
spe	756	754	2635.78	2364.085	2499.9325	2841.14	2430.42	2588.61	2139.56	2490.35
hgt	None	dead	0.0	0.0	0.0	0.0	0.0	0.0	0.0	0.0
los	754	746	2364.085	2036.715	2200.4	2588.61	2139.56	2336.38	1737.05	2162.83
hgt	118	GCA.001593855.1.Archaea.Thermoproteota	1963.41	0.0	981.705	2228.25	1698.57	0.0	0.0	1114.125
los	None	dead	0.0	0.0	0.0	0.0	0.0	0.0	0.0	0.0
spe	754	753	2364.085	2099.055	2231.57	2588.61	2139.56	2342.98	1855.13	2221.87
hgt	741	GCA.001771285.1.Bacteria.Methylomirabilota	2099.065	0.0	1049.5325	2384.47	1813.66	0.0	0.0	1192.235
los	753	751	2099.055	1941.285	2020.17	2342.98	1855.13	2197.64	1684.93	2013.955
hgt	756	GCA.001790645.1.Bacteria.Schekmanbacteria	2635.78	0.0	1317.89	2841.14	2430.42	0.0	0.0	1420.57
hgt	38	GCA.001515205.2.Archaea.Hadarchaeota	2493.245	0.0	1246.6225	2769.67	2216.82	0.0	0.0	1384.835
dup	756	GCA.001790645.1.Bacteria.Schekmanbacteria	2635.78	0.0	1317.89	2841.14	2430.42	0.0	0.0	1420.57
hgt	1322	GCA.000961765.1.Bacteria.Firmicutes.B	1700.81	0.0	850.405	1909.29	1492.33	0.0	0.0	954.645
los	None	dead	0.0	0.0	0.0	0.0	0.0	0.0	0.0	0.0
dup	1322	GCA.000961765.1.Bacteria.Firmicutes.B	1700.81	0.0	850.405	1909.29	1492.33	0.0	0.0	954.645
hgt	1300	GCF.000620305.1.Bacteria.Firmicutes.B	1565.1	0.0	782.55	1781.13	1349.07	0.0	0.0	890.565
hgt	1240	GCA.002376045.1.Bacteria.Firmicutes.A	2224.995	0.0	1112.4975	2447.68	2002.31	0.0	0.0	1223.84
spe	151	147	2655.89	2129.97	2392.93	2813.75	2498.03	2400.45	1859.49	2336.62
hgt	140	GCF.000019605.1.Archaea.Thermoproteota	3044.4	0.0	1522.2	3166.67	2922.13	0.0	0.0	1583.335
hgt	1236	1235	2380.34	2102.15	2241.245	2593.02	2167.66	2336.06	1868.24	2230.63
los	147	GCA.001940725.1.Archaea.Asgardarchaeota	2129.97	0.0	1064.985	2400.45	1859.49	0.0	0.0	1200.225
spe	1236	1235	2380.34	2102.15	2241.245	2593.02	2167.66	2336.06	1868.24	2230.63
spe	1235	1234	2102.15	1826.555	1964.3525	2336.06	1868.24	2072.98	1580.13	1958.095
hgt	1209	GCA.002452295.1.Bacteria.Firmicutes.G	2390.265	0.0	1195.1325	2661.11	2119.42	0.0	0.0	1330.555
hgt	1322	GCA.000961765.1.Bacteria.Firmicutes.B	1700.81	0.0	850.405	1909.29	1492.33	0.0	0.0	954.645
los	1234	1233	1826.555	1501.49	1664.0225	2072.98	1580.13	1760.32	1242.66	1657.82
hgt	1469	GCA.001898225.1.Bacteria.Chloroflexota	1964.555	0.0	982.2775	2217.5	1711.61	0.0	0.0	1108.75
hgt	1209	GCA.002452295.1.Bacteria.Firmicutes.G	2390.265	0.0	1195.1325	2661.11	2119.42	0.0	0.0	1330.555
dup	None	dead	0.0	0.0	0.0	0.0	0.0	0.0	0.0	0.0
hgt	113	GCA.001593865.1.Archaea.Thermoproteota	2111.275	0.0	1055.6375	2361.91	1860.64	0.0	0.0	1180.955
los	None	dead	0.0	0.0	0.0	0.0	0.0	0.0	0.0	0.0
dup	None	dead	0.0	0.0	0.0	0.0	0.0	0.0	0.0	0.0
hgt	1236	1235	2380.34	2102.15	2241.245	2593.02	2167.66	2336.06	1868.24	2230.63
los	None	dead	0.0	0.0	0.0	0.0	0.0	0.0	0.0	0.0
spe	1236	1235	2380.34	2102.15	2241.245	2593.02	2167.66	2336.06	1868.24	2230.63
spe	1235	1234	2102.15	1826.555	1964.3525	2336.06	1868.24	2072.98	1580.13	1958.095
los	1234	GCA.003599345.1.Bacteria.Firmicutes.E	1826.555	0.0	913.2775	2072.98	1580.13	0.0	0.0	1036.49
spe	1234	1233	1826.555	1501.49	1664.0225	2072.98	1580.13	1760.32	1242.66	1657.82
los	1233	GCA.003449495.1.Bacteria.Firmicutes.E	1501.49	0.0	750.745	1760.32	1242.66	0.0	0.0	880.16
hgt	1325	1324	2256.125	2152.01	2204.0675	2432.87	2079.38	2327.59	1976.43	2204.65
los	None	dead	0.0	0.0	0.0	0.0	0.0	0.0	0.0	0.0
spe	1325	1324	2256.125	2152.01	2204.0675	2432.87	2079.38	2327.59	1976.43	2204.65
spe	1324	1308	2152.01	1925.235	2038.6225	2327.59	1976.43	2113.94	1736.53	2032.06
spe	1308	1300	1925.235	1565.1	1745.1675	2113.94	1736.53	1781.13	1349.07	1731.505
los	1300	GCA.002418765.1.Bacteria.Firmicutes.B	1565.1	0.0	782.55	1781.13	1349.07	0.0	0.0	890.565
spe	1308	1307	1925.235	1703.5	1814.3675	2113.94	1736.53	1894.89	1512.11	1813.025
hgt	1296	GCF.900176005.1.Bacteria.Firmicutes.B	1805.085	0.0	902.5425	2032.76	1577.41	0.0	0.0	1016.38
los	1307	1305	1703.5	1518.03	1610.765	1894.89	1512.11	1722.41	1313.65	1604.27
spe	1324	1323	2152.01	2061.88	2106.945	2327.59	1976.43	2241.44	1882.32	2104.955
hgt	143	GCA.001563325.1.Archaea.Asgardarchaeota	2506.355	0.0	1253.1775	2769.4	2243.31	0.0	0.0	1384.7
los	1323	1319	2061.88	1933.46	1997.67	2241.44	1882.32	2119.98	1746.94	1994.19
spe	1323	1322	2061.88	1700.81	1881.345	2241.44	1882.32	1909.29	1492.33	1866.885
los	1322	GCA.001512665.1.Bacteria.Firmicutes.B	1700.81	0.0	850.405	1909.29	1492.33	0.0	0.0	954.645
hgt	None	dead	0.0	0.0	0.0	0.0	0.0	0.0	0.0	0.0
hgt	11	GCA.002779595.1.Archaea.Nanoarchaeota	2323.72	0.0	1161.86	2698.56	1948.88	0.0	0.0	1349.28
los	None	dead	0.0	0.0	0.0	0.0	0.0	0.0	0.0	0.0
hgt	None	dead	0.0	0.0	0.0	0.0	0.0	0.0	0.0	0.0
hgt	139	138	2917.505	2764.09	2840.7975	3054.61	2780.4	2929.91	2598.27	2826.44
los	None	dead	0.0	0.0	0.0	0.0	0.0	0.0	0.0	0.0
spe	139	138	2917.505	2764.09	2840.7975	3054.61	2780.4	2929.91	2598.27	2826.44
hgt	None	dead	0.0	0.0	0.0	0.0	0.0	0.0	0.0	0.0
dup	None	dead	0.0	0.0	0.0	0.0	0.0	0.0	0.0	0.0
hgt	84	GCF.000011005.1.Archaea.Euryarchaeota	1360.205	0.0	680.1025	1583.15	1137.26	0.0	0.0	791.575
los	None	dead	0.0	0.0	0.0	0.0	0.0	0.0	0.0	0.0
dup	None	dead	0.0	0.0	0.0	0.0	0.0	0.0	0.0	0.0
hgt	77	GCA.003194435.1.Archaea.Halobacteriota	1646.475	0.0	823.2375	1886.1	1406.85	0.0	0.0	943.05
los	None	dead	0.0	0.0	0.0	0.0	0.0	0.0	0.0	0.0
hgt	113	GCA.002255025.1.Archaea.Thermoproteota	2111.275	0.0	1055.6375	2361.91	1860.64	0.0	0.0	1180.955
los	None	dead	0.0	0.0	0.0	0.0	0.0	0.0	0.0	0.0
hgt	1092	1058	3391.895	2648.915	3020.405	3557.02	3226.77	2961.31	2336.52	2946.77
spe	138	137	2764.09	2491.115	2627.6025	2929.91	2598.27	2707.1	2275.13	2602.52
spe	137	136	2491.115	2332.2	2411.6575	2707.1	2275.13	2572.88	2091.52	2399.31
hgt	1431	1430	2678.945	2204.905	2441.925	2899.32	2458.57	2528.66	1881.15	2390.235
hgt	None	dead	0.0	0.0	0.0	0.0	0.0	0.0	0.0	0.0
hgt	107	GCA.003019535.1.Archaea.Thermoproteota	1874.74	0.0	937.37	2176.29	1573.19	0.0	0.0	1088.145
los	None	dead	0.0	0.0	0.0	0.0	0.0	0.0	0.0	0.0
spe	136	134	2332.2	2080.28	2206.24	2572.88	2091.52	2330.98	1829.58	2201.23
spe	134	133	2080.28	1814.08	1947.18	2330.98	1829.58	2092.89	1535.27	1933.125
los	133	GCA.002506605.1.Archaea.Thermoproteota	1814.08	0.0	907.04	2092.89	1535.27	0.0	0.0	1046.445
spe	134	130	2080.28	1916.685	1998.4825	2330.98	1829.58	2187.49	1645.88	1988.43
los	130	GCA.001510295.1.Archaea.Thermoproteota	1916.685	0.0	958.3425	2187.49	1645.88	0.0	0.0	1093.745
spe	130	128	1916.685	930.467	1423.576	2187.49	1645.88	1201.25	659.684	1423.587
los	128	GCA.002011085.1.Archaea.Thermoproteota	930.467	0.0	465.2335	1201.25	659.684	0.0	0.0	600.625
hgt	None	dead	0.0	0.0	0.0	0.0	0.0	0.0	0.0	0.0
hgt	1227	GCA.003242675.1.Bacteria.Firmicutes.E	1969.33	0.0	984.665	2217.32	1721.34	0.0	0.0	1108.66
los	None	dead	0.0	0.0	0.0	0.0	0.0	0.0	0.0	0.0
hgt	None	dead	0.0	0.0	0.0	0.0	0.0	0.0	0.0	0.0
hgt	None	dead	0.0	0.0	0.0	0.0	0.0	0.0	0.0	0.0
dup	None	dead	0.0	0.0	0.0	0.0	0.0	0.0	0.0	0.0
hgt	1444	GCA.003451595.1.Bacteria.Chloroflexota	1539.09	0.0	769.545	1770.71	1307.47	0.0	0.0	885.355
los	None	dead	0.0	0.0	0.0	0.0	0.0	0.0	0.0	0.0
dup	None	dead	0.0	0.0	0.0	0.0	0.0	0.0	0.0	0.0
hgt	1438	GCA.002841995.1.Bacteria.Chloroflexota	1347.94	0.0	673.97	1557.13	1138.75	0.0	0.0	778.565
los	None	dead	0.0	0.0	0.0	0.0	0.0	0.0	0.0	0.0
hgt	1449	GCA.002400365.1.Bacteria.Chloroflexota	1891.395	0.0	945.6975	2134.97	1647.82	0.0	0.0	1067.485
los	None	dead	0.0	0.0	0.0	0.0	0.0	0.0	0.0	0.0
spe	1431	1430	2678.945	2204.905	2441.925	2899.32	2458.57	2528.66	1881.15	2390.235
hgt	80	GCF.002114285.1.Archaea.Halobacteriota	1577.665	0.0	788.8325	1816.4	1338.93	0.0	0.0	908.2
hgt	1351	1347	1602.01	1294.365	1448.1875	1773.61	1430.41	1476.68	1112.05	1442.83
los	None	dead	0.0	0.0	0.0	0.0	0.0	0.0	0.0	0.0
spe	1351	1347	1602.01	1294.365	1448.1875	1773.61	1430.41	1476.68	1112.05	1442.83
hgt	1344	GCF.000218765.1.Bacteria.Firmicutes	1531.325	0.0	765.6625	1719.64	1343.01	0.0	0.0	859.82
hgt	1341	GCF.001653195.1.Bacteria.Firmicutes	1562.96	0.0	781.48	1772.81	1353.11	0.0	0.0	886.405
hgt	1379	1355	1514.47	1273.085	1393.7775	1680.25	1348.69	1444.33	1101.84	1391.045
spe	1379	1355	1514.47	1273.085	1393.7775	1680.25	1348.69	1444.33	1101.84	1391.045
hgt	1355	GCF.004522215.1.Bacteria.Firmicutes	1273.085	0.0	636.5425	1444.33	1101.84	0.0	0.0	722.165
hgt	1338	GCF.002335525.1.Bacteria.Firmicutes	1618.77	0.0	809.385	1818.56	1418.98	0.0	0.0	909.28
hgt	669	668	1836.34	1575.265	1705.8025	2118.45	1554.23	1852.06	1298.47	1708.46
los	136	GCA.000375685.1.Archaea.Thermoproteota	2332.2	0.0	1166.1	2572.88	2091.52	0.0	0.0	1286.44
spe	669	668	1836.34	1575.265	1705.8025	2118.45	1554.23	1852.06	1298.47	1708.46
hgt	143	GCA.001563325.1.Archaea.Asgardarchaeota	2506.355	0.0	1253.1775	2769.4	2243.31	0.0	0.0	1384.7
hgt	1136	GCA.003157385.1.Bacteria.Actinobacteriota	2376.455	0.0	1188.2275	2654.7	2098.21	0.0	0.0	1327.35
hgt	801	GCA.002328485.1.Bacteria.Desulfobacterota.G	2073.125	0.0	1036.5625	2289.45	1856.8	0.0	0.0	1144.725
hgt	89	77	2018.03	1646.475	1832.2525	2233.95	1802.11	1886.1	1406.85	1820.4
hgt	1058	GCA.001443005.1.Bacteria.Synergistota	2648.915	0.0	1324.4575	2961.31	2336.52	0.0	0.0	1480.655
hgt	895	GCA.002897695.1.Bacteria.BMS3Abin14	2233.715	0.0	1116.8575	2507.56	1959.87	0.0	0.0	1253.78
hgt	47	GCA.002494765.1.Archaea.Thermoplasmatota	1758.69	0.0	879.345	2012.02	1505.36	0.0	0.0	1006.01
hgt	35	GCA.001587715.1.Archaea.Methanobacteriota.B	2647.665	0.0	1323.8325	2911.01	2384.32	0.0	0.0	1455.505
hgt	1133	GCA.001871795.1.Bacteria.Actinobacteriota	2467.96	0.0	1233.98	2738.86	2197.06	0.0	0.0	1369.43
spe	89	77	2018.03	1646.475	1832.2525	2233.95	1802.11	1886.1	1406.85	1820.4
dup	77	GCA.003194435.1.Archaea.Halobacteriota	1646.475	0.0	823.2375	1886.1	1406.85	0.0	0.0	943.05
hgt	376	GCA.002418835.1.Bacteria.Spirochaetota	2164.345	0.0	1082.1725	2427.34	1901.35	0.0	0.0	1213.67
hgt	736	GCA.003454665.1.Bacteria.Nitrospirota	1883.24	0.0	941.62	2143.89	1622.59	0.0	0.0	1071.945
hgt	1651	GCA.003242895.1.Bacteria.Margulisbacteria	2156.75	0.0	1078.375	2473.24	1840.26	0.0	0.0	1236.62
hgt	84	GCF.000970205.1.Archaea.Halobacteriota	1360.205	0.0	680.1025	1583.15	1137.26	0.0	0.0	791.575
hgt	914	GCA.002256535.1.Bacteria.WOR.3	2118.525	0.0	1059.2625	2416.47	1820.58	0.0	0.0	1208.235
hgt	1178	GCA.002347645.1.Bacteria.Actinobacteriota	1673.74	0.0	836.87	1926.76	1420.72	0.0	0.0	963.38
hgt	1462	GCA.002436065.1.Bacteria.Chloroflexota	2298.115	0.0	1149.0575	2545.29	2050.94	0.0	0.0	1272.645
hgt	397	GCF.000526155.1.Bacteria.Desulfobacterota	3012.355	0.0	1506.1775	3169.34	2855.37	0.0	0.0	1584.67
hgt	1209	GCA.002452295.1.Bacteria.Firmicutes.G	2390.265	0.0	1195.1325	2661.11	2119.42	0.0	0.0	1330.555
hgt	1296	GCF.900176005.1.Bacteria.Firmicutes.B	1805.085	0.0	902.5425	2032.76	1577.41	0.0	0.0	1016.38
dup	1136	GCA.003157385.1.Bacteria.Actinobacteriota	2376.455	0.0	1188.2275	2654.7	2098.21	0.0	0.0	1327.35
hgt	None	dead	0.0	0.0	0.0	0.0	0.0	0.0	0.0	0.0
hgt	None	dead	0.0	0.0	0.0	0.0	0.0	0.0	0.0	0.0
hgt	834	GCA.001798605.1.Bacteria.Myxococcota	1863.715	0.0	931.8575	2045.73	1681.7	0.0	0.0	1022.865
los	None	dead	0.0	0.0	0.0	0.0	0.0	0.0	0.0	0.0
hgt	1326	1325	2448.67	2256.125	2352.3975	2619.66	2277.68	2432.87	2079.38	2349.52
hgt	1116	GCA.002435745.1.Bacteria.UBP15	2382.81	0.0	1191.405	2709.7	2055.92	0.0	0.0	1354.85
spe	1326	1325	2448.67	2256.125	2352.3975	2619.66	2277.68	2432.87	2079.38	2349.52
hgt	None	dead	0.0	0.0	0.0	0.0	0.0	0.0	0.0	0.0
hgt	1183	GCA.002347365.1.Bacteria.Actinobacteriota	2026.845	0.0	1013.4225	2306.44	1747.25	0.0	0.0	1153.22
los	None	dead	0.0	0.0	0.0	0.0	0.0	0.0	0.0	0.0
spe	1325	1324	2256.125	2152.01	2204.0675	2432.87	2079.38	2327.59	1976.43	2204.65
spe	1324	1323	2152.01	2061.88	2106.945	2327.59	1976.43	2241.44	1882.32	2104.955
los	1323	1322	2061.88	1700.81	1881.345	2241.44	1882.32	1909.29	1492.33	1866.885
spe	1323	1319	2061.88	1933.46	1997.67	2241.44	1882.32	2119.98	1746.94	1994.19
los	1319	1318	1933.46	1818.985	1876.2225	2119.98	1746.94	2011.41	1626.56	1873.27
spe	1324	1308	2152.01	1925.235	2038.6225	2327.59	1976.43	2113.94	1736.53	2032.06
hgt	1203	GCA.002399265.1.Bacteria.Firmicutes.G	1946.15	0.0	973.075	2262.26	1630.04	0.0	0.0	1131.13
los	1308	1300	1925.235	1565.1	1745.1675	2113.94	1736.53	1781.13	1349.07	1731.505
spe	1308	1307	1925.235	1703.5	1814.3675	2113.94	1736.53	1894.89	1512.11	1813.025
hgt	1227	GCA.003242675.1.Bacteria.Firmicutes.E	1969.33	0.0	984.665	2217.32	1721.34	0.0	0.0	1108.66
los	1307	1305	1703.5	1518.03	1610.765	1894.89	1512.11	1722.41	1313.65	1604.27
spe	1325	1297	2256.125	1985.275	2120.7	2432.87	2079.38	2195.62	1774.93	2103.9
hgt	1333	GCA.002423965.1.Bacteria.Firmicutes.D	2115.765	0.0	1057.8825	2320.01	1911.52	0.0	0.0	1160.005
los	1297	1296	1985.275	1805.085	1895.18	2195.62	1774.93	2032.76	1577.41	1886.515
dup	None	dead	0.0	0.0	0.0	0.0	0.0	0.0	0.0	0.0
hgt	877	GCF.000620765.1.Bacteria.Desulfobacterota.I	1826.365	0.0	913.1825	2034.01	1618.72	0.0	0.0	1017.005
los	None	dead	0.0	0.0	0.0	0.0	0.0	0.0	0.0	0.0
hgt	376	GCA.002418835.1.Bacteria.Spirochaetota	2164.345	0.0	1082.1725	2427.34	1901.35	0.0	0.0	1213.67
los	None	dead	0.0	0.0	0.0	0.0	0.0	0.0	0.0	0.0
hgt	670	669	2401.115	1836.34	2118.7275	2634.12	2168.11	2118.45	1554.23	2094.175
dup	143	GCA.001563325.1.Archaea.Asgardarchaeota	2506.355	0.0	1253.1775	2769.4	2243.31	0.0	0.0	1384.7
hgt	1449	GCA.002366595.1.Bacteria.Chloroflexota	1891.395	0.0	945.6975	2134.97	1647.82	0.0	0.0	1067.485
spe	670	669	2401.115	1836.34	2118.7275	2634.12	2168.11	2118.45	1554.23	2094.175
spe	669	668	1836.34	1575.265	1705.8025	2118.45	1554.23	1852.06	1298.47	1708.46
hgt	686	GCA.002451015.1.Bacteria.Acidobacteriota	1699.78	0.0	849.89	1911.59	1487.97	0.0	0.0	955.795
los	668	GCA.002010665.1.Bacteria.Acidobacteriota	1575.265	0.0	787.6325	1852.06	1298.47	0.0	0.0	926.03
hgt	801	GCA.001797815.1.Bacteria.RBG.13.61.14	2073.125	0.0	1036.5625	2289.45	1856.8	0.0	0.0	1144.725
hgt	905	GCA.001412425.1.Bacteria.Cloacimonadota	2019.13	0.0	1009.565	2343.41	1694.85	0.0	0.0	1171.705
hgt	None	dead	0.0	0.0	0.0	0.0	0.0	0.0	0.0	0.0
hgt	397	GCF.000526155.1.Bacteria.Desulfobacterota	3012.355	0.0	1506.1775	3169.34	2855.37	0.0	0.0	1584.67
spe	1092	1058	3391.895	2648.915	3020.405	3557.02	3226.77	2961.31	2336.52	2946.77
hgt	1274	1240	2600.015	2224.995	2412.505	2770.93	2429.1	2447.68	2002.31	2386.62
hgt	59	GCA.002878135.1.Archaea.Thermoplasmatota	1444.935	0.0	722.4675	1674.12	1215.75	0.0	0.0	837.06
hgt	38	GCF.002214485.1.Archaea.Methanobacteriota.B	2493.245	0.0	1246.6225	2769.67	2216.82	0.0	0.0	1384.835
hgt	1325	1324	2256.125	2152.01	2204.0675	2432.87	2079.38	2327.59	1976.43	2204.65
hgt	None	dead	0.0	0.0	0.0	0.0	0.0	0.0	0.0	0.0
dup	None	dead	0.0	0.0	0.0	0.0	0.0	0.0	0.0	0.0
hgt	1300	GCA.002418765.1.Bacteria.Firmicutes.B	1565.1	0.0	782.55	1781.13	1349.07	0.0	0.0	890.565
los	None	dead	0.0	0.0	0.0	0.0	0.0	0.0	0.0	0.0
hgt	1333	GCF.900111575.1.Bacteria.Firmicutes.D	2115.765	0.0	1057.8825	2320.01	1911.52	0.0	0.0	1160.005
los	None	dead	0.0	0.0	0.0	0.0	0.0	0.0	0.0	0.0
spe	1274	1240	2600.015	2224.995	2412.505	2770.93	2429.1	2447.68	2002.31	2386.62
spe	1325	1324	2256.125	2152.01	2204.0675	2432.87	2079.38	2327.59	1976.43	2204.65
spe	1324	1308	2152.01	1925.235	2038.6225	2327.59	1976.43	2113.94	1736.53	2032.06
spe	1308	1300	1925.235	1565.1	1745.1675	2113.94	1736.53	1781.13	1349.07	1731.505
los	1300	GCA.002418765.1.Bacteria.Firmicutes.B	1565.1	0.0	782.55	1781.13	1349.07	0.0	0.0	890.565
spe	1308	1307	1925.235	1703.5	1814.3675	2113.94	1736.53	1894.89	1512.11	1813.025
hgt	1292	GCF.001950325.1.Bacteria.Firmicutes.B	1962.37	0.0	981.185	2188.61	1736.13	0.0	0.0	1094.305
los	1307	GCA.000987045.1.Bacteria.Firmicutes.B	1703.5	0.0	851.75	1894.89	1512.11	0.0	0.0	947.445
spe	1307	1305	1703.5	1518.03	1610.765	1894.89	1512.11	1722.41	1313.65	1604.27
hgt	1350	GCF.001742305.1.Bacteria.Firmicutes	1409.0	0.0	704.5	1596.52	1221.48	0.0	0.0	798.26
los	1305	1304	1518.03	1212.67	1365.35	1722.41	1313.65	1425.13	1000.21	1361.31
spe	1324	1323	2152.01	2061.88	2106.945	2327.59	1976.43	2241.44	1882.32	2104.955
los	1323	1322	2061.88	1700.81	1881.345	2241.44	1882.32	1909.29	1492.33	1866.885
spe	1323	1319	2061.88	1933.46	1997.67	2241.44	1882.32	2119.98	1746.94	1994.19
spe	1319	1318	1933.46	1818.985	1876.2225	2119.98	1746.94	2011.41	1626.56	1873.27
los	1318	1317	1818.985	1219.28	1519.1325	2011.41	1626.56	1424.03	1014.53	1512.97
spe	1318	1312	1818.985	1521.75	1670.3675	2011.41	1626.56	1739.03	1304.47	1657.94
los	1312	GCF.002607855.1.Bacteria.Firmicutes.B	1521.75	0.0	760.875	1739.03	1304.47	0.0	0.0	869.515
hgt	895	GCA.000739515.1.Bacteria.Moduliflexota	2233.715	0.0	1116.8575	2507.56	1959.87	0.0	0.0	1253.78
hgt	883	GCA.001751085.1.Bacteria.Desulfobacterota	1441.77	0.0	720.885	1657.06	1226.48	0.0	0.0	828.53
hgt	199	GCA.003527405.1.Bacteria.Atribacterota	2720.74	0.0	1360.37	2969.79	2471.69	0.0	0.0	1484.895
hgt	756	GCA.001790645.1.Bacteria.Schekmanbacteria	2635.78	0.0	1317.89	2841.14	2430.42	0.0	0.0	1420.57
hgt	395	GCA.002402635.1.Bacteria.Deferribacterota	1520.715	0.0	760.3575	1836.24	1205.19	0.0	0.0	918.12
hgt	529	GCA.002420425.1.Bacteria.Proteobacteria	1818.925	0.0	909.4625	2012.28	1625.57	0.0	0.0	1006.14
hgt	1419	GCA.002352365.1.Bacteria.Chloroflexota	1560.275	0.0	780.1375	1794.98	1325.57	0.0	0.0	897.49
hgt	866	GCA.003194485.1.Bacteria.Desulfobacterota	1421.715	0.0	710.8575	1644.35	1199.08	0.0	0.0	822.175
dup	529	GCA.002420425.1.Bacteria.Proteobacteria	1818.925	0.0	909.4625	2012.28	1625.57	0.0	0.0	1006.14
hgt	796	GCA.002238415.1.Bacteria.Desulfobacterota.B	1757.055	0.0	878.5275	1958.83	1555.28	0.0	0.0	979.415
hgt	560	GCA.001735895.1.Bacteria.Proteobacteria	1588.3	0.0	794.15	1745.96	1430.64	0.0	0.0	872.98
hgt	446	445	1389.555	1267.47	1328.5125	1543.03	1236.08	1430.96	1103.98	1323.505
spe	446	445	1389.555	1267.47	1328.5125	1543.03	1236.08	1430.96	1103.98	1323.505
spe	445	444	1267.47	1089.937	1178.7035	1430.96	1103.98	1263.85	916.024	1173.492
los	444	GCA.002348425.1.Bacteria.Proteobacteria	1089.937	0.0	544.9685	1263.85	916.024	0.0	0.0	631.925
hgt	601	595	1425.555	1214.005	1319.78	1571.06	1280.05	1372.8	1055.21	1313.135
hgt	436	GCA.002722885.1.Bacteria.Proteobacteria	1731.205	0.0	865.6025	1880.65	1581.76	0.0	0.0	940.325
hgt	462	GCF.006980715.1.Bacteria.Proteobacteria	1065.146	0.0	532.573	1220.68	909.612	0.0	0.0	610.34
hgt	560	GCA.001735895.1.Bacteria.Proteobacteria	1588.3	0.0	794.15	1745.96	1430.64	0.0	0.0	872.98
spe	601	595	1425.555	1214.005	1319.78	1571.06	1280.05	1372.8	1055.21	1313.135
hgt	581	GCA.002868855.1.Bacteria.Proteobacteria	1247.6	0.0	623.8	1410.64	1084.56	0.0	0.0	705.32
hgt	598	GCA.002292285.1.Bacteria.Proteobacteria	904.2135	0.0	452.10675	1071.01	737.417	0.0	0.0	535.505
dup	560	GCA.001735895.1.Bacteria.Proteobacteria	1588.3	0.0	794.15	1745.96	1430.64	0.0	0.0	872.98
hgt	436	GCA.002722885.1.Bacteria.Proteobacteria	1731.205	0.0	865.6025	1880.65	1581.76	0.0	0.0	940.325
hgt	598	GCA.002292285.1.Bacteria.Proteobacteria	904.2135	0.0	452.10675	1071.01	737.417	0.0	0.0	535.505
hgt	445	GCA.002717225.1.Bacteria.Proteobacteria	1267.47	0.0	633.735	1430.96	1103.98	0.0	0.0	715.48
dup	436	GCA.002722885.1.Bacteria.Proteobacteria	1731.205	0.0	865.6025	1880.65	1581.76	0.0	0.0	940.325
hgt	1218	GCA.001513125.1.Bacteria.DTU030	2879.54	0.0	1439.77	3061.15	2697.93	0.0	0.0	1530.575
hgt	1240	GCA.002376045.1.Bacteria.Firmicutes.A	2224.995	0.0	1112.4975	2447.68	2002.31	0.0	0.0	1223.84
hgt	1209	GCA.002452295.1.Bacteria.Firmicutes.G	2390.265	0.0	1195.1325	2661.11	2119.42	0.0	0.0	1330.555
hgt	1296	GCA.001513545.1.Bacteria.Firmicutes.B	1805.085	0.0	902.5425	2032.76	1577.41	0.0	0.0	1016.38
hgt	1227	GCA.003242675.1.Bacteria.Firmicutes.E	1969.33	0.0	984.665	2217.32	1721.34	0.0	0.0	1108.66
dup	None	dead	0.0	0.0	0.0	0.0	0.0	0.0	0.0	0.0
hgt	1449	GCA.002366595.1.Bacteria.Chloroflexota	1891.395	0.0	945.6975	2134.97	1647.82	0.0	0.0	1067.485
los	None	dead	0.0	0.0	0.0	0.0	0.0	0.0	0.0	0.0
dup	None	dead	0.0	0.0	0.0	0.0	0.0	0.0	0.0	0.0
hgt	90	74	2213.885	1964.425	2089.155	2419.47	2008.3	2200.42	1728.43	2073.95
los	None	dead	0.0	0.0	0.0	0.0	0.0	0.0	0.0	0.0
spe	90	74	2213.885	1964.425	2089.155	2419.47	2008.3	2200.42	1728.43	2073.95
hgt	84	GCF.000970205.1.Archaea.Halobacteriota	1360.205	0.0	680.1025	1583.15	1137.26	0.0	0.0	791.575
hgt	147	GCA.001940755.1.Archaea.Asgardarchaeota	2129.97	0.0	1064.985	2400.45	1859.49	0.0	0.0	1200.225
hgt	38	GCA.001515205.2.Archaea.Hadarchaeota	2493.245	0.0	1246.6225	2769.67	2216.82	0.0	0.0	1384.835
hgt	130	128	1916.685	930.467	1423.576	2187.49	1645.88	1201.25	659.684	1423.587
los	None	dead	0.0	0.0	0.0	0.0	0.0	0.0	0.0	0.0
spe	130	128	1916.685	930.467	1423.576	2187.49	1645.88	1201.25	659.684	1423.587
hgt	140	GCF.000019605.1.Archaea.Thermoproteota	3044.4	0.0	1522.2	3166.67	2922.13	0.0	0.0	1583.335
hgt	116	GCA.001593875.1.Archaea.Thermoproteota	1247.9685	0.0	623.98425	1523.73	972.207	0.0	0.0	761.865
hgt	108	GCF.000148385.1.Archaea.Thermoproteota	2228.635	0.0	1114.3175	2492.25	1965.02	0.0	0.0	1246.125
hgt	99	GCF.001481685.1.Archaea.Thermoproteota	1639.4	0.0	819.7	1901.87	1376.93	0.0	0.0	950.935
spe	138	124	2764.09	2515.505	2639.7975	2929.91	2598.27	2722.55	2308.46	2619.185
hgt	150	GCA.003144275.1.Archaea.Asgardarchaeota	1958.415	0.0	979.2075	2236.46	1680.37	0.0	0.0	1118.23
hgt	861	GCA.001304105.1.Bacteria.Desulfobacterota	1645.455	0.0	822.7275	1870.52	1420.39	0.0	0.0	935.26
los	124	GCA.002495485.1.Archaea.Thermoproteota	2515.505	0.0	1257.7525	2722.55	2308.46	0.0	0.0	1361.275
dup	861	GCA.001304105.1.Bacteria.Desulfobacterota	1645.455	0.0	822.7275	1870.52	1420.39	0.0	0.0	935.26
spe	124	123	2515.505	2385.055	2450.28	2722.55	2308.46	2599.87	2170.24	2446.395
los	123	122	2385.055	2203.735	2294.395	2599.87	2170.24	2434.44	1973.03	2286.45
spe	123	113	2385.055	2111.275	2248.165	2599.87	2170.24	2361.91	1860.64	2230.255
hgt	987	GCA.002085355.1.Bacteria.KSB1	1590.355	0.0	795.1775	1826.96	1353.75	0.0	0.0	913.48
hgt	1322	GCA.000961765.1.Bacteria.Firmicutes.B	1700.81	0.0	850.405	1909.29	1492.33	0.0	0.0	954.645
hgt	857	GCA.002010915.1.Bacteria.Desulfobacterota	1980.505	0.0	990.2525	2203.95	1757.06	0.0	0.0	1101.975
hgt	1300	GCF.000620305.1.Bacteria.Firmicutes.B	1565.1	0.0	782.55	1781.13	1349.07	0.0	0.0	890.565
dup	987	GCA.002085355.1.Bacteria.KSB1	1590.355	0.0	795.1775	1826.96	1353.75	0.0	0.0	913.48
hgt	1178	GCA.002347645.1.Bacteria.Actinobacteriota	1673.74	0.0	836.87	1926.76	1420.72	0.0	0.0	963.38
hgt	118	GCA.001593855.1.Archaea.Thermoproteota	1963.41	0.0	981.705	2228.25	1698.57	0.0	0.0	1114.125
spe	177	176	3486.475	3232.565	3359.52	3512.52	3460.43	3311.48	3153.65	3333.085
spe	176	175	3232.565	3094.86	3163.7125	3311.48	3153.65	3202.25	2987.47	3149.475
hgt	None	dead	0.0	0.0	0.0	0.0	0.0	0.0	0.0	0.0
hgt	173	151	2879.565	2655.89	2767.7275	3003.72	2755.41	2813.75	2498.03	2750.875
spe	175	143	3094.86	2506.355	2800.6075	3202.25	2987.47	2769.4	2243.31	2722.78
los	143	GCA.001940655.1.Archaea.Asgardarchaeota	2506.355	0.0	1253.1775	2769.4	2243.31	0.0	0.0	1384.7
spe	173	151	2879.565	2655.89	2767.7275	3003.72	2755.41	2813.75	2498.03	2750.875
spe	151	150	2655.89	1958.415	2307.1525	2813.75	2498.03	2236.46	1680.37	2247.06
los	150	GCA.001940645.1.Archaea.Asgardarchaeota	1958.415	0.0	979.2075	2236.46	1680.37	0.0	0.0	1118.23
spe	151	147	2655.89	2129.97	2392.93	2813.75	2498.03	2400.45	1859.49	2336.62
los	147	GCA.001940725.1.Archaea.Asgardarchaeota	2129.97	0.0	1064.985	2400.45	1859.49	0.0	0.0	1200.225
dup	None	dead	0.0	0.0	0.0	0.0	0.0	0.0	0.0	0.0
hgt	38	GCA.001515205.2.Archaea.Hadarchaeota	2493.245	0.0	1246.6225	2769.67	2216.82	0.0	0.0	1384.835
los	None	dead	0.0	0.0	0.0	0.0	0.0	0.0	0.0	0.0
dup	None	dead	0.0	0.0	0.0	0.0	0.0	0.0	0.0	0.0
hgt	1322	GCA.000961765.1.Bacteria.Firmicutes.B	1700.81	0.0	850.405	1909.29	1492.33	0.0	0.0	954.645
los	None	dead	0.0	0.0	0.0	0.0	0.0	0.0	0.0	0.0
dup	None	dead	0.0	0.0	0.0	0.0	0.0	0.0	0.0	0.0
hgt	1296	GCF.900176005.1.Bacteria.Firmicutes.B	1805.085	0.0	902.5425	2032.76	1577.41	0.0	0.0	1016.38
los	None	dead	0.0	0.0	0.0	0.0	0.0	0.0	0.0	0.0
dup	None	dead	0.0	0.0	0.0	0.0	0.0	0.0	0.0	0.0
hgt	877	GCF.000620765.1.Bacteria.Desulfobacterota.I	1826.365	0.0	913.1825	2034.01	1618.72	0.0	0.0	1017.005
los	None	dead	0.0	0.0	0.0	0.0	0.0	0.0	0.0	0.0
hgt	1216	GCF.000020005.1.Bacteria.Firmicutes.D	2264.52	0.0	1132.26	2522.36	2006.68	0.0	0.0	1261.18
los	None	dead	0.0	0.0	0.0	0.0	0.0	0.0	0.0	0.0
spe	175	174	3094.86	2978.795	3036.8275	3202.25	2987.47	3092.22	2865.37	3033.81
spe	174	173	2978.795	2879.565	2929.18	3092.22	2865.37	3003.72	2755.41	2923.815
hgt	5	GCA.002789635.1.Archaea.Aenigmatarchaeota	3248.435	0.0	1624.2175	3467.76	3029.11	0.0	0.0	1733.88
los	173	172	2879.565	1667.17	2273.3675	3003.72	2755.41	1801.03	1533.31	2268.515
hgt	199	GCA.003527405.1.Bacteria.Atribacterota	2720.74	0.0	1360.37	2969.79	2471.69	0.0	0.0	1484.895
hgt	None	dead	0.0	0.0	0.0	0.0	0.0	0.0	0.0	0.0
hgt	65	GCA.001595885.1.Archaea.Thermoplasmatota	1417.775	0.0	708.8875	1651.47	1184.08	0.0	0.0	825.735
los	None	dead	0.0	0.0	0.0	0.0	0.0	0.0	0.0	0.0
hgt	None	dead	0.0	0.0	0.0	0.0	0.0	0.0	0.0	0.0
spe	173	151	2879.565	2655.89	2767.7275	3003.72	2755.41	2813.75	2498.03	2750.875
spe	151	147	2655.89	2129.97	2392.93	2813.75	2498.03	2400.45	1859.49	2336.62
los	147	GCA.001940725.1.Archaea.Asgardarchaeota	2129.97	0.0	1064.985	2400.45	1859.49	0.0	0.0	1200.225
spe	151	150	2655.89	1958.415	2307.1525	2813.75	2498.03	2236.46	1680.37	2247.06
los	150	GCA.001940645.1.Archaea.Asgardarchaeota	1958.415	0.0	979.2075	2236.46	1680.37	0.0	0.0	1118.23
hgt	916	914	2377.535	2118.525	2248.03	2652.8	2102.27	2416.47	1820.58	2236.69
los	None	dead	0.0	0.0	0.0	0.0	0.0	0.0	0.0	0.0
spe	916	914	2377.535	2118.525	2248.03	2652.8	2102.27	2416.47	1820.58	2236.69
hgt	1322	GCA.000961765.1.Bacteria.Firmicutes.B	1700.81	0.0	850.405	1909.29	1492.33	0.0	0.0	954.645
hgt	113	GCA.002255025.1.Archaea.Thermoproteota	2111.275	0.0	1055.6375	2361.91	1860.64	0.0	0.0	1180.955
hgt	1058	GCF.000233775.1.Bacteria.Synergistota	2648.915	0.0	1324.4575	2961.31	2336.52	0.0	0.0	1480.655
hgt	1240	GCA.002376045.1.Bacteria.Firmicutes.A	2224.995	0.0	1112.4975	2447.68	2002.31	0.0	0.0	1223.84
hgt	1234	GCA.003599345.1.Bacteria.Firmicutes.E	1826.555	0.0	913.2775	2072.98	1580.13	0.0	0.0	1036.49
dup	1322	GCA.000961765.1.Bacteria.Firmicutes.B	1700.81	0.0	850.405	1909.29	1492.33	0.0	0.0	954.645
hgt	1307	GCA.000987045.1.Bacteria.Firmicutes.B	1703.5	0.0	851.75	1894.89	1512.11	0.0	0.0	947.445
hgt	39	38	2961.96	2493.245	2727.6025	3130.74	2793.18	2769.67	2216.82	2673.78
los	174	GCA.001940665.1.Archaea.Asgardarchaeota	2978.795	0.0	1489.3975	3092.22	2865.37	0.0	0.0	1546.11
spe	39	38	2961.96	2493.245	2727.6025	3130.74	2793.18	2769.67	2216.82	2673.78
hgt	None	dead	0.0	0.0	0.0	0.0	0.0	0.0	0.0	0.0
hgt	80	GCF.002114285.1.Archaea.Halobacteriota	1577.665	0.0	788.8325	1816.4	1338.93	0.0	0.0	908.2
los	None	dead	0.0	0.0	0.0	0.0	0.0	0.0	0.0	0.0
hgt	136	134	2332.2	2080.28	2206.24	2572.88	2091.52	2330.98	1829.58	2201.23
spe	136	134	2332.2	2080.28	2206.24	2572.88	2091.52	2330.98	1829.58	2201.23
spe	134	130	2080.28	1916.685	1998.4825	2330.98	1829.58	2187.49	1645.88	1988.43
los	130	GCA.001510295.1.Archaea.Thermoproteota	1916.685	0.0	958.3425	2187.49	1645.88	0.0	0.0	1093.745
spe	130	128	1916.685	930.467	1423.576	2187.49	1645.88	1201.25	659.684	1423.587
hgt	1180	1179	2187.185	1862.535	2024.86	2433.9	1940.47	2110.2	1614.87	2024.385
spe	134	133	2080.28	1814.08	1947.18	2330.98	1829.58	2092.89	1535.27	1933.125
los	133	GCA.002506605.1.Archaea.Thermoproteota	1814.08	0.0	907.04	2092.89	1535.27	0.0	0.0	1046.445
hgt	140	GCF.000019605.1.Archaea.Thermoproteota	3044.4	0.0	1522.2	3166.67	2922.13	0.0	0.0	1583.335
hgt	None	dead	0.0	0.0	0.0	0.0	0.0	0.0	0.0	0.0
spe	1180	1179	2187.185	1862.535	2024.86	2433.9	1940.47	2110.2	1614.87	2024.385
spe	1179	1178	1862.535	1673.74	1768.1375	2110.2	1614.87	1926.76	1420.72	1765.46
los	1178	1177	1673.74	1440.505	1557.1225	1926.76	1420.72	1704.68	1176.33	1551.545
spe	1179	1173	1862.535	1615.325	1738.93	2110.2	1614.87	1879.87	1350.78	1730.49
los	1173	GCA.002897715.1.Bacteria.Actinobacteriota	1615.325	0.0	807.6625	1879.87	1350.78	0.0	0.0	939.935
dup	None	dead	0.0	0.0	0.0	0.0	0.0	0.0	0.0	0.0
hgt	1307	GCA.000987045.1.Bacteria.Firmicutes.B	1703.5	0.0	851.75	1894.89	1512.11	0.0	0.0	947.445
los	None	dead	0.0	0.0	0.0	0.0	0.0	0.0	0.0	0.0
hgt	1251	GCA.900066305.1.Bacteria.Firmicutes.A	1313.25	0.0	656.625	1519.57	1106.93	0.0	0.0	759.785
los	None	dead	0.0	0.0	0.0	0.0	0.0	0.0	0.0	0.0
hgt	99	GCF.001481685.1.Archaea.Thermoproteota	1639.4	0.0	819.7	1901.87	1376.93	0.0	0.0	950.935
hgt	None	dead	0.0	0.0	0.0	0.0	0.0	0.0	0.0	0.0
hgt	None	dead	0.0	0.0	0.0	0.0	0.0	0.0	0.0	0.0
hgt	121	GCA.001775995.1.Archaea.Thermoproteota	1743.665	0.0	871.8325	2016.22	1471.11	0.0	0.0	1008.11
los	None	dead	0.0	0.0	0.0	0.0	0.0	0.0	0.0	0.0
hgt	None	dead	0.0	0.0	0.0	0.0	0.0	0.0	0.0	0.0
dup	None	dead	0.0	0.0	0.0	0.0	0.0	0.0	0.0	0.0
hgt	1210	1209	2781.0	2390.265	2585.6325	2987.0	2575.0	2661.11	2119.42	2553.21
los	None	dead	0.0	0.0	0.0	0.0	0.0	0.0	0.0	0.0
spe	1210	1209	2781.0	2390.265	2585.6325	2987.0	2575.0	2661.11	2119.42	2553.21
spe	1209	1208	2390.265	2182.765	2286.515	2661.11	2119.42	2489.07	1876.46	2268.785
hgt	1312	GCF.002607855.1.Bacteria.Firmicutes.B	1521.75	0.0	760.875	1739.03	1304.47	0.0	0.0	869.515
los	1208	GCA.900016865.1.Bacteria.Firmicutes.G	2182.765	0.0	1091.3825	2489.07	1876.46	0.0	0.0	1244.535
hgt	None	dead	0.0	0.0	0.0	0.0	0.0	0.0	0.0	0.0
hgt	1300	GCF.000620305.1.Bacteria.Firmicutes.B	1565.1	0.0	782.55	1781.13	1349.07	0.0	0.0	890.565
los	None	dead	0.0	0.0	0.0	0.0	0.0	0.0	0.0	0.0
hgt	1289	GCA.002345475.1.Bacteria.Firmicutes.H	2319.605	0.0	1159.8025	2515.76	2123.45	0.0	0.0	1257.88
hgt	1236	1235	2380.34	2102.15	2241.245	2593.02	2167.66	2336.06	1868.24	2230.63
hgt	1667	GCA.003503675.1.Bacteria.Cyanobacteria	2879.985	0.0	1439.9925	3035.21	2724.76	0.0	0.0	1517.605
spe	1236	1235	2380.34	2102.15	2241.245	2593.02	2167.66	2336.06	1868.24	2230.63
spe	1235	1234	2102.15	1826.555	1964.3525	2336.06	1868.24	2072.98	1580.13	1958.095
hgt	1221	GCA.002375895.1.Bacteria.Firmicutes.E	2065.095	0.0	1032.5475	2339.28	1790.91	0.0	0.0	1169.64
spe	1234	1233	1826.555	1501.49	1664.0225	2072.98	1580.13	1760.32	1242.66	1657.82
hgt	1203	GCA.002399265.1.Bacteria.Firmicutes.G	1946.15	0.0	973.075	2262.26	1630.04	0.0	0.0	1131.13
dup	None	dead	0.0	0.0	0.0	0.0	0.0	0.0	0.0	0.0
hgt	1004	GCA.001775395.1.Bacteria.Zixibacteria	1511.205	0.0	755.6025	1770.4	1252.01	0.0	0.0	885.2
los	None	dead	0.0	0.0	0.0	0.0	0.0	0.0	0.0	0.0
dup	None	dead	0.0	0.0	0.0	0.0	0.0	0.0	0.0	0.0
hgt	1058	GCA.001443005.1.Bacteria.Synergistota	2648.915	0.0	1324.4575	2961.31	2336.52	0.0	0.0	1480.655
los	None	dead	0.0	0.0	0.0	0.0	0.0	0.0	0.0	0.0
hgt	1449	GCA.002366595.1.Bacteria.Chloroflexota	1891.395	0.0	945.6975	2134.97	1647.82	0.0	0.0	1067.485
los	None	dead	0.0	0.0	0.0	0.0	0.0	0.0	0.0	0.0
dup	1449	GCA.002366595.1.Bacteria.Chloroflexota	1891.395	0.0	945.6975	2134.97	1647.82	0.0	0.0	1067.485
hgt	None	dead	0.0	0.0	0.0	0.0	0.0	0.0	0.0	0.0
hgt	None	dead	0.0	0.0	0.0	0.0	0.0	0.0	0.0	0.0
dup	None	dead	0.0	0.0	0.0	0.0	0.0	0.0	0.0	0.0
hgt	118	116	1963.41	1247.9685	1605.68925	2228.25	1698.57	1523.73	972.207	1600.2285
los	None	dead	0.0	0.0	0.0	0.0	0.0	0.0	0.0	0.0
spe	118	116	1963.41	1247.9685	1605.68925	2228.25	1698.57	1523.73	972.207	1600.2285
dup	None	dead	0.0	0.0	0.0	0.0	0.0	0.0	0.0	0.0
hgt	38	GCF.002214485.1.Archaea.Methanobacteriota.B	2493.245	0.0	1246.6225	2769.67	2216.82	0.0	0.0	1384.835
los	None	dead	0.0	0.0	0.0	0.0	0.0	0.0	0.0	0.0
dup	None	dead	0.0	0.0	0.0	0.0	0.0	0.0	0.0	0.0
hgt	147	GCA.001940725.1.Archaea.Asgardarchaeota	2129.97	0.0	1064.985	2400.45	1859.49	0.0	0.0	1200.225
los	None	dead	0.0	0.0	0.0	0.0	0.0	0.0	0.0	0.0
dup	None	dead	0.0	0.0	0.0	0.0	0.0	0.0	0.0	0.0
hgt	668	GCA.002010665.1.Bacteria.Acidobacteriota	1575.265	0.0	787.6325	1852.06	1298.47	0.0	0.0	926.03
los	None	dead	0.0	0.0	0.0	0.0	0.0	0.0	0.0	0.0
hgt	249	248	1808.655	1213.735	1511.195	2017.91	1599.4	1423.28	1004.19	1511.05
los	None	dead	0.0	0.0	0.0	0.0	0.0	0.0	0.0	0.0
spe	249	248	1808.655	1213.735	1511.195	2017.91	1599.4	1423.28	1004.19	1511.05
hgt	None	dead	0.0	0.0	0.0	0.0	0.0	0.0	0.0	0.0
hgt	861	GCA.001304105.1.Bacteria.Desulfobacterota	1645.455	0.0	822.7275	1870.52	1420.39	0.0	0.0	935.26
los	None	dead	0.0	0.0	0.0	0.0	0.0	0.0	0.0	0.0
spe	176	140	3232.565	3044.4	3138.4825	3311.48	3153.65	3166.67	2922.13	3116.805
hgt	130	128	1916.685	930.467	1423.576	2187.49	1645.88	1201.25	659.684	1423.587
spe	130	128	1916.685	930.467	1423.576	2187.49	1645.88	1201.25	659.684	1423.587
spe	140	139	3044.4	2917.505	2980.9525	3166.67	2922.13	3054.61	2780.4	2973.535
spe	139	138	2917.505	2764.09	2840.7975	3054.61	2780.4	2929.91	2598.27	2826.44
los	138	137	2764.09	2491.115	2627.6025	2929.91	2598.27	2707.1	2275.13	2602.52
spe	138	124	2764.09	2515.505	2639.7975	2929.91	2598.27	2722.55	2308.46	2619.185
los	124	GCA.002495485.1.Archaea.Thermoproteota	2515.505	0.0	1257.7525	2722.55	2308.46	0.0	0.0	1361.275
spe	124	123	2515.505	2385.055	2450.28	2722.55	2308.46	2599.87	2170.24	2446.395
spe	123	113	2385.055	2111.275	2248.165	2599.87	2170.24	2361.91	1860.64	2230.255
los	113	GCA.002255025.1.Archaea.Thermoproteota	2111.275	0.0	1055.6375	2361.91	1860.64	0.0	0.0	1180.955
spe	123	122	2385.055	2203.735	2294.395	2599.87	2170.24	2434.44	1973.03	2286.45
los	122	118	2203.735	1963.41	2083.5725	2434.44	1973.03	2228.25	1698.57	2066.505
spe	122	121	2203.735	1743.665	1973.7	2434.44	1973.03	2016.22	1471.11	1952.775
los	121	GCA.001775995.1.Archaea.Thermoproteota	1743.665	0.0	871.8325	2016.22	1471.11	0.0	0.0	1008.11
spe	139	109	2917.505	2602.795	2760.15	3054.61	2780.4	2795.16	2410.43	2732.52
spe	109	108	2602.795	2228.635	2415.715	2795.16	2410.43	2492.25	1965.02	2380.09
los	108	107	2228.635	1874.74	2051.6875	2492.25	1965.02	2176.29	1573.19	2032.72
spe	109	103	2602.795	2146.08	2374.4375	2795.16	2410.43	2387.58	1904.58	2349.87
los	103	GCA.002254745.1.Archaea.Thermoproteota	2146.08	0.0	1073.04	2387.58	1904.58	0.0	0.0	1193.79
spe	103	101	2146.08	1883.85	2014.965	2387.58	1904.58	2144.44	1623.26	2005.42
los	101	GCF.000011205.1.Archaea.Thermoproteota	1883.85	0.0	941.925	2144.44	1623.26	0.0	0.0	1072.22
spe	101	99	1883.85	1639.4	1761.625	2144.44	1623.26	1901.87	1376.93	1760.685
los	99	GCF.001481685.1.Archaea.Thermoproteota	1639.4	0.0	819.7	1901.87	1376.93	0.0	0.0	950.935
dup	None	dead	0.0	0.0	0.0	0.0	0.0	0.0	0.0	0.0
hgt	118	GCA.001593855.1.Archaea.Thermoproteota	1963.41	0.0	981.705	2228.25	1698.57	0.0	0.0	1114.125
los	None	dead	0.0	0.0	0.0	0.0	0.0	0.0	0.0	0.0
hgt	887	863	2332.115	2111.78	2221.9475	2510.45	2153.78	2305.71	1917.85	2214.15
los	None	dead	0.0	0.0	0.0	0.0	0.0	0.0	0.0	0.0
spe	887	863	2332.115	2111.78	2221.9475	2510.45	2153.78	2305.71	1917.85	2214.15
spe	863	857	2111.78	1980.505	2046.1425	2305.71	1917.85	2203.95	1757.06	2031.385
hgt	None	dead	0.0	0.0	0.0	0.0	0.0	0.0	0.0	0.0
hgt	871	GCA.002899795.1.Bacteria.Desulfobacterota	1532.675	0.0	766.3375	1744.25	1321.1	0.0	0.0	872.125
los	None	dead	0.0	0.0	0.0	0.0	0.0	0.0	0.0	0.0
hgt	1324	1308	2152.01	1925.235	2038.6225	2327.59	1976.43	2113.94	1736.53	2032.06
hgt	None	dead	0.0	0.0	0.0	0.0	0.0	0.0	0.0	0.0
hgt	1452	GCA.002348045.1.Bacteria.Chloroflexota	1623.74	0.0	811.87	1926.13	1321.35	0.0	0.0	963.065
los	None	dead	0.0	0.0	0.0	0.0	0.0	0.0	0.0	0.0
hgt	None	dead	0.0	0.0	0.0	0.0	0.0	0.0	0.0	0.0
hgt	1444	GCA.002366755.1.Bacteria.Chloroflexota	1539.09	0.0	769.545	1770.71	1307.47	0.0	0.0	885.355
los	None	dead	0.0	0.0	0.0	0.0	0.0	0.0	0.0	0.0
spe	1324	1308	2152.01	1925.235	2038.6225	2327.59	1976.43	2113.94	1736.53	2032.06
spe	1308	1307	1925.235	1703.5	1814.3675	2113.94	1736.53	1894.89	1512.11	1813.025
los	1307	1305	1703.5	1518.03	1610.765	1894.89	1512.11	1722.41	1313.65	1604.27
hgt	185	GCA.001791795.1.Bacteria.Wallbacteria	3376.945	0.0	1688.4725	3617.79	3136.1	0.0	0.0	1808.895
hgt	905	GCA.001412425.1.Bacteria.Cloacimonadota	2019.13	0.0	1009.565	2343.41	1694.85	0.0	0.0	1171.705
hgt	1271	1259	1904.435	1830.34	1867.3875	2085.31	1723.56	2010.68	1650.0	1867.655
spe	1308	1300	1925.235	1565.1	1745.1675	2113.94	1736.53	1781.13	1349.07	1731.505
hgt	1240	GCA.002376045.1.Bacteria.Firmicutes.A	2224.995	0.0	1112.4975	2447.68	2002.31	0.0	0.0	1223.84
los	1300	GCA.002418765.1.Bacteria.Firmicutes.B	1565.1	0.0	782.55	1781.13	1349.07	0.0	0.0	890.565
hgt	1333	GCA.002423965.1.Bacteria.Firmicutes.D	2115.765	0.0	1057.8825	2320.01	1911.52	0.0	0.0	1160.005
spe	1271	1259	1904.435	1830.34	1867.3875	2085.31	1723.56	2010.68	1650.0	1867.655
spe	1259	1258	1830.34	1568.675	1699.5075	2010.68	1650.0	1758.42	1378.93	1694.805
los	1258	1257	1568.675	1358.965	1463.82	1758.42	1378.93	1587.69	1130.24	1444.33
spe	1259	1253	1830.34	1684.93	1757.635	2010.68	1650.0	1873.49	1496.37	1753.525
hgt	1322	GCA.000961765.1.Bacteria.Firmicutes.B	1700.81	0.0	850.405	1909.29	1492.33	0.0	0.0	954.645
los	1253	GCF.900142265.1.Bacteria.Firmicutes.A	1684.93	0.0	842.465	1873.49	1496.37	0.0	0.0	936.745
spe	1253	1252	1684.93	1492.085	1588.5075	1873.49	1496.37	1682.67	1301.5	1587.495
los	1252	1251	1492.085	1313.25	1402.6675	1682.67	1301.5	1519.57	1106.93	1394.8
dup	905	GCA.001412425.1.Bacteria.Cloacimonadota	2019.13	0.0	1009.565	2343.41	1694.85	0.0	0.0	1171.705
hgt	669	GCA.002335385.1.Bacteria.Acidobacteriota	1836.34	0.0	918.17	2118.45	1554.23	0.0	0.0	1059.225
hgt	1029	GCA.001777915.1.Bacteria.Edwardsbacteria	2083.06	0.0	1041.53	2346.25	1819.87	0.0	0.0	1173.125
hgt	53	52	1748.97	1459.595	1604.2825	1980.44	1517.5	1710.74	1208.45	1594.445
hgt	None	dead	0.0	0.0	0.0	0.0	0.0	0.0	0.0	0.0
hgt	65	GCA.001595885.1.Archaea.Thermoplasmatota	1417.775	0.0	708.8875	1651.47	1184.08	0.0	0.0	825.735
los	None	dead	0.0	0.0	0.0	0.0	0.0	0.0	0.0	0.0
spe	53	52	1748.97	1459.595	1604.2825	1980.44	1517.5	1710.74	1208.45	1594.445
hgt	674	GCA.002298155.1.Bacteria.Acidobacteriota	1948.825	0.0	974.4125	2211.19	1686.46	0.0	0.0	1105.595
hgt	1058	GCF.000233775.1.Bacteria.Synergistota	2648.915	0.0	1324.4575	2961.31	2336.52	0.0	0.0	1480.655
hgt	1016	GCA.002414865.1.Bacteria.Fermentibacterota	2392.195	0.0	1196.0975	2657.9	2126.49	0.0	0.0	1328.95
hgt	941	GCA.003477045.1.Bacteria.Delongbacteria	2334.605	0.0	1167.3025	2549.68	2119.53	0.0	0.0	1274.84
hgt	1240	GCF.900142995.1.Bacteria.Firmicutes.A	2224.995	0.0	1112.4975	2447.68	2002.31	0.0	0.0	1223.84
hgt	1438	GCA.002841995.1.Bacteria.Chloroflexota	1347.94	0.0	673.97	1557.13	1138.75	0.0	0.0	778.565
hgt	1068	GCA.002428295.1.Bacteria.Caldisericota	1804.715	0.0	902.3575	2116.99	1492.44	0.0	0.0	1058.495
hgt	877	GCA.001797675.1.Bacteria.Desulfobacterota	1826.365	0.0	913.1825	2034.01	1618.72	0.0	0.0	1017.005
hgt	686	GCA.002451015.1.Bacteria.Acidobacteriota	1699.78	0.0	849.89	1911.59	1487.97	0.0	0.0	955.795
spe	863	862	2111.78	1779.145	1945.4625	2305.71	1917.85	1993.79	1564.5	1935.105
hgt	133	GCA.000405685.1.Archaea.Thermoproteota	1814.08	0.0	907.04	2092.89	1535.27	0.0	0.0	1046.445
los	862	GCA.002782605.1.Bacteria.Desulfobacterota	1779.145	0.0	889.5725	1993.79	1564.5	0.0	0.0	996.895
spe	862	861	1779.145	1645.455	1712.3	1993.79	1564.5	1870.52	1420.39	1707.09
hgt	895	GCA.002897695.1.Bacteria.BMS3Abin14	2233.715	0.0	1116.8575	2507.56	1959.87	0.0	0.0	1253.78
hgt	801	GCA.001797815.1.Bacteria.RBG.13.61.14	2073.125	0.0	1036.5625	2289.45	1856.8	0.0	0.0	1144.725
los	861	GCA.001304105.1.Bacteria.Desulfobacterota	1645.455	0.0	822.7275	1870.52	1420.39	0.0	0.0	935.26
dup	None	dead	0.0	0.0	0.0	0.0	0.0	0.0	0.0	0.0
dup	None	dead	0.0	0.0	0.0	0.0	0.0	0.0	0.0	0.0
hgt	397	GCF.000526155.1.Bacteria.Desulfobacterota	3012.355	0.0	1506.1775	3169.34	2855.37	0.0	0.0	1584.67
los	None	dead	0.0	0.0	0.0	0.0	0.0	0.0	0.0	0.0
hgt	1454	1453	2214.935	2115.485	2165.21	2430.94	1998.93	2342.31	1888.66	2159.8
los	None	dead	0.0	0.0	0.0	0.0	0.0	0.0	0.0	0.0
spe	1454	1453	2214.935	2115.485	2165.21	2430.94	1998.93	2342.31	1888.66	2159.8
spe	1453	1452	2115.485	1623.74	1869.6125	2342.31	1888.66	1926.13	1321.35	1831.83
hgt	1296	GCA.001513545.1.Bacteria.Firmicutes.B	1805.085	0.0	902.5425	2032.76	1577.41	0.0	0.0	1016.38
hgt	113	GCA.001593865.1.Archaea.Thermoproteota	2111.275	0.0	1055.6375	2361.91	1860.64	0.0	0.0	1180.955
hgt	1445	GCA.003130875.1.Bacteria.Chloroflexota	1742.485	0.0	871.2425	1965.0	1519.97	0.0	0.0	982.5
hgt	686	GCA.002451015.1.Bacteria.Acidobacteriota	1699.78	0.0	849.89	1911.59	1487.97	0.0	0.0	955.795
hgt	1191	GCA.002408345.1.Bacteria.Firmicutes.G	2225.115	0.0	1112.5575	2540.46	1909.77	0.0	0.0	1270.23
hgt	1216	GCF.000020005.1.Bacteria.Firmicutes.D	2264.52	0.0	1132.26	2522.36	2006.68	0.0	0.0	1261.18
hgt	857	GCA.001830835.1.Bacteria.Desulfobacterota	1980.505	0.0	990.2525	2203.95	1757.06	0.0	0.0	1101.975
los	1452	GCA.002348045.1.Bacteria.Chloroflexota	1623.74	0.0	811.87	1926.13	1321.35	0.0	0.0	963.065
dup	857	GCA.001830835.1.Bacteria.Desulfobacterota	1980.505	0.0	990.2525	2203.95	1757.06	0.0	0.0	1101.975
hgt	756	GCA.001790645.1.Bacteria.Schekmanbacteria	2635.78	0.0	1317.89	2841.14	2430.42	0.0	0.0	1420.57
hgt	873	871	1792.01	1532.675	1662.3425	1991.39	1592.63	1744.25	1321.1	1656.245
hgt	877	GCA.001797675.1.Bacteria.Desulfobacterota	1826.365	0.0	913.1825	2034.01	1618.72	0.0	0.0	1017.005
hgt	753	GCA.001803565.1.Bacteria.Nitrospinota.B	2099.055	0.0	1049.5275	2342.98	1855.13	0.0	0.0	1171.49
hgt	1425	GCA.003229915.1.Bacteria.Chloroflexota	2026.57	0.0	1013.285	2261.53	1791.61	0.0	0.0	1130.765
spe	873	871	1792.01	1532.675	1662.3425	1991.39	1592.63	1744.25	1321.1	1656.245
hgt	1191	GCA.002408345.1.Bacteria.Firmicutes.G	2225.115	0.0	1112.5575	2540.46	1909.77	0.0	0.0	1270.23
dup	1191	GCA.002408345.1.Bacteria.Firmicutes.G	2225.115	0.0	1112.5575	2540.46	1909.77	0.0	0.0	1270.23
hgt	91	GCA.003034855.1.Archaea.Halobacteriota	2456.155	0.0	1228.0775	2657.46	2254.85	0.0	0.0	1328.73
hgt	None	dead	0.0	0.0	0.0	0.0	0.0	0.0	0.0	0.0
spe	1453	1449	2115.485	1891.395	2003.44	2342.31	1888.66	2134.97	1647.82	1995.065
hgt	118	116	1963.41	1247.9685	1605.68925	2228.25	1698.57	1523.73	972.207	1600.2285
hgt	1322	GCA.000961765.1.Bacteria.Firmicutes.B	1700.81	0.0	850.405	1909.29	1492.33	0.0	0.0	954.645
hgt	1307	GCA.000987045.1.Bacteria.Firmicutes.B	1703.5	0.0	851.75	1894.89	1512.11	0.0	0.0	947.445
hgt	99	GCF.000092185.1.Archaea.Thermoproteota	1639.4	0.0	819.7	1901.87	1376.93	0.0	0.0	950.935
hgt	113	GCA.001593865.1.Archaea.Thermoproteota	2111.275	0.0	1055.6375	2361.91	1860.64	0.0	0.0	1180.955
spe	118	116	1963.41	1247.9685	1605.68925	2228.25	1698.57	1523.73	972.207	1600.2285
dup	116	GCA.001774245.1.Archaea.Thermoproteota	1247.9685	0.0	623.98425	1523.73	972.207	0.0	0.0	761.865
dup	116	GCA.001774245.1.Archaea.Thermoproteota	1247.9685	0.0	623.98425	1523.73	972.207	0.0	0.0	761.865
hgt	38	GCF.002214485.1.Archaea.Methanobacteriota.B	2493.245	0.0	1246.6225	2769.67	2216.82	0.0	0.0	1384.835
dup	None	dead	0.0	0.0	0.0	0.0	0.0	0.0	0.0	0.0
hgt	877	GCA.001797675.1.Bacteria.Desulfobacterota	1826.365	0.0	913.1825	2034.01	1618.72	0.0	0.0	1017.005
los	None	dead	0.0	0.0	0.0	0.0	0.0	0.0	0.0	0.0
hgt	1006	GCA.001302725.1.Bacteria.Zixibacteria	1724.14	0.0	862.07	1977.72	1470.56	0.0	0.0	988.86
los	None	dead	0.0	0.0	0.0	0.0	0.0	0.0	0.0	0.0
dup	None	dead	0.0	0.0	0.0	0.0	0.0	0.0	0.0	0.0
hgt	121	GCA.001775995.1.Archaea.Thermoproteota	1743.665	0.0	871.8325	2016.22	1471.11	0.0	0.0	1008.11
los	None	dead	0.0	0.0	0.0	0.0	0.0	0.0	0.0	0.0
dup	None	dead	0.0	0.0	0.0	0.0	0.0	0.0	0.0	0.0
hgt	133	GCA.000405685.1.Archaea.Thermoproteota	1814.08	0.0	907.04	2092.89	1535.27	0.0	0.0	1046.445
los	None	dead	0.0	0.0	0.0	0.0	0.0	0.0	0.0	0.0
hgt	1233	GCA.002291985.1.Bacteria.Firmicutes.E	1501.49	0.0	750.745	1760.32	1242.66	0.0	0.0	880.16
los	None	dead	0.0	0.0	0.0	0.0	0.0	0.0	0.0	0.0
