event	left_node	right_node	left_date	right_date	midpoint_date	left_date_lower	left_date_upper	right_date_lower	right_date_upper	midpoint_date_all
spe	1728	1727	0.0	3794.005	1897.0025	0.0	0.0	3914.54	3673.47	1836.735
spe	1727	189	3794.005	3549.04	3671.5225	3914.54	3673.47	3738.87	3359.21	3636.875
hgt	None	dead	0.0	0.0	0.0	0.0	0.0	0.0	0.0	0.0
los	189	185	3549.04	3359.525	3454.2825	3738.87	3359.21	3602.57	3116.48	3427.675
hgt	832	GCA.002721815.1.Bacteria.Myxococcota	1570.54	0.0	785.27	1770.5	1370.58	0.0	0.0	885.25
los	None	dead	0.0	0.0	0.0	0.0	0.0	0.0	0.0	0.0
spe	189	188	3549.04	3243.665	3396.3525	3738.87	3359.21	3519.48	2967.85	3353.36
hgt	74	GCA.002011165.1.Archaea.Halobacteriota	1703.245	0.0	851.6225	1896.74	1509.75	0.0	0.0	948.37
los	188	GCA.002869225.1.Bacteria.Muirbacteria	3243.665	0.0	1621.8325	3519.48	2967.85	0.0	0.0	1759.74
dup	1727	1726	3794.005	3776.22	3785.1125	3914.54	3673.47	3894.53	3657.91	3786.225
hgt	None	dead	0.0	0.0	0.0	0.0	0.0	0.0	0.0	0.0
dup	None	dead	0.0	0.0	0.0	0.0	0.0	0.0	0.0	0.0
hgt	720	GCA.002347965.1.Bacteria.UBA2233	2294.32	0.0	1147.16	2574.63	2014.01	0.0	0.0	1287.315
los	None	dead	0.0	0.0	0.0	0.0	0.0	0.0	0.0	0.0
hgt	670	669	2337.75	1783.33	2060.54	2571.79	2103.71	2057.34	1509.32	2040.555
los	None	dead	0.0	0.0	0.0	0.0	0.0	0.0	0.0	0.0
spe	670	669	2337.75	1783.33	2060.54	2571.79	2103.71	2057.34	1509.32	2040.555
hgt	949	GCA.001872685.1.Bacteria.Marinisomatota	1569.07	0.0	784.535	1783.46	1354.68	0.0	0.0	891.73
spe	669	668	1783.33	1532.235	1657.7825	2057.34	1509.32	1800.98	1263.49	1660.415
hgt	390	GCA.002780065.1.Bacteria.UBA8481	3073.69	0.0	1536.845	3239.89	2907.49	0.0	0.0	1619.945
hgt	935	GCA.001789205.1.Bacteria.Fibrobacterota	2051.05	0.0	1025.525	2302.83	1799.27	0.0	0.0	1151.415
los	668	GCA.002010665.1.Bacteria.Acidobacteriota	1532.235	0.0	766.1175	1800.98	1263.49	0.0	0.0	900.49
dup	1727	1726	3794.005	3776.22	3785.1125	3914.54	3673.47	3894.53	3657.91	3786.225
spe	1727	1726	3794.005	3776.22	3785.1125	3914.54	3673.47	3894.53	3657.91	3786.225
spe	1726	1094	3776.22	3702.045	3739.1325	3894.53	3657.91	3823.83	3580.26	3737.395
spe	1094	1048	3702.045	3522.85	3612.4475	3823.83	3580.26	3649.13	3396.57	3610.2
los	1048	278	3522.85	3383.28	3453.065	3649.13	3396.57	3522.25	3244.31	3446.72
spe	1048	1047	3522.85	3506.08	3514.465	3649.13	3396.57	3632.38	3379.78	3514.455
spe	1047	365	3506.08	3237.46	3371.77	3632.38	3379.78	3400.26	3074.66	3353.52
hgt	834	GCA.001798605.1.Bacteria.Myxococcota	1804.155	0.0	902.0775	1986.48	1621.83	0.0	0.0	993.24
los	365	GCA.001730085.1.Bacteria.GCA.001730085	3237.46	0.0	1618.73	3400.26	3074.66	0.0	0.0	1700.13
spe	365	364	3237.46	3137.4	3187.43	3400.26	3074.66	3299.05	2975.75	3188.005
hgt	None	dead	0.0	0.0	0.0	0.0	0.0	0.0	0.0	0.0
los	364	316	3137.4	2946.705	3042.0525	3299.05	2975.75	3129.17	2764.24	3031.645
hgt	812	GCA.002863065.1.Bacteria.Myxococcota	1577.595	0.0	788.7975	1758.46	1396.73	0.0	0.0	879.23
los	None	dead	0.0	0.0	0.0	0.0	0.0	0.0	0.0	0.0
hgt	397	GCF.000526155.1.Bacteria.Desulfobacterota	2952.9	0.0	1476.45	3107.01	2798.79	0.0	0.0	1553.505
hgt	1721	1720	3160.365	2612.48	2886.4225	3276.84	3043.89	2696.4	2528.56	2902.7
spe	364	363	3137.4	2571.645	2854.5225	3299.05	2975.75	2770.7	2372.59	2835.82
spe	363	362	2571.645	2406.61	2489.1275	2770.7	2372.59	2612.93	2200.29	2485.495
los	362	361	2406.61	2290.69	2348.65	2612.93	2200.29	2497.86	2083.52	2348.225
spe	362	342	2406.61	2209.56	2308.085	2612.93	2200.29	2424.62	1994.5	2303.715
spe	342	341	2209.56	1956.375	2082.9675	2424.62	1994.5	2170.86	1741.89	2083.255
hgt	866	GCA.003194485.1.Bacteria.Desulfobacterota	1370.345	0.0	685.1725	1577.25	1163.44	0.0	0.0	788.625
los	341	GCA.003170085.1.Bacteria.Planctomycetota	1956.375	0.0	978.1875	2170.86	1741.89	0.0	0.0	1085.43
spe	341	340	1956.375	1604.15	1780.2625	2170.86	1741.89	1818.45	1389.85	1780.355
los	340	339	1604.15	1460.73	1532.44	1818.45	1389.85	1676.51	1244.95	1531.7
spe	340	334	1604.15	1403.32	1503.735	1818.45	1389.85	1623.36	1183.28	1500.865
los	334	332	1403.32	994.0835	1198.70175	1623.36	1183.28	1195.01	793.157	1208.2585
spe	342	328	2209.56	1796.445	2003.0025	2424.62	1994.5	2017.05	1575.84	2000.23
hgt	1145	GCA.001767695.1.Bacteria.Actinobacteriota	1977.205	0.0	988.6025	2204.63	1749.78	0.0	0.0	1102.315
los	328	327	1796.445	1506.63	1651.5375	2017.05	1575.84	1727.92	1285.34	1651.195
hgt	804	GCA.002731275.1.Bacteria.Myxococcota	1962.63	0.0	981.315	2181.42	1743.84	0.0	0.0	1090.71
spe	363	321	2571.645	2405.83	2488.7375	2770.7	2372.59	2641.62	2170.04	2470.37
hgt	None	dead	0.0	0.0	0.0	0.0	0.0	0.0	0.0	0.0
hgt	1119	GCF.002973605.1.Bacteria.Armatimonadota	1968.115	0.0	984.0575	2280.74	1655.49	0.0	0.0	1140.37
los	None	dead	0.0	0.0	0.0	0.0	0.0	0.0	0.0	0.0
hgt	None	dead	0.0	0.0	0.0	0.0	0.0	0.0	0.0	0.0
hgt	1106	GCA.003134215.1.Bacteria.Armatimonadota	1625.995	0.0	812.9975	1906.9	1345.09	0.0	0.0	953.45
los	None	dead	0.0	0.0	0.0	0.0	0.0	0.0	0.0	0.0
hgt	None	dead	0.0	0.0	0.0	0.0	0.0	0.0	0.0	0.0
los	321	320	2405.83	2201.875	2303.8525	2641.62	2170.04	2465.4	1938.35	2289.985
hgt	977	GCA.001567195.1.Bacteria.Bacteroidota	1134.0835	0.0	567.04175	1328.54	939.627	0.0	0.0	664.27
los	None	dead	0.0	0.0	0.0	0.0	0.0	0.0	0.0	0.0
spe	1721	1720	3160.365	2612.48	2886.4225	3276.84	3043.89	2696.4	2528.56	2902.7
spe	1720	1719	2612.48	2501.03	2556.755	2696.4	2528.56	2593.62	2408.44	2552.42
los	1719	GCF.000013205.1.Bacteria.Cyanobacteria	2501.03	0.0	1250.515	2593.62	2408.44	0.0	0.0	1296.81
spe	1719	1718	2501.03	2361.38	2431.205	2593.62	2408.44	2453.23	2269.53	2431.575
los	1718	1717	2361.38	2144.885	2253.1325	2453.23	2269.53	2273.85	2015.92	2234.575
spe	1718	1704	2361.38	2246.435	2303.9075	2453.23	2269.53	2332.27	2160.6	2306.915
los	1704	1672	2246.435	1997.32	2121.8775	2332.27	2160.6	2145.69	1848.95	2090.61
spe	1704	1703	2246.435	2154.635	2200.535	2332.27	2160.6	2238.99	2070.28	2201.275
spe	1703	1679	2154.635	1817.625	1986.13	2238.99	2070.28	1965.65	1669.6	1954.295
los	1679	1678	1817.625	881.825	1349.725	1965.65	1669.6	1106.31	657.34	1311.495
dup	1703	1702	2154.635	2080.605	2117.62	2238.99	2070.28	2162.02	1999.19	2119.09
spe	1703	1702	2154.635	2080.605	2117.62	2238.99	2070.28	2162.02	1999.19	2119.09
hgt	1672	GCF.002251945.1.Bacteria.Cyanobacteria	1997.32	0.0	998.66	2145.69	1848.95	0.0	0.0	1072.845
los	1702	GCF.003838225.1.Bacteria.Cyanobacteria	2080.605	0.0	1040.3025	2162.02	1999.19	0.0	0.0	1081.01
dup	1702	1701	2080.605	2039.37	2059.9875	2162.02	1999.19	2114.89	1963.85	2062.935
spe	1702	1701	2080.605	2039.37	2059.9875	2162.02	1999.19	2114.89	1963.85	2062.935
los	1701	1685	2039.37	1871.67	1955.52	2114.89	1963.85	1986.88	1756.46	1935.675
spe	1701	1700	2039.37	1958.955	1999.1625	2114.89	1963.85	2030.15	1887.76	2001.325
spe	1700	1688	1958.955	1633.475	1796.215	2030.15	1887.76	1770.82	1496.13	1763.14
spe	1700	1699	1958.955	1903.47	1931.2125	2030.15	1887.76	1968.87	1838.07	1934.11
los	1699	GCF.000317045.1.Bacteria.Cyanobacteria	1903.47	0.0	951.735	1968.87	1838.07	0.0	0.0	984.435
spe	1699	1698	1903.47	1614.69	1759.08	1968.87	1838.07	1629.18	1600.2	1784.535
los	1698	1692	1614.69	177.05465	895.87233	1629.18	1600.2	285.411	68.6983	848.93915
spe	1698	1697	1614.69	1292.96	1453.825	1629.18	1600.2	1415.06	1170.86	1400.02
hgt	None	dead	0.0	0.0	0.0	0.0	0.0	0.0	0.0	0.0
hgt	1678	GCF.000017845.1.Bacteria.Cyanobacteria	881.825	0.0	440.9125	1106.31	657.34	0.0	0.0	553.155
los	None	dead	0.0	0.0	0.0	0.0	0.0	0.0	0.0	0.0
spe	1697	1695	1292.96	877.811	1085.3855	1415.06	1170.86	1063.17	692.452	1053.756
spe	1702	1701	2080.605	2039.37	2059.9875	2162.02	1999.19	2114.89	1963.85	2062.935
spe	1701	1685	2039.37	1871.67	1955.52	2114.89	1963.85	1986.88	1756.46	1935.675
los	1685	GCF.000018105.1.Bacteria.Cyanobacteria	1871.67	0.0	935.835	1986.88	1756.46	0.0	0.0	993.44
spe	1685	1684	1871.67	1655.535	1763.6025	1986.88	1756.46	1804.69	1506.38	1746.63
los	1684	GCA.001698445.1.Bacteria.Cyanobacteria	1655.535	0.0	827.7675	1804.69	1506.38	0.0	0.0	902.345
spe	1701	1700	2039.37	1958.955	1999.1625	2114.89	1963.85	2030.15	1887.76	2001.325
los	1700	1688	1958.955	1633.475	1796.215	2030.15	1887.76	1770.82	1496.13	1763.14
spe	1700	1699	1958.955	1903.47	1931.2125	2030.15	1887.76	1968.87	1838.07	1934.11
los	1699	1698	1903.47	1614.69	1759.08	1968.87	1838.07	1629.18	1600.2	1784.535
spe	1703	1702	2154.635	2080.605	2117.62	2238.99	2070.28	2162.02	1999.19	2119.09
spe	1702	1701	2080.605	2039.37	2059.9875	2162.02	1999.19	2114.89	1963.85	2062.935
los	1701	1700	2039.37	1958.955	1999.1625	2114.89	1963.85	2030.15	1887.76	2001.325
spe	1701	1685	2039.37	1871.67	1955.52	2114.89	1963.85	1986.88	1756.46	1935.675
spe	1685	1684	1871.67	1655.535	1763.6025	1986.88	1756.46	1804.69	1506.38	1746.63
los	1684	GCF.000316115.1.Bacteria.Cyanobacteria	1655.535	0.0	827.7675	1804.69	1506.38	0.0	0.0	902.345
hgt	804	GCA.003247575.1.Bacteria.Myxococcota.A	1962.63	0.0	981.315	2181.42	1743.84	0.0	0.0	1090.71
hgt	274	GCA.002687025.1.Bacteria.Poribacteria	2054.16	0.0	1027.08	2418.12	1690.2	0.0	0.0	1209.06
spe	1047	1046	3506.08	3444.34	3475.21	3632.38	3379.78	3572.53	3316.15	3474.265
spe	1046	1045	3444.34	3221.015	3332.6775	3572.53	3316.15	3362.53	3079.5	3326.015
los	1045	921	3221.015	3032.55	3126.7825	3362.53	3079.5	3199.31	2865.79	3114.16
spe	1045	1044	3221.015	2991.325	3106.17	3362.53	3079.5	3142.49	2840.16	3101.345
spe	1044	1043	2991.325	2909.195	2950.26	3142.49	2840.16	3063.57	2754.82	2948.655
los	1043	1042	2909.195	2781.98	2845.5875	3063.57	2754.82	2945.67	2618.29	2840.93
spe	1043	1011	2909.195	2725.725	2817.46	3063.57	2754.82	2891.14	2560.31	2811.94
spe	1011	997	2725.725	2492.33	2609.0275	2891.14	2560.31	2661.35	2323.31	2607.225
los	997	996	2492.33	2392.52	2442.425	2661.35	2323.31	2566.0	2219.04	2440.195
spe	997	941	2492.33	2279.38	2385.855	2661.35	2323.31	2492.79	2065.97	2363.66
los	941	GCA.003477045.1.Bacteria.Delongbacteria	2279.38	0.0	1139.69	2492.79	2065.97	0.0	0.0	1246.395
spe	941	940	2279.38	1851.48	2065.43	2492.79	2065.97	2096.71	1606.25	2049.52
los	940	GCA.002127415.1.Bacteria.AABM5.125.24	1851.48	0.0	925.74	2096.71	1606.25	0.0	0.0	1048.355
spe	1011	1010	2725.725	2520.535	2623.13	2891.14	2560.31	2702.67	2338.4	2614.77
los	1010	1000	2520.535	1747.41	2133.9725	2702.67	2338.4	2011.51	1483.31	2092.99
spe	1010	1009	2520.535	2111.905	2316.22	2702.67	2338.4	2334.89	1888.92	2295.795
los	1009	GCA.003105265.1.Bacteria.Zixibacteria	2111.905	0.0	1055.9525	2334.89	1888.92	0.0	0.0	1167.445
spe	1009	1008	2111.905	1888.32	2000.1125	2334.89	1888.92	2123.29	1653.35	1994.12
los	1008	GCA.000447245.1.Bacteria.Zixibacteria	1888.32	0.0	944.16	2123.29	1653.35	0.0	0.0	1061.645
spe	1008	1006	1888.32	1667.645	1777.9825	2123.29	1653.35	1902.27	1433.02	1778.155
los	1006	GCA.001302725.1.Bacteria.Zixibacteria	1667.645	0.0	833.8225	1902.27	1433.02	0.0	0.0	951.135
spe	1006	1004	1667.645	1471.43	1569.5375	1902.27	1433.02	1709.05	1233.81	1568.04
spe	1044	936	2991.325	2805.55	2898.4375	3142.49	2840.16	2994.75	2616.35	2879.42
hgt	None	dead	0.0	0.0	0.0	0.0	0.0	0.0	0.0	0.0
los	936	935	2805.55	2051.05	2428.3	2994.75	2616.35	2302.83	1799.27	2397.01
hgt	1141	GCA.003140175.1.Bacteria.Actinobacteriota	1400.775	0.0	700.3875	1633.42	1168.13	0.0	0.0	816.71
los	None	dead	0.0	0.0	0.0	0.0	0.0	0.0	0.0	0.0
spe	936	926	2805.55	2323.795	2564.6725	2994.75	2616.35	2580.04	2067.55	2531.15
spe	926	924	2323.795	1818.875	2071.335	2580.04	2067.55	2151.84	1485.91	2032.975
hgt	1473	GCA.001443375.1.Bacteria.Chloroflexota	1376.695	0.0	688.3475	1641.8	1111.59	0.0	0.0	820.9
hgt	1180	GCF.001029505.1.Bacteria.Actinobacteriota	2135.205	0.0	1067.6025	2374.94	1895.47	0.0	0.0	1187.47
hgt	817	813	1842.425	1701.895	1772.16	2008.5	1676.35	1867.35	1536.44	1772.47
hgt	1167	1166	2045.68	1407.48	1726.58	2266.85	1824.51	1631.42	1183.54	1725.195
los	924	GCA.003221825.1.Bacteria.Gemmatimonadota	1818.875	0.0	909.4375	2151.84	1485.91	0.0	0.0	1075.92
spe	1167	1166	2045.68	1407.48	1726.58	2266.85	1824.51	1631.42	1183.54	1725.195
spe	1166	1165	1407.48	1265.28	1336.38	1631.42	1183.54	1482.81	1047.75	1339.585
spe	1165	1164	1265.28	1123.5635	1194.42175	1482.81	1047.75	1339.29	907.837	1195.3235
los	1164	1163	1123.5635	951.694	1037.62875	1339.29	907.837	1153.97	749.418	1044.354
spe	1164	1160	1123.5635	971.4955	1047.5295	1339.29	907.837	1182.5	760.491	1049.8905
spe	1160	1158	971.4955	864.931	918.21325	1182.5	760.491	1069.94	659.922	921.211
los	1158	GCF.001942305.1.Bacteria.Actinobacteriota	864.931	0.0	432.4655	1069.94	659.922	0.0	0.0	534.97
spe	1165	1155	1265.28	1138.4215	1201.85075	1482.81	1047.75	1351.51	925.333	1204.0715
spe	1155	1154	1138.4215	863.8915	1001.1565	1351.51	925.333	1069.86	657.923	1004.7165
los	1154	GCF.001591405.1.Bacteria.Actinobacteria	863.8915	0.0	431.94575	1069.86	657.923	0.0	0.0	534.93
spe	817	813	1842.425	1701.895	1772.16	2008.5	1676.35	1867.35	1536.44	1772.47
spe	813	812	1701.895	1577.595	1639.745	1867.35	1536.44	1758.46	1396.73	1632.04
los	812	GCA.002863065.1.Bacteria.Myxococcota	1577.595	0.0	788.7975	1758.46	1396.73	0.0	0.0	879.23
spe	812	811	1577.595	1395.975	1486.785	1758.46	1396.73	1585.0	1206.95	1482.705
los	811	GCA.002726535.1.Bacteria.Myxococcota	1395.975	0.0	697.9875	1585.0	1206.95	0.0	0.0	792.5
spe	813	807	1701.895	1480.85	1591.3725	1867.35	1536.44	1670.67	1291.03	1579.19
los	807	GCA.002789955.1.Bacteria.Myxococcota	1480.85	0.0	740.425	1670.67	1291.03	0.0	0.0	835.335
hgt	1338	1337	1582.81	1327.38	1455.095	1773.63	1391.99	1542.2	1112.56	1443.095
los	926	GCA.001780825.1.Bacteria.Gemmatimonadota	2323.795	0.0	1161.8975	2580.04	2067.55	0.0	0.0	1290.02
spe	1338	1337	1582.81	1327.38	1455.095	1773.63	1391.99	1542.2	1112.56	1443.095
hgt	1344	GCA.002159075.1.Bacteria.Firmicutes	1496.385	0.0	748.1925	1674.98	1317.79	0.0	0.0	837.49
spe	1046	902	3444.34	3336.1	3390.22	3572.53	3316.15	3465.67	3206.53	3389.53
hgt	None	dead	0.0	0.0	0.0	0.0	0.0	0.0	0.0	0.0
hgt	1177	GCA.001464275.1.Bacteria.Actinobacteriota	1403.585	0.0	701.7925	1668.18	1138.99	0.0	0.0	834.09
los	None	dead	0.0	0.0	0.0	0.0	0.0	0.0	0.0	0.0
hgt	None	dead	0.0	0.0	0.0	0.0	0.0	0.0	0.0	0.0
hgt	284	282	1735.725	1352.755	1544.24	1976.84	1494.61	1605.89	1099.62	1538.23
los	None	dead	0.0	0.0	0.0	0.0	0.0	0.0	0.0	0.0
spe	284	282	1735.725	1352.755	1544.24	1976.84	1494.61	1605.89	1099.62	1538.23
hgt	None	dead	0.0	0.0	0.0	0.0	0.0	0.0	0.0	0.0
hgt	498	GCF.000192575.1.Bacteria.Proteobacteria	1100.442	0.0	550.221	1252.56	948.324	0.0	0.0	626.28
los	None	dead	0.0	0.0	0.0	0.0	0.0	0.0	0.0	0.0
hgt	None	dead	0.0	0.0	0.0	0.0	0.0	0.0	0.0	0.0
hgt	873	GCA.002011835.1.Bacteria.Desulfobacterota	1746.56	0.0	873.28	1934.16	1558.96	0.0	0.0	967.08
los	None	dead	0.0	0.0	0.0	0.0	0.0	0.0	0.0	0.0
hgt	None	dead	0.0	0.0	0.0	0.0	0.0	0.0	0.0	0.0
los	902	390	3336.1	3073.69	3204.895	3465.67	3206.53	3239.89	2907.49	3186.58
hgt	797	GCA.002311335.1.Bacteria.Desulfobacterota.B	1864.035	0.0	932.0175	2051.89	1676.18	0.0	0.0	1025.945
los	None	dead	0.0	0.0	0.0	0.0	0.0	0.0	0.0	0.0
spe	902	901	3336.1	3242.11	3289.105	3465.67	3206.53	3374.21	3110.01	3287.84
spe	901	663	3242.11	3154.255	3198.1825	3374.21	3110.01	3286.98	3021.53	3197.87
spe	663	397	3154.255	2952.9	3053.5775	3286.98	3021.53	3107.01	2798.79	3042.885
spe	397	396	2952.9	2591.83	2772.365	3107.01	2798.79	2803.16	2380.5	2743.755
los	396	395	2591.83	1495.105	2043.4675	2803.16	2380.5	1791.3	1198.91	2001.035
hgt	None	dead	0.0	0.0	0.0	0.0	0.0	0.0	0.0	0.0
hgt	1284	GCF.001553315.1.Bacteria.Firmicutes.C	1020.5295	0.0	510.26475	1232.09	808.969	0.0	0.0	616.045
los	None	dead	0.0	0.0	0.0	0.0	0.0	0.0	0.0	0.0
hgt	None	dead	0.0	0.0	0.0	0.0	0.0	0.0	0.0	0.0
hgt	551	GCA.002699105.1.Bacteria.Bacteroidota	1073.1825	0.0	536.59125	1248.71	897.655	0.0	0.0	624.355
los	None	dead	0.0	0.0	0.0	0.0	0.0	0.0	0.0	0.0
hgt	228	227	2338.78	2301.915	2320.3475	2542.7	2134.86	2511.57	2092.26	2317.48
los	397	GCF.000526155.1.Bacteria.Desulfobacterota	2952.9	0.0	1476.45	3107.01	2798.79	0.0	0.0	1553.505
spe	228	227	2338.78	2301.915	2320.3475	2542.7	2134.86	2511.57	2092.26	2317.48
spe	227	225	2301.915	2071.245	2186.58	2511.57	2092.26	2265.24	1877.25	2194.41
los	225	207	2071.245	1939.815	2005.53	2265.24	1877.25	2152.67	1726.96	1996.1
spe	225	224	2071.245	2001.745	2036.495	2265.24	1877.25	2198.05	1805.44	2035.34
los	224	210	2001.745	1714.94	1858.3425	2198.05	1805.44	1944.87	1485.01	1841.53
spe	224	223	2001.745	1901.1	1951.4225	2198.05	1805.44	2096.44	1705.76	1951.905
los	223	213	1901.1	1687.59	1794.345	2096.44	1705.76	1901.64	1473.54	1784.99
spe	223	222	1901.1	1623.035	1762.0675	2096.44	1705.76	1813.6	1432.47	1764.455
los	222	216	1623.035	1438.35	1530.6925	1813.6	1432.47	1648.45	1228.25	1520.925
spe	222	221	1623.035	1523.065	1573.05	1813.6	1432.47	1719.3	1326.83	1570.215
los	221	GCA.002796125.1.Bacteria.Omnitrophota	1523.065	0.0	761.5325	1719.3	1326.83	0.0	0.0	859.65
spe	221	220	1523.065	1293.03	1408.0475	1719.3	1326.83	1485.84	1100.22	1409.76
los	220	GCA.003451585.1.Bacteria.Omnitrophota	1293.03	0.0	646.515	1485.84	1100.22	0.0	0.0	742.92
spe	663	662	3154.255	3076.16	3115.2075	3286.98	3021.53	3210.53	2941.79	3114.385
spe	662	661	3076.16	3025.1	3050.63	3210.53	2941.79	3159.02	2891.18	3050.855
hgt	None	dead	0.0	0.0	0.0	0.0	0.0	0.0	0.0	0.0
los	661	660	3025.1	2520.845	2772.9725	3159.02	2891.18	2755.25	2286.44	2722.73
hgt	332	GCA.002364485.1.Bacteria.Planctomycetota	994.0835	0.0	497.04175	1195.01	793.157	0.0	0.0	597.505
los	None	dead	0.0	0.0	0.0	0.0	0.0	0.0	0.0	0.0
spe	661	655	3025.1	2961.955	2993.5275	3159.02	2891.18	3096.53	2827.38	2993.2
spe	655	654	2961.955	2819.98	2890.9675	3096.53	2827.38	2952.69	2687.27	2891.9
spe	654	520	2819.98	2728.775	2774.3775	2952.69	2687.27	2864.46	2593.09	2772.89
los	520	519	2728.775	2563.7	2646.2375	2864.46	2593.09	2703.63	2423.77	2644.115
spe	520	406	2728.775	2518.42	2623.5975	2864.46	2593.09	2679.32	2357.52	2610.99
los	406	GCF.002795805.1.Bacteria.Proteobacteria	2518.42	0.0	1259.21	2679.32	2357.52	0.0	0.0	1339.66
spe	654	653	2819.98	2511.255	2665.6175	2952.69	2687.27	2643.2	2379.31	2666.0
hgt	347	GCA.002683135.1.Bacteria.Planctomycetota	1965.575	0.0	982.7875	2194.16	1736.99	0.0	0.0	1097.08
los	653	GCF.001399755.1.Bacteria.Proteobacteria	2511.255	0.0	1255.6275	2643.2	2379.31	0.0	0.0	1321.6
spe	653	652	2511.255	2343.17	2427.2125	2643.2	2379.31	2482.13	2204.21	2423.705
los	652	526	2343.17	2011.455	2177.3125	2482.13	2204.21	2193.22	1829.69	2155.91
spe	652	651	2343.17	2202.31	2272.74	2482.13	2204.21	2336.11	2068.51	2275.32
hgt	None	dead	0.0	0.0	0.0	0.0	0.0	0.0	0.0	0.0
hgt	612	611	1154.76	873.257	1014.0085	1302.07	1007.45	1026.32	720.194	1011.132
los	None	dead	0.0	0.0	0.0	0.0	0.0	0.0	0.0	0.0
spe	612	611	1154.76	873.257	1014.0085	1302.07	1007.45	1026.32	720.194	1011.132
hgt	None	dead	0.0	0.0	0.0	0.0	0.0	0.0	0.0	0.0
dup	None	dead	0.0	0.0	0.0	0.0	0.0	0.0	0.0	0.0
hgt	568	GCF.001051235.1.Bacteria.Proteobacteria	1421.955	0.0	710.9775	1583.57	1260.34	0.0	0.0	791.785
los	None	dead	0.0	0.0	0.0	0.0	0.0	0.0	0.0	0.0
hgt	598	GCA.002292285.1.Bacteria.Proteobacteria	872.755	0.0	436.3775	1022.28	723.23	0.0	0.0	511.14
los	None	dead	0.0	0.0	0.0	0.0	0.0	0.0	0.0	0.0
spe	651	533	2202.31	1994.64	2098.475	2336.11	2068.51	2150.09	1839.19	2087.65
spe	533	532	1994.64	1609.445	1802.0425	2150.09	1839.19	1820.16	1398.73	1774.41
hgt	576	574	1593.015	1337.465	1465.24	1746.04	1439.99	1503.53	1171.4	1458.72
los	532	GCA.001750625.1.Bacteria.Proteobacteria	1609.445	0.0	804.7225	1820.16	1398.73	0.0	0.0	910.08
spe	576	574	1593.015	1337.465	1465.24	1746.04	1439.99	1503.53	1171.4	1458.72
hgt	519	GCF.002109495.1.Bacteria.Proteobacteria	2563.7	0.0	1281.85	2703.63	2423.77	0.0	0.0	1351.815
hgt	570	GCA.002255365.1.Bacteria.Proteobacteria	1581.87	0.0	790.935	1730.52	1433.22	0.0	0.0	865.26
dup	533	529	1994.64	1776.585	1885.6125	2150.09	1839.19	1957.62	1595.55	1872.82
spe	533	529	1994.64	1776.585	1885.6125	2150.09	1839.19	1957.62	1595.55	1872.82
los	529	GCA.002451085.1.Bacteria.Proteobacteria	1776.585	0.0	888.2925	1957.62	1595.55	0.0	0.0	978.81
hgt	649	648	2046.605	1974.705	2010.655	2179.57	1913.64	2104.7	1844.71	2012.14
hgt	515	514	1939.7	1792.55	1866.125	2073.68	1805.72	1924.0	1661.1	1867.39
spe	533	529	1994.64	1776.585	1885.6125	2150.09	1839.19	1957.62	1595.55	1872.82
los	529	GCA.002420425.1.Bacteria.Proteobacteria	1776.585	0.0	888.2925	1957.62	1595.55	0.0	0.0	978.81
dup	515	514	1939.7	1792.55	1866.125	2073.68	1805.72	1924.0	1661.1	1867.39
spe	515	514	1939.7	1792.55	1866.125	2073.68	1805.72	1924.0	1661.1	1867.39
los	514	436	1792.55	1682.45	1737.5	1924.0	1661.1	1827.26	1537.64	1730.82
spe	514	513	1792.55	1728.66	1760.605	1924.0	1661.1	1860.39	1596.93	1760.465
spe	513	512	1728.66	1614.755	1671.7075	1860.39	1596.93	1750.68	1478.83	1669.61
los	512	511	1614.755	1534.63	1574.6925	1750.68	1478.83	1667.04	1402.22	1576.45
spe	512	486	1614.755	1342.71	1478.7325	1750.68	1478.83	1498.9	1186.52	1468.6
los	486	GCA.002721365.1.Bacteria.Proteobacteria	1342.71	0.0	671.355	1498.9	1186.52	0.0	0.0	749.45
spe	513	483	1728.66	1679.37	1704.015	1860.39	1596.93	1813.87	1544.87	1702.63
spe	483	447	1679.37	1537.685	1608.5275	1813.87	1544.87	1679.47	1395.9	1604.885
los	447	446	1537.685	1337.995	1437.84	1679.47	1395.9	1490.2	1185.79	1432.63
spe	447	439	1537.685	1378.685	1458.185	1679.47	1395.9	1531.25	1226.12	1452.795
los	439	GCA.002723345.1.Bacteria.Proteobacteria	1378.685	0.0	689.3425	1531.25	1226.12	0.0	0.0	765.625
spe	483	482	1679.37	1587.505	1633.4375	1813.87	1544.87	1722.49	1452.52	1633.195
spe	482	458	1587.505	1466.17	1526.8375	1722.49	1452.52	1610.52	1321.82	1522.155
los	458	456	1466.17	1288.015	1377.0925	1610.52	1321.82	1439.86	1136.17	1373.345
spe	482	481	1587.505	1510.43	1548.9675	1722.49	1452.52	1645.81	1375.05	1548.77
spe	481	469	1510.43	1404.34	1457.385	1645.81	1375.05	1546.78	1261.9	1453.855
los	469	463	1404.34	1268.17	1336.255	1546.78	1261.9	1417.76	1118.58	1332.68
spe	469	468	1404.34	1227.095	1315.7175	1546.78	1261.9	1373.3	1080.89	1313.835
los	468	467	1227.095	1071.506	1149.3005	1373.3	1080.89	1222.83	920.182	1146.741
hgt	517	GCA.002937675.1.Bacteria.Proteobacteria	2143.98	0.0	1071.99	2284.9	2003.06	0.0	0.0	1142.45
los	481	480	1510.43	1386.405	1448.4175	1645.81	1375.05	1534.03	1238.78	1442.295
dup	515	514	1939.7	1792.55	1866.125	2073.68	1805.72	1924.0	1661.1	1867.39
spe	515	514	1939.7	1792.55	1866.125	2073.68	1805.72	1924.0	1661.1	1867.39
spe	514	436	1792.55	1682.45	1737.5	1924.0	1661.1	1827.26	1537.64	1730.82
los	436	GCA.002722885.1.Bacteria.Proteobacteria	1682.45	0.0	841.225	1827.26	1537.64	0.0	0.0	913.63
spe	436	435	1682.45	1491.68	1587.065	1827.26	1537.64	1647.81	1335.55	1581.405
los	435	GCA.006969625.1.Bacteria.Proteobacteria	1491.68	0.0	745.84	1647.81	1335.55	0.0	0.0	823.905
spe	435	434	1491.68	1283.94	1387.81	1647.81	1335.55	1452.9	1114.98	1381.395
los	434	GCA.002898275.1.Bacteria.Proteobacteria	1283.94	0.0	641.97	1452.9	1114.98	0.0	0.0	726.45
dup	514	513	1792.55	1728.66	1760.605	1924.0	1661.1	1860.39	1596.93	1760.465
spe	514	513	1792.55	1728.66	1760.605	1924.0	1661.1	1860.39	1596.93	1760.465
spe	513	483	1728.66	1679.37	1704.015	1860.39	1596.93	1813.87	1544.87	1702.63
los	483	447	1679.37	1537.685	1608.5275	1813.87	1544.87	1679.47	1395.9	1604.885
spe	483	482	1679.37	1587.505	1633.4375	1813.87	1544.87	1722.49	1452.52	1633.195
los	482	481	1587.505	1510.43	1548.9675	1722.49	1452.52	1645.81	1375.05	1548.77
spe	482	458	1587.505	1466.17	1526.8375	1722.49	1452.52	1610.52	1321.82	1522.155
los	458	GCA.002340345.1.Bacteria.Proteobacteria	1466.17	0.0	733.085	1610.52	1321.82	0.0	0.0	805.26
spe	458	456	1466.17	1288.015	1377.0925	1610.52	1321.82	1439.86	1136.17	1373.345
los	456	GCF.002148795.1.Bacteria.Proteobacteria	1288.015	0.0	644.0075	1439.86	1136.17	0.0	0.0	719.93
spe	456	455	1288.015	945.418	1116.7165	1439.86	1136.17	1105.62	785.216	1112.538
los	455	454	945.418	825.9765	885.69725	1105.62	785.216	984.66	667.293	886.4565
spe	513	512	1728.66	1614.755	1671.7075	1860.39	1596.93	1750.68	1478.83	1669.61
spe	512	486	1614.755	1342.71	1478.7325	1750.68	1478.83	1498.9	1186.52	1468.6
los	486	GCF.000264455.2.Bacteria.Proteobacteria	1342.71	0.0	671.355	1498.9	1186.52	0.0	0.0	749.45
spe	512	511	1614.755	1534.63	1574.6925	1750.68	1478.83	1667.04	1402.22	1576.45
los	511	489	1534.63	1174.55	1354.59	1667.04	1402.22	1332.19	1016.91	1341.975
spe	511	510	1534.63	1468.305	1501.4675	1667.04	1402.22	1603.84	1332.77	1499.905
los	510	492	1468.305	1215.16	1341.7325	1603.84	1332.77	1364.8	1065.52	1334.68
spe	510	509	1468.305	1371.54	1419.9225	1603.84	1332.77	1510.17	1232.91	1418.375
los	509	495	1371.54	1115.4635	1243.50175	1510.17	1232.91	1268.36	962.567	1236.3685
spe	509	508	1371.54	1248.66	1310.1	1510.17	1232.91	1390.59	1106.73	1308.45
los	508	498	1248.66	1100.442	1174.551	1390.59	1106.73	1252.56	948.324	1169.457
spe	508	507	1248.66	1032.028	1140.344	1390.59	1106.73	1172.29	891.766	1141.178
los	507	506	1032.028	986.4985	1009.26325	1172.29	891.766	1134.96	838.037	1005.1635
spe	507	503	1032.028	904.119	968.0735	1172.29	891.766	1050.27	757.968	965.129
los	503	GCA.002280485.1.Bacteria.Proteobacteria	904.119	0.0	452.0595	1050.27	757.968	0.0	0.0	525.135
spe	503	501	904.119	722.0125	813.06575	1050.27	757.968	881.342	562.683	806.4765
los	501	GCA.003158585.1.Bacteria.Proteobacteria	722.0125	0.0	361.00625	881.342	562.683	0.0	0.0	440.671
spe	514	513	1792.55	1728.66	1760.605	1924.0	1661.1	1860.39	1596.93	1760.465
spe	513	483	1728.66	1679.37	1704.015	1860.39	1596.93	1813.87	1544.87	1702.63
spe	483	447	1679.37	1537.685	1608.5275	1813.87	1544.87	1679.47	1395.9	1604.885
spe	447	439	1537.685	1378.685	1458.185	1679.47	1395.9	1531.25	1226.12	1452.795
hgt	489	GCA.002348365.1.Bacteria.Proteobacteria	1174.55	0.0	587.275	1332.19	1016.91	0.0	0.0	666.095
los	439	GCF.001613805.1.Bacteria.Proteobacteria	1378.685	0.0	689.3425	1531.25	1226.12	0.0	0.0	765.625
spe	447	446	1537.685	1337.995	1437.84	1679.47	1395.9	1490.2	1185.79	1432.63
spe	446	445	1337.995	1219.785	1278.89	1490.2	1185.79	1382.11	1057.46	1273.83
spe	445	444	1219.785	1051.014	1135.3995	1382.11	1057.46	1222.56	879.468	1130.789
los	444	GCA.002348425.1.Bacteria.Proteobacteria	1051.014	0.0	525.507	1222.56	879.468	0.0	0.0	611.28
hgt	436	GCA.002722885.1.Bacteria.Proteobacteria	1682.45	0.0	841.225	1827.26	1537.64	0.0	0.0	913.63
spe	483	482	1679.37	1587.505	1633.4375	1813.87	1544.87	1722.49	1452.52	1633.195
spe	482	481	1587.505	1510.43	1548.9675	1722.49	1452.52	1645.81	1375.05	1548.77
los	481	480	1510.43	1386.405	1448.4175	1645.81	1375.05	1534.03	1238.78	1442.295
spe	481	469	1510.43	1404.34	1457.385	1645.81	1375.05	1546.78	1261.9	1453.855
los	469	468	1404.34	1227.095	1315.7175	1546.78	1261.9	1373.3	1080.89	1313.835
spe	469	463	1404.34	1268.17	1336.255	1546.78	1261.9	1417.76	1118.58	1332.68
los	463	GCF.002251795.1.Bacteria.Proteobacteria	1268.17	0.0	634.085	1417.76	1118.58	0.0	0.0	708.88
spe	463	462	1268.17	1029.85	1149.01	1417.76	1118.58	1187.35	872.35	1145.055
los	462	GCF.000315795.1.Bacteria.Proteobacteria	1029.85	0.0	514.925	1187.35	872.35	0.0	0.0	593.675
spe	482	458	1587.505	1466.17	1526.8375	1722.49	1452.52	1610.52	1321.82	1522.155
los	458	GCA.002340345.1.Bacteria.Proteobacteria	1466.17	0.0	733.085	1610.52	1321.82	0.0	0.0	805.26
spe	458	456	1466.17	1288.015	1377.0925	1610.52	1321.82	1439.86	1136.17	1373.345
spe	456	455	1288.015	945.418	1116.7165	1439.86	1136.17	1105.62	785.216	1112.538
los	455	GCF.900102465.1.Bacteria.Proteobacteria	945.418	0.0	472.709	1105.62	785.216	0.0	0.0	552.81
spe	455	454	945.418	825.9765	885.69725	1105.62	785.216	984.66	667.293	886.4565
los	454	GCA.002709155.1.Bacteria.Proteobacteria	825.9765	0.0	412.98825	984.66	667.293	0.0	0.0	492.33
spe	454	453	825.9765	706.861	766.41875	984.66	667.293	859.917	553.805	769.2325
los	453	GCA.003280605.1.Bacteria.Proteobacteria	706.861	0.0	353.4305	859.917	553.805	0.0	0.0	429.9585
spe	513	512	1728.66	1614.755	1671.7075	1860.39	1596.93	1750.68	1478.83	1669.61
los	512	486	1614.755	1342.71	1478.7325	1750.68	1478.83	1498.9	1186.52	1468.6
spe	512	511	1614.755	1534.63	1574.6925	1750.68	1478.83	1667.04	1402.22	1576.45
los	511	489	1534.63	1174.55	1354.59	1667.04	1402.22	1332.19	1016.91	1341.975
spe	511	510	1534.63	1468.305	1501.4675	1667.04	1402.22	1603.84	1332.77	1499.905
hgt	434	GCA.002898275.1.Bacteria.Proteobacteria	1283.94	0.0	641.97	1452.9	1114.98	0.0	0.0	726.45
spe	510	492	1468.305	1215.16	1341.7325	1603.84	1332.77	1364.8	1065.52	1334.68
hgt	455	454	945.418	825.9765	885.69725	1105.62	785.216	984.66	667.293	886.4565
spe	455	454	945.418	825.9765	885.69725	1105.62	785.216	984.66	667.293	886.4565
spe	454	453	825.9765	706.861	766.41875	984.66	667.293	859.917	553.805	769.2325
los	453	GCA.002457765.1.Bacteria.Proteobacteria	706.861	0.0	353.4305	859.917	553.805	0.0	0.0	429.9585
spe	510	509	1468.305	1371.54	1419.9225	1603.84	1332.77	1510.17	1232.91	1418.375
spe	509	508	1371.54	1248.66	1310.1	1510.17	1232.91	1390.59	1106.73	1308.45
los	508	507	1248.66	1032.028	1140.344	1390.59	1106.73	1172.29	891.766	1141.178
spe	508	498	1248.66	1100.442	1174.551	1390.59	1106.73	1252.56	948.324	1169.457
los	498	GCF.000192575.1.Bacteria.Proteobacteria	1100.442	0.0	550.221	1252.56	948.324	0.0	0.0	626.28
spe	509	495	1371.54	1115.4635	1243.50175	1510.17	1232.91	1268.36	962.567	1236.3685
hgt	462	GCF.000315795.1.Bacteria.Proteobacteria	1029.85	0.0	514.925	1187.35	872.35	0.0	0.0	593.675
hgt	435	GCA.006969625.1.Bacteria.Proteobacteria	1491.68	0.0	745.84	1647.81	1335.55	0.0	0.0	823.905
los	495	GCF.003173035.1.Bacteria.Proteobacteria	1115.4635	0.0	557.73175	1268.36	962.567	0.0	0.0	634.18
spe	515	514	1939.7	1792.55	1866.125	2073.68	1805.72	1924.0	1661.1	1867.39
los	514	436	1792.55	1682.45	1737.5	1924.0	1661.1	1827.26	1537.64	1730.82
spe	514	513	1792.55	1728.66	1760.605	1924.0	1661.1	1860.39	1596.93	1760.465
spe	513	512	1728.66	1614.755	1671.7075	1860.39	1596.93	1750.68	1478.83	1669.61
los	512	486	1614.755	1342.71	1478.7325	1750.68	1478.83	1498.9	1186.52	1468.6
spe	512	511	1614.755	1534.63	1574.6925	1750.68	1478.83	1667.04	1402.22	1576.45
los	511	489	1534.63	1174.55	1354.59	1667.04	1402.22	1332.19	1016.91	1341.975
spe	511	510	1534.63	1468.305	1501.4675	1667.04	1402.22	1603.84	1332.77	1499.905
los	510	492	1468.305	1215.16	1341.7325	1603.84	1332.77	1364.8	1065.52	1334.68
spe	510	509	1468.305	1371.54	1419.9225	1603.84	1332.77	1510.17	1232.91	1418.375
los	509	508	1371.54	1248.66	1310.1	1510.17	1232.91	1390.59	1106.73	1308.45
spe	509	495	1371.54	1115.4635	1243.50175	1510.17	1232.91	1268.36	962.567	1236.3685
los	495	GCA.002796975.1.Bacteria.Proteobacteria	1115.4635	0.0	557.73175	1268.36	962.567	0.0	0.0	634.18
spe	513	483	1728.66	1679.37	1704.015	1860.39	1596.93	1813.87	1544.87	1702.63
los	483	447	1679.37	1537.685	1608.5275	1813.87	1544.87	1679.47	1395.9	1604.885
spe	483	482	1679.37	1587.505	1633.4375	1813.87	1544.87	1722.49	1452.52	1633.195
los	482	458	1587.505	1466.17	1526.8375	1722.49	1452.52	1610.52	1321.82	1522.155
spe	482	481	1587.505	1510.43	1548.9675	1722.49	1452.52	1645.81	1375.05	1548.77
los	481	480	1510.43	1386.405	1448.4175	1645.81	1375.05	1534.03	1238.78	1442.295
spe	481	469	1510.43	1404.34	1457.385	1645.81	1375.05	1546.78	1261.9	1453.855
spe	469	463	1404.34	1268.17	1336.255	1546.78	1261.9	1417.76	1118.58	1332.68
los	463	462	1268.17	1029.85	1149.01	1417.76	1118.58	1187.35	872.35	1145.055
spe	469	468	1404.34	1227.095	1315.7175	1546.78	1261.9	1373.3	1080.89	1313.835
los	468	GCF.900167455.1.Bacteria.Proteobacteria	1227.095	0.0	613.5475	1373.3	1080.89	0.0	0.0	686.65
spe	468	467	1227.095	1071.506	1149.3005	1373.3	1080.89	1222.83	920.182	1146.741
los	467	GCA.002291925.1.Bacteria.Proteobacteria	1071.506	0.0	535.753	1222.83	920.182	0.0	0.0	611.415
dup	649	648	2046.605	1974.705	2010.655	2179.57	1913.64	2104.7	1844.71	2012.14
spe	649	648	2046.605	1974.705	2010.655	2179.57	1913.64	2104.7	1844.71	2012.14
los	648	562	1974.705	1813.695	1894.2	2104.7	1844.71	1949.37	1678.02	1891.36
spe	648	647	1974.705	1898.035	1936.37	2104.7	1844.71	2027.5	1768.57	1936.635
spe	647	646	1898.035	1850.35	1874.1925	2027.5	1768.57	1979.31	1721.39	1874.445
los	646	588	1850.35	1741.465	1795.9075	1979.31	1721.39	1880.38	1602.55	1790.93
spe	646	645	1850.35	1783.08	1816.715	1979.31	1721.39	1911.77	1654.39	1816.85
los	645	631	1783.08	1709.925	1746.5025	1911.77	1654.39	1841.09	1578.76	1745.265
spe	645	644	1783.08	1640.815	1711.9475	1911.77	1654.39	1774.52	1507.11	1709.44
los	644	643	1640.815	1460.61	1550.7125	1774.52	1507.11	1604.84	1316.38	1545.45
spe	644	636	1640.815	1563.065	1601.94	1774.52	1507.11	1706.55	1419.58	1597.05
los	636	GCA.002840095.1.Bacteria.Proteobacteria	1563.065	0.0	781.5325	1706.55	1419.58	0.0	0.0	853.275
spe	636	634	1563.065	1398.775	1480.92	1706.55	1419.58	1567.28	1230.27	1468.41
los	634	GCF.001697225.1.Bacteria.Proteobacteria	1398.775	0.0	699.3875	1567.28	1230.27	0.0	0.0	783.64
spe	647	571	1898.035	1737.025	1817.53	2027.5	1768.57	1877.08	1596.97	1812.235
los	571	570	1737.025	1581.87	1659.4475	1877.08	1596.97	1730.52	1433.22	1655.15
spe	571	565	1737.025	1459.56	1598.2925	1877.08	1596.97	1636.29	1282.83	1579.955
los	565	GCF.000239355.1.Bacteria.Proteobacteria	1459.56	0.0	729.78	1636.29	1282.83	0.0	0.0	818.145
dup	649	648	2046.605	1974.705	2010.655	2179.57	1913.64	2104.7	1844.71	2012.14
spe	649	648	2046.605	1974.705	2010.655	2179.57	1913.64	2104.7	1844.71	2012.14
spe	648	562	1974.705	1813.695	1894.2	2104.7	1844.71	1949.37	1678.02	1891.36
los	562	546	1813.695	1450.69	1632.1925	1949.37	1678.02	1616.84	1284.54	1616.955
spe	562	561	1813.695	1737.62	1775.6575	1949.37	1678.02	1874.45	1600.79	1775.08
los	561	553	1737.62	1585.42	1661.52	1874.45	1600.79	1735.79	1435.05	1654.75
spe	561	560	1737.62	1548.725	1643.1725	1874.45	1600.79	1698.95	1398.5	1636.475
spe	560	558	1548.725	1383.43	1466.0775	1698.95	1398.5	1538.73	1228.13	1463.54
los	558	557	1383.43	1159.506	1271.468	1538.73	1228.13	1333.32	985.692	1262.211
spe	648	647	1974.705	1898.035	1936.37	2104.7	1844.71	2027.5	1768.57	1936.635
los	647	571	1898.035	1737.025	1817.53	2027.5	1768.57	1877.08	1596.97	1812.235
spe	647	646	1898.035	1850.35	1874.1925	2027.5	1768.57	1979.31	1721.39	1874.445
spe	646	588	1850.35	1741.465	1795.9075	1979.31	1721.39	1880.38	1602.55	1790.93
hgt	None	dead	0.0	0.0	0.0	0.0	0.0	0.0	0.0	0.0
los	588	576	1741.465	1593.015	1667.24	1880.38	1602.55	1746.04	1439.99	1660.185
hgt	600	GCA.002007425.1.Bacteria.Proteobacteria	1178.33	0.0	589.165	1321.12	1035.54	0.0	0.0	660.56
los	None	dead	0.0	0.0	0.0	0.0	0.0	0.0	0.0	0.0
spe	588	587	1741.465	1367.14	1554.3025	1880.38	1602.55	1518.25	1216.03	1548.205
spe	587	581	1367.14	1215.78	1291.46	1518.25	1216.03	1373.53	1058.03	1288.14
hgt	542	GCA.002631715.1.Bacteria.Proteobacteria	1703.185	0.0	851.5925	1875.52	1530.85	0.0	0.0	937.76
los	581	579	1215.78	935.164	1075.472	1373.53	1058.03	1112.18	758.148	1065.839
hgt	553	552	1585.42	1355.9	1470.66	1735.79	1435.05	1526.56	1185.24	1460.515
los	587	586	1367.14	1254.4	1310.77	1518.25	1216.03	1410.43	1098.37	1308.31
spe	553	552	1585.42	1355.9	1470.66	1735.79	1435.05	1526.56	1185.24	1460.515
spe	552	551	1355.9	1073.1825	1214.54125	1526.56	1185.24	1248.71	897.655	1212.1075
los	551	GCA.002699105.1.Bacteria.Bacteroidota	1073.1825	0.0	536.59125	1248.71	897.655	0.0	0.0	624.355
spe	646	645	1850.35	1783.08	1816.715	1979.31	1721.39	1911.77	1654.39	1816.85
spe	645	644	1783.08	1640.815	1711.9475	1911.77	1654.39	1774.52	1507.11	1709.44
spe	644	636	1640.815	1563.065	1601.94	1774.52	1507.11	1706.55	1419.58	1597.05
los	636	634	1563.065	1398.775	1480.92	1706.55	1419.58	1567.28	1230.27	1468.41
spe	644	643	1640.815	1460.61	1550.7125	1774.52	1507.11	1604.84	1316.38	1545.45
los	643	639	1460.61	1235.875	1348.2425	1604.84	1316.38	1397.92	1073.83	1339.335
spe	643	642	1460.61	1315.1	1387.855	1604.84	1316.38	1468.25	1161.95	1383.395
spe	645	631	1783.08	1709.925	1746.5025	1911.77	1654.39	1841.09	1578.76	1745.265
spe	631	603	1709.925	1631.14	1670.5325	1841.09	1578.76	1761.43	1500.85	1670.97
los	603	GCA.002085445.1.Bacteria.Proteobacteria	1631.14	0.0	815.57	1761.43	1500.85	0.0	0.0	880.715
spe	603	602	1631.14	1545.47	1588.305	1761.43	1500.85	1675.86	1415.08	1588.255
spe	602	592	1545.47	1238.975	1392.2225	1675.86	1415.08	1390.11	1087.84	1381.85
los	592	GCF.001720165.1.Bacteria.Proteobacteria	1238.975	0.0	619.4875	1390.11	1087.84	0.0	0.0	695.055
spe	602	601	1545.47	1388.16	1466.815	1675.86	1415.08	1524.4	1251.92	1463.89
los	601	600	1388.16	1178.33	1283.245	1524.4	1251.92	1321.12	1035.54	1279.97
spe	601	595	1388.16	1179.98	1284.07	1524.4	1251.92	1332.11	1027.85	1276.125
los	595	GCA.002454015.1.Bacteria.Proteobacteria	1179.98	0.0	589.99	1332.11	1027.85	0.0	0.0	666.055
hgt	576	GCA.002432655.1.Bacteria.Proteobacteria	1593.015	0.0	796.5075	1746.04	1439.99	0.0	0.0	873.02
hgt	653	GCF.001399755.1.Bacteria.Proteobacteria	2511.255	0.0	1255.6275	2643.2	2379.31	0.0	0.0	1321.6
los	631	630	1709.925	1575.32	1642.6225	1841.09	1578.76	1706.06	1444.58	1642.835
spe	649	648	2046.605	1974.705	2010.655	2179.57	1913.64	2104.7	1844.71	2012.14
hgt	None	dead	0.0	0.0	0.0	0.0	0.0	0.0	0.0	0.0
spe	648	647	1974.705	1898.035	1936.37	2104.7	1844.71	2027.5	1768.57	1936.635
spe	647	571	1898.035	1737.025	1817.53	2027.5	1768.57	1877.08	1596.97	1812.235
los	571	565	1737.025	1459.56	1598.2925	1877.08	1596.97	1636.29	1282.83	1579.955
spe	571	570	1737.025	1581.87	1659.4475	1877.08	1596.97	1730.52	1433.22	1655.15
los	570	GCA.002255365.1.Bacteria.Proteobacteria	1581.87	0.0	790.935	1730.52	1433.22	0.0	0.0	865.26
spe	570	568	1581.87	1421.955	1501.9125	1730.52	1433.22	1583.57	1260.34	1495.43
los	568	GCF.001051235.1.Bacteria.Proteobacteria	1421.955	0.0	710.9775	1583.57	1260.34	0.0	0.0	791.785
spe	647	646	1898.035	1850.35	1874.1925	2027.5	1768.57	1979.31	1721.39	1874.445
los	646	588	1850.35	1741.465	1795.9075	1979.31	1721.39	1880.38	1602.55	1790.93
spe	646	645	1850.35	1783.08	1816.715	1979.31	1721.39	1911.77	1654.39	1816.85
los	645	631	1783.08	1709.925	1746.5025	1911.77	1654.39	1841.09	1578.76	1745.265
spe	645	644	1783.08	1640.815	1711.9475	1911.77	1654.39	1774.52	1507.11	1709.44
los	644	643	1640.815	1460.61	1550.7125	1774.52	1507.11	1604.84	1316.38	1545.45
spe	644	636	1640.815	1563.065	1601.94	1774.52	1507.11	1706.55	1419.58	1597.05
los	636	GCA.002840095.1.Bacteria.Proteobacteria	1563.065	0.0	781.5325	1706.55	1419.58	0.0	0.0	853.275
spe	636	634	1563.065	1398.775	1480.92	1706.55	1419.58	1567.28	1230.27	1468.41
los	634	GCF.002020875.1.Bacteria.Proteobacteria	1398.775	0.0	699.3875	1567.28	1230.27	0.0	0.0	783.64
dup	None	dead	0.0	0.0	0.0	0.0	0.0	0.0	0.0	0.0
hgt	536	GCF.900111015.1.Bacteria.Proteobacteria	1835.635	0.0	917.8175	2001.99	1669.28	0.0	0.0	1000.995
los	None	dead	0.0	0.0	0.0	0.0	0.0	0.0	0.0	0.0
hgt	612	GCF.003612015.1.Bacteria.Proteobacteria	1154.76	0.0	577.38	1302.07	1007.45	0.0	0.0	651.035
los	None	dead	0.0	0.0	0.0	0.0	0.0	0.0	0.0	0.0
spe	648	562	1974.705	1813.695	1894.2	2104.7	1844.71	1949.37	1678.02	1891.36
spe	562	546	1813.695	1450.69	1632.1925	1949.37	1678.02	1616.84	1284.54	1616.955
los	546	GCA.002747435.1.Bacteria.Proteobacteria	1450.69	0.0	725.345	1616.84	1284.54	0.0	0.0	808.42
spe	562	561	1813.695	1737.62	1775.6575	1949.37	1678.02	1874.45	1600.79	1775.08
los	561	560	1737.62	1548.725	1643.1725	1874.45	1600.79	1698.95	1398.5	1636.475
spe	561	553	1737.62	1585.42	1661.52	1874.45	1600.79	1735.79	1435.05	1654.75
los	553	552	1585.42	1355.9	1470.66	1735.79	1435.05	1526.56	1185.24	1460.515
spe	651	650	2202.31	2111.655	2156.9825	2336.11	2068.51	2245.39	1977.92	2157.015
spe	650	649	2111.655	2046.605	2079.13	2245.39	1977.92	2179.57	1913.64	2079.515
los	649	648	2046.605	1974.705	2010.655	2179.57	1913.64	2104.7	1844.71	2012.14
spe	649	543	2046.605	1880.315	1963.46	2179.57	1913.64	2032.2	1728.43	1954.0
los	543	539	1880.315	1679.045	1779.68	2032.2	1728.43	1878.59	1479.5	1755.85
spe	543	542	1880.315	1703.185	1791.75	2032.2	1728.43	1875.52	1530.85	1781.525
los	542	GCA.002631715.1.Bacteria.Proteobacteria	1703.185	0.0	851.5925	1875.52	1530.85	0.0	0.0	937.76
spe	650	536	2111.655	1835.635	1973.645	2245.39	1977.92	2001.99	1669.28	1957.335
los	536	GCF.900111015.1.Bacteria.Proteobacteria	1835.635	0.0	917.8175	2001.99	1669.28	0.0	0.0	1000.995
hgt	None	dead	0.0	0.0	0.0	0.0	0.0	0.0	0.0	0.0
hgt	1140	GCA.002722565.1.Bacteria.Actinobacteriota	1175.5635	0.0	587.78175	1408.09	943.037	0.0	0.0	704.045
los	None	dead	0.0	0.0	0.0	0.0	0.0	0.0	0.0	0.0
hgt	None	dead	0.0	0.0	0.0	0.0	0.0	0.0	0.0	0.0
los	655	403	2961.955	2470.89	2716.4225	3096.53	2827.38	2681.53	2260.25	2678.39
hgt	265	GCA.003290465.1.Bacteria.Sumerlaeota	1925.84	0.0	962.92	2272.12	1579.56	0.0	0.0	1136.06
los	None	dead	0.0	0.0	0.0	0.0	0.0	0.0	0.0	0.0
hgt	None	dead	0.0	0.0	0.0	0.0	0.0	0.0	0.0	0.0
dup	None	dead	0.0	0.0	0.0	0.0	0.0	0.0	0.0	0.0
hgt	345	GCA.002746235.1.Bacteria.Planctomycetota	1671.41	0.0	835.705	1909.09	1433.73	0.0	0.0	954.545
los	None	dead	0.0	0.0	0.0	0.0	0.0	0.0	0.0	0.0
hgt	840	839	2131.765	2043.565	2087.665	2300.85	1962.68	2208.37	1878.76	2089.805
los	None	dead	0.0	0.0	0.0	0.0	0.0	0.0	0.0	0.0
spe	840	839	2131.765	2043.565	2087.665	2300.85	1962.68	2208.37	1878.76	2089.805
spe	839	829	2043.565	1996.235	2019.9	2208.37	1878.76	2158.73	1833.74	2021.055
los	829	817	1996.235	1842.425	1919.33	2158.73	1833.74	2008.5	1676.35	1917.54
spe	829	828	1996.235	1753.18	1874.7075	2158.73	1833.74	1925.68	1580.68	1869.705
los	828	827	1753.18	1632.18	1692.68	1925.68	1580.68	1807.48	1456.88	1691.28
spe	839	838	2043.565	1875.06	1959.3125	2208.37	1878.76	2045.25	1704.87	1956.62
spe	838	834	1875.06	1804.155	1839.6075	2045.25	1704.87	1986.48	1621.83	1833.54
los	834	GCA.001798605.1.Bacteria.Myxococcota	1804.155	0.0	902.0775	1986.48	1621.83	0.0	0.0	993.24
spe	834	832	1804.155	1570.54	1687.3475	1986.48	1621.83	1770.5	1370.58	1678.53
los	832	GCA.002696345.1.Bacteria.Myxococcota	1570.54	0.0	785.27	1770.5	1370.58	0.0	0.0	885.25
hgt	None	dead	0.0	0.0	0.0	0.0	0.0	0.0	0.0	0.0
hgt	568	GCA.002862435.1.Bacteria.Proteobacteria	1421.955	0.0	710.9775	1583.57	1260.34	0.0	0.0	791.785
los	None	dead	0.0	0.0	0.0	0.0	0.0	0.0	0.0	0.0
hgt	1228	GCA.003023725.1.Bacteria.Firmicutes.E	2160.575	0.0	1080.2875	2393.31	1927.84	0.0	0.0	1196.655
hgt	780	GCA.001769805.1.Bacteria.Bdellovibrionota	1753.025	0.0	876.5125	1959.77	1546.28	0.0	0.0	979.885
hgt	None	dead	0.0	0.0	0.0	0.0	0.0	0.0	0.0	0.0
los	838	837	1875.06	1589.61	1732.335	2045.25	1704.87	1791.58	1387.64	1716.445
hgt	613	GCF.003097315.1.Bacteria.Proteobacteria	1308.6	0.0	654.3	1448.11	1169.09	0.0	0.0	724.055
los	None	dead	0.0	0.0	0.0	0.0	0.0	0.0	0.0	0.0
hgt	None	dead	0.0	0.0	0.0	0.0	0.0	0.0	0.0	0.0
dup	None	dead	0.0	0.0	0.0	0.0	0.0	0.0	0.0	0.0
hgt	674	GCA.002747255.1.Bacteria.Acidobacteriota	1880.64	0.0	940.32	2129.25	1632.03	0.0	0.0	1064.625
los	None	dead	0.0	0.0	0.0	0.0	0.0	0.0	0.0	0.0
hgt	639	GCA.003230085.1.Bacteria.Proteobacteria	1235.875	0.0	617.9375	1397.92	1073.83	0.0	0.0	698.96
los	None	dead	0.0	0.0	0.0	0.0	0.0	0.0	0.0	0.0
hgt	1043	1042	2909.195	2781.98	2845.5875	3063.57	2754.82	2945.67	2618.29	2840.93
spe	662	400	3076.16	2337.685	2706.9225	3210.53	2941.79	2593.16	2082.21	2646.37
los	400	GCA.002401295.1.Bacteria.SAR324	2337.685	0.0	1168.8425	2593.16	2082.21	0.0	0.0	1296.58
spe	1043	1042	2909.195	2781.98	2845.5875	3063.57	2754.82	2945.67	2618.29	2840.93
spe	1042	1022	2781.98	2556.01	2668.995	2945.67	2618.29	2747.81	2364.21	2654.94
los	1022	1016	2556.01	2340.795	2448.4025	2747.81	2364.21	2585.9	2095.69	2421.75
spe	1022	1021	2556.01	2172.51	2364.26	2747.81	2364.21	2411.97	1933.05	2340.43
los	1021	GCA.002686915.1.Bacteria.ARS69	2172.51	0.0	1086.255	2411.97	1933.05	0.0	0.0	1205.985
spe	1021	1020	2172.51	1596.025	1884.2675	2411.97	1933.05	1872.6	1319.45	1865.71
los	1020	GCA.003235575.1.Bacteria.Eisenbacteria	1596.025	0.0	798.0125	1872.6	1319.45	0.0	0.0	936.3
hgt	None	dead	0.0	0.0	0.0	0.0	0.0	0.0	0.0	0.0
hgt	711	GCA.001664505.1.Bacteria.Acidobacteriota	1840.1	0.0	920.05	2042.75	1637.45	0.0	0.0	1021.375
los	None	dead	0.0	0.0	0.0	0.0	0.0	0.0	0.0	0.0
hgt	None	dead	0.0	0.0	0.0	0.0	0.0	0.0	0.0	0.0
hgt	288	GCA.002323895.1.Bacteria.Verrucomicrobiota	1623.24	0.0	811.62	1880.16	1366.32	0.0	0.0	940.08
los	None	dead	0.0	0.0	0.0	0.0	0.0	0.0	0.0	0.0
hgt	None	dead	0.0	0.0	0.0	0.0	0.0	0.0	0.0	0.0
hgt	276	270	3066.185	2744.13	2905.1575	3264.58	2867.79	3033.13	2455.13	2859.855
spe	1042	1041	2781.98	2636.74	2709.36	2945.67	2618.29	2813.51	2459.97	2702.82
los	1041	GCA.002686955.1.Bacteria.Gemmatimonadota.A	2636.74	0.0	1318.37	2813.51	2459.97	0.0	0.0	1406.755
spe	1041	1040	2636.74	2510.83	2573.785	2813.51	2459.97	2688.22	2333.44	2573.475
los	1040	1039	2510.83	2466.405	2488.6175	2688.22	2333.44	2648.61	2284.2	2486.21
spe	1040	1026	2510.83	2235.5	2373.165	2688.22	2333.44	2487.03	1983.97	2336.095
los	1026	GCA.001304015.1.Bacteria.TA06.A	2235.5	0.0	1117.75	2487.03	1983.97	0.0	0.0	1243.515
spe	276	270	3066.185	2744.13	2905.1575	3264.58	2867.79	3033.13	2455.13	2859.855
hgt	778	GCA.002715375.1.Bacteria.Bdellovibrionota	1573.38	0.0	786.69	1798.09	1348.67	0.0	0.0	899.045
hgt	308	307	2475.615	2367.435	2421.525	2683.44	2267.79	2584.28	2150.59	2417.015
hgt	979	GCA.002763895.1.Bacteria.Bacteroidota	1509.38	0.0	754.69	1695.99	1322.77	0.0	0.0	847.995
hgt	955	GCF.001280305.1.Bacteria.Bacteroidota	1061.248	0.0	530.624	1249.77	872.726	0.0	0.0	624.885
spe	308	307	2475.615	2367.435	2421.525	2683.44	2267.79	2584.28	2150.59	2417.015
spe	307	297	2367.435	2095.445	2231.44	2584.28	2150.59	2327.22	1863.67	2223.975
los	297	296	2095.445	1523.77	1809.6075	2327.22	1863.67	1776.08	1271.46	1799.34
spe	297	293	2095.445	1814.28	1954.8625	2327.22	1863.67	2062.54	1566.02	1946.62
los	293	GCA.003246265.1.Bacteria.Verrucomicrobiota	1814.28	0.0	907.14	2062.54	1566.02	0.0	0.0	1031.27
spe	307	306	2367.435	1826.22	2096.8275	2584.28	2150.59	2062.07	1590.37	2087.325
los	306	GCA.001804805.1.Bacteria.Verrucomicrobiota	1826.22	0.0	913.11	2062.07	1590.37	0.0	0.0	1031.035
spe	306	305	1826.22	1611.655	1718.9375	2062.07	1590.37	1845.13	1378.18	1720.125
los	305	GCA.001803235.1.Bacteria.Verrucomicrobiota	1611.655	0.0	805.8275	1845.13	1378.18	0.0	0.0	922.565
spe	305	303	1611.655	1541.925	1576.79	1845.13	1378.18	1780.09	1303.76	1574.445
los	303	302	1541.925	1366.155	1454.04	1780.09	1303.76	1596.93	1135.38	1457.735
hgt	581	579	1215.78	935.164	1075.472	1373.53	1058.03	1112.18	758.148	1065.839
los	None	dead	0.0	0.0	0.0	0.0	0.0	0.0	0.0	0.0
spe	581	579	1215.78	935.164	1075.472	1373.53	1058.03	1112.18	758.148	1065.839
hgt	220	GCA.001805375.1.Bacteria.Omnitrophota	1293.03	0.0	646.515	1485.84	1100.22	0.0	0.0	742.92
hgt	585	GCA.002688175.1.Bacteria.Proteobacteria	1064.929	0.0	532.4645	1229.08	900.778	0.0	0.0	614.54
spe	901	900	3242.11	3113.87	3177.99	3374.21	3110.01	3248.21	2979.53	3176.87
los	900	899	3113.87	3007.825	3060.8475	3248.21	2979.53	3149.06	2866.59	3057.4
spe	900	716	3113.87	2685.38	2899.625	3248.21	2979.53	2853.98	2516.78	2882.495
los	716	670	2685.38	2337.75	2511.565	2853.98	2516.78	2571.79	2103.71	2478.845
spe	716	715	2685.38	2518.685	2602.0325	2853.98	2516.78	2695.14	2342.23	2598.105
los	715	675	2518.685	2161.39	2340.0375	2695.14	2342.23	2382.98	1939.8	2317.47
spe	715	714	2518.685	2396.315	2457.5	2695.14	2342.23	2582.71	2209.92	2452.53
los	714	GCA.002731215.1.Bacteria.Acidobacteriota	2396.315	0.0	1198.1575	2582.71	2209.92	0.0	0.0	1291.355
spe	714	713	2396.315	2232.07	2314.1925	2582.71	2209.92	2420.07	2044.07	2313.39
spe	713	699	2232.07	2103.185	2167.6275	2420.07	2044.07	2288.62	1917.75	2168.91
los	699	681	2103.185	1875.565	1989.375	2288.62	1917.75	2076.39	1674.74	1981.68
spe	699	698	2103.185	1863.875	1983.53	2288.62	1917.75	2049.06	1678.69	1983.655
los	698	686	1863.875	1646.29	1755.0825	2049.06	1678.69	1843.93	1448.65	1748.855
spe	698	697	1863.875	1602.385	1733.13	2049.06	1678.69	1789.82	1414.95	1732.005
los	697	696	1602.385	1391.24	1496.8125	1789.82	1414.95	1578.29	1204.19	1497.005
spe	713	712	2232.07	2029.595	2130.8325	2420.07	2044.07	2222.24	1836.95	2128.51
hgt	1041	GCA.002686955.1.Bacteria.Gemmatimonadota.A	2636.74	0.0	1318.37	2813.51	2459.97	0.0	0.0	1406.755
los	712	711	2029.595	1840.1	1934.8475	2222.24	1836.95	2042.75	1637.45	1929.845
spe	712	706	2029.595	1754.72	1892.1575	2222.24	1836.95	1977.7	1531.74	1876.99
spe	706	704	1754.72	1564.51	1659.615	1977.7	1531.74	1779.6	1349.42	1663.56
los	704	GCA.003133645.1.Bacteria.Acidobacteriota	1564.51	0.0	782.255	1779.6	1349.42	0.0	0.0	889.8
spe	704	702	1564.51	1307.095	1435.8025	1779.6	1349.42	1523.49	1090.7	1435.15
hgt	714	GCA.002731215.1.Bacteria.Acidobacteriota	2396.315	0.0	1198.1575	2582.71	2209.92	0.0	0.0	1291.355
hgt	None	dead	0.0	0.0	0.0	0.0	0.0	0.0	0.0	0.0
los	1094	1093	3702.045	3523.93	3612.9875	3823.83	3580.26	3675.99	3371.87	3597.85
hgt	714	713	2396.315	2232.07	2314.1925	2582.71	2209.92	2420.07	2044.07	2313.39
los	None	dead	0.0	0.0	0.0	0.0	0.0	0.0	0.0	0.0
spe	714	713	2396.315	2232.07	2314.1925	2582.71	2209.92	2420.07	2044.07	2313.39
spe	713	712	2232.07	2029.595	2130.8325	2420.07	2044.07	2222.24	1836.95	2128.51
los	712	706	2029.595	1754.72	1892.1575	2222.24	1836.95	1977.7	1531.74	1876.99
spe	712	711	2029.595	1840.1	1934.8475	2222.24	1836.95	2042.75	1637.45	1929.845
los	711	GCA.001664505.1.Bacteria.Acidobacteriota	1840.1	0.0	920.05	2042.75	1637.45	0.0	0.0	1021.375
spe	711	709	1840.1	1543.01	1691.555	2042.75	1637.45	1779.22	1306.8	1674.775
los	709	GCA.003223145.1.Bacteria.Acidobacteriota	1543.01	0.0	771.505	1779.22	1306.8	0.0	0.0	889.61
spe	713	699	2232.07	2103.185	2167.6275	2420.07	2044.07	2288.62	1917.75	2168.91
los	699	681	2103.185	1875.565	1989.375	2288.62	1917.75	2076.39	1674.74	1981.68
spe	699	698	2103.185	1863.875	1983.53	2288.62	1917.75	2049.06	1678.69	1983.655
spe	698	686	1863.875	1646.29	1755.0825	2049.06	1678.69	1843.93	1448.65	1748.855
hgt	1235	GCA.002376005.1.Bacteria.Firmicutes.E	2052.91	0.0	1026.455	2283.89	1821.93	0.0	0.0	1141.945
los	686	GCA.002451015.1.Bacteria.Acidobacteriota	1646.29	0.0	823.145	1843.93	1448.65	0.0	0.0	921.965
spe	686	684	1646.29	1286.44	1466.365	1843.93	1448.65	1493.16	1079.72	1461.825
hgt	692	GCA.003140235.1.Bacteria.Acidobacteriota	1105.2925	0.0	552.64625	1299.2	911.385	0.0	0.0	649.6
los	684	GCA.003223975.1.Bacteria.Acidobacteriota	1286.44	0.0	643.22	1493.16	1079.72	0.0	0.0	746.58
spe	698	697	1863.875	1602.385	1733.13	2049.06	1678.69	1789.82	1414.95	1732.005
los	697	GCA.003222815.1.Bacteria.Acidobacteriota	1602.385	0.0	801.1925	1789.82	1414.95	0.0	0.0	894.91
spe	697	696	1602.385	1391.24	1496.8125	1789.82	1414.95	1578.29	1204.19	1497.005
hgt	692	GCA.003152325.1.Bacteria.Acidobacteriota	1105.2925	0.0	552.64625	1299.2	911.385	0.0	0.0	649.6
hgt	210	GCA.002796105.1.Bacteria.Omnitrophota	1714.94	0.0	857.47	1944.87	1485.01	0.0	0.0	972.435
spe	696	695	1391.24	1284.94	1338.09	1578.29	1204.19	1468.6	1101.28	1339.785
spe	695	694	1284.94	1206.005	1245.4725	1468.6	1101.28	1389.81	1022.2	1245.4
los	694	692	1206.005	1105.2925	1155.64875	1389.81	1022.2	1299.2	911.385	1150.5975
spe	1726	1725	3776.22	3726.035	3751.1275	3894.53	3657.91	3848.26	3603.81	3749.17
spe	1725	1724	3726.035	3611.965	3669.0	3848.26	3603.81	3732.72	3491.21	3669.735
los	1724	1723	3611.965	3457.54	3534.7525	3732.72	3491.21	3575.54	3339.54	3536.13
spe	1724	1642	3611.965	3511.74	3561.8525	3732.72	3491.21	3641.83	3381.65	3557.185
los	1642	1641	3511.74	3146.265	3329.0025	3641.83	3381.65	3319.13	2973.4	3307.615
spe	1642	1478	3511.74	3209.465	3360.6025	3641.83	3381.65	3376.81	3042.12	3341.975
los	1478	1477	3209.465	2951.08	3080.2725	3376.81	3042.12	3128.51	2773.65	3075.23
spe	1478	1396	3209.465	2023.82	2616.6425	3376.81	3042.12	2389.98	1657.66	2517.235
los	1396	GCA.003244045.1.Bacteria.Dormibacterota	2023.82	0.0	1011.91	2389.98	1657.66	0.0	0.0	1194.99
spe	1725	1393	3726.035	3573.7	3649.8675	3848.26	3603.81	3702.34	3445.06	3646.66
hgt	None	dead	0.0	0.0	0.0	0.0	0.0	0.0	0.0	0.0
los	1393	1392	3573.7	3456.59	3515.145	3702.34	3445.06	3587.78	3325.4	3513.87
hgt	807	GCA.002789955.1.Bacteria.Myxococcota	1480.85	0.0	740.425	1670.67	1291.03	0.0	0.0	835.335
los	None	dead	0.0	0.0	0.0	0.0	0.0	0.0	0.0	0.0
spe	1393	1129	3573.7	3300.21	3436.955	3702.34	3445.06	3456.46	3143.96	3423.15
los	1129	1128	3300.21	3110.52	3205.365	3456.46	3143.96	3301.89	2919.15	3187.805
spe	1129	1101	3300.21	3147.445	3223.8275	3456.46	3143.96	3357.99	2936.9	3196.68
los	1101	GCA.002410925.1.Bacteria.UBP13	3147.445	0.0	1573.7225	3357.99	2936.9	0.0	0.0	1678.995
spe	1101	1099	3147.445	2846.765	2997.105	3357.99	2936.9	3123.3	2570.23	2964.11
los	1099	GCA.900313515.1.Bacteria.Eremiobacterota	2846.765	0.0	1423.3825	3123.3	2570.23	0.0	0.0	1561.65
spe	1099	1098	2846.765	1685.385	2266.075	3123.3	2570.23	2041.88	1328.89	2226.095
hgt	None	dead	0.0	0.0	0.0	0.0	0.0	0.0	0.0	0.0
spe	1727	1726	3794.005	3776.22	3785.1125	3914.54	3673.47	3894.53	3657.91	3786.225
spe	1726	1725	3776.22	3726.035	3751.1275	3894.53	3657.91	3848.26	3603.81	3749.17
spe	1725	1393	3726.035	3573.7	3649.8675	3848.26	3603.81	3702.34	3445.06	3646.66
hgt	None	dead	0.0	0.0	0.0	0.0	0.0	0.0	0.0	0.0
hgt	837	GCA.001768075.1.Bacteria.Myxococcota	1589.61	0.0	794.805	1791.58	1387.64	0.0	0.0	895.79
los	None	dead	0.0	0.0	0.0	0.0	0.0	0.0	0.0	0.0
hgt	None	dead	0.0	0.0	0.0	0.0	0.0	0.0	0.0	0.0
los	1393	1129	3573.7	3300.21	3436.955	3702.34	3445.06	3456.46	3143.96	3423.15
hgt	900	899	3113.87	3007.825	3060.8475	3248.21	2979.53	3149.06	2866.59	3057.4
los	None	dead	0.0	0.0	0.0	0.0	0.0	0.0	0.0	0.0
spe	900	899	3113.87	3007.825	3060.8475	3248.21	2979.53	3149.06	2866.59	3057.4
spe	899	898	3007.825	2936.14	2971.9825	3149.06	2866.59	3088.09	2784.19	2966.625
los	898	756	2936.14	2563.145	2749.6425	3088.09	2784.19	2763.41	2362.88	2725.485
spe	898	897	2936.14	2852.85	2894.495	3088.09	2784.19	3010.8	2694.9	2891.495
spe	897	889	2852.85	2620.3	2736.575	3010.8	2694.9	2780.76	2459.84	2735.32
los	889	843	2620.3	2513.665	2566.9825	2780.76	2459.84	2674.81	2352.52	2566.64
spe	889	888	2620.3	2447.185	2533.7425	2780.76	2459.84	2620.46	2273.91	2527.335
los	888	887	2447.185	2263.805	2355.495	2620.46	2273.91	2439.03	2088.58	2354.52
spe	888	854	2447.185	2279.15	2363.1675	2620.46	2273.91	2472.51	2085.79	2353.125
los	854	853	2279.15	2005.945	2142.5475	2472.51	2085.79	2253.28	1758.61	2115.56
spe	854	850	2279.15	2241.395	2260.2725	2472.51	2085.79	2441.02	2041.77	2257.14
los	850	846	2241.395	1968.67	2105.0325	2441.02	2041.77	2201.27	1736.07	2088.545
spe	850	849	2241.395	1883.095	2062.245	2441.02	2041.77	2117.85	1648.34	2044.68
los	849	GCA.001896555.1.Bacteria.Desulfobacterota	1883.095	0.0	941.5475	2117.85	1648.34	0.0	0.0	1058.925
spe	897	896	2852.85	2619.11	2735.98	3010.8	2694.9	2824.05	2414.17	2712.485
los	896	892	2619.11	2105.205	2362.1575	2824.05	2414.17	2398.65	1811.76	2317.905
spe	896	895	2619.11	2183.84	2401.475	2824.05	2414.17	2461.79	1905.89	2364.97
los	895	GCA.000739515.1.Bacteria.Moduliflexota	2183.84	0.0	1091.92	2461.79	1905.89	0.0	0.0	1230.895
dup	895	GCA.002897695.1.Bacteria.BMS3Abin14	2183.84	0.0	1091.92	2461.79	1905.89	0.0	0.0	1230.895
hgt	846	GCA.002327765.1.Bacteria.Desulfobacterota.E	1968.67	0.0	984.335	2201.27	1736.07	0.0	0.0	1100.635
hgt	None	dead	0.0	0.0	0.0	0.0	0.0	0.0	0.0	0.0
dup	None	dead	0.0	0.0	0.0	0.0	0.0	0.0	0.0	0.0
hgt	1438	GCA.002841995.1.Bacteria.Chloroflexota	1310.445	0.0	655.2225	1509.7	1111.19	0.0	0.0	754.85
los	None	dead	0.0	0.0	0.0	0.0	0.0	0.0	0.0	0.0
dup	None	dead	0.0	0.0	0.0	0.0	0.0	0.0	0.0	0.0
hgt	274	GCA.000406005.1.Bacteria.Poribacteria	2054.16	0.0	1027.08	2418.12	1690.2	0.0	0.0	1209.06
los	None	dead	0.0	0.0	0.0	0.0	0.0	0.0	0.0	0.0
hgt	1470	GCF.000025005.1.Bacteria.Chloroflexota	2082.735	0.0	1041.3675	2316.34	1849.13	0.0	0.0	1158.17
los	None	dead	0.0	0.0	0.0	0.0	0.0	0.0	0.0	0.0
hgt	None	dead	0.0	0.0	0.0	0.0	0.0	0.0	0.0	0.0
spe	899	743	3007.825	2880.765	2944.295	3149.06	2866.59	3041.66	2719.87	2934.465
spe	743	721	2880.765	2605.855	2743.31	3041.66	2719.87	2825.34	2386.37	2714.015
hgt	None	dead	0.0	0.0	0.0	0.0	0.0	0.0	0.0	0.0
los	721	720	2605.855	2294.32	2450.0875	2825.34	2386.37	2574.63	2014.01	2419.675
hgt	1240	GCF.900142995.1.Bacteria.Firmicutes.A	2176.58	0.0	1088.29	2395.16	1958.0	0.0	0.0	1197.58
los	None	dead	0.0	0.0	0.0	0.0	0.0	0.0	0.0	0.0
hgt	746	GCA.002238965.1.Bacteria.UBA8248	1971.165	0.0	985.5825	2267.78	1674.55	0.0	0.0	1133.89
hgt	221	GCA.002796125.1.Bacteria.Omnitrophota	1523.065	0.0	761.5325	1719.3	1326.83	0.0	0.0	859.65
spe	743	742	2880.765	2637.165	2758.965	3041.66	2719.87	2824.71	2449.62	2745.64
spe	742	741	2637.165	2052.975	2345.07	2824.71	2449.62	2337.08	1768.87	2296.79
los	741	GCA.003220615.1.Bacteria.Methylomirabilota	2052.975	0.0	1026.4875	2337.08	1768.87	0.0	0.0	1168.54
hgt	1011	997	2725.725	2492.33	2609.0275	2891.14	2560.31	2661.35	2323.31	2607.225
spe	742	738	2637.165	2317.13	2477.1475	2824.71	2449.62	2529.7	2104.56	2464.635
spe	738	728	2317.13	1980.89	2149.01	2529.7	2104.56	2218.53	1743.25	2136.475
los	728	724	1980.89	1584.32	1782.605	2218.53	1743.25	1849.0	1319.64	1769.085
spe	728	727	1980.89	1736.985	1858.9375	2218.53	1743.25	1988.09	1485.88	1852.205
los	727	GCA.001803815.1.Bacteria.Nitrospirota	1736.985	0.0	868.4925	1988.09	1485.88	0.0	0.0	994.045
hgt	None	dead	0.0	0.0	0.0	0.0	0.0	0.0	0.0	0.0
hgt	751	GCA.002500605.1.Bacteria.Nitrospinota	1894.43	0.0	947.215	2141.93	1646.93	0.0	0.0	1070.965
los	None	dead	0.0	0.0	0.0	0.0	0.0	0.0	0.0	0.0
hgt	None	dead	0.0	0.0	0.0	0.0	0.0	0.0	0.0	0.0
hgt	1063	GCA.002878315.1.Bacteria.Thermotogota	1761.17	0.0	880.585	2059.15	1463.19	0.0	0.0	1029.575
los	None	dead	0.0	0.0	0.0	0.0	0.0	0.0	0.0	0.0
hgt	1273	GCF.000166335.1.Bacteria.Firmicutes.A	2327.63	0.0	1163.815	2507.54	2147.72	0.0	0.0	1253.77
hgt	None	dead	0.0	0.0	0.0	0.0	0.0	0.0	0.0	0.0
los	738	737	2317.13	2105.695	2211.4125	2529.7	2104.56	2336.12	1875.27	2202.485
hgt	1333	GCF.900111575.1.Bacteria.Firmicutes.D	2067.36	0.0	1033.68	2262.12	1872.6	0.0	0.0	1131.06
los	None	dead	0.0	0.0	0.0	0.0	0.0	0.0	0.0	0.0
spe	1011	997	2725.725	2492.33	2609.0275	2891.14	2560.31	2661.35	2323.31	2607.225
spe	997	996	2492.33	2392.52	2442.425	2661.35	2323.31	2566.0	2219.04	2440.195
hgt	None	dead	0.0	0.0	0.0	0.0	0.0	0.0	0.0	0.0
los	996	984	2392.52	2310.69	2351.605	2566.0	2219.04	2486.56	2134.82	2350.41
hgt	376	GCA.002418835.1.Bacteria.Spirochaetota	2123.16	0.0	1061.58	2358.98	1887.34	0.0	0.0	1179.49
los	None	dead	0.0	0.0	0.0	0.0	0.0	0.0	0.0	0.0
spe	996	995	2392.52	2185.82	2289.17	2566.0	2219.04	2369.73	2001.91	2283.955
los	995	989	2185.82	1901.17	2043.495	2369.73	2001.91	2106.56	1695.78	2032.755
spe	995	994	2185.82	2025.62	2105.72	2369.73	2001.91	2232.44	1818.8	2094.265
los	994	992	2025.62	1675.73	1850.675	2232.44	1818.8	1903.04	1448.42	1840.43
spe	997	941	2492.33	2279.38	2385.855	2661.35	2323.31	2492.79	2065.97	2363.66
hgt	801	GCA.002328485.1.Bacteria.Desulfobacterota.G	2014.795	0.0	1007.3975	2227.16	1802.43	0.0	0.0	1113.58
los	941	940	2279.38	1851.48	2065.43	2492.79	2065.97	2096.71	1606.25	2049.52
hgt	889	888	2620.3	2447.185	2533.7425	2780.76	2459.84	2620.46	2273.91	2527.335
los	None	dead	0.0	0.0	0.0	0.0	0.0	0.0	0.0	0.0
spe	889	888	2620.3	2447.185	2533.7425	2780.76	2459.84	2620.46	2273.91	2527.335
spe	888	854	2447.185	2279.15	2363.1675	2620.46	2273.91	2472.51	2085.79	2353.125
spe	854	853	2279.15	2005.945	2142.5475	2472.51	2085.79	2253.28	1758.61	2115.56
los	853	GCA.003232385.1.Bacteria.SZUA.79	2005.945	0.0	1002.9725	2253.28	1758.61	0.0	0.0	1126.64
spe	854	850	2279.15	2241.395	2260.2725	2472.51	2085.79	2441.02	2041.77	2257.14
spe	850	849	2241.395	1883.095	2062.245	2441.02	2041.77	2117.85	1648.34	2044.68
los	849	GCF.000266945.1.Bacteria.Desulfobacterota	1883.095	0.0	941.5475	2117.85	1648.34	0.0	0.0	1058.925
hgt	31	29	2249.94	1749.91	1999.925	2519.52	1980.36	2062.2	1437.62	1978.57
los	850	846	2241.395	1968.67	2105.0325	2441.02	2041.77	2201.27	1736.07	2088.545
spe	31	29	2249.94	1749.91	1999.925	2519.52	1980.36	2062.2	1437.62	1978.57
spe	888	887	2447.185	2263.805	2355.495	2620.46	2273.91	2439.03	2088.58	2354.52
hgt	None	dead	0.0	0.0	0.0	0.0	0.0	0.0	0.0	0.0
los	887	863	2263.805	2054.51	2159.1575	2439.03	2088.58	2246.76	1862.26	2150.645
hgt	1292	GCF.001950325.1.Bacteria.Firmicutes.B	1918.11	0.0	959.055	2144.78	1691.44	0.0	0.0	1072.39
los	None	dead	0.0	0.0	0.0	0.0	0.0	0.0	0.0	0.0
spe	887	886	2263.805	1999.475	2131.64	2439.03	2088.58	2174.59	1824.36	2131.695
spe	886	885	1999.475	1880.5	1939.9875	2174.59	1824.36	2064.03	1696.97	1935.78
los	885	884	1880.5	1765.875	1823.1875	2064.03	1696.97	1950.17	1581.58	1822.805
spe	885	877	1880.5	1769.305	1824.9025	2064.03	1696.97	1968.93	1569.68	1816.855
los	877	GCA.001797675.1.Bacteria.Desulfobacterota	1769.305	0.0	884.6525	1968.93	1569.68	0.0	0.0	984.465
hgt	None	dead	0.0	0.0	0.0	0.0	0.0	0.0	0.0	0.0
los	886	874	1999.475	1902.135	1950.805	2174.59	1824.36	2083.11	1721.16	1947.875
hgt	1438	1437	1310.445	1179.4025	1244.92375	1509.7	1111.19	1379.79	979.015	1244.3575
los	None	dead	0.0	0.0	0.0	0.0	0.0	0.0	0.0	0.0
spe	1438	1437	1310.445	1179.4025	1244.92375	1509.7	1111.19	1379.79	979.015	1244.3575
hgt	None	dead	0.0	0.0	0.0	0.0	0.0	0.0	0.0	0.0
dup	None	dead	0.0	0.0	0.0	0.0	0.0	0.0	0.0	0.0
hgt	1319	GCF.900100785.1.Bacteria.Firmicutes.B	1887.42	0.0	943.71	2065.19	1709.65	0.0	0.0	1032.595
los	None	dead	0.0	0.0	0.0	0.0	0.0	0.0	0.0	0.0
dup	None	dead	0.0	0.0	0.0	0.0	0.0	0.0	0.0	0.0
hgt	229	GCA.002791075.1.Bacteria.Ratteibacteria	2503.665	0.0	1251.8325	2705.55	2301.78	0.0	0.0	1352.775
los	None	dead	0.0	0.0	0.0	0.0	0.0	0.0	0.0	0.0
hgt	900	899	3113.87	3007.825	3060.8475	3248.21	2979.53	3149.06	2866.59	3057.4
los	None	dead	0.0	0.0	0.0	0.0	0.0	0.0	0.0	0.0
spe	900	899	3113.87	3007.825	3060.8475	3248.21	2979.53	3149.06	2866.59	3057.4
spe	899	898	3007.825	2936.14	2971.9825	3149.06	2866.59	3088.09	2784.19	2966.625
spe	898	756	2936.14	2563.145	2749.6425	3088.09	2784.19	2763.41	2362.88	2725.485
spe	756	754	2563.145	2306.035	2434.59	2763.41	2362.88	2533.64	2078.43	2420.92
los	754	746	2306.035	1971.165	2138.6	2533.64	2078.43	2267.78	1674.55	2104.095
spe	754	753	2306.035	2050.24	2178.1375	2533.64	2078.43	2289.58	1810.9	2172.27
los	753	751	2050.24	1894.43	1972.335	2289.58	1810.9	2141.93	1646.93	1968.255
spe	898	897	2936.14	2852.85	2894.495	3088.09	2784.19	3010.8	2694.9	2891.495
los	897	896	2852.85	2619.11	2735.98	3010.8	2694.9	2824.05	2414.17	2712.485
spe	897	889	2852.85	2620.3	2736.575	3010.8	2694.9	2780.76	2459.84	2735.32
los	889	843	2620.3	2513.665	2566.9825	2780.76	2459.84	2674.81	2352.52	2566.64
spe	889	888	2620.3	2447.185	2533.7425	2780.76	2459.84	2620.46	2273.91	2527.335
los	888	854	2447.185	2279.15	2363.1675	2620.46	2273.91	2472.51	2085.79	2353.125
spe	888	887	2447.185	2263.805	2355.495	2620.46	2273.91	2439.03	2088.58	2354.52
hgt	None	dead	0.0	0.0	0.0	0.0	0.0	0.0	0.0	0.0
hgt	724	GCA.001914955.1.Bacteria.Nitrospirota	1584.32	0.0	792.16	1849.0	1319.64	0.0	0.0	924.5
los	None	dead	0.0	0.0	0.0	0.0	0.0	0.0	0.0	0.0
spe	887	863	2263.805	2054.51	2159.1575	2439.03	2088.58	2246.76	1862.26	2150.645
spe	863	857	2054.51	1926.135	1990.3225	2246.76	1862.26	2147.23	1705.04	1975.9
los	857	GCA.002010915.1.Bacteria.Desulfobacterota	1926.135	0.0	963.0675	2147.23	1705.04	0.0	0.0	1073.615
spe	863	862	2054.51	1719.125	1886.8175	2246.76	1862.26	1930.25	1508.0	1877.38
spe	862	861	1719.125	1594.73	1656.9275	1930.25	1508.0	1807.63	1381.83	1656.04
hgt	883	GCA.001751085.1.Bacteria.Desulfobacterota	1384.92	0.0	692.46	1585.61	1184.23	0.0	0.0	792.805
los	861	GCA.002327985.1.Bacteria.Desulfobacterota	1594.73	0.0	797.365	1807.63	1381.83	0.0	0.0	903.815
spe	887	886	2263.805	1999.475	2131.64	2439.03	2088.58	2174.59	1824.36	2131.695
hgt	None	dead	0.0	0.0	0.0	0.0	0.0	0.0	0.0	0.0
los	886	885	1999.475	1880.5	1939.9875	2174.59	1824.36	2064.03	1696.97	1935.78
hgt	987	GCA.002085355.1.Bacteria.KSB1	1549.045	0.0	774.5225	1774.03	1324.06	0.0	0.0	887.015
los	None	dead	0.0	0.0	0.0	0.0	0.0	0.0	0.0	0.0
spe	886	874	1999.475	1902.135	1950.805	2174.59	1824.36	2083.11	1721.16	1947.875
los	874	868	1902.135	1695.53	1798.8325	2083.11	1721.16	1892.42	1498.64	1790.875
spe	874	873	1902.135	1746.56	1824.3475	2083.11	1721.16	1934.16	1558.96	1821.035
los	873	GCA.002011835.1.Bacteria.Desulfobacterota	1746.56	0.0	873.28	1934.16	1558.96	0.0	0.0	967.08
spe	873	871	1746.56	1489.29	1617.925	1934.16	1558.96	1692.73	1285.85	1610.005
spe	899	743	3007.825	2880.765	2944.295	3149.06	2866.59	3041.66	2719.87	2934.465
spe	743	742	2880.765	2637.165	2758.965	3041.66	2719.87	2824.71	2449.62	2745.64
hgt	None	dead	0.0	0.0	0.0	0.0	0.0	0.0	0.0	0.0
los	742	741	2637.165	2052.975	2345.07	2824.71	2449.62	2337.08	1768.87	2296.79
hgt	857	GCA.002010915.1.Bacteria.Desulfobacterota	1926.135	0.0	963.0675	2147.23	1705.04	0.0	0.0	1073.615
los	None	dead	0.0	0.0	0.0	0.0	0.0	0.0	0.0	0.0
spe	742	738	2637.165	2317.13	2477.1475	2824.71	2449.62	2529.7	2104.56	2464.635
hgt	892	GCA.001873285.1.Bacteria.CG2.30.53.67	2105.205	0.0	1052.6025	2398.65	1811.76	0.0	0.0	1199.325
los	738	728	2317.13	1980.89	2149.01	2529.7	2104.56	2218.53	1743.25	2136.475
spe	738	737	2317.13	2105.695	2211.4125	2529.7	2104.56	2336.12	1875.27	2202.485
spe	737	733	2105.695	1608.54	1857.1175	2336.12	1875.27	1850.52	1366.56	1851.34
los	733	GCA.003235715.1.Bacteria.Nitrospirota	1608.54	0.0	804.27	1850.52	1366.56	0.0	0.0	925.26
spe	733	732	1608.54	1363.035	1485.7875	1850.52	1366.56	1611.92	1114.15	1482.335
los	732	GCA.003153275.1.Bacteria.Nitrospirota	1363.035	0.0	681.5175	1611.92	1114.15	0.0	0.0	805.96
spe	737	736	2105.695	1826.19	1965.9425	2336.12	1875.27	2087.86	1564.52	1950.32
los	736	GCA.003454665.1.Bacteria.Nitrospirota	1826.19	0.0	913.095	2087.86	1564.52	0.0	0.0	1043.93
hgt	1186	1136	2887.55	2343.38	2615.465	3070.95	2704.15	2620.61	2066.15	2568.55
los	743	721	2880.765	2605.855	2743.31	3041.66	2719.87	2825.34	2386.37	2714.015
spe	1186	1136	2887.55	2343.38	2615.465	3070.95	2704.15	2620.61	2066.15	2568.55
hgt	681	GCA.002712885.1.Bacteria.Acidobacteriota	1875.565	0.0	937.7825	2076.39	1674.74	0.0	0.0	1038.195
dup	1393	1392	3573.7	3456.59	3515.145	3702.34	3445.06	3587.78	3325.4	3513.87
spe	1393	1392	3573.7	3456.59	3515.145	3702.34	3445.06	3587.78	3325.4	3513.87
spe	1392	1188	3456.59	3093.335	3274.9625	3587.78	3325.4	3261.52	2925.15	3256.465
hgt	None	dead	0.0	0.0	0.0	0.0	0.0	0.0	0.0	0.0
hgt	178	177	3099.385	2898.43	2998.9075	3251.39	2947.38	3033.18	2763.68	3007.535
hgt	None	dead	0.0	0.0	0.0	0.0	0.0	0.0	0.0	0.0
hgt	1076	GCF.000021565.1.Bacteria.Aquificota	1416.635	0.0	708.3175	1692.52	1140.75	0.0	0.0	846.26
los	None	dead	0.0	0.0	0.0	0.0	0.0	0.0	0.0	0.0
spe	178	177	3099.385	2898.43	2998.9075	3251.39	2947.38	3033.18	2763.68	3007.535
spe	177	176	2898.43	2700.395	2799.4125	3033.18	2763.68	2833.76	2567.03	2800.105
spe	176	175	2700.395	2596.565	2648.48	2833.76	2567.03	2729.77	2463.36	2648.56
spe	175	174	2596.565	2507.51	2552.0375	2729.77	2463.36	2637.51	2377.51	2553.64
hgt	None	dead	0.0	0.0	0.0	0.0	0.0	0.0	0.0	0.0
hgt	133	GCA.002506605.1.Archaea.Thermoproteota	1545.885	0.0	772.9425	1756.6	1335.17	0.0	0.0	878.3
los	None	dead	0.0	0.0	0.0	0.0	0.0	0.0	0.0	0.0
hgt	None	dead	0.0	0.0	0.0	0.0	0.0	0.0	0.0	0.0
los	174	173	2507.51	2412.845	2460.1775	2637.51	2377.51	2537.94	2287.75	2462.63
hgt	107	GCA.003019535.1.Archaea.Thermoproteota	1609.36	0.0	804.68	1848.64	1370.08	0.0	0.0	924.32
los	None	dead	0.0	0.0	0.0	0.0	0.0	0.0	0.0	0.0
dup	107	GCA.003019535.1.Archaea.Thermoproteota	1609.36	0.0	804.68	1848.64	1370.08	0.0	0.0	924.32
hgt	362	361	2406.61	2290.69	2348.65	2612.93	2200.29	2497.86	2083.52	2348.225
los	175	143	2596.565	2114.17	2355.3675	2729.77	2463.36	2330.65	1897.69	2313.73
spe	362	361	2406.61	2290.69	2348.65	2612.93	2200.29	2497.86	2083.52	2348.225
spe	361	360	2290.69	2039.94	2165.315	2497.86	2083.52	2267.32	1812.56	2155.21
los	360	359	2039.94	1819.66	1929.8	2267.32	1812.56	2067.21	1572.11	1919.715
spe	360	356	2039.94	1770.21	1905.075	2267.32	1812.56	2032.85	1507.57	1887.445
los	356	GCA.001303885.1.Bacteria.Planctomycetota	1770.21	0.0	885.105	2032.85	1507.57	0.0	0.0	1016.425
spe	361	353	2290.69	2130.965	2210.8275	2497.86	2083.52	2351.41	1910.52	2204.19
los	353	347	2130.965	1965.575	2048.27	2351.41	1910.52	2194.16	1736.99	2044.2
spe	353	352	2130.965	1718.42	1924.6925	2351.41	1910.52	1950.1	1486.74	1919.075
los	352	350	1718.42	1478.92	1598.67	1950.1	1486.74	1725.22	1232.62	1591.36
spe	176	140	2700.395	2557.41	2628.9025	2833.76	2567.03	2699.59	2415.23	2624.495
hgt	137	136	2115.72	1983.8	2049.76	2294.19	1937.25	2174.3	1793.3	2043.745
hgt	38	GCA.001515205.2.Archaea.Hadarchaeota	2097.27	0.0	1048.635	2336.37	1858.17	0.0	0.0	1168.185
hgt	31	GCA.001723855.1.Archaea.Altiarchaeota	2249.94	0.0	1124.97	2519.52	1980.36	0.0	0.0	1259.76
spe	137	136	2115.72	1983.8	2049.76	2294.19	1937.25	2174.3	1793.3	2043.745
spe	136	134	1983.8	1773.37	1878.585	2174.3	1793.3	1966.71	1580.03	1877.165
los	134	130	1773.37	1634.235	1703.8025	1966.71	1580.03	1841.07	1427.4	1697.055
spe	134	133	1773.37	1545.885	1659.6275	1966.71	1580.03	1756.6	1335.17	1650.94
los	133	GCA.000405685.1.Archaea.Thermoproteota	1545.885	0.0	772.9425	1756.6	1335.17	0.0	0.0	878.3
hgt	None	dead	0.0	0.0	0.0	0.0	0.0	0.0	0.0	0.0
dup	None	dead	0.0	0.0	0.0	0.0	0.0	0.0	0.0	0.0
hgt	515	GCA.002632265.1.Bacteria.Proteobacteria	1939.7	0.0	969.85	2073.68	1805.72	0.0	0.0	1036.84
los	None	dead	0.0	0.0	0.0	0.0	0.0	0.0	0.0	0.0
hgt	967	966	1788.815	1413.085	1600.95	1981.03	1596.6	1615.79	1210.38	1595.705
los	None	dead	0.0	0.0	0.0	0.0	0.0	0.0	0.0	0.0
spe	967	966	1788.815	1413.085	1600.95	1981.03	1596.6	1615.79	1210.38	1595.705
spe	966	965	1413.085	1194.08	1303.5825	1615.79	1210.38	1381.47	1006.69	1311.24
los	965	964	1194.08	1047.5345	1120.80725	1381.47	1006.69	1230.36	864.709	1123.0895
spe	965	955	1194.08	1061.248	1127.664	1381.47	1006.69	1249.77	872.726	1127.098
los	955	GCF.001280305.1.Bacteria.Bacteroidota	1061.248	0.0	530.624	1249.77	872.726	0.0	0.0	624.885
hgt	386	GCA.002450905.1.Bacteria.Spirochaetota	1962.46	0.0	981.23	2228.04	1696.88	0.0	0.0	1114.02
hgt	1082	1080	2820.665	2542.65	2681.6575	3066.11	2575.22	2807.1	2278.2	2672.155
spe	140	139	2557.41	2461.325	2509.3675	2699.59	2415.23	2602.59	2320.06	2509.825
spe	139	109	2461.325	2207.27	2334.2975	2602.59	2320.06	2374.56	2039.98	2321.285
los	109	103	2207.27	1834.935	2021.1025	2374.56	2039.98	2030.26	1639.61	2007.085
spe	109	108	2207.27	1901.755	2054.5125	2374.56	2039.98	2111.5	1692.01	2033.285
los	108	107	1901.755	1609.36	1755.5575	2111.5	1692.01	1848.64	1370.08	1740.79
spe	139	138	2461.325	2340.985	2401.155	2602.59	2320.06	2491.84	2190.13	2396.36
los	138	124	2340.985	2144.515	2242.75	2491.84	2190.13	2314.43	1974.6	2233.22
spe	138	137	2340.985	2115.72	2228.3525	2491.84	2190.13	2294.19	1937.25	2214.545
los	137	GCA.002255045.1.Archaea.Thermoproteota	2115.72	0.0	1057.86	2294.19	1937.25	0.0	0.0	1147.095
spe	137	136	2115.72	1983.8	2049.76	2294.19	1937.25	2174.3	1793.3	2043.745
los	136	GCA.000375685.1.Archaea.Thermoproteota	1983.8	0.0	991.9	2174.3	1793.3	0.0	0.0	1087.15
spe	136	134	1983.8	1773.37	1878.585	2174.3	1793.3	1966.71	1580.03	1877.165
los	134	133	1773.37	1545.885	1659.6275	1966.71	1580.03	1756.6	1335.17	1650.94
spe	134	130	1773.37	1634.235	1703.8025	1966.71	1580.03	1841.07	1427.4	1697.055
los	130	GCA.001510295.1.Archaea.Thermoproteota	1634.235	0.0	817.1175	1841.07	1427.4	0.0	0.0	920.535
spe	130	128	1634.235	786.4855	1210.36025	1841.07	1427.4	988.339	584.632	1212.851
los	128	GCA.002011075.1.Archaea.Thermoproteota	786.4855	0.0	393.24275	988.339	584.632	0.0	0.0	494.1695
spe	1082	1080	2820.665	2542.65	2681.6575	3066.11	2575.22	2807.1	2278.2	2672.155
spe	1080	1079	2542.65	2204.53	2373.59	2807.1	2278.2	2483.0	1926.06	2366.58
hgt	395	GCA.002402635.1.Bacteria.Deferribacterota	1495.105	0.0	747.5525	1791.3	1198.91	0.0	0.0	895.65
los	1079	GCF.000421485.1.Bacteria.Aquificota	2204.53	0.0	1102.265	2483.0	1926.06	0.0	0.0	1241.5
spe	1079	1078	2204.53	1937.95	2071.24	2483.0	1926.06	2224.85	1651.05	2067.025
los	1078	GCA.002898315.1.Bacteria.Calescibacterota	1937.95	0.0	968.975	2224.85	1651.05	0.0	0.0	1112.425
spe	1078	1076	1937.95	1416.635	1677.2925	2224.85	1651.05	1692.52	1140.75	1682.8
los	1076	GCF.000021565.1.Bacteria.Aquificota	1416.635	0.0	708.3175	1692.52	1140.75	0.0	0.0	846.26
hgt	1069	GCF.000378005.1.Bacteria.Coprothermobacterota	2029.205	0.0	1014.6025	2331.6	1726.81	0.0	0.0	1165.8
hgt	332	GCA.002704825.1.Bacteria.Planctomycetota	994.0835	0.0	497.04175	1195.01	793.157	0.0	0.0	597.505
hgt	866	GCA.002877985.1.Bacteria.Desulfobacterota	1370.345	0.0	685.1725	1577.25	1163.44	0.0	0.0	788.625
spe	177	95	2898.43	2719.62	2809.025	3033.18	2763.68	2867.1	2572.14	2802.66
los	95	39	2719.62	2491.15	2605.385	2867.1	2572.14	2670.09	2312.21	2589.655
spe	95	94	2719.62	2684.395	2702.0075	2867.1	2572.14	2833.14	2535.65	2701.375
los	94	42	2684.395	2229.015	2456.705	2833.14	2535.65	2495.46	1962.57	2397.855
spe	94	93	2684.395	2518.68	2601.5375	2833.14	2535.65	2671.84	2365.52	2599.33
spe	93	92	2518.68	2403.395	2461.0375	2671.84	2365.52	2557.42	2249.37	2460.605
los	92	70	2403.395	2001.665	2202.53	2557.42	2249.37	2168.39	1834.94	2196.18
spe	92	91	2403.395	2116.885	2260.14	2557.42	2249.37	2292.27	1941.5	2249.46
hgt	143	GCA.001563325.1.Archaea.Asgardarchaeota	2114.17	0.0	1057.085	2330.65	1897.69	0.0	0.0	1165.325
hgt	124	123	2144.515	2043.585	2094.05	2314.43	1974.6	2216.58	1870.59	2092.51
spe	91	90	2116.885	1918.545	2017.715	2292.27	1941.5	2091.75	1745.34	2018.805
los	90	74	1918.545	1703.245	1810.895	2091.75	1745.34	1896.74	1509.75	1800.75
spe	90	89	1918.545	1761.97	1840.2575	2091.75	1745.34	1945.96	1577.98	1834.865
spe	89	88	1761.97	1623.18	1692.575	1945.96	1577.98	1801.29	1445.07	1695.515
spe	88	80	1623.18	1389.95	1506.565	1801.29	1445.07	1591.35	1188.55	1494.92
los	80	GCF.002114285.1.Archaea.Halobacteriota	1389.95	0.0	694.975	1591.35	1188.55	0.0	0.0	795.675
dup	88	87	1623.18	1522.785	1572.9825	1801.29	1445.07	1701.29	1344.28	1572.785
spe	88	87	1623.18	1522.785	1572.9825	1801.29	1445.07	1701.29	1344.28	1572.785
spe	87	86	1522.785	1362.965	1442.875	1701.29	1344.28	1547.03	1178.9	1440.095
los	86	GCA.001412335.1.Archaea.Halobacteriota	1362.965	0.0	681.4825	1547.03	1178.9	0.0	0.0	773.515
spe	86	84	1362.965	1194.24	1278.6025	1547.03	1178.9	1377.79	1010.69	1278.86
los	84	GCF.000970205.1.Archaea.Halobacteriota	1194.24	0.0	597.12	1377.79	1010.69	0.0	0.0	688.895
spe	88	87	1623.18	1522.785	1572.9825	1801.29	1445.07	1701.29	1344.28	1572.785
los	87	GCA.002256595.1.Archaea.Halobacteriota	1522.785	0.0	761.3925	1701.29	1344.28	0.0	0.0	850.645
spe	87	86	1522.785	1362.965	1442.875	1701.29	1344.28	1547.03	1178.9	1440.095
spe	86	84	1362.965	1194.24	1278.6025	1547.03	1178.9	1377.79	1010.69	1278.86
los	84	GCF.000011005.1.Archaea.Euryarchaeota	1194.24	0.0	597.12	1377.79	1010.69	0.0	0.0	688.895
spe	89	77	1761.97	1438.885	1600.4275	1945.96	1577.98	1634.55	1243.22	1594.59
dup	124	123	2144.515	2043.585	2094.05	2314.43	1974.6	2216.58	1870.59	2092.51
spe	124	123	2144.515	2043.585	2094.05	2314.43	1974.6	2216.58	1870.59	2092.51
spe	123	122	2043.585	1894.935	1969.26	2216.58	1870.59	2081.81	1708.06	1962.32
los	122	118	1894.935	1695.4	1795.1675	2081.81	1708.06	1909.26	1481.54	1781.675
spe	122	121	1894.935	1500.96	1697.9475	2081.81	1708.06	1721.42	1280.5	1681.155
los	121	GCA.001273335.1.Archaea.Thermoproteota	1500.96	0.0	750.48	1721.42	1280.5	0.0	0.0	860.71
spe	123	113	2043.585	1818.745	1931.165	2216.58	1870.59	2020.8	1616.69	1916.635
los	113	GCA.002255025.1.Archaea.Thermoproteota	1818.745	0.0	909.3725	2020.8	1616.69	0.0	0.0	1010.4
spe	124	123	2144.515	2043.585	2094.05	2314.43	1974.6	2216.58	1870.59	2092.51
los	123	113	2043.585	1818.745	1931.165	2216.58	1870.59	2020.8	1616.69	1916.635
spe	123	122	2043.585	1894.935	1969.26	2216.58	1870.59	2081.81	1708.06	1962.32
los	122	121	1894.935	1500.96	1697.9475	2081.81	1708.06	1721.42	1280.5	1681.155
spe	122	118	1894.935	1695.4	1795.1675	2081.81	1708.06	1909.26	1481.54	1781.675
spe	118	116	1695.4	1076.3105	1385.85525	1909.26	1481.54	1309.64	842.981	1376.1205
los	116	GCA.001774245.1.Archaea.Thermoproteota	1076.3105	0.0	538.15525	1309.64	842.981	0.0	0.0	654.82
hgt	47	GCA.002494765.1.Archaea.Thermoplasmatota	1547.68	0.0	773.84	1769.19	1326.17	0.0	0.0	884.595
hgt	992	GCF.001886815.1.Bacteria.Calditrichota	1675.73	0.0	837.865	1903.04	1448.42	0.0	0.0	951.52
hgt	38	GCF.002214485.1.Archaea.Methanobacteriota.B	2097.27	0.0	1048.635	2336.37	1858.17	0.0	0.0	1168.185
hgt	853	GCA.003232385.1.Bacteria.SZUA.79	2005.945	0.0	1002.9725	2253.28	1758.61	0.0	0.0	1126.64
hgt	1032	GCA.002693325.1.Bacteria.Latescibacterota	1683.695	0.0	841.8475	1928.88	1438.51	0.0	0.0	964.44
dup	None	dead	0.0	0.0	0.0	0.0	0.0	0.0	0.0	0.0
hgt	236	GCA.002412545.1.Bacteria.Elusimicrobiota	1711.295	0.0	855.6475	1934.56	1488.03	0.0	0.0	967.28
los	None	dead	0.0	0.0	0.0	0.0	0.0	0.0	0.0	0.0
dup	None	dead	0.0	0.0	0.0	0.0	0.0	0.0	0.0	0.0
hgt	961	GCA.001769385.1.Bacteria.Bacteroidota	648.9575	0.0	324.47875	800.436	497.479	0.0	0.0	400.218
los	None	dead	0.0	0.0	0.0	0.0	0.0	0.0	0.0	0.0
hgt	1216	GCF.000020005.1.Bacteria.Firmicutes.D	2236.855	0.0	1118.4275	2504.52	1969.19	0.0	0.0	1252.26
los	None	dead	0.0	0.0	0.0	0.0	0.0	0.0	0.0	0.0
spe	1188	1187	3093.335	3023.46	3058.3975	3261.52	2925.15	3189.86	2857.06	3059.29
spe	1187	1133	3023.46	2425.095	2724.2775	3189.86	2857.06	2688.38	2161.81	2675.835
hgt	216	GCA.001805575.1.Bacteria.Omnitrophota	1438.35	0.0	719.175	1648.45	1228.25	0.0	0.0	824.225
hgt	1006	GCA.001302725.1.Bacteria.Zixibacteria	1667.645	0.0	833.8225	1902.27	1433.02	0.0	0.0	951.135
hgt	972	GCA.002779395.1.Bacteria.Bacteroidota	1270.04	0.0	635.02	1470.78	1069.3	0.0	0.0	735.39
hgt	1191	GCA.002408345.1.Bacteria.Firmicutes.G	2182.46	0.0	1091.23	2502.41	1862.51	0.0	0.0	1251.205
los	1133	GCA.001871795.1.Bacteria.Actinobacteriota	2425.095	0.0	1212.5475	2688.38	2161.81	0.0	0.0	1344.19
hgt	198	GCA.001871015.1.Bacteria.Desantisbacteria	2391.375	0.0	1195.6875	2665.73	2117.02	0.0	0.0	1332.865
hgt	1651	GCA.003242895.1.Bacteria.Margulisbacteria	2128.215	0.0	1064.1075	2447.17	1809.26	0.0	0.0	1223.585
hgt	1360	GCF.002902625.1.Bacteria.Firmicutes	802.226	0.0	401.113	934.065	670.387	0.0	0.0	467.0325
hgt	None	dead	0.0	0.0	0.0	0.0	0.0	0.0	0.0	0.0
los	1187	1186	3023.46	2887.55	2955.505	3189.86	2857.06	3070.95	2704.15	2947.005
hgt	1431	1427	2599.01	2362.135	2480.5725	2813.21	2384.81	2573.24	2151.03	2482.12
los	None	dead	0.0	0.0	0.0	0.0	0.0	0.0	0.0	0.0
spe	1431	1427	2599.01	2362.135	2480.5725	2813.21	2384.81	2573.24	2151.03	2482.12
spe	1427	1426	2362.135	2179.07	2270.6025	2573.24	2151.03	2402.77	1955.37	2264.305
hgt	193	GCA.001873945.1.Bacteria.UBA9089	2357.525	0.0	1178.7625	2650.07	2064.98	0.0	0.0	1325.035
los	1426	1425	2179.07	1957.375	2068.2225	2402.77	1955.37	2183.94	1730.81	2066.79
spe	1427	1413	2362.135	2076.485	2219.31	2573.24	2151.03	2295.25	1857.72	2215.48
los	1413	1399	2076.485	1765.22	1920.8525	2295.25	1857.72	2036.35	1494.09	1894.67
spe	1413	1412	2076.485	1844.64	1960.5625	2295.25	1857.72	2055.17	1634.11	1964.68
los	1412	1411	1844.64	1573.655	1709.1475	2055.17	1634.11	1810.87	1336.44	1695.805
spe	1412	1408	1844.64	1782.47	1813.555	2055.17	1634.11	1994.32	1570.62	1812.895
spe	1408	1407	1782.47	1694.435	1738.4525	1994.32	1570.62	1910.57	1478.3	1736.31
los	1407	1406	1694.435	1589.865	1642.15	1910.57	1478.3	1810.7	1369.03	1639.8
spe	1408	1402	1782.47	1674.055	1728.2625	1994.32	1570.62	1896.47	1451.64	1722.98
los	1402	GCA.003228115.1.Bacteria.Chloroflexota	1674.055	0.0	837.0275	1896.47	1451.64	0.0	0.0	948.235
spe	1392	1391	3456.59	3155.64	3306.115	3587.78	3325.4	3298.49	3012.79	3300.285
hgt	None	dead	0.0	0.0	0.0	0.0	0.0	0.0	0.0	0.0
los	1391	1211	3155.64	2902.885	3029.2625	3298.49	3012.79	3083.37	2722.4	3010.445
hgt	749	GCA.003229375.1.Bacteria.Nitrospinota	1737.095	0.0	868.5475	1995.38	1478.81	0.0	0.0	997.69
los	None	dead	0.0	0.0	0.0	0.0	0.0	0.0	0.0	0.0
hgt	None	dead	0.0	0.0	0.0	0.0	0.0	0.0	0.0	0.0
hgt	359	GCF.000949635.1.Bacteria.Planctomycetota	1819.66	0.0	909.83	2067.21	1572.11	0.0	0.0	1033.605
los	None	dead	0.0	0.0	0.0	0.0	0.0	0.0	0.0	0.0
spe	1391	1390	3155.64	3037.655	3096.6475	3298.49	3012.79	3183.96	2891.35	3094.92
spe	1390	1389	3037.655	2954.69	2996.1725	3183.96	2891.35	3102.64	2806.74	2995.35
los	1389	1237	2954.69	2499.645	2727.1675	3102.64	2806.74	2691.67	2307.62	2705.13
spe	1389	1388	2954.69	2796.04	2875.365	3102.64	2806.74	2947.92	2644.16	2873.4
los	1388	1387	2796.04	2728.885	2762.4625	2947.92	2644.16	2879.75	2578.02	2762.97
spe	1388	1274	2796.04	2556.69	2676.365	2947.92	2644.16	2724.36	2389.02	2668.47
los	1274	1273	2556.69	2327.63	2442.16	2724.36	2389.02	2507.54	2147.72	2436.04
spe	1274	1240	2556.69	2176.58	2366.635	2724.36	2389.02	2395.16	1958.0	2341.18
los	1240	GCF.900142995.1.Bacteria.Firmicutes.A	2176.58	0.0	1088.29	2395.16	1958.0	0.0	0.0	1197.58
spe	1390	1218	3037.655	2844.535	2941.095	3183.96	2891.35	3032.89	2656.18	2920.07
los	1218	GCA.001513125.1.Bacteria.DTU030	2844.535	0.0	1422.2675	3032.89	2656.18	0.0	0.0	1516.445
spe	1218	1216	2844.535	2236.855	2540.695	3032.89	2656.18	2504.52	1969.19	2501.04
los	1216	GCF.000020005.1.Bacteria.Firmicutes.D	2236.855	0.0	1118.4275	2504.52	1969.19	0.0	0.0	1252.26
spe	1216	1215	2236.855	1553.665	1895.26	2504.52	1969.19	1859.72	1247.61	1876.065
hgt	1068	GCA.002877955.1.Bacteria.Caldisericota	1762.385	0.0	881.1925	2070.1	1454.67	0.0	0.0	1035.05
hgt	1317	GCA.002398485.1.Bacteria.Firmicutes.B	1176.776	0.0	588.388	1371.35	982.202	0.0	0.0	685.675
hgt	1289	GCA.002345475.1.Bacteria.Firmicutes.H	2267.365	0.0	1133.6825	2466.28	2068.45	0.0	0.0	1233.14
hgt	1252	GCF.900107485.1.Bacteria.Firmicutes.A	1454.05	0.0	727.025	1642.28	1265.82	0.0	0.0	821.14
hgt	1195	GCA.002396805.1.Bacteria.Firmicutes.G	1796.335	0.0	898.1675	2085.27	1507.4	0.0	0.0	1042.635
spe	1393	1392	3573.7	3456.59	3515.145	3702.34	3445.06	3587.78	3325.4	3513.87
los	1392	1188	3456.59	3093.335	3274.9625	3587.78	3325.4	3261.52	2925.15	3256.465
spe	1392	1391	3456.59	3155.64	3306.115	3587.78	3325.4	3298.49	3012.79	3300.285
los	1391	1211	3155.64	2902.885	3029.2625	3298.49	3012.79	3083.37	2722.4	3010.445
spe	1391	1390	3155.64	3037.655	3096.6475	3298.49	3012.79	3183.96	2891.35	3094.92
spe	1390	1218	3037.655	2844.535	2941.095	3183.96	2891.35	3032.89	2656.18	2920.07
hgt	None	dead	0.0	0.0	0.0	0.0	0.0	0.0	0.0	0.0
hgt	1280	GCF.900104455.1.Bacteria.Firmicutes.C	922.663	0.0	461.3315	1124.05	721.276	0.0	0.0	562.025
los	None	dead	0.0	0.0	0.0	0.0	0.0	0.0	0.0	0.0
hgt	None	dead	0.0	0.0	0.0	0.0	0.0	0.0	0.0	0.0
los	1218	1216	2844.535	2236.855	2540.695	3032.89	2656.18	2504.52	1969.19	2501.04
hgt	736	GCA.003454665.1.Bacteria.Nitrospirota	1826.19	0.0	913.095	2087.86	1564.52	0.0	0.0	1043.93
los	None	dead	0.0	0.0	0.0	0.0	0.0	0.0	0.0	0.0
spe	1390	1389	3037.655	2954.69	2996.1725	3183.96	2891.35	3102.64	2806.74	2995.35
los	1389	1237	2954.69	2499.645	2727.1675	3102.64	2806.74	2691.67	2307.62	2705.13
spe	1389	1388	2954.69	2796.04	2875.365	3102.64	2806.74	2947.92	2644.16	2873.4
los	1388	1274	2796.04	2556.69	2676.365	2947.92	2644.16	2724.36	2389.02	2668.47
spe	1388	1387	2796.04	2728.885	2762.4625	2947.92	2644.16	2879.75	2578.02	2762.97
los	1387	1386	2728.885	2546.81	2637.8475	2879.75	2578.02	2700.19	2393.43	2636.59
spe	1387	1327	2728.885	2593.555	2661.22	2879.75	2578.02	2753.26	2433.85	2656.8
spe	1327	1289	2593.555	2267.365	2430.46	2753.26	2433.85	2466.28	2068.45	2410.855
hgt	1068	GCA.002428295.1.Bacteria.Caldisericota	1762.385	0.0	881.1925	2070.1	1454.67	0.0	0.0	1035.05
los	1289	GCA.002345475.1.Bacteria.Firmicutes.H	2267.365	0.0	1133.6825	2466.28	2068.45	0.0	0.0	1233.14
spe	1289	1288	2267.365	1693.72	1980.5425	2466.28	2068.45	1906.24	1481.2	1973.74
spe	1288	1287	1693.72	1417.98	1555.85	1906.24	1481.2	1642.01	1193.95	1550.095
los	1287	1285	1417.98	1310.93	1364.455	1642.01	1193.95	1527.17	1094.69	1368.35
spe	1327	1326	2593.555	2394.985	2494.27	2753.26	2433.85	2562.74	2227.23	2490.245
spe	1326	1292	2394.985	1918.11	2156.5475	2562.74	2227.23	2144.78	1691.44	2127.09
los	1292	GCF.001950325.1.Bacteria.Firmicutes.B	1918.11	0.0	959.055	2144.78	1691.44	0.0	0.0	1072.39
hgt	1663	GCA.001464165.1.Bacteria.Cyanobacteria	2465.64	0.0	1232.82	2722.63	2208.65	0.0	0.0	1361.315
dup	1326	1325	2394.985	2206.925	2300.955	2562.74	2227.23	2374.4	2039.45	2301.095
spe	1326	1325	2394.985	2206.925	2300.955	2562.74	2227.23	2374.4	2039.45	2301.095
hgt	None	dead	0.0	0.0	0.0	0.0	0.0	0.0	0.0	0.0
hgt	1375	GCF.000178255.1.Bacteria.Firmicutes	767.299	0.0	383.6495	885.979	648.619	0.0	0.0	442.9895
los	None	dead	0.0	0.0	0.0	0.0	0.0	0.0	0.0	0.0
spe	1325	1324	2206.925	2099.855	2153.39	2374.4	2039.45	2268.52	1931.19	2152.795
spe	1324	1323	2099.855	2012.64	2056.2475	2268.52	1931.19	2185.24	1840.04	2054.28
los	1323	1319	2012.64	1887.42	1950.03	2185.24	1840.04	2065.19	1709.65	1947.445
spe	1323	1322	2012.64	1664.355	1838.4975	2185.24	1840.04	1866.79	1461.92	1823.58
los	1322	GCA.001512665.1.Bacteria.Firmicutes.B	1664.355	0.0	832.1775	1866.79	1461.92	0.0	0.0	933.395
spe	1324	1308	2099.855	1873.47	1986.6625	2268.52	1931.19	2054.46	1692.48	1980.5
los	1308	1300	1873.47	1522.13	1697.8	2054.46	1692.48	1724.92	1319.34	1686.9
spe	1308	1307	1873.47	1657.525	1765.4975	2054.46	1692.48	1841.63	1473.42	1763.94
spe	1307	1305	1657.525	1479.61	1568.5675	1841.63	1473.42	1675.63	1283.59	1562.61
spe	1305	1304	1479.61	1181.512	1330.561	1675.63	1283.59	1388.17	974.854	1325.242
los	1304	GCA.001508005.1.Bacteria.Firmicutes.B	1181.512	0.0	590.756	1388.17	974.854	0.0	0.0	694.085
hgt	1312	GCF.000019165.1.Bacteria.Firmicutes.B	1489.285	0.0	744.6425	1697.39	1281.18	0.0	0.0	848.695
los	1305	GCF.002207765.1.Bacteria.Firmicutes.B	1479.61	0.0	739.805	1675.63	1283.59	0.0	0.0	837.815
spe	1325	1297	2206.925	1941.385	2074.155	2374.4	2039.45	2141.08	1741.69	2058.045
spe	1297	1296	1941.385	1757.76	1849.5725	2141.08	1741.69	1982.79	1532.73	1836.905
los	1296	GCA.001513545.1.Bacteria.Firmicutes.B	1757.76	0.0	878.88	1982.79	1532.73	0.0	0.0	991.395
hgt	1221	GCA.002375925.1.Bacteria.Firmicutes.E	2008.115	0.0	1004.0575	2274.35	1741.88	0.0	0.0	1137.175
hgt	1305	GCF.002207765.1.Bacteria.Firmicutes.B	1479.61	0.0	739.805	1675.63	1283.59	0.0	0.0	837.815
los	1297	GCA.002329495.1.Bacteria.Firmicutes.B	1941.385	0.0	970.6925	2141.08	1741.69	0.0	0.0	1070.54
hgt	None	dead	0.0	0.0	0.0	0.0	0.0	0.0	0.0	0.0
hgt	1221	GCA.002375895.1.Bacteria.Firmicutes.E	2008.115	0.0	1004.0575	2274.35	1741.88	0.0	0.0	1137.175
los	None	dead	0.0	0.0	0.0	0.0	0.0	0.0	0.0	0.0
spe	1326	1325	2394.985	2206.925	2300.955	2562.74	2227.23	2374.4	2039.45	2301.095
spe	1325	1297	2206.925	1941.385	2074.155	2374.4	2039.45	2141.08	1741.69	2058.045
los	1297	GCA.002329495.1.Bacteria.Firmicutes.B	1941.385	0.0	970.6925	2141.08	1741.69	0.0	0.0	1070.54
spe	1297	1296	1941.385	1757.76	1849.5725	2141.08	1741.69	1982.79	1532.73	1836.905
los	1296	GCF.900176005.1.Bacteria.Firmicutes.B	1757.76	0.0	878.88	1982.79	1532.73	0.0	0.0	991.395
hgt	None	dead	0.0	0.0	0.0	0.0	0.0	0.0	0.0	0.0
hgt	868	GCA.002347095.1.Bacteria.Desulfobacterota	1695.53	0.0	847.765	1892.42	1498.64	0.0	0.0	946.21
los	None	dead	0.0	0.0	0.0	0.0	0.0	0.0	0.0	0.0
spe	1325	1324	2206.925	2099.855	2153.39	2374.4	2039.45	2268.52	1931.19	2152.795
spe	1324	1308	2099.855	1873.47	1986.6625	2268.52	1931.19	2054.46	1692.48	1980.5
los	1308	1307	1873.47	1657.525	1765.4975	2054.46	1692.48	1841.63	1473.42	1763.94
spe	1308	1300	1873.47	1522.13	1697.8	2054.46	1692.48	1724.92	1319.34	1686.9
los	1300	GCA.002418765.1.Bacteria.Firmicutes.B	1522.13	0.0	761.065	1724.92	1319.34	0.0	0.0	862.46
spe	1324	1323	2099.855	2012.64	2056.2475	2268.52	1931.19	2185.24	1840.04	2054.28
los	1323	1322	2012.64	1664.355	1838.4975	2185.24	1840.04	1866.79	1461.92	1823.58
spe	1323	1319	2012.64	1887.42	1950.03	2185.24	1840.04	2065.19	1709.65	1947.445
los	1319	GCF.900100785.1.Bacteria.Firmicutes.B	1887.42	0.0	943.71	2065.19	1709.65	0.0	0.0	1032.595
spe	1319	1318	1887.42	1776.335	1831.8775	2065.19	1709.65	1960.49	1592.18	1828.685
los	1318	1317	1776.335	1176.776	1476.5555	1960.49	1592.18	1371.35	982.202	1471.346
spe	1318	1312	1776.335	1489.285	1632.81	1960.49	1592.18	1697.39	1281.18	1620.835
los	1312	GCF.000019165.1.Bacteria.Firmicutes.B	1489.285	0.0	744.6425	1697.39	1281.18	0.0	0.0	848.695
hgt	1382	1381	1778.165	1661.335	1719.75	1935.03	1621.3	1818.35	1504.32	1719.675
hgt	769	GCA.001798135.1.Bacteria.UBA10199	1840.365	0.0	920.1825	2034.65	1646.08	0.0	0.0	1017.325
hgt	None	dead	0.0	0.0	0.0	0.0	0.0	0.0	0.0	0.0
dup	None	dead	0.0	0.0	0.0	0.0	0.0	0.0	0.0	0.0
hgt	244	GCA.001800075.1.Bacteria.Elusimicrobiota	1459.21	0.0	729.605	1673.69	1244.73	0.0	0.0	836.845
los	None	dead	0.0	0.0	0.0	0.0	0.0	0.0	0.0	0.0
hgt	791	GCA.002898795.1.Bacteria.Desulfobacterota.B	1279.55	0.0	639.775	1476.89	1082.21	0.0	0.0	738.445
los	None	dead	0.0	0.0	0.0	0.0	0.0	0.0	0.0	0.0
hgt	1227	GCA.003242675.1.Bacteria.Firmicutes.E	1913.92	0.0	956.96	2160.15	1667.69	0.0	0.0	1080.075
spe	1382	1381	1778.165	1661.335	1719.75	1935.03	1621.3	1818.35	1504.32	1719.675
spe	1381	1351	1661.335	1566.59	1613.9625	1818.35	1504.32	1730.15	1403.03	1610.69
spe	1351	1347	1566.59	1266.54	1416.565	1730.15	1403.03	1442.62	1090.46	1410.305
los	1347	GCF.900099895.1.Bacteria.Firmicutes	1266.54	0.0	633.27	1442.62	1090.46	0.0	0.0	721.31
spe	1351	1350	1566.59	1380.55	1473.57	1730.15	1403.03	1557.96	1203.14	1466.645
los	1350	GCF.000942395.1.Bacteria.Firmicutes	1380.55	0.0	690.275	1557.96	1203.14	0.0	0.0	778.98
hgt	1338	GCF.002335525.1.Bacteria.Firmicutes	1582.81	0.0	791.405	1773.63	1391.99	0.0	0.0	886.815
spe	1381	1380	1661.335	1558.37	1609.8525	1818.35	1504.32	1715.02	1401.72	1610.035
spe	1380	1379	1558.37	1484.04	1521.205	1715.02	1401.72	1638.91	1329.17	1522.095
los	1379	1378	1484.04	1182.795	1333.4175	1638.91	1329.17	1325.65	1039.94	1339.425
spe	1379	1355	1484.04	1246.46	1365.25	1638.91	1329.17	1408.06	1084.86	1361.885
los	1355	GCF.000503775.1.Bacteria.Firmicutes	1246.46	0.0	623.23	1408.06	1084.86	0.0	0.0	704.03
spe	1725	1724	3726.035	3611.965	3669.0	3848.26	3603.81	3732.72	3491.21	3669.735
los	1724	1723	3611.965	3457.54	3534.7525	3732.72	3491.21	3575.54	3339.54	3536.13
spe	1724	1642	3611.965	3511.74	3561.8525	3732.72	3491.21	3641.83	3381.65	3557.185
los	1642	1641	3511.74	3146.265	3329.0025	3641.83	3381.65	3319.13	2973.4	3307.615
spe	1642	1478	3511.74	3209.465	3360.6025	3641.83	3381.65	3376.81	3042.12	3341.975
los	1478	1396	3209.465	2023.82	2616.6425	3376.81	3042.12	2389.98	1657.66	2517.235
dup	1478	1477	3209.465	2951.08	3080.2725	3376.81	3042.12	3128.51	2773.65	3075.23
spe	1478	1477	3209.465	2951.08	3080.2725	3376.81	3042.12	3128.51	2773.65	3075.23
los	1477	1431	2951.08	2599.01	2775.045	3128.51	2773.65	2813.21	2384.81	2756.66
spe	1477	1476	2951.08	2705.185	2828.1325	3128.51	2773.65	2890.77	2519.6	2824.055
spe	1476	1475	2705.185	2571.35	2638.2675	2890.77	2519.6	2771.01	2371.69	2631.23
spe	1475	1474	2571.35	2422.145	2496.7475	2771.01	2371.69	2641.91	2202.38	2486.695
los	1474	1473	2422.145	1376.695	1899.42	2641.91	2202.38	1641.8	1111.59	1876.75
spe	1474	1470	2422.145	2082.735	2252.44	2641.91	2202.38	2316.34	1849.13	2245.52
los	1470	GCF.000025005.1.Bacteria.Chloroflexota	2082.735	0.0	1041.3675	2316.34	1849.13	0.0	0.0	1158.17
spe	1470	1469	2082.735	1899.175	1990.955	2316.34	1849.13	2149.99	1648.36	1982.35
los	1469	1467	1899.175	1752.37	1825.7725	2149.99	1648.36	2017.47	1487.27	1818.63
hgt	None	dead	0.0	0.0	0.0	0.0	0.0	0.0	0.0	0.0
los	1475	1463	2571.35	2342.68	2457.015	2771.01	2371.69	2569.78	2115.58	2443.295
hgt	924	GCA.003221825.1.Bacteria.Gemmatimonadota	1818.875	0.0	909.4375	2151.84	1485.91	0.0	0.0	1075.92
los	None	dead	0.0	0.0	0.0	0.0	0.0	0.0	0.0	0.0
spe	1476	1454	2705.185	2138.89	2422.0375	2890.77	2519.6	2343.0	1934.78	2412.775
spe	1454	1446	2138.89	1892.56	2015.725	2343.0	1934.78	2094.3	1690.82	2016.91
spe	1446	1440	1892.56	1749.24	1820.9	2094.3	1690.82	1951.59	1546.89	1820.595
los	1440	1439	1749.24	1503.92	1626.58	1951.59	1546.89	1702.99	1304.85	1628.22
spe	1446	1445	1892.56	1683.66	1788.11	2094.3	1690.82	1884.49	1482.83	1788.565
los	1445	1444	1683.66	1493.995	1588.8275	1884.49	1482.83	1710.68	1277.31	1580.9
hgt	741	GCA.003220615.1.Bacteria.Methylomirabilota	2052.975	0.0	1026.4875	2337.08	1768.87	0.0	0.0	1168.54
hgt	None	dead	0.0	0.0	0.0	0.0	0.0	0.0	0.0	0.0
los	1454	1453	2138.89	2041.27	2090.08	2343.0	1934.78	2251.3	1831.24	2087.12
hgt	746	GCF.900079095.1.Bacteria.Tectomicrobia	1971.165	0.0	985.5825	2267.78	1674.55	0.0	0.0	1133.89
los	None	dead	0.0	0.0	0.0	0.0	0.0	0.0	0.0	0.0
hgt	None	dead	0.0	0.0	0.0	0.0	0.0	0.0	0.0	0.0
hgt	1228	GCA.003023725.1.Bacteria.Firmicutes.E	2160.575	0.0	1080.2875	2393.31	1927.84	0.0	0.0	1196.655
los	None	dead	0.0	0.0	0.0	0.0	0.0	0.0	0.0	0.0
spe	1478	1477	3209.465	2951.08	3080.2725	3376.81	3042.12	3128.51	2773.65	3075.23
spe	1477	1431	2951.08	2599.01	2775.045	3128.51	2773.65	2813.21	2384.81	2756.66
spe	1431	1430	2599.01	2141.86	2370.435	2813.21	2384.81	2460.53	1823.19	2318.2
hgt	1406	GCA.002710215.1.Bacteria.Chloroflexota	1589.865	0.0	794.9325	1810.7	1369.03	0.0	0.0	905.35
los	1430	GCA.002239025.1.Bacteria.Chloroflexota	2141.86	0.0	1070.93	2460.53	1823.19	0.0	0.0	1230.265
spe	1431	1427	2599.01	2362.135	2480.5725	2813.21	2384.81	2573.24	2151.03	2482.12
los	1427	1413	2362.135	2076.485	2219.31	2573.24	2151.03	2295.25	1857.72	2215.48
spe	1427	1426	2362.135	2179.07	2270.6025	2573.24	2151.03	2402.77	1955.37	2264.305
los	1426	GCF.001953175.1.Bacteria.Chloroflexota	2179.07	0.0	1089.535	2402.77	1955.37	0.0	0.0	1201.385
spe	1426	1425	2179.07	1957.375	2068.2225	2402.77	1955.37	2183.94	1730.81	2066.79
spe	1425	1424	1957.375	1821.17	1889.2725	2183.94	1730.81	2044.52	1597.82	1890.88
spe	1424	1422	1821.17	1675.19	1748.18	2044.52	1597.82	1898.81	1451.57	1748.045
los	1422	GCA.003484395.1.Bacteria.Chloroflexota	1675.19	0.0	837.595	1898.81	1451.57	0.0	0.0	949.405
spe	1422	1421	1675.19	1634.78	1654.985	1898.81	1451.57	1858.01	1411.55	1655.18
los	1421	GCA.002347295.1.Bacteria.Chloroflexota	1634.78	0.0	817.39	1858.01	1411.55	0.0	0.0	929.005
spe	1421	1419	1634.78	1500.065	1567.4225	1858.01	1411.55	1725.81	1274.32	1566.165
los	1419	GCA.002352365.1.Bacteria.Chloroflexota	1500.065	0.0	750.0325	1725.81	1274.32	0.0	0.0	862.905
hgt	1419	GCA.002352365.1.Bacteria.Chloroflexota	1500.065	0.0	750.0325	1725.81	1274.32	0.0	0.0	862.905
spe	1477	1476	2951.08	2705.185	2828.1325	3128.51	2773.65	2890.77	2519.6	2824.055
spe	1476	1475	2705.185	2571.35	2638.2675	2890.77	2519.6	2771.01	2371.69	2631.23
hgt	None	dead	0.0	0.0	0.0	0.0	0.0	0.0	0.0	0.0
hgt	1008	GCA.000447245.1.Bacteria.Zixibacteria	1888.32	0.0	944.16	2123.29	1653.35	0.0	0.0	1061.645
los	None	dead	0.0	0.0	0.0	0.0	0.0	0.0	0.0	0.0
hgt	None	dead	0.0	0.0	0.0	0.0	0.0	0.0	0.0	0.0
los	1475	1474	2571.35	2422.145	2496.7475	2771.01	2371.69	2641.91	2202.38	2486.695
hgt	1119	GCA.002779825.1.Bacteria.Armatimonadota	1968.115	0.0	984.0575	2280.74	1655.49	0.0	0.0	1140.37
los	None	dead	0.0	0.0	0.0	0.0	0.0	0.0	0.0	0.0
spe	1475	1463	2571.35	2342.68	2457.015	2771.01	2371.69	2569.78	2115.58	2443.295
spe	1463	1462	2342.68	2240.595	2291.6375	2569.78	2115.58	2485.08	1996.11	2282.945
los	1462	1461	2240.595	1858.39	2049.4925	2485.08	1996.11	2155.55	1561.23	2023.155
hgt	801	GCA.001797815.1.Bacteria.RBG.13.61.14	2014.795	0.0	1007.3975	2227.16	1802.43	0.0	0.0	1113.58
hgt	None	dead	0.0	0.0	0.0	0.0	0.0	0.0	0.0	0.0
los	1463	1457	2342.68	1912.015	2127.3475	2569.78	2115.58	2189.96	1634.07	2101.925
hgt	1285	1281	1310.93	1090.0515	1200.49075	1527.17	1094.69	1297.44	882.663	1204.9165
los	None	dead	0.0	0.0	0.0	0.0	0.0	0.0	0.0	0.0
spe	1285	1281	1310.93	1090.0515	1200.49075	1527.17	1094.69	1297.44	882.663	1204.9165
spe	1281	1280	1090.0515	922.663	1006.35725	1297.44	882.663	1124.05	721.276	1009.358
los	1280	GCF.900104455.1.Bacteria.Firmicutes.C	922.663	0.0	461.3315	1124.05	721.276	0.0	0.0	562.025
hgt	1315	GCF.002224645.1.Bacteria.Firmicutes.B	994.8405	0.0	497.42025	1191.01	798.671	0.0	0.0	595.505
spe	1476	1454	2705.185	2138.89	2422.0375	2890.77	2519.6	2343.0	1934.78	2412.775
spe	1454	1446	2138.89	1892.56	2015.725	2343.0	1934.78	2094.3	1690.82	2016.91
los	1446	1440	1892.56	1749.24	1820.9	2094.3	1690.82	1951.59	1546.89	1820.595
spe	1446	1445	1892.56	1683.66	1788.11	2094.3	1690.82	1884.49	1482.83	1788.565
los	1445	GCA.003130875.1.Bacteria.Chloroflexota	1683.66	0.0	841.83	1884.49	1482.83	0.0	0.0	942.245
spe	1445	1444	1683.66	1493.995	1588.8275	1884.49	1482.83	1710.68	1277.31	1580.9
los	1444	GCA.003451595.1.Bacteria.Chloroflexota	1493.995	0.0	746.9975	1710.68	1277.31	0.0	0.0	855.34
spe	1454	1453	2138.89	2041.27	2090.08	2343.0	1934.78	2251.3	1831.24	2087.12
spe	1453	1452	2041.27	1560.03	1800.65	2251.3	1831.24	1846.56	1273.5	1762.4
los	1452	GCA.002423325.1.Bacteria.Chloroflexota	1560.03	0.0	780.015	1846.56	1273.5	0.0	0.0	923.28
spe	1453	1449	2041.27	1825.905	1933.5875	2251.3	1831.24	2055.21	1596.6	1923.95
spe	1726	1094	3776.22	3702.045	3739.1325	3894.53	3657.91	3823.83	3580.26	3737.395
los	1094	1048	3702.045	3522.85	3612.4475	3823.83	3580.26	3649.13	3396.57	3610.2
spe	1094	1093	3702.045	3523.93	3612.9875	3823.83	3580.26	3675.99	3371.87	3597.85
los	1093	1055	3523.93	3144.785	3334.3575	3675.99	3371.87	3411.47	2878.1	3277.045
spe	1093	1092	3523.93	3347.57	3435.75	3675.99	3371.87	3521.61	3173.53	3424.76
spe	1092	1058	3347.57	2584.325	2965.9475	3521.61	3173.53	2896.49	2272.16	2896.885
los	1058	GCA.001443005.1.Bacteria.Synergistota	2584.325	0.0	1292.1625	2896.49	2272.16	0.0	0.0	1448.245
spe	1092	1091	3347.57	3217.11	3282.34	3521.61	3173.53	3405.44	3028.78	3275.195
hgt	None	dead	0.0	0.0	0.0	0.0	0.0	0.0	0.0	0.0
los	1091	1083	3217.11	3012.98	3115.045	3405.44	3028.78	3220.57	2805.39	3105.415
hgt	1173	GCA.002897715.1.Bacteria.Actinobacteriota	1583.875	0.0	791.9375	1841.44	1326.31	0.0	0.0	920.72
los	None	dead	0.0	0.0	0.0	0.0	0.0	0.0	0.0	0.0
spe	1091	1090	3217.11	2898.955	3058.0325	3405.44	3028.78	3169.09	2628.82	3017.13
spe	1090	1088	2898.955	1639.23	2269.0925	3169.09	2628.82	1926.36	1352.1	2260.595
hgt	880	GCF.000195295.1.Bacteria.Desulfobacterota	1499.355	0.0	749.6775	1702.42	1296.29	0.0	0.0	851.21
los	1088	1087	1639.23	1296.36	1467.795	1926.36	1352.1	1574.11	1018.61	1472.485
hgt	275	GCA.001784175.1.Bacteria.Lindowbacteria	2803.71	0.0	1401.855	3083.32	2524.1	0.0	0.0	1541.66
hgt	1389	1237	2954.69	2499.645	2727.1675	3102.64	2806.74	2691.67	2307.62	2705.13
los	1090	GCA.000353875.1.Bacteria.Atribacterota	2898.955	0.0	1449.4775	3169.09	2628.82	0.0	0.0	1584.545
spe	1389	1237	2954.69	2499.645	2727.1675	3102.64	2806.74	2691.67	2307.62	2705.13
spe	1237	1236	2499.645	2327.67	2413.6575	2691.67	2307.62	2536.63	2118.71	2405.19
spe	1236	1228	2327.67	2160.575	2244.1225	2536.63	2118.71	2393.31	1927.84	2232.235
los	1228	GCA.003023725.1.Bacteria.Firmicutes.E	2160.575	0.0	1080.2875	2393.31	1927.84	0.0	0.0	1196.655
spe	1228	1227	2160.575	1913.92	2037.2475	2393.31	1927.84	2160.15	1667.69	2030.5
los	1227	GCA.003242675.1.Bacteria.Firmicutes.E	1913.92	0.0	956.96	2160.15	1667.69	0.0	0.0	1080.075
spe	1227	1226	1913.92	1761.44	1837.68	2160.15	1667.69	2030.25	1492.63	1826.39
los	1226	GCA.002385465.1.Bacteria.Firmicutes.E	1761.44	0.0	880.72	2030.25	1492.63	0.0	0.0	1015.125
hgt	1430	GCA.001795235.1.Bacteria.Chloroflexota	2141.86	0.0	1070.93	2460.53	1823.19	0.0	0.0	1230.265
hgt	None	dead	0.0	0.0	0.0	0.0	0.0	0.0	0.0	0.0
los	1236	1235	2327.67	2052.91	2190.29	2536.63	2118.71	2283.89	1821.93	2179.28
hgt	709	GCA.003223145.1.Bacteria.Acidobacteriota	1543.01	0.0	771.505	1779.22	1306.8	0.0	0.0	889.61
los	None	dead	0.0	0.0	0.0	0.0	0.0	0.0	0.0	0.0
hgt	None	dead	0.0	0.0	0.0	0.0	0.0	0.0	0.0	0.0
dup	None	dead	0.0	0.0	0.0	0.0	0.0	0.0	0.0	0.0
hgt	1300	GCA.002418765.1.Bacteria.Firmicutes.B	1522.13	0.0	761.065	1724.92	1319.34	0.0	0.0	862.46
los	None	dead	0.0	0.0	0.0	0.0	0.0	0.0	0.0	0.0
hgt	686	GCA.002451015.1.Bacteria.Acidobacteriota	1646.29	0.0	823.145	1843.93	1448.65	0.0	0.0	921.965
los	None	dead	0.0	0.0	0.0	0.0	0.0	0.0	0.0	0.0
hgt	None	dead	0.0	0.0	0.0	0.0	0.0	0.0	0.0	0.0
hgt	74	GCF.000194625.1.Archaea.Halobacteriota	1703.245	0.0	851.6225	1896.74	1509.75	0.0	0.0	948.37
los	None	dead	0.0	0.0	0.0	0.0	0.0	0.0	0.0	0.0
hgt	1210	1209	2730.93	2349.065	2539.9975	2941.58	2520.28	2623.27	2074.86	2508.22
spe	1237	1221	2499.645	2008.115	2253.88	2691.67	2307.62	2274.35	1741.88	2216.775
los	1221	GCA.002375925.1.Bacteria.Firmicutes.E	2008.115	0.0	1004.0575	2274.35	1741.88	0.0	0.0	1137.175
spe	1210	1209	2730.93	2349.065	2539.9975	2941.58	2520.28	2623.27	2074.86	2508.22
spe	1209	1208	2349.065	2154.735	2251.9	2623.27	2074.86	2464.94	1844.53	2233.9
los	1208	GCA.900016865.1.Bacteria.Firmicutes.G	2154.735	0.0	1077.3675	2464.94	1844.53	0.0	0.0	1232.47
hgt	1477	1476	2951.08	2705.185	2828.1325	3128.51	2773.65	2890.77	2519.6	2824.055
los	None	dead	0.0	0.0	0.0	0.0	0.0	0.0	0.0	0.0
spe	1477	1476	2951.08	2705.185	2828.1325	3128.51	2773.65	2890.77	2519.6	2824.055
spe	1476	1475	2705.185	2571.35	2638.2675	2890.77	2519.6	2771.01	2371.69	2631.23
los	1475	1474	2571.35	2422.145	2496.7475	2771.01	2371.69	2641.91	2202.38	2486.695
spe	1475	1463	2571.35	2342.68	2457.015	2771.01	2371.69	2569.78	2115.58	2443.295
los	1463	1462	2342.68	2240.595	2291.6375	2569.78	2115.58	2485.08	1996.11	2282.945
spe	1463	1457	2342.68	1912.015	2127.3475	2569.78	2115.58	2189.96	1634.07	2101.925
los	1457	GCF.003967555.1.Bacteria.Chloroflexota	1912.015	0.0	956.0075	2189.96	1634.07	0.0	0.0	1094.98
spe	1476	1454	2705.185	2138.89	2422.0375	2890.77	2519.6	2343.0	1934.78	2412.775
los	1454	1453	2138.89	2041.27	2090.08	2343.0	1934.78	2251.3	1831.24	2087.12
spe	1454	1446	2138.89	1892.56	2015.725	2343.0	1934.78	2094.3	1690.82	2016.91
spe	1446	1445	1892.56	1683.66	1788.11	2094.3	1690.82	1884.49	1482.83	1788.565
los	1445	GCA.003130875.1.Bacteria.Chloroflexota	1683.66	0.0	841.83	1884.49	1482.83	0.0	0.0	942.245
spe	1445	1444	1683.66	1493.995	1588.8275	1884.49	1482.83	1710.68	1277.31	1580.9
los	1444	GCA.002366755.1.Bacteria.Chloroflexota	1493.995	0.0	746.9975	1710.68	1277.31	0.0	0.0	855.34
spe	1446	1440	1892.56	1749.24	1820.9	2094.3	1690.82	1951.59	1546.89	1820.595
spe	1440	1439	1749.24	1503.92	1626.58	1951.59	1546.89	1702.99	1304.85	1628.22
los	1439	1438	1503.92	1310.445	1407.1825	1702.99	1304.85	1509.7	1111.19	1407.09
hgt	816	GCA.002724675.1.Bacteria.Myxococcota.A	1315.445	0.0	657.7225	1517.68	1113.21	0.0	0.0	758.84
los	1440	GCF.001306175.1.Bacteria.Chloroflexota	1749.24	0.0	874.62	1951.59	1546.89	0.0	0.0	975.795
hgt	None	dead	0.0	0.0	0.0	0.0	0.0	0.0	0.0	0.0
hgt	1109	GCA.002898895.1.Bacteria.Armatimonadota	2109.385	0.0	1054.6925	2401.88	1816.89	0.0	0.0	1200.94
los	None	dead	0.0	0.0	0.0	0.0	0.0	0.0	0.0	0.0
spe	1727	1726	3794.005	3776.22	3785.1125	3914.54	3673.47	3894.53	3657.91	3786.225
spe	1726	1094	3776.22	3702.045	3739.1325	3894.53	3657.91	3823.83	3580.26	3737.395
los	1094	1048	3702.045	3522.85	3612.4475	3823.83	3580.26	3649.13	3396.57	3610.2
spe	1094	1093	3702.045	3523.93	3612.9875	3823.83	3580.26	3675.99	3371.87	3597.85
spe	1093	1092	3523.93	3347.57	3435.75	3675.99	3371.87	3521.61	3173.53	3424.76
spe	1092	1091	3347.57	3217.11	3282.34	3521.61	3173.53	3405.44	3028.78	3275.195
hgt	None	dead	0.0	0.0	0.0	0.0	0.0	0.0	0.0	0.0
los	1091	1090	3217.11	2898.955	3058.0325	3405.44	3028.78	3169.09	2628.82	3017.13
hgt	768	767	1703.165	1544.31	1623.7375	1903.86	1502.47	1743.72	1344.9	1624.38
los	None	dead	0.0	0.0	0.0	0.0	0.0	0.0	0.0	0.0
spe	768	767	1703.165	1544.31	1623.7375	1903.86	1502.47	1743.72	1344.9	1624.38
spe	767	766	1544.31	1359.65	1451.98	1743.72	1344.9	1564.02	1155.28	1449.5
hgt	768	GCA.001798715.1.Bacteria.UBA10199	1703.165	0.0	851.5825	1903.86	1502.47	0.0	0.0	951.93
spe	1091	1083	3217.11	3012.98	3115.045	3405.44	3028.78	3220.57	2805.39	3105.415
los	1083	1071	3012.98	2762.345	2887.6625	3220.57	2805.39	3006.29	2518.4	2869.485
spe	1083	1082	3012.98	2820.665	2916.8225	3220.57	2805.39	3066.11	2575.22	2897.895
spe	1082	1080	2820.665	2542.65	2681.6575	3066.11	2575.22	2807.1	2278.2	2672.155
los	1080	GCF.001547735.1.Bacteria.Thermosulfidibacterota	2542.65	0.0	1271.325	2807.1	2278.2	0.0	0.0	1403.55
spe	1080	1079	2542.65	2204.53	2373.59	2807.1	2278.2	2483.0	1926.06	2366.58
los	1079	GCF.000421485.1.Bacteria.Aquificota	2204.53	0.0	1102.265	2483.0	1926.06	0.0	0.0	1241.5
spe	1079	1078	2204.53	1937.95	2071.24	2483.0	1926.06	2224.85	1651.05	2067.025
los	1078	1076	1937.95	1416.635	1677.2925	2224.85	1651.05	1692.52	1140.75	1682.8
hgt	477	GCA.001897475.1.Bacteria.Proteobacteria	946.9555	0.0	473.47775	1106.86	787.051	0.0	0.0	553.43
hgt	None	dead	0.0	0.0	0.0	0.0	0.0	0.0	0.0	0.0
hgt	1333	GCA.002423965.1.Bacteria.Firmicutes.D	2067.36	0.0	1033.68	2262.12	1872.6	0.0	0.0	1131.06
los	None	dead	0.0	0.0	0.0	0.0	0.0	0.0	0.0	0.0
hgt	None	dead	0.0	0.0	0.0	0.0	0.0	0.0	0.0	0.0
los	1092	1058	3347.57	2584.325	2965.9475	3521.61	3173.53	2896.49	2272.16	2896.885
hgt	1457	GCF.003967555.1.Bacteria.Chloroflexota	1912.015	0.0	956.0075	2189.96	1634.07	0.0	0.0	1094.98
los	None	dead	0.0	0.0	0.0	0.0	0.0	0.0	0.0	0.0
spe	1093	1055	3523.93	3144.785	3334.3575	3675.99	3371.87	3411.47	2878.1	3277.045
hgt	None	dead	0.0	0.0	0.0	0.0	0.0	0.0	0.0	0.0
los	1055	1054	3144.785	2197.915	2671.35	3411.47	2878.1	2578.47	1817.36	2614.415
hgt	1143	GCA.002352645.1.Bacteria.Actinobacteriota	1774.67	0.0	887.335	2003.61	1545.73	0.0	0.0	1001.805
los	None	dead	0.0	0.0	0.0	0.0	0.0	0.0	0.0	0.0
spe	1055	1051	3144.785	2573.63	2859.2075	3411.47	2878.1	3034.11	2113.15	2762.31
los	1051	GCA.003174035.1.Bacteria.Dependentiae	2573.63	0.0	1286.815	3034.11	2113.15	0.0	0.0	1517.055
spe	1726	1725	3776.22	3726.035	3751.1275	3894.53	3657.91	3848.26	3603.81	3749.17
spe	1725	1393	3726.035	3573.7	3649.8675	3848.26	3603.81	3702.34	3445.06	3646.66
spe	1393	1129	3573.7	3300.21	3436.955	3702.34	3445.06	3456.46	3143.96	3423.15
hgt	None	dead	0.0	0.0	0.0	0.0	0.0	0.0	0.0	0.0
los	1129	1101	3300.21	3147.445	3223.8275	3456.46	3143.96	3357.99	2936.9	3196.68
hgt	400	GCA.002401295.1.Bacteria.SAR324	2337.685	0.0	1168.8425	2593.16	2082.21	0.0	0.0	1296.58
los	None	dead	0.0	0.0	0.0	0.0	0.0	0.0	0.0	0.0
spe	1129	1128	3300.21	3110.52	3205.365	3456.46	3143.96	3301.89	2919.15	3187.805
spe	1128	1127	3110.52	2984.585	3047.5525	3301.89	2919.15	3182.1	2787.07	3044.48
los	1127	1126	2984.585	2761.99	2873.2875	3182.1	2787.07	2998.52	2525.46	2853.78
spe	1127	1113	2984.585	2538.735	2761.66	3182.1	2787.07	2792.1	2285.37	2733.735
los	1113	1109	2538.735	2109.385	2324.06	2792.1	2285.37	2401.88	1816.89	2304.495
spe	1113	1112	2538.735	2118.02	2328.3775	2792.1	2285.37	2447.88	1788.16	2290.13
los	1112	GCA.002352215.1.Bacteria.Armatimonadota	2118.02	0.0	1059.01	2447.88	1788.16	0.0	0.0	1223.94
hgt	None	dead	0.0	0.0	0.0	0.0	0.0	0.0	0.0	0.0
hgt	345	GCA.002748355.1.Bacteria.Planctomycetota	1671.41	0.0	835.705	1909.09	1433.73	0.0	0.0	954.545
los	None	dead	0.0	0.0	0.0	0.0	0.0	0.0	0.0	0.0
hgt	None	dead	0.0	0.0	0.0	0.0	0.0	0.0	0.0	0.0
hgt	1032	GCA.002727195.1.Bacteria.Latescibacterota	1683.695	0.0	841.8475	1928.88	1438.51	0.0	0.0	964.44
los	None	dead	0.0	0.0	0.0	0.0	0.0	0.0	0.0	0.0
hgt	None	dead	0.0	0.0	0.0	0.0	0.0	0.0	0.0	0.0
los	1393	1392	3573.7	3456.59	3515.145	3702.34	3445.06	3587.78	3325.4	3513.87
hgt	797	796	1864.035	1703.52	1783.7775	2051.89	1676.18	1897.12	1509.92	1780.905
los	None	dead	0.0	0.0	0.0	0.0	0.0	0.0	0.0	0.0
spe	797	796	1864.035	1703.52	1783.7775	2051.89	1676.18	1897.12	1509.92	1780.905
spe	796	795	1703.52	1521.62	1612.57	1897.12	1509.92	1718.38	1324.86	1610.99
spe	795	791	1521.62	1279.55	1400.585	1718.38	1324.86	1476.89	1082.21	1400.295
los	791	GCA.002898795.1.Bacteria.Desulfobacterota.B	1279.55	0.0	639.775	1476.89	1082.21	0.0	0.0	738.445
spe	795	794	1521.62	1417.505	1469.5625	1718.38	1324.86	1621.04	1213.97	1466.175
los	794	GCA.001798565.1.Bacteria.Desulfobacterota.B	1417.505	0.0	708.7525	1621.04	1213.97	0.0	0.0	810.52
hgt	328	327	1796.445	1506.63	1651.5375	2017.05	1575.84	1727.92	1285.34	1651.195
hgt	None	dead	0.0	0.0	0.0	0.0	0.0	0.0	0.0	0.0
hgt	821	GCF.000737335.2.Bacteria.Proteobacteria	1447.61	0.0	723.805	1643.48	1251.74	0.0	0.0	821.74
los	None	dead	0.0	0.0	0.0	0.0	0.0	0.0	0.0	0.0
spe	328	327	1796.445	1506.63	1651.5375	2017.05	1575.84	1727.92	1285.34	1651.195
spe	327	326	1506.63	1183.194	1344.912	1727.92	1285.34	1405.44	960.948	1344.434
hgt	1163	GCF.000384115.1.Bacteria.Actinobacteriota	951.694	0.0	475.847	1153.97	749.418	0.0	0.0	576.985
hgt	None	dead	0.0	0.0	0.0	0.0	0.0	0.0	0.0	0.0
los	1725	1724	3726.035	3611.965	3669.0	3848.26	3603.81	3732.72	3491.21	3669.735
hgt	1384	1383	2016.48	1891.44	1953.96	2177.1	1855.86	2053.21	1729.67	1953.385
los	None	dead	0.0	0.0	0.0	0.0	0.0	0.0	0.0	0.0
dup	1384	1383	2016.48	1891.44	1953.96	2177.1	1855.86	2053.21	1729.67	1953.385
spe	1384	1383	2016.48	1891.44	1953.96	2177.1	1855.86	2053.21	1729.67	1953.385
los	1383	1341	1891.44	1532.885	1712.1625	2053.21	1729.67	1733.11	1332.66	1692.935
spe	1383	1382	1891.44	1778.165	1834.8025	2053.21	1729.67	1935.03	1621.3	1837.255
los	1382	1381	1778.165	1661.335	1719.75	1935.03	1621.3	1818.35	1504.32	1719.675
spe	1382	1344	1778.165	1496.385	1637.275	1935.03	1621.3	1674.98	1317.79	1626.41
los	1344	GCA.002159075.1.Bacteria.Firmicutes	1496.385	0.0	748.1925	1674.98	1317.79	0.0	0.0	837.49
spe	1384	1383	2016.48	1891.44	1953.96	2177.1	1855.86	2053.21	1729.67	1953.385
spe	1383	1382	1891.44	1778.165	1834.8025	2053.21	1729.67	1935.03	1621.3	1837.255
spe	1382	1344	1778.165	1496.385	1637.275	1935.03	1621.3	1674.98	1317.79	1626.41
hgt	1347	GCF.900099895.1.Bacteria.Firmicutes	1266.54	0.0	633.27	1442.62	1090.46	0.0	0.0	721.31
los	1344	GCA.002159075.1.Bacteria.Firmicutes	1496.385	0.0	748.1925	1674.98	1317.79	0.0	0.0	837.49
spe	1382	1381	1778.165	1661.335	1719.75	1935.03	1621.3	1818.35	1504.32	1719.675
spe	1381	1351	1661.335	1566.59	1613.9625	1818.35	1504.32	1730.15	1403.03	1610.69
los	1351	1350	1566.59	1380.55	1473.57	1730.15	1403.03	1557.96	1203.14	1466.645
spe	1351	1347	1566.59	1266.54	1416.565	1730.15	1403.03	1442.62	1090.46	1410.305
los	1347	GCF.001561915.1.Bacteria.Firmicutes	1266.54	0.0	633.27	1442.62	1090.46	0.0	0.0	721.31
spe	1381	1380	1661.335	1558.37	1609.8525	1818.35	1504.32	1715.02	1401.72	1610.035
hgt	659	GCA.000830255.1.Bacteria.Campylobacterota	1438.4	0.0	719.2	1756.87	1119.93	0.0	0.0	878.435
los	1380	GCF.001049895.1.Bacteria.Firmicutes	1558.37	0.0	779.185	1715.02	1401.72	0.0	0.0	857.51
spe	1380	1379	1558.37	1484.04	1521.205	1715.02	1401.72	1638.91	1329.17	1522.095
los	1379	1378	1484.04	1182.795	1333.4175	1638.91	1329.17	1325.65	1039.94	1339.425
spe	1379	1355	1484.04	1246.46	1365.25	1638.91	1329.17	1408.06	1084.86	1361.885
los	1355	GCF.004522215.1.Bacteria.Firmicutes	1246.46	0.0	623.23	1408.06	1084.86	0.0	0.0	704.03
spe	1383	1341	1891.44	1532.885	1712.1625	2053.21	1729.67	1733.11	1332.66	1692.935
hgt	350	GCA.003509045.1.Bacteria.Planctomycetota	1478.92	0.0	739.46	1725.22	1232.62	0.0	0.0	862.61
los	1341	GCF.001311905.1.Bacteria.Firmicutes	1532.885	0.0	766.4425	1733.11	1332.66	0.0	0.0	866.555
hgt	826	825	1472.31	1177.188	1324.749	1647.9	1296.72	1364.83	989.546	1318.723
spe	826	825	1472.31	1177.188	1324.749	1647.9	1296.72	1364.83	989.546	1318.723
hgt	80	GCF.002114285.1.Archaea.Halobacteriota	1389.95	0.0	694.975	1591.35	1188.55	0.0	0.0	795.675
