event	left_node	right_node	left_date	right_date	midpoint_date	left_date_lower	left_date_upper	right_date_lower	right_date_upper	midpoint_date_all
dup	None	1728	0.0	0.0	0.0	0.0	0.0	0.0	0.0	0.0
hgt	None	dead	0.0	0.0	0.0	0.0	0.0	0.0	0.0	0.0
hgt	None	dead	0.0	0.0	0.0	0.0	0.0	0.0	0.0	0.0
hgt	121	GCA.001775995.1.Archaea.Thermoproteota	2129.565	0.0	1064.7825	2347.3	1911.83	0.0	0.0	1173.65
los	None	dead	0.0	0.0	0.0	0.0	0.0	0.0	0.0	0.0
spe	None	1728	0.0	0.0	0.0	0.0	0.0	0.0	0.0	0.0
spe	1728	180	0.0	3255.375	1627.6875	0.0	0.0	3445.13	3065.62	1532.81
los	180	GCA.001889985.1.Archaea.Micrarchaeota	3255.375	0.0	1627.6875	3445.13	3065.62	0.0	0.0	1722.565
spe	180	179	3255.375	3169.885	3212.63	3445.13	3065.62	3333.21	3006.56	3225.845
los	179	23	3169.885	3101.2	3135.5425	3333.21	3006.56	3270.33	2932.07	3132.64
spe	179	178	3169.885	3109.52	3139.7025	3333.21	3006.56	3270.62	2948.42	3140.815
los	178	32	3109.52	2887.43	2998.475	3270.62	2948.42	3067.58	2707.28	2988.95
spe	178	177	3109.52	2987.475	3048.4975	3270.62	2948.42	3145.38	2829.57	3050.095
spe	177	95	2987.475	2895.515	2941.495	3145.38	2829.57	3052.55	2738.48	2941.93
los	95	94	2895.515	2874.54	2885.0275	3052.55	2738.48	3031.65	2717.43	2884.99
spe	95	39	2895.515	2772.035	2833.775	3052.55	2738.48	2935.32	2608.75	2830.65
los	39	35	2772.035	2625.215	2698.625	2935.32	2608.75	2814.09	2436.34	2685.83
spe	39	38	2772.035	2538.31	2655.1725	2935.32	2608.75	2727.65	2348.97	2642.145
los	38	GCA.001515205.2.Archaea.Hadarchaeota	2538.31	0.0	1269.155	2727.65	2348.97	0.0	0.0	1363.825
spe	177	176	2987.475	2870.105	2928.79	3145.38	2829.57	3029.57	2710.64	2928.01
spe	176	175	2870.105	2794.775	2832.44	3029.57	2710.64	2957.01	2632.54	2831.055
spe	175	174	2794.775	2722.305	2758.54	2957.01	2632.54	2888.31	2556.3	2756.655
spe	174	173	2722.305	2663.205	2692.755	2888.31	2556.3	2836.93	2489.48	2688.895
los	173	172	2663.205	1793.615	2228.41	2836.93	2489.48	1989.34	1597.89	2217.41
spe	173	151	2663.205	2556.275	2609.74	2836.93	2489.48	2731.6	2380.95	2608.94
los	151	150	2556.275	2169.605	2362.94	2731.6	2380.95	2389.82	1949.39	2340.495
spe	151	147	2556.275	2281.01	2418.6425	2731.6	2380.95	2488.59	2073.43	2402.515
los	147	GCA.001940755.1.Archaea.Asgardarchaeota	2281.01	0.0	1140.505	2488.59	2073.43	0.0	0.0	1244.295
hgt	668	GCA.002010665.1.Bacteria.Acidobacteriota	2182.81	0.0	1091.405	2412.62	1953.0	0.0	0.0	1206.31
hgt	249	248	2408.17	1920.715	2164.4425	2580.96	2235.38	2155.61	1685.82	2133.39
los	174	GCA.001940665.1.Archaea.Asgardarchaeota	2722.305	0.0	1361.1525	2888.31	2556.3	0.0	0.0	1444.155
spe	249	248	2408.17	1920.715	2164.4425	2580.96	2235.38	2155.61	1685.82	2133.39
hgt	None	dead	0.0	0.0	0.0	0.0	0.0	0.0	0.0	0.0
los	175	143	2794.775	2511.185	2652.98	2957.01	2632.54	2712.39	2309.98	2633.495
hgt	118	116	2278.345	1726.54	2002.4425	2478.81	2077.88	2006.45	1446.63	1962.72
los	None	dead	0.0	0.0	0.0	0.0	0.0	0.0	0.0	0.0
spe	118	116	2278.345	1726.54	2002.4425	2478.81	2077.88	2006.45	1446.63	1962.72
hgt	None	dead	0.0	0.0	0.0	0.0	0.0	0.0	0.0	0.0
hgt	861	GCA.001304105.1.Bacteria.Desulfobacterota	2265.965	0.0	1132.9825	2474.98	2056.95	0.0	0.0	1237.49
los	None	dead	0.0	0.0	0.0	0.0	0.0	0.0	0.0	0.0
spe	176	140	2870.105	2794.965	2832.535	3029.57	2710.64	2954.89	2635.04	2832.305
hgt	130	128	2259.135	1456.455	1857.795	2456.17	2062.1	1742.17	1170.74	1813.455
spe	130	128	2259.135	1456.455	1857.795	2456.17	2062.1	1742.17	1170.74	1813.455
spe	140	139	2794.965	2746.6	2770.7825	2954.89	2635.04	2906.36	2586.84	2770.865
spe	139	138	2746.6	2683.72	2715.16	2906.36	2586.84	2844.85	2522.59	2714.475
los	138	137	2683.72	2562.75	2623.235	2844.85	2522.59	2734.97	2390.53	2617.69
spe	138	124	2683.72	2576.715	2630.2175	2844.85	2522.59	2744.68	2408.75	2626.8
los	124	GCA.002495485.1.Archaea.Thermoproteota	2576.715	0.0	1288.3575	2744.68	2408.75	0.0	0.0	1372.34
spe	124	123	2576.715	2509.405	2543.06	2744.68	2408.75	2676.61	2342.2	2543.44
spe	123	113	2509.405	2352.095	2430.75	2676.61	2342.2	2536.91	2167.28	2421.945
los	113	GCA.002255025.1.Archaea.Thermoproteota	2352.095	0.0	1176.0475	2536.91	2167.28	0.0	0.0	1268.455
spe	123	122	2509.405	2416.7	2463.0525	2676.61	2342.2	2593.5	2239.9	2458.255
los	122	118	2416.7	2278.345	2347.5225	2593.5	2239.9	2478.81	2077.88	2335.69
spe	122	121	2416.7	2129.565	2273.1325	2593.5	2239.9	2347.3	1911.83	2252.665
los	121	GCA.001775995.1.Archaea.Thermoproteota	2129.565	0.0	1064.7825	2347.3	1911.83	0.0	0.0	1173.65
spe	139	109	2746.6	2611.625	2679.1125	2906.36	2586.84	2779.64	2443.61	2674.985
spe	109	108	2611.625	2433.705	2522.665	2779.64	2443.61	2622.16	2245.25	2512.445
los	108	107	2433.705	2229.765	2331.735	2622.16	2245.25	2447.7	2011.83	2316.995
spe	109	103	2611.625	2372.465	2492.045	2779.64	2443.61	2552.61	2192.32	2485.98
los	103	GCA.002254745.1.Archaea.Thermoproteota	2372.465	0.0	1186.2325	2552.61	2192.32	0.0	0.0	1276.305
spe	103	101	2372.465	2213.35	2292.9075	2552.61	2192.32	2410.41	2016.29	2284.45
los	101	GCF.000011205.1.Archaea.Thermoproteota	2213.35	0.0	1106.675	2410.41	2016.29	0.0	0.0	1205.205
spe	101	99	2213.35	2047.925	2130.6375	2410.41	2016.29	2262.48	1833.37	2121.89
los	99	GCF.001481685.1.Archaea.Thermoproteota	2047.925	0.0	1023.9625	2262.48	1833.37	0.0	0.0	1131.24
dup	1728	1727	0.0	3460.76	1730.38	0.0	0.0	3608.87	3312.65	1656.325
hgt	None	dead	0.0	0.0	0.0	0.0	0.0	0.0	0.0	0.0
hgt	None	dead	0.0	0.0	0.0	0.0	0.0	0.0	0.0	0.0
hgt	871	GCA.002899795.1.Bacteria.Desulfobacterota	2172.555	0.0	1086.2775	2382.24	1962.87	0.0	0.0	1191.12
los	None	dead	0.0	0.0	0.0	0.0	0.0	0.0	0.0	0.0
hgt	None	dead	0.0	0.0	0.0	0.0	0.0	0.0	0.0	0.0
hgt	905	GCA.001412425.1.Bacteria.Cloacimonadota	2553.935	0.0	1276.9675	2780.82	2327.05	0.0	0.0	1390.41
los	None	dead	0.0	0.0	0.0	0.0	0.0	0.0	0.0	0.0
hgt	None	dead	0.0	0.0	0.0	0.0	0.0	0.0	0.0	0.0
hgt	1068	GCA.002428295.1.Bacteria.Caldisericota	2377.575	0.0	1188.7875	2621.46	2133.69	0.0	0.0	1310.73
los	None	dead	0.0	0.0	0.0	0.0	0.0	0.0	0.0	0.0
hgt	None	dead	0.0	0.0	0.0	0.0	0.0	0.0	0.0	0.0
spe	1728	1727	0.0	3460.76	1730.38	0.0	0.0	3608.87	3312.65	1656.325
spe	1727	1726	3460.76	3442.105	3451.4325	3608.87	3312.65	3587.74	3296.47	3452.67
spe	1726	1094	3442.105	3407.45	3424.7775	3587.74	3296.47	3553.34	3261.56	3424.65
spe	1094	1093	3407.45	3335.31	3371.38	3553.34	3261.56	3481.64	3188.98	3371.16
los	1093	1055	3335.31	3175.955	3255.6325	3481.64	3188.98	3349.14	3002.77	3242.205
spe	1093	1092	3335.31	3257.545	3296.4275	3481.64	3188.98	3404.95	3110.14	3295.89
los	1092	1091	3257.545	3200.245	3228.895	3404.95	3110.14	3351.29	3049.2	3227.075
spe	1092	1058	3257.545	2874.585	3066.065	3404.95	3110.14	3067.3	2681.87	3043.41
los	1058	GCA.001443005.1.Bacteria.Synergistota	2874.585	0.0	1437.2925	3067.3	2681.87	0.0	0.0	1533.65
spe	1094	1048	3407.45	3324.645	3366.0475	3553.34	3261.56	3468.94	3180.35	3366.845
los	1048	278	3324.645	3267.455	3296.05	3468.94	3180.35	3413.03	3121.88	3295.41
spe	1048	1047	3324.645	3317.54	3321.0925	3468.94	3180.35	3462.08	3173.0	3320.97
los	1047	365	3317.54	3204.425	3260.9825	3462.08	3173.0	3352.46	3056.39	3259.235
spe	1047	1046	3317.54	3288.18	3302.86	3462.08	3173.0	3432.51	3143.85	3302.965
los	1046	902	3288.18	3241.035	3264.6075	3432.51	3143.85	3385.47	3096.6	3264.555
spe	1046	1045	3288.18	3193.355	3240.7675	3432.51	3143.85	3339.4	3047.31	3239.91
spe	1045	1044	3193.355	3092.405	3142.88	3339.4	3047.31	3238.13	2946.68	3143.04
hgt	None	dead	0.0	0.0	0.0	0.0	0.0	0.0	0.0	0.0
los	1044	936	3092.405	3003.555	3047.98	3238.13	2946.68	3155.32	2851.79	3044.96
hgt	669	GCA.002335385.1.Bacteria.Acidobacteriota	2395.145	0.0	1197.5725	2603.05	2187.24	0.0	0.0	1301.525
los	None	dead	0.0	0.0	0.0	0.0	0.0	0.0	0.0	0.0
spe	1044	1043	3092.405	3056.385	3074.395	3238.13	2946.68	3202.8	2909.97	3074.05
spe	1043	1011	3056.385	2970.39	3013.3875	3202.8	2909.97	3117.96	2822.82	3012.81
los	1011	1010	2970.39	2867.725	2919.0575	3117.96	2822.82	3025.53	2709.92	2913.94
spe	1011	997	2970.39	2845.53	2907.96	3117.96	2822.82	2995.92	2695.14	2906.55
los	997	996	2845.53	2790.055	2817.7925	2995.92	2695.14	2941.79	2638.32	2817.12
spe	997	941	2845.53	2724.93	2785.23	2995.92	2695.14	2892.99	2556.87	2776.395
los	941	940	2724.93	2455.68	2590.305	2892.99	2556.87	2659.64	2251.72	2572.355
spe	1043	1042	3056.385	2996.785	3026.585	3202.8	2909.97	3144.77	2848.8	3025.8
los	1042	1041	2996.785	2930.085	2963.435	3144.77	2848.8	3083.7	2776.47	2960.62
spe	1042	1022	2996.785	2889.48	2943.1325	3144.77	2848.8	3046.3	2732.66	2938.715
los	1022	1021	2889.48	2684.73	2787.105	3046.3	2732.66	2864.65	2504.81	2775.555
spe	1022	1016	2889.48	2781.455	2835.4675	3046.3	2732.66	2957.96	2604.95	2825.625
los	1016	1015	2781.455	2593.17	2687.3125	2957.96	2604.95	2795.8	2390.54	2674.25
spe	1045	921	3193.355	3111.29	3152.3225	3339.4	3047.31	3259.48	2963.1	3151.25
spe	921	905	3111.29	2553.935	2832.6125	3259.48	2963.1	2780.82	2327.05	2793.265
los	905	GCA.001577135.1.Bacteria.Cloacimonadota	2553.935	0.0	1276.9675	2780.82	2327.05	0.0	0.0	1390.41
hgt	None	dead	0.0	0.0	0.0	0.0	0.0	0.0	0.0	0.0
hgt	65	GCA.001595885.1.Archaea.Thermoplasmatota	1926.01	0.0	963.005	2135.57	1716.45	0.0	0.0	1067.785
los	None	dead	0.0	0.0	0.0	0.0	0.0	0.0	0.0	0.0
hgt	None	dead	0.0	0.0	0.0	0.0	0.0	0.0	0.0	0.0
los	921	920	3111.29	3075.21	3093.25	3259.48	2963.1	3226.79	2923.63	3091.555
hgt	53	52	2158.385	1947.675	2053.03	2345.41	1971.36	2172.33	1723.02	2034.215
los	None	dead	0.0	0.0	0.0	0.0	0.0	0.0	0.0	0.0
spe	53	52	2158.385	1947.675	2053.03	2345.41	1971.36	2172.33	1723.02	2034.215
hgt	None	dead	0.0	0.0	0.0	0.0	0.0	0.0	0.0	0.0
hgt	1029	GCA.001777915.1.Bacteria.Edwardsbacteria	2585.52	0.0	1292.76	2790.7	2380.34	0.0	0.0	1395.35
los	None	dead	0.0	0.0	0.0	0.0	0.0	0.0	0.0	0.0
hgt	None	dead	0.0	0.0	0.0	0.0	0.0	0.0	0.0	0.0
los	1726	1725	3442.105	3410.995	3426.55	3587.74	3296.47	3554.71	3267.28	3427.51
hgt	674	GCA.002298155.1.Bacteria.Acidobacteriota	2473.205	0.0	1236.6025	2675.97	2270.44	0.0	0.0	1337.985
los	None	dead	0.0	0.0	0.0	0.0	0.0	0.0	0.0	0.0
spe	1727	189	3460.76	3366.71	3413.735	3608.87	3312.65	3532.0	3201.42	3405.145
spe	189	185	3366.71	3290.735	3328.7225	3532.0	3201.42	3466.68	3114.79	3323.395
hgt	None	dead	0.0	0.0	0.0	0.0	0.0	0.0	0.0	0.0
hgt	1307	GCA.000987045.1.Bacteria.Firmicutes.B	2196.38	0.0	1098.19	2389.69	2003.07	0.0	0.0	1194.845
los	None	dead	0.0	0.0	0.0	0.0	0.0	0.0	0.0	0.0
hgt	None	dead	0.0	0.0	0.0	0.0	0.0	0.0	0.0	0.0
los	185	183	3290.735	3092.06	3191.3975	3466.68	3114.79	3327.02	2857.1	3161.89
hgt	1476	1454	2948.885	2633.59	2791.2375	3099.11	2798.66	2806.22	2460.96	2780.035
los	None	dead	0.0	0.0	0.0	0.0	0.0	0.0	0.0	0.0
spe	1476	1454	2948.885	2633.59	2791.2375	3099.11	2798.66	2806.22	2460.96	2780.035
spe	1454	1453	2633.59	2571.245	2602.4175	2806.22	2460.96	2752.52	2389.97	2598.095
los	1453	1449	2571.245	2414.175	2492.71	2752.52	2389.97	2615.97	2212.38	2482.45
spe	1453	1452	2571.245	2204.94	2388.0925	2752.52	2389.97	2468.84	1941.04	2346.78
los	1452	GCA.002423325.1.Bacteria.Chloroflexota	2204.94	0.0	1102.47	2468.84	1941.04	0.0	0.0	1234.42
spe	1454	1446	2633.59	2467.265	2550.4275	2806.22	2460.96	2650.86	2283.67	2544.945
los	1446	1440	2467.265	2358.68	2412.9725	2650.86	2283.67	2549.6	2167.76	2409.31
spe	1446	1445	2467.265	2304.44	2385.8525	2650.86	2283.67	2498.38	2110.5	2380.68
los	1445	GCA.003130875.1.Bacteria.Chloroflexota	2304.44	0.0	1152.22	2498.38	2110.5	0.0	0.0	1249.19
spe	1445	1444	2304.44	2137.48	2220.96	2498.38	2110.5	2354.92	1920.04	2209.21
los	1444	GCA.003451595.1.Bacteria.Chloroflexota	2137.48	0.0	1068.74	2354.92	1920.04	0.0	0.0	1177.46
hgt	None	dead	0.0	0.0	0.0	0.0	0.0	0.0	0.0	0.0
los	189	188	3366.71	3243.0	3304.855	3532.0	3201.42	3424.72	3061.28	3296.64
hgt	1274	1240	2802.895	2549.06	2675.9775	2951.21	2654.58	2730.4	2367.72	2659.465
los	None	dead	0.0	0.0	0.0	0.0	0.0	0.0	0.0	0.0
spe	1274	1240	2802.895	2549.06	2675.9775	2951.21	2654.58	2730.4	2367.72	2659.465
hgt	1271	1259	2346.495	2295.84	2321.1675	2509.82	2183.17	2463.94	2127.74	2318.78
hgt	1300	GCF.000620305.1.Bacteria.Firmicutes.B	2090.18	0.0	1045.09	2311.51	1868.85	0.0	0.0	1155.755
hgt	1333	GCA.002423965.1.Bacteria.Firmicutes.D	2457.61	0.0	1228.805	2627.39	2287.83	0.0	0.0	1313.695
spe	1271	1259	2346.495	2295.84	2321.1675	2509.82	2183.17	2463.94	2127.74	2318.78
spe	1259	1258	2295.84	2095.365	2195.6025	2463.94	2127.74	2279.66	1911.07	2187.505
los	1258	1257	2095.365	1906.6	2000.9825	2279.66	1911.07	2148.79	1664.41	1972.035
spe	1259	1253	2295.84	2190.3	2243.07	2463.94	2127.74	2369.36	2011.24	2237.59
hgt	1322	GCA.000961765.1.Bacteria.Firmicutes.B	2209.475	0.0	1104.7375	2414.01	2004.94	0.0	0.0	1207.005
los	1253	GCF.900142265.1.Bacteria.Firmicutes.A	2190.3	0.0	1095.15	2369.36	2011.24	0.0	0.0	1184.68
spe	1253	1252	2190.3	2040.145	2115.2225	2369.36	2011.24	2235.45	1844.84	2107.1
los	1252	1251	2040.145	1879.525	1959.835	2235.45	1844.84	2105.5	1653.55	1944.5
dup	None	dead	0.0	0.0	0.0	0.0	0.0	0.0	0.0	0.0
hgt	1438	GCA.002841995.1.Bacteria.Chloroflexota	1986.755	0.0	993.3775	2210.66	1762.85	0.0	0.0	1105.33
los	None	dead	0.0	0.0	0.0	0.0	0.0	0.0	0.0	0.0
hgt	857	GCA.002010915.1.Bacteria.Desulfobacterota	2515.41	0.0	1257.705	2699.69	2331.13	0.0	0.0	1349.845
los	None	dead	0.0	0.0	0.0	0.0	0.0	0.0	0.0	0.0
dup	None	dead	0.0	0.0	0.0	0.0	0.0	0.0	0.0	0.0
hgt	686	GCA.002451015.1.Bacteria.Acidobacteriota	2295.75	0.0	1147.875	2486.27	2105.23	0.0	0.0	1243.135
los	None	dead	0.0	0.0	0.0	0.0	0.0	0.0	0.0	0.0
hgt	888	887	2827.975	2727.215	2777.595	2977.09	2678.86	2881.55	2572.88	2774.985
los	None	dead	0.0	0.0	0.0	0.0	0.0	0.0	0.0	0.0
spe	888	887	2827.975	2727.215	2777.595	2977.09	2678.86	2881.55	2572.88	2774.985
spe	887	886	2727.215	2570.925	2649.07	2881.55	2572.88	2733.26	2408.59	2645.07
los	886	874	2570.925	2502.96	2536.9425	2733.26	2408.59	2671.83	2334.09	2533.675
spe	886	885	2570.925	2490.35	2530.6375	2733.26	2408.59	2660.72	2319.98	2526.62
los	885	884	2490.35	2409.27	2449.81	2660.72	2319.98	2585.68	2232.86	2446.79
spe	885	877	2490.35	2406.095	2448.2225	2660.72	2319.98	2589.76	2222.43	2441.575
los	877	GCF.000620765.1.Bacteria.Desulfobacterota.I	2406.095	0.0	1203.0475	2589.76	2222.43	0.0	0.0	1294.88
spe	887	863	2727.215	2597.055	2662.135	2881.55	2572.88	2762.98	2431.13	2656.34
los	863	862	2597.055	2368.33	2482.6925	2762.98	2431.13	2561.03	2175.63	2469.305
spe	863	857	2597.055	2515.41	2556.2325	2762.98	2431.13	2699.69	2331.13	2547.055
los	857	GCA.002010915.1.Bacteria.Desulfobacterota	2515.41	0.0	1257.705	2699.69	2331.13	0.0	0.0	1349.845
spe	1728	1727	0.0	3460.76	1730.38	0.0	0.0	3608.87	3312.65	1656.325
hgt	None	dead	0.0	0.0	0.0	0.0	0.0	0.0	0.0	0.0
hgt	133	GCA.000405685.1.Archaea.Thermoproteota	2194.065	0.0	1097.0325	2406.16	1981.97	0.0	0.0	1203.08
los	None	dead	0.0	0.0	0.0	0.0	0.0	0.0	0.0	0.0
spe	1727	1726	3460.76	3442.105	3451.4325	3608.87	3312.65	3587.74	3296.47	3452.67
spe	1726	1725	3442.105	3410.995	3426.55	3587.74	3296.47	3554.71	3267.28	3427.51
los	1725	1724	3410.995	3346.625	3378.81	3554.71	3267.28	3486.29	3206.96	3380.835
spe	1725	1393	3410.995	3339.09	3375.0425	3554.71	3267.28	3482.84	3195.34	3375.025
los	1393	1129	3339.09	3221.86	3280.475	3482.84	3195.34	3366.34	3077.38	3280.11
spe	1393	1392	3339.09	3284.295	3311.6925	3482.84	3195.34	3427.25	3141.34	3312.09
los	1392	1188	3284.295	3109.515	3196.905	3427.25	3141.34	3255.47	2963.56	3195.405
spe	1392	1391	3284.295	3133.07	3208.6825	3427.25	3141.34	3276.23	2989.91	3208.58
spe	1391	1211	3133.07	3013.88	3073.475	3276.23	2989.91	3161.44	2866.32	3071.275
los	1211	1199	3013.88	2856.305	2935.0925	3161.44	2866.32	3022.61	2690.0	2925.72
spe	1211	1210	3013.88	2923.75	2968.815	3161.44	2866.32	3079.2	2768.3	2964.87
los	1210	1204	2923.75	2772.985	2848.3675	3079.2	2768.3	2958.81	2587.16	2833.18
spe	1210	1209	2923.75	2688.15	2805.95	3079.2	2768.3	2886.59	2489.71	2784.455
los	1209	1208	2688.15	2545.345	2616.7475	2886.59	2489.71	2781.03	2309.66	2598.125
spe	1391	1390	3133.07	3070.6	3101.835	3276.23	2989.91	3212.43	2928.77	3102.5
spe	1390	1389	3070.6	3027.58	3049.09	3212.43	2928.77	3169.39	2885.77	3049.1
spe	1389	1237	3027.58	2784.985	2906.2825	3169.39	2885.77	2940.94	2629.03	2899.21
los	1237	1221	2784.985	2447.11	2616.0475	2940.94	2629.03	2673.77	2220.45	2580.695
spe	1237	1236	2784.985	2683.21	2734.0975	2940.94	2629.03	2852.16	2514.26	2727.6
los	1236	1228	2683.21	2573.425	2628.3175	2852.16	2514.26	2761.84	2385.01	2618.585
spe	1236	1235	2683.21	2501.715	2592.4625	2852.16	2514.26	2690.97	2312.46	2582.31
spe	1235	1234	2501.715	2299.215	2400.465	2690.97	2312.46	2516.49	2081.94	2386.455
hgt	1221	GCA.002375895.1.Bacteria.Firmicutes.E	2447.11	0.0	1223.555	2673.77	2220.45	0.0	0.0	1336.885
spe	1234	1233	2299.215	2039.805	2169.51	2516.49	2081.94	2298.21	1781.4	2148.945
spe	1389	1388	3027.58	2941.055	2984.3175	3169.39	2885.77	3082.24	2799.87	2984.63
hgt	1211	1210	3013.88	2923.75	2968.815	3161.44	2866.32	3079.2	2768.3	2964.87
los	1388	1274	2941.055	2802.895	2871.975	3082.24	2799.87	2951.21	2654.58	2868.41
spe	1211	1210	3013.88	2923.75	2968.815	3161.44	2866.32	3079.2	2768.3	2964.87
spe	1210	1209	2923.75	2688.15	2805.95	3079.2	2768.3	2886.59	2489.71	2784.455
los	1209	GCA.002452295.1.Bacteria.Firmicutes.G	2688.15	0.0	1344.075	2886.59	2489.71	0.0	0.0	1443.295
spe	1209	1208	2688.15	2545.345	2616.7475	2886.59	2489.71	2781.03	2309.66	2598.125
los	1208	GCA.900016865.1.Bacteria.Firmicutes.G	2545.345	0.0	1272.6725	2781.03	2309.66	0.0	0.0	1390.515
spe	1210	1204	2923.75	2772.985	2848.3675	3079.2	2768.3	2958.81	2587.16	2833.18
los	1204	GCA.002426645.1.Bacteria.Firmicutes.G	2772.985	0.0	1386.4925	2958.81	2587.16	0.0	0.0	1479.405
spe	1204	1203	2772.985	2369.03	2571.0075	2958.81	2587.16	2635.9	2102.16	2530.485
los	1203	GCA.002409975.1.Bacteria.Firmicutes.G	2369.03	0.0	1184.515	2635.9	2102.16	0.0	0.0	1317.95
spe	1388	1387	2941.055	2902.155	2921.605	3082.24	2799.87	3045.04	2759.27	2920.755
los	1387	1386	2902.155	2794.775	2848.465	3045.04	2759.27	2939.61	2649.94	2847.49
spe	1387	1327	2902.155	2828.71	2865.4325	3045.04	2759.27	2972.74	2684.68	2864.86
spe	1327	1289	2828.71	2635.61	2732.16	2972.74	2684.68	2795.95	2475.27	2724.005
los	1289	1288	2635.61	2207.725	2421.6675	2795.95	2475.27	2392.63	2022.82	2409.385
spe	1327	1326	2828.71	2719.225	2773.9675	2972.74	2684.68	2868.22	2570.23	2771.485
los	1326	1292	2719.225	2370.88	2545.0525	2868.22	2570.23	2569.61	2172.15	2520.185
spe	1326	1325	2719.225	2604.385	2661.805	2868.22	2570.23	2756.95	2451.82	2660.02
los	1325	1297	2604.385	2420.65	2512.5175	2756.95	2451.82	2602.22	2239.08	2498.015
spe	1325	1324	2604.385	2536.255	2570.32	2756.95	2451.82	2694.52	2377.99	2567.47
los	1324	1323	2536.255	2478.3	2507.2775	2694.52	2377.99	2641.49	2315.11	2504.815
spe	1324	1308	2536.255	2377.745	2457.0	2694.52	2377.99	2550.36	2205.13	2449.825
los	1308	1307	2377.745	2196.38	2287.0625	2550.36	2205.13	2389.69	2003.07	2276.715
spe	1308	1300	2377.745	2090.18	2233.9625	2550.36	2205.13	2311.51	1868.85	2209.605
los	1300	GCA.002418765.1.Bacteria.Firmicutes.B	2090.18	0.0	1045.09	2311.51	1868.85	0.0	0.0	1155.755
hgt	None	dead	0.0	0.0	0.0	0.0	0.0	0.0	0.0	0.0
hgt	1667	GCA.003503675.1.Bacteria.Cyanobacteria	2851.115	0.0	1425.5575	2991.25	2710.98	0.0	0.0	1495.625
los	None	dead	0.0	0.0	0.0	0.0	0.0	0.0	0.0	0.0
hgt	None	dead	0.0	0.0	0.0	0.0	0.0	0.0	0.0	0.0
los	1390	1218	3070.6	2947.155	3008.8775	3212.43	2928.77	3097.7	2796.61	3004.52
hgt	1312	GCF.002607855.1.Bacteria.Firmicutes.B	2058.365	0.0	1029.1825	2278.56	1838.17	0.0	0.0	1139.28
los	None	dead	0.0	0.0	0.0	0.0	0.0	0.0	0.0	0.0
spe	1726	1094	3442.105	3407.45	3424.7775	3587.74	3296.47	3553.34	3261.56	3424.65
hgt	None	dead	0.0	0.0	0.0	0.0	0.0	0.0	0.0	0.0
los	1094	1048	3407.45	3324.645	3366.0475	3553.34	3261.56	3468.94	3180.35	3366.845
hgt	1004	GCA.001775395.1.Bacteria.Zixibacteria	2154.39	0.0	1077.195	2391.17	1917.61	0.0	0.0	1195.585
los	None	dead	0.0	0.0	0.0	0.0	0.0	0.0	0.0	0.0
spe	1094	1093	3407.45	3335.31	3371.38	3553.34	3261.56	3481.64	3188.98	3371.16
spe	1093	1092	3335.31	3257.545	3296.4275	3481.64	3188.98	3404.95	3110.14	3295.89
los	1092	1091	3257.545	3200.245	3228.895	3404.95	3110.14	3351.29	3049.2	3227.075
spe	1092	1058	3257.545	2874.585	3066.065	3404.95	3110.14	3067.3	2681.87	3043.41
los	1058	GCF.000233775.1.Bacteria.Synergistota	2874.585	0.0	1437.2925	3067.3	2681.87	0.0	0.0	1533.65
hgt	None	dead	0.0	0.0	0.0	0.0	0.0	0.0	0.0	0.0
los	1093	1055	3335.31	3175.955	3255.6325	3481.64	3188.98	3349.14	3002.77	3242.205
hgt	1449	GCA.002366595.1.Bacteria.Chloroflexota	2414.175	0.0	1207.0875	2615.97	2212.38	0.0	0.0	1307.985
los	None	dead	0.0	0.0	0.0	0.0	0.0	0.0	0.0	0.0
dup	1449	GCA.002366595.1.Bacteria.Chloroflexota	2414.175	0.0	1207.0875	2615.97	2212.38	0.0	0.0	1307.985
hgt	None	dead	0.0	0.0	0.0	0.0	0.0	0.0	0.0	0.0
hgt	118	GCA.001593855.1.Archaea.Thermoproteota	2278.345	0.0	1139.1725	2478.81	2077.88	0.0	0.0	1239.405
los	None	dead	0.0	0.0	0.0	0.0	0.0	0.0	0.0	0.0
hgt	None	dead	0.0	0.0	0.0	0.0	0.0	0.0	0.0	0.0
los	1727	189	3460.76	3366.71	3413.735	3608.87	3312.65	3532.0	3201.42	3405.145
hgt	898	897	3060.73	3021.29	3041.01	3206.1	2915.36	3166.46	2876.12	3041.11
los	None	dead	0.0	0.0	0.0	0.0	0.0	0.0	0.0	0.0
spe	898	897	3060.73	3021.29	3041.01	3206.1	2915.36	3166.46	2876.12	3041.11
spe	897	896	3021.29	2913.21	2967.25	3166.46	2876.12	3068.25	2758.17	2962.315
los	896	892	2913.21	2624.55	2768.88	3068.25	2758.17	2832.73	2416.37	2742.31
spe	896	895	2913.21	2668.13	2790.67	3068.25	2758.17	2862.76	2473.5	2770.875
los	895	GCA.000739515.1.Bacteria.Moduliflexota	2668.13	0.0	1334.065	2862.76	2473.5	0.0	0.0	1431.38
spe	897	889	3021.29	2916.985	2969.1375	3166.46	2876.12	3062.93	2771.04	2968.75
spe	889	843	2916.985	2862.71	2889.8475	3062.93	2771.04	3010.27	2715.15	2889.04
los	843	783	2862.71	2802.765	2832.7375	3010.27	2715.15	2953.24	2652.29	2831.28
spe	843	842	2862.71	2805.65	2834.18	3010.27	2715.15	2954.3	2657.0	2833.635
los	842	798	2805.65	2657.78	2731.715	2954.3	2657.0	2816.13	2499.43	2726.865
spe	842	841	2805.65	2762.435	2784.0425	2954.3	2657.0	2914.26	2610.61	2782.455
los	841	840	2762.435	2651.205	2706.82	2914.26	2610.61	2807.06	2495.35	2704.805
spe	841	801	2762.435	2578.84	2670.6375	2914.26	2610.61	2754.6	2403.08	2658.67
los	801	GCA.002328485.1.Bacteria.Desulfobacterota.G	2578.84	0.0	1289.42	2754.6	2403.08	0.0	0.0	1377.3
spe	889	888	2916.985	2827.975	2872.48	3062.93	2771.04	2977.09	2678.86	2870.895
los	888	854	2827.975	2738.145	2783.06	2977.09	2678.86	2894.15	2582.14	2779.615
spe	888	887	2827.975	2727.215	2777.595	2977.09	2678.86	2881.55	2572.88	2774.985
los	887	886	2727.215	2570.925	2649.07	2881.55	2572.88	2733.26	2408.59	2645.07
spe	887	863	2727.215	2597.055	2662.135	2881.55	2572.88	2762.98	2431.13	2656.34
los	863	857	2597.055	2515.41	2556.2325	2762.98	2431.13	2699.69	2331.13	2547.055
spe	863	862	2597.055	2368.33	2482.6925	2762.98	2431.13	2561.03	2175.63	2469.305
los	862	GCA.002782605.1.Bacteria.Desulfobacterota	2368.33	0.0	1184.165	2561.03	2175.63	0.0	0.0	1280.515
spe	862	861	2368.33	2265.965	2317.1475	2561.03	2175.63	2474.98	2056.95	2308.99
los	861	GCA.001304105.1.Bacteria.Desulfobacterota	2265.965	0.0	1132.9825	2474.98	2056.95	0.0	0.0	1237.49
dup	None	dead	0.0	0.0	0.0	0.0	0.0	0.0	0.0	0.0
hgt	902	901	3241.035	3194.215	3217.625	3385.47	3096.6	3337.52	3050.91	3218.19
los	None	dead	0.0	0.0	0.0	0.0	0.0	0.0	0.0	0.0
spe	902	901	3241.035	3194.215	3217.625	3385.47	3096.6	3337.52	3050.91	3218.19
spe	901	663	3194.215	3149.67	3171.9425	3337.52	3050.91	3293.35	3005.99	3171.755
los	663	662	3149.67	3108.12	3128.895	3293.35	3005.99	3252.87	2963.37	3128.36
spe	663	397	3149.67	3038.98	3094.325	3293.35	3005.99	3186.65	2891.31	3092.33
los	397	396	3038.98	2831.62	2935.3	3186.65	2891.31	2997.63	2665.61	2926.13
spe	901	900	3194.215	3136.94	3165.5775	3337.52	3050.91	3280.99	2992.89	3165.205
spe	900	899	3136.94	3089.895	3113.4175	3280.99	2992.89	3234.81	2944.98	3112.985
los	899	743	3089.895	3035.675	3062.785	3234.81	2944.98	3181.51	2889.84	3062.325
spe	899	898	3089.895	3060.73	3075.3125	3234.81	2944.98	3206.1	2915.36	3075.085
spe	898	756	3060.73	2888.115	2974.4225	3206.1	2915.36	3046.49	2729.74	2967.92
spe	756	754	2888.115	2746.525	2817.32	3046.49	2729.74	2912.14	2580.91	2813.7
hgt	888	887	2827.975	2727.215	2777.595	2977.09	2678.86	2881.55	2572.88	2774.985
spe	754	753	2746.525	2583.27	2664.8975	2912.14	2580.91	2768.8	2397.74	2654.94
los	753	751	2583.27	2475.955	2529.6125	2768.8	2397.74	2677.33	2274.58	2521.69
spe	888	887	2827.975	2727.215	2777.595	2977.09	2678.86	2881.55	2572.88	2774.985
spe	887	863	2727.215	2597.055	2662.135	2881.55	2572.88	2762.98	2431.13	2656.34
los	863	862	2597.055	2368.33	2482.6925	2762.98	2431.13	2561.03	2175.63	2469.305
spe	863	857	2597.055	2515.41	2556.2325	2762.98	2431.13	2699.69	2331.13	2547.055
los	857	GCA.002010915.1.Bacteria.Desulfobacterota	2515.41	0.0	1257.705	2699.69	2331.13	0.0	0.0	1349.845
spe	887	886	2727.215	2570.925	2649.07	2881.55	2572.88	2733.26	2408.59	2645.07
hgt	1425	GCA.003229915.1.Bacteria.Chloroflexota	2515.535	0.0	1257.7675	2693.95	2337.12	0.0	0.0	1346.975
los	886	874	2570.925	2502.96	2536.9425	2733.26	2408.59	2671.83	2334.09	2533.675
spe	886	885	2570.925	2490.35	2530.6375	2733.26	2408.59	2660.72	2319.98	2526.62
los	885	884	2490.35	2409.27	2449.81	2660.72	2319.98	2585.68	2232.86	2446.79
spe	885	877	2490.35	2406.095	2448.2225	2660.72	2319.98	2589.76	2222.43	2441.575
los	877	GCF.000620765.1.Bacteria.Desulfobacterota.I	2406.095	0.0	1203.0475	2589.76	2222.43	0.0	0.0	1294.88
hgt	None	dead	0.0	0.0	0.0	0.0	0.0	0.0	0.0	0.0
los	754	746	2746.525	2548.44	2647.4825	2912.14	2580.91	2767.72	2329.16	2620.65
hgt	873	871	2374.525	2172.555	2273.54	2555.16	2193.89	2382.24	1962.87	2259.015
los	None	dead	0.0	0.0	0.0	0.0	0.0	0.0	0.0	0.0
spe	873	871	2374.525	2172.555	2273.54	2555.16	2193.89	2382.24	1962.87	2259.015
spe	898	897	3060.73	3021.29	3041.01	3206.1	2915.36	3166.46	2876.12	3041.11
hgt	None	dead	0.0	0.0	0.0	0.0	0.0	0.0	0.0	0.0
hgt	1296	GCA.001513545.1.Bacteria.Firmicutes.B	2280.145	0.0	1140.0725	2486.05	2074.24	0.0	0.0	1243.025
los	None	dead	0.0	0.0	0.0	0.0	0.0	0.0	0.0	0.0
hgt	1476	1454	2948.885	2633.59	2791.2375	3099.11	2798.66	2806.22	2460.96	2780.035
los	897	896	3021.29	2913.21	2967.25	3166.46	2876.12	3068.25	2758.17	2962.315
spe	1476	1454	2948.885	2633.59	2791.2375	3099.11	2798.66	2806.22	2460.96	2780.035
spe	1454	1453	2633.59	2571.245	2602.4175	2806.22	2460.96	2752.52	2389.97	2598.095
los	1453	1449	2571.245	2414.175	2492.71	2752.52	2389.97	2615.97	2212.38	2482.45
spe	1453	1452	2571.245	2204.94	2388.0925	2752.52	2389.97	2468.84	1941.04	2346.78
los	1452	GCA.002348045.1.Bacteria.Chloroflexota	2204.94	0.0	1102.47	2468.84	1941.04	0.0	0.0	1234.42
spe	1454	1446	2633.59	2467.265	2550.4275	2806.22	2460.96	2650.86	2283.67	2544.945
spe	1446	1445	2467.265	2304.44	2385.8525	2650.86	2283.67	2498.38	2110.5	2380.68
los	1445	1444	2304.44	2137.48	2220.96	2498.38	2110.5	2354.92	1920.04	2209.21
hgt	None	dead	0.0	0.0	0.0	0.0	0.0	0.0	0.0	0.0
los	1446	1440	2467.265	2358.68	2412.9725	2650.86	2283.67	2549.6	2167.76	2409.31
hgt	113	GCA.001593865.1.Archaea.Thermoproteota	2352.095	0.0	1176.0475	2536.91	2167.28	0.0	0.0	1268.455
los	None	dead	0.0	0.0	0.0	0.0	0.0	0.0	0.0	0.0
spe	897	889	3021.29	2916.985	2969.1375	3166.46	2876.12	3062.93	2771.04	2968.75
hgt	None	dead	0.0	0.0	0.0	0.0	0.0	0.0	0.0	0.0
los	889	843	2916.985	2862.71	2889.8475	3062.93	2771.04	3010.27	2715.15	2889.04
hgt	686	GCA.002451015.1.Bacteria.Acidobacteriota	2295.75	0.0	1147.875	2486.27	2105.23	0.0	0.0	1243.135
los	None	dead	0.0	0.0	0.0	0.0	0.0	0.0	0.0	0.0
spe	889	888	2916.985	2827.975	2872.48	3062.93	2771.04	2977.09	2678.86	2870.895
spe	888	887	2827.975	2727.215	2777.595	2977.09	2678.86	2881.55	2572.88	2774.985
los	887	886	2727.215	2570.925	2649.07	2881.55	2572.88	2733.26	2408.59	2645.07
spe	887	863	2727.215	2597.055	2662.135	2881.55	2572.88	2762.98	2431.13	2656.34
los	863	862	2597.055	2368.33	2482.6925	2762.98	2431.13	2561.03	2175.63	2469.305
spe	863	857	2597.055	2515.41	2556.2325	2762.98	2431.13	2699.69	2331.13	2547.055
los	857	GCA.002010915.1.Bacteria.Desulfobacterota	2515.41	0.0	1257.705	2699.69	2331.13	0.0	0.0	1349.845
hgt	None	dead	0.0	0.0	0.0	0.0	0.0	0.0	0.0	0.0
los	888	854	2827.975	2738.145	2783.06	2977.09	2678.86	2894.15	2582.14	2779.615
hgt	1191	GCA.002408345.1.Bacteria.Firmicutes.G	2563.43	0.0	1281.715	2804.32	2322.54	0.0	0.0	1402.16
los	None	dead	0.0	0.0	0.0	0.0	0.0	0.0	0.0	0.0
dup	1191	GCA.002408345.1.Bacteria.Firmicutes.G	2563.43	0.0	1281.715	2804.32	2322.54	0.0	0.0	1402.16
dup	1191	GCA.002408345.1.Bacteria.Firmicutes.G	2563.43	0.0	1281.715	2804.32	2322.54	0.0	0.0	1402.16
hgt	91	GCA.003034855.1.Archaea.Halobacteriota	2548.71	0.0	1274.355	2710.79	2386.63	0.0	0.0	1355.395
hgt	1216	GCF.000020005.1.Bacteria.Firmicutes.D	2550.05	0.0	1275.025	2764.74	2335.36	0.0	0.0	1382.37
hgt	None	dead	0.0	0.0	0.0	0.0	0.0	0.0	0.0	0.0
hgt	1453	1449	2571.245	2414.175	2492.71	2752.52	2389.97	2615.97	2212.38	2482.45
los	None	dead	0.0	0.0	0.0	0.0	0.0	0.0	0.0	0.0
dup	1453	1449	2571.245	2414.175	2492.71	2752.52	2389.97	2615.97	2212.38	2482.45
spe	1453	1449	2571.245	2414.175	2492.71	2752.52	2389.97	2615.97	2212.38	2482.45
los	1449	GCA.002400365.1.Bacteria.Chloroflexota	2414.175	0.0	1207.0875	2615.97	2212.38	0.0	0.0	1307.985
hgt	124	123	2576.715	2509.405	2543.06	2744.68	2408.75	2676.61	2342.2	2543.44
hgt	1325	1324	2604.385	2536.255	2570.32	2756.95	2451.82	2694.52	2377.99	2567.47
spe	1453	1449	2571.245	2414.175	2492.71	2752.52	2389.97	2615.97	2212.38	2482.45
los	1449	GCA.002366595.1.Bacteria.Chloroflexota	2414.175	0.0	1207.0875	2615.97	2212.38	0.0	0.0	1307.985
spe	1325	1324	2604.385	2536.255	2570.32	2756.95	2451.82	2694.52	2377.99	2567.47
spe	1324	1308	2536.255	2377.745	2457.0	2694.52	2377.99	2550.36	2205.13	2449.825
los	1308	1300	2377.745	2090.18	2233.9625	2550.36	2205.13	2311.51	1868.85	2209.605
spe	1308	1307	2377.745	2196.38	2287.0625	2550.36	2205.13	2389.69	2003.07	2276.715
los	1307	1305	2196.38	2012.42	2104.4	2389.69	2003.07	2240.7	1784.14	2086.915
spe	1324	1323	2536.255	2478.3	2507.2775	2694.52	2377.99	2641.49	2315.11	2504.815
los	1323	1319	2478.3	2388.655	2433.4775	2641.49	2315.11	2562.17	2215.14	2428.315
spe	1323	1322	2478.3	2209.475	2343.8875	2641.49	2315.11	2414.01	2004.94	2323.215
los	1322	GCA.001512665.1.Bacteria.Firmicutes.B	2209.475	0.0	1104.7375	2414.01	2004.94	0.0	0.0	1207.005
hgt	38	GCF.002214485.1.Archaea.Methanobacteriota.B	2538.31	0.0	1269.155	2727.65	2348.97	0.0	0.0	1363.825
spe	124	123	2576.715	2509.405	2543.06	2744.68	2408.75	2676.61	2342.2	2543.44
spe	123	113	2509.405	2352.095	2430.75	2676.61	2342.2	2536.91	2167.28	2421.945
los	113	GCA.002255025.1.Archaea.Thermoproteota	2352.095	0.0	1176.0475	2536.91	2167.28	0.0	0.0	1268.455
spe	123	122	2509.405	2416.7	2463.0525	2676.61	2342.2	2593.5	2239.9	2458.255
los	122	121	2416.7	2129.565	2273.1325	2593.5	2239.9	2347.3	1911.83	2252.665
spe	122	118	2416.7	2278.345	2347.5225	2593.5	2239.9	2478.81	2077.88	2335.69
los	118	GCA.001593855.1.Archaea.Thermoproteota	2278.345	0.0	1139.1725	2478.81	2077.88	0.0	0.0	1239.405
spe	118	116	2278.345	1726.54	2002.4425	2478.81	2077.88	2006.45	1446.63	1962.72
dup	116	GCA.001774245.1.Archaea.Thermoproteota	1726.54	0.0	863.27	2006.45	1446.63	0.0	0.0	1003.225
dup	116	GCA.001774245.1.Archaea.Thermoproteota	1726.54	0.0	863.27	2006.45	1446.63	0.0	0.0	1003.225
hgt	99	GCF.000092185.1.Archaea.Thermoproteota	2047.925	0.0	1023.9625	2262.48	1833.37	0.0	0.0	1131.24
hgt	None	dead	0.0	0.0	0.0	0.0	0.0	0.0	0.0	0.0
hgt	877	GCA.001797675.1.Bacteria.Desulfobacterota	2406.095	0.0	1203.0475	2589.76	2222.43	0.0	0.0	1294.88
los	None	dead	0.0	0.0	0.0	0.0	0.0	0.0	0.0	0.0
hgt	None	dead	0.0	0.0	0.0	0.0	0.0	0.0	0.0	0.0
los	900	716	3136.94	2935.17	3036.055	3280.99	2992.89	3084.96	2785.38	3033.185
hgt	1006	GCA.001302725.1.Bacteria.Zixibacteria	2321.235	0.0	1160.6175	2532.44	2110.03	0.0	0.0	1266.22
los	None	dead	0.0	0.0	0.0	0.0	0.0	0.0	0.0	0.0
dup	None	dead	0.0	0.0	0.0	0.0	0.0	0.0	0.0	0.0
hgt	121	GCA.001775995.1.Archaea.Thermoproteota	2129.565	0.0	1064.7825	2347.3	1911.83	0.0	0.0	1173.65
los	None	dead	0.0	0.0	0.0	0.0	0.0	0.0	0.0	0.0
dup	None	dead	0.0	0.0	0.0	0.0	0.0	0.0	0.0	0.0
hgt	133	GCA.000405685.1.Archaea.Thermoproteota	2194.065	0.0	1097.0325	2406.16	1981.97	0.0	0.0	1203.08
los	None	dead	0.0	0.0	0.0	0.0	0.0	0.0	0.0	0.0
hgt	1233	GCA.002291985.1.Bacteria.Firmicutes.E	2039.805	0.0	1019.9025	2298.21	1781.4	0.0	0.0	1149.105
los	None	dead	0.0	0.0	0.0	0.0	0.0	0.0	0.0	0.0
spe	None	1728	0.0	0.0	0.0	0.0	0.0	0.0	0.0	0.0
spe	1728	180	0.0	3255.375	1627.6875	0.0	0.0	3445.13	3065.62	1532.81
los	180	GCA.001889985.1.Archaea.Micrarchaeota	3255.375	0.0	1627.6875	3445.13	3065.62	0.0	0.0	1722.565
spe	180	179	3255.375	3169.885	3212.63	3445.13	3065.62	3333.21	3006.56	3225.845
spe	179	23	3169.885	3101.2	3135.5425	3333.21	3006.56	3270.33	2932.07	3132.64
los	23	22	3101.2	3020.33	3060.765	3270.33	2932.07	3194.53	2846.13	3058.23
spe	23	5	3101.2	3010.19	3055.695	3270.33	2932.07	3191.38	2829.0	3049.665
los	5	4	3010.19	2888.82	2949.505	3191.38	2829.0	3091.64	2686.0	2938.69
spe	179	178	3169.885	3109.52	3139.7025	3333.21	3006.56	3270.62	2948.42	3140.815
los	178	32	3109.52	2887.43	2998.475	3270.62	2948.42	3067.58	2707.28	2988.95
dup	178	177	3109.52	2987.475	3048.4975	3270.62	2948.42	3145.38	2829.57	3050.095
spe	178	177	3109.52	2987.475	3048.4975	3270.62	2948.42	3145.38	2829.57	3050.095
spe	177	176	2987.475	2870.105	2928.79	3145.38	2829.57	3029.57	2710.64	2928.01
spe	176	175	2870.105	2794.775	2832.44	3029.57	2710.64	2957.01	2632.54	2831.055
spe	175	143	2794.775	2511.185	2652.98	2957.01	2632.54	2712.39	2309.98	2633.495
los	143	GCA.001940655.1.Archaea.Asgardarchaeota	2511.185	0.0	1255.5925	2712.39	2309.98	0.0	0.0	1356.195
spe	175	174	2794.775	2722.305	2758.54	2957.01	2632.54	2888.31	2556.3	2756.655
los	174	GCA.001940665.1.Archaea.Asgardarchaeota	2722.305	0.0	1361.1525	2888.31	2556.3	0.0	0.0	1444.155
spe	174	173	2722.305	2663.205	2692.755	2888.31	2556.3	2836.93	2489.48	2688.895
los	173	172	2663.205	1793.615	2228.41	2836.93	2489.48	1989.34	1597.89	2217.41
spe	173	151	2663.205	2556.275	2609.74	2836.93	2489.48	2731.6	2380.95	2608.94
spe	151	150	2556.275	2169.605	2362.94	2731.6	2380.95	2389.82	1949.39	2340.495
los	150	GCA.001940645.1.Archaea.Asgardarchaeota	2169.605	0.0	1084.8025	2389.82	1949.39	0.0	0.0	1194.91
spe	151	147	2556.275	2281.01	2418.6425	2731.6	2380.95	2488.59	2073.43	2402.515
los	147	GCA.001940725.1.Archaea.Asgardarchaeota	2281.01	0.0	1140.505	2488.59	2073.43	0.0	0.0	1244.295
spe	176	140	2870.105	2794.965	2832.535	3029.57	2710.64	2954.89	2635.04	2832.305
hgt	38	GCF.002214485.1.Archaea.Methanobacteriota.B	2538.31	0.0	1269.155	2727.65	2348.97	0.0	0.0	1363.825
los	140	GCF.000019605.1.Archaea.Thermoproteota	2794.965	0.0	1397.4825	2954.89	2635.04	0.0	0.0	1477.445
spe	140	139	2794.965	2746.6	2770.7825	2954.89	2635.04	2906.36	2586.84	2770.865
los	139	138	2746.6	2683.72	2715.16	2906.36	2586.84	2844.85	2522.59	2714.475
spe	139	109	2746.6	2611.625	2679.1125	2906.36	2586.84	2779.64	2443.61	2674.985
los	109	108	2611.625	2433.705	2522.665	2779.64	2443.61	2622.16	2245.25	2512.445
spe	109	103	2611.625	2372.465	2492.045	2779.64	2443.61	2552.61	2192.32	2485.98
los	103	GCA.002254745.1.Archaea.Thermoproteota	2372.465	0.0	1186.2325	2552.61	2192.32	0.0	0.0	1276.305
spe	103	101	2372.465	2213.35	2292.9075	2552.61	2192.32	2410.41	2016.29	2284.45
los	101	GCF.000011205.1.Archaea.Thermoproteota	2213.35	0.0	1106.675	2410.41	2016.29	0.0	0.0	1205.205
spe	101	99	2213.35	2047.925	2130.6375	2410.41	2016.29	2262.48	1833.37	2121.89
los	99	GCF.000092185.1.Archaea.Thermoproteota	2047.925	0.0	1023.9625	2262.48	1833.37	0.0	0.0	1131.24
spe	177	95	2987.475	2895.515	2941.495	3145.38	2829.57	3052.55	2738.48	2941.93
spe	95	39	2895.515	2772.035	2833.775	3052.55	2738.48	2935.32	2608.75	2830.65
los	39	35	2772.035	2625.215	2698.625	2935.32	2608.75	2814.09	2436.34	2685.83
spe	39	38	2772.035	2538.31	2655.1725	2935.32	2608.75	2727.65	2348.97	2642.145
los	38	GCF.002214485.1.Archaea.Methanobacteriota.B	2538.31	0.0	1269.155	2727.65	2348.97	0.0	0.0	1363.825
hgt	None	dead	0.0	0.0	0.0	0.0	0.0	0.0	0.0	0.0
hgt	877	GCF.000620765.1.Bacteria.Desulfobacterota.I	2406.095	0.0	1203.0475	2589.76	2222.43	0.0	0.0	1294.88
los	None	dead	0.0	0.0	0.0	0.0	0.0	0.0	0.0	0.0
hgt	None	dead	0.0	0.0	0.0	0.0	0.0	0.0	0.0	0.0
hgt	1216	GCF.000020005.1.Bacteria.Firmicutes.D	2550.05	0.0	1275.025	2764.74	2335.36	0.0	0.0	1382.37
los	None	dead	0.0	0.0	0.0	0.0	0.0	0.0	0.0	0.0
hgt	None	dead	0.0	0.0	0.0	0.0	0.0	0.0	0.0	0.0
los	95	94	2895.515	2874.54	2885.0275	3052.55	2738.48	3031.65	2717.43	2884.99
hgt	1326	1325	2719.225	2604.385	2661.805	2868.22	2570.23	2756.95	2451.82	2660.02
los	None	dead	0.0	0.0	0.0	0.0	0.0	0.0	0.0	0.0
spe	1326	1325	2719.225	2604.385	2661.805	2868.22	2570.23	2756.95	2451.82	2660.02
spe	1325	1324	2604.385	2536.255	2570.32	2756.95	2451.82	2694.52	2377.99	2567.47
los	1324	1308	2536.255	2377.745	2457.0	2694.52	2377.99	2550.36	2205.13	2449.825
spe	1324	1323	2536.255	2478.3	2507.2775	2694.52	2377.99	2641.49	2315.11	2504.815
los	1323	1319	2478.3	2388.655	2433.4775	2641.49	2315.11	2562.17	2215.14	2428.315
spe	1323	1322	2478.3	2209.475	2343.8875	2641.49	2315.11	2414.01	2004.94	2323.215
los	1322	GCA.001512665.1.Bacteria.Firmicutes.B	2209.475	0.0	1104.7375	2414.01	2004.94	0.0	0.0	1207.005
spe	1325	1297	2604.385	2420.65	2512.5175	2756.95	2451.82	2602.22	2239.08	2498.015
los	1297	GCA.002329495.1.Bacteria.Firmicutes.B	2420.65	0.0	1210.325	2602.22	2239.08	0.0	0.0	1301.11
spe	1297	1296	2420.65	2280.145	2350.3975	2602.22	2239.08	2486.05	2074.24	2338.23
los	1296	GCA.001513545.1.Bacteria.Firmicutes.B	2280.145	0.0	1140.0725	2486.05	2074.24	0.0	0.0	1243.025
spe	178	177	3109.52	2987.475	3048.4975	3270.62	2948.42	3145.38	2829.57	3050.095
spe	177	95	2987.475	2895.515	2941.495	3145.38	2829.57	3052.55	2738.48	2941.93
spe	95	39	2895.515	2772.035	2833.775	3052.55	2738.48	2935.32	2608.75	2830.65
los	39	35	2772.035	2625.215	2698.625	2935.32	2608.75	2814.09	2436.34	2685.83
spe	39	38	2772.035	2538.31	2655.1725	2935.32	2608.75	2727.65	2348.97	2642.145
los	38	GCF.002214485.1.Archaea.Methanobacteriota.B	2538.31	0.0	1269.155	2727.65	2348.97	0.0	0.0	1363.825
hgt	None	dead	0.0	0.0	0.0	0.0	0.0	0.0	0.0	0.0
los	95	94	2895.515	2874.54	2885.0275	3052.55	2738.48	3031.65	2717.43	2884.99
hgt	80	GCF.002114285.1.Archaea.Halobacteriota	2032.885	0.0	1016.4425	2234.17	1831.6	0.0	0.0	1117.085
los	None	dead	0.0	0.0	0.0	0.0	0.0	0.0	0.0	0.0
spe	177	176	2987.475	2870.105	2928.79	3145.38	2829.57	3029.57	2710.64	2928.01
spe	176	175	2870.105	2794.775	2832.44	3029.57	2710.64	2957.01	2632.54	2831.055
hgt	None	dead	0.0	0.0	0.0	0.0	0.0	0.0	0.0	0.0
hgt	113	GCA.002255025.1.Archaea.Thermoproteota	2352.095	0.0	1176.0475	2536.91	2167.28	0.0	0.0	1268.455
los	None	dead	0.0	0.0	0.0	0.0	0.0	0.0	0.0	0.0
hgt	1058	GCF.000233775.1.Bacteria.Synergistota	2874.585	0.0	1437.2925	3067.3	2681.87	0.0	0.0	1533.65
hgt	1240	GCA.002376045.1.Bacteria.Firmicutes.A	2549.06	0.0	1274.53	2730.4	2367.72	0.0	0.0	1365.2
hgt	199	GCA.003527405.1.Bacteria.Atribacterota	2950.105	0.0	1475.0525	3113.46	2786.75	0.0	0.0	1556.73
los	175	143	2794.775	2511.185	2652.98	2957.01	2632.54	2712.39	2309.98	2633.495
spe	175	174	2794.775	2722.305	2758.54	2957.01	2632.54	2888.31	2556.3	2756.655
hgt	65	GCA.001595885.1.Archaea.Thermoplasmatota	1926.01	0.0	963.005	2135.57	1716.45	0.0	0.0	1067.785
los	174	GCA.001940665.1.Archaea.Asgardarchaeota	2722.305	0.0	1361.1525	2888.31	2556.3	0.0	0.0	1444.155
spe	174	173	2722.305	2663.205	2692.755	2888.31	2556.3	2836.93	2489.48	2688.895
spe	173	151	2663.205	2556.275	2609.74	2836.93	2489.48	2731.6	2380.95	2608.94
spe	151	147	2556.275	2281.01	2418.6425	2731.6	2380.95	2488.59	2073.43	2402.515
los	147	GCA.001940725.1.Archaea.Asgardarchaeota	2281.01	0.0	1140.505	2488.59	2073.43	0.0	0.0	1244.295
spe	151	150	2556.275	2169.605	2362.94	2731.6	2380.95	2389.82	1949.39	2340.495
los	150	GCA.001940645.1.Archaea.Asgardarchaeota	2169.605	0.0	1084.8025	2389.82	1949.39	0.0	0.0	1194.91
hgt	916	914	2789.015	2640.515	2714.765	2968.85	2609.18	2841.11	2439.92	2704.385
los	173	172	2663.205	1793.615	2228.41	2836.93	2489.48	1989.34	1597.89	2217.41
spe	916	914	2789.015	2640.515	2714.765	2968.85	2609.18	2841.11	2439.92	2704.385
hgt	None	dead	0.0	0.0	0.0	0.0	0.0	0.0	0.0	0.0
spe	176	140	2870.105	2794.965	2832.535	3029.57	2710.64	2954.89	2635.04	2832.305
hgt	1180	1179	2587.79	2376.455	2482.1225	2773.12	2402.46	2575.79	2177.12	2475.12
hgt	None	dead	0.0	0.0	0.0	0.0	0.0	0.0	0.0	0.0
spe	1180	1179	2587.79	2376.455	2482.1225	2773.12	2402.46	2575.79	2177.12	2475.12
spe	1179	1178	2376.455	2241.835	2309.145	2575.79	2177.12	2458.12	2025.55	2300.67
los	1178	1177	2241.835	2055.195	2148.515	2458.12	2025.55	2300.55	1809.84	2133.98
spe	1179	1173	2376.455	2194.99	2285.7225	2575.79	2177.12	2420.07	1969.91	2272.85
los	1173	GCA.002897715.1.Bacteria.Actinobacteriota	2194.99	0.0	1097.495	2420.07	1969.91	0.0	0.0	1210.035
dup	None	dead	0.0	0.0	0.0	0.0	0.0	0.0	0.0	0.0
hgt	1307	GCA.000987045.1.Bacteria.Firmicutes.B	2196.38	0.0	1098.19	2389.69	2003.07	0.0	0.0	1194.845
los	None	dead	0.0	0.0	0.0	0.0	0.0	0.0	0.0	0.0
hgt	1251	GCA.900066305.1.Bacteria.Firmicutes.A	1879.525	0.0	939.7625	2105.5	1653.55	0.0	0.0	1052.75
los	None	dead	0.0	0.0	0.0	0.0	0.0	0.0	0.0	0.0
spe	140	139	2794.965	2746.6	2770.7825	2954.89	2635.04	2906.36	2586.84	2770.865
los	139	109	2746.6	2611.625	2679.1125	2906.36	2586.84	2779.64	2443.61	2674.985
spe	139	138	2746.6	2683.72	2715.16	2906.36	2586.84	2844.85	2522.59	2714.475
los	138	124	2683.72	2576.715	2630.2175	2844.85	2522.59	2744.68	2408.75	2626.8
spe	138	137	2683.72	2562.75	2623.235	2844.85	2522.59	2734.97	2390.53	2617.69
los	137	GCA.002255045.1.Archaea.Thermoproteota	2562.75	0.0	1281.375	2734.97	2390.53	0.0	0.0	1367.485
spe	137	136	2562.75	2489.555	2526.1525	2734.97	2390.53	2665.95	2313.16	2524.065
los	136	GCA.000375685.1.Archaea.Thermoproteota	2489.555	0.0	1244.7775	2665.95	2313.16	0.0	0.0	1332.975
spe	136	134	2489.555	2351.985	2420.77	2665.95	2313.16	2536.09	2167.88	2416.915
spe	134	133	2351.985	2194.065	2273.025	2536.09	2167.88	2406.16	1981.97	2259.03
los	133	GCA.002506605.1.Archaea.Thermoproteota	2194.065	0.0	1097.0325	2406.16	1981.97	0.0	0.0	1203.08
spe	134	130	2351.985	2259.135	2305.56	2536.09	2167.88	2456.17	2062.1	2299.095
los	130	GCA.001510295.1.Archaea.Thermoproteota	2259.135	0.0	1129.5675	2456.17	2062.1	0.0	0.0	1228.085
spe	130	128	2259.135	1456.455	1857.795	2456.17	2062.1	1742.17	1170.74	1813.455
dup	None	dead	0.0	0.0	0.0	0.0	0.0	0.0	0.0	0.0
hgt	1234	GCA.003599345.1.Bacteria.Firmicutes.E	2299.215	0.0	1149.6075	2516.49	2081.94	0.0	0.0	1258.245
los	None	dead	0.0	0.0	0.0	0.0	0.0	0.0	0.0	0.0
hgt	1322	GCA.000961765.1.Bacteria.Firmicutes.B	2209.475	0.0	1104.7375	2414.01	2004.94	0.0	0.0	1207.005
los	None	dead	0.0	0.0	0.0	0.0	0.0	0.0	0.0	0.0
dup	1322	GCA.000961765.1.Bacteria.Firmicutes.B	2209.475	0.0	1104.7375	2414.01	2004.94	0.0	0.0	1207.005
hgt	1307	GCA.000987045.1.Bacteria.Firmicutes.B	2196.38	0.0	1098.19	2389.69	2003.07	0.0	0.0	1194.845
spe	1728	1727	0.0	3460.76	1730.38	0.0	0.0	3608.87	3312.65	1656.325
hgt	None	dead	0.0	0.0	0.0	0.0	0.0	0.0	0.0	0.0
los	1727	189	3460.76	3366.71	3413.735	3608.87	3312.65	3532.0	3201.42	3405.145
hgt	95	39	2895.515	2772.035	2833.775	3052.55	2738.48	2935.32	2608.75	2830.65
los	None	dead	0.0	0.0	0.0	0.0	0.0	0.0	0.0	0.0
spe	95	39	2895.515	2772.035	2833.775	3052.55	2738.48	2935.32	2608.75	2830.65
spe	39	35	2772.035	2625.215	2698.625	2935.32	2608.75	2814.09	2436.34	2685.83
hgt	1322	GCA.000961765.1.Bacteria.Firmicutes.B	2209.475	0.0	1104.7375	2414.01	2004.94	0.0	0.0	1207.005
los	35	GCF.002201895.1.Archaea.Euryarchaeota	2625.215	0.0	1312.6075	2814.09	2436.34	0.0	0.0	1407.045
dup	1322	GCA.000961765.1.Bacteria.Firmicutes.B	2209.475	0.0	1104.7375	2414.01	2004.94	0.0	0.0	1207.005
dup	1322	GCA.000961765.1.Bacteria.Firmicutes.B	2209.475	0.0	1104.7375	2414.01	2004.94	0.0	0.0	1207.005
hgt	1462	GCA.002436065.1.Bacteria.Chloroflexota	2688.275	0.0	1344.1375	2865.83	2510.72	0.0	0.0	1432.915
hgt	1058	GCA.001443005.1.Bacteria.Synergistota	2874.585	0.0	1437.2925	3067.3	2681.87	0.0	0.0	1533.65
hgt	742	741	2922.825	2582.55	2752.6875	3076.13	2769.52	2791.15	2373.95	2725.04
hgt	None	dead	0.0	0.0	0.0	0.0	0.0	0.0	0.0	0.0
hgt	107	GCA.001717025.1.Archaea.Thermoproteota	2229.765	0.0	1114.8825	2447.7	2011.83	0.0	0.0	1223.85
los	None	dead	0.0	0.0	0.0	0.0	0.0	0.0	0.0	0.0
hgt	None	dead	0.0	0.0	0.0	0.0	0.0	0.0	0.0	0.0
hgt	861	GCA.001304105.1.Bacteria.Desulfobacterota	2265.965	0.0	1132.9825	2474.98	2056.95	0.0	0.0	1237.49
los	None	dead	0.0	0.0	0.0	0.0	0.0	0.0	0.0	0.0
hgt	754	746	2746.525	2548.44	2647.4825	2912.14	2580.91	2767.72	2329.16	2620.65
spe	742	741	2922.825	2582.55	2752.6875	3076.13	2769.52	2791.15	2373.95	2725.04
spe	754	746	2746.525	2548.44	2647.4825	2912.14	2580.91	2767.72	2329.16	2620.65
spe	39	38	2772.035	2538.31	2655.1725	2935.32	2608.75	2727.65	2348.97	2642.145
hgt	1240	GCF.900142995.1.Bacteria.Firmicutes.A	2549.06	0.0	1274.53	2730.4	2367.72	0.0	0.0	1365.2
los	38	GCF.002214485.1.Archaea.Methanobacteriota.B	2538.31	0.0	1269.155	2727.65	2348.97	0.0	0.0	1363.825
dup	1240	GCF.900142995.1.Bacteria.Firmicutes.A	2549.06	0.0	1274.53	2730.4	2367.72	0.0	0.0	1365.2
hgt	1173	GCA.001768675.1.Bacteria.Actinobacteriota	2194.99	0.0	1097.495	2420.07	1969.91	0.0	0.0	1210.035
hgt	686	GCA.002451015.1.Bacteria.Acidobacteriota	2295.75	0.0	1147.875	2486.27	2105.23	0.0	0.0	1243.135
hgt	1425	GCA.003229915.1.Bacteria.Chloroflexota	2515.535	0.0	1257.7675	2693.95	2337.12	0.0	0.0	1346.975
hgt	1069	GCF.000378005.1.Bacteria.Coprothermobacterota	2559.465	0.0	1279.7325	2777.02	2341.91	0.0	0.0	1388.51
hgt	1322	GCA.000961765.1.Bacteria.Firmicutes.B	2209.475	0.0	1104.7375	2414.01	2004.94	0.0	0.0	1207.005
hgt	1452	GCA.002348045.1.Bacteria.Chloroflexota	2204.94	0.0	1102.47	2468.84	1941.04	0.0	0.0	1234.42
hgt	1178	GCA.002347645.1.Bacteria.Actinobacteriota	2241.835	0.0	1120.9175	2458.12	2025.55	0.0	0.0	1229.06
spe	1727	1726	3460.76	3442.105	3451.4325	3608.87	3312.65	3587.74	3296.47	3452.67
dup	1726	1725	3442.105	3410.995	3426.55	3587.74	3296.47	3554.71	3267.28	3427.51
hgt	None	dead	0.0	0.0	0.0	0.0	0.0	0.0	0.0	0.0
spe	1726	1725	3442.105	3410.995	3426.55	3587.74	3296.47	3554.71	3267.28	3427.51
spe	1725	1393	3410.995	3339.09	3375.0425	3554.71	3267.28	3482.84	3195.34	3375.025
los	1393	1129	3339.09	3221.86	3280.475	3482.84	3195.34	3366.34	3077.38	3280.11
spe	1393	1392	3339.09	3284.295	3311.6925	3482.84	3195.34	3427.25	3141.34	3312.09
spe	1392	1188	3284.295	3109.515	3196.905	3427.25	3141.34	3255.47	2963.56	3195.405
spe	1188	1187	3109.515	3068.88	3089.1975	3255.47	2963.56	3215.81	2921.95	3088.71
spe	1187	1186	3068.88	3002.725	3035.8025	3215.81	2921.95	3152.18	2853.27	3034.54
spe	1186	1136	3002.725	2691.07	2846.8975	3152.18	2853.27	2887.94	2494.2	2823.19
dup	1136	GCA.003157385.1.Bacteria.Actinobacteriota	2691.07	0.0	1345.535	2887.94	2494.2	0.0	0.0	1443.97
hgt	376	GCA.002418835.1.Bacteria.Spirochaetota	2638.94	0.0	1319.47	2822.05	2455.83	0.0	0.0	1411.025
hgt	None	dead	0.0	0.0	0.0	0.0	0.0	0.0	0.0	0.0
hgt	834	GCA.001798605.1.Bacteria.Myxococcota	2442.985	0.0	1221.4925	2611.91	2274.06	0.0	0.0	1305.955
los	None	dead	0.0	0.0	0.0	0.0	0.0	0.0	0.0	0.0
hgt	1326	1325	2719.225	2604.385	2661.805	2868.22	2570.23	2756.95	2451.82	2660.02
hgt	1116	GCA.002435745.1.Bacteria.UBP15	2746.26	0.0	1373.13	2951.68	2540.84	0.0	0.0	1475.84
spe	1326	1325	2719.225	2604.385	2661.805	2868.22	2570.23	2756.95	2451.82	2660.02
hgt	None	dead	0.0	0.0	0.0	0.0	0.0	0.0	0.0	0.0
hgt	1183	GCA.002347365.1.Bacteria.Actinobacteriota	2457.105	0.0	1228.5525	2668.97	2245.24	0.0	0.0	1334.485
los	None	dead	0.0	0.0	0.0	0.0	0.0	0.0	0.0	0.0
spe	1325	1324	2604.385	2536.255	2570.32	2756.95	2451.82	2694.52	2377.99	2567.47
spe	1324	1323	2536.255	2478.3	2507.2775	2694.52	2377.99	2641.49	2315.11	2504.815
los	1323	1322	2478.3	2209.475	2343.8875	2641.49	2315.11	2414.01	2004.94	2323.215
spe	1323	1319	2478.3	2388.655	2433.4775	2641.49	2315.11	2562.17	2215.14	2428.315
los	1319	1318	2388.655	2305.29	2346.9725	2562.17	2215.14	2488.59	2121.99	2342.08
spe	1324	1308	2536.255	2377.745	2457.0	2694.52	2377.99	2550.36	2205.13	2449.825
hgt	1203	GCA.002399265.1.Bacteria.Firmicutes.G	2369.03	0.0	1184.515	2635.9	2102.16	0.0	0.0	1317.95
los	1308	1300	2377.745	2090.18	2233.9625	2550.36	2205.13	2311.51	1868.85	2209.605
spe	1308	1307	2377.745	2196.38	2287.0625	2550.36	2205.13	2389.69	2003.07	2276.715
hgt	1227	GCA.003242675.1.Bacteria.Firmicutes.E	2407.625	0.0	1203.8125	2618.59	2196.66	0.0	0.0	1309.295
los	1307	1305	2196.38	2012.42	2104.4	2389.69	2003.07	2240.7	1784.14	2086.915
spe	1325	1297	2604.385	2420.65	2512.5175	2756.95	2451.82	2602.22	2239.08	2498.015
hgt	1333	GCA.002423965.1.Bacteria.Firmicutes.D	2457.61	0.0	1228.805	2627.39	2287.83	0.0	0.0	1313.695
los	1297	1296	2420.65	2280.145	2350.3975	2602.22	2239.08	2486.05	2074.24	2338.23
hgt	877	GCF.000620765.1.Bacteria.Desulfobacterota.I	2406.095	0.0	1203.0475	2589.76	2222.43	0.0	0.0	1294.88
hgt	841	801	2762.435	2578.84	2670.6375	2914.26	2610.61	2754.6	2403.08	2658.67
los	1136	GCA.001768645.1.Bacteria.Actinobacteriota	2691.07	0.0	1345.535	2887.94	2494.2	0.0	0.0	1443.97
spe	841	801	2762.435	2578.84	2670.6375	2914.26	2610.61	2754.6	2403.08	2658.67
hgt	686	GCA.002451015.1.Bacteria.Acidobacteriota	2295.75	0.0	1147.875	2486.27	2105.23	0.0	0.0	1243.135
hgt	668	GCA.001775755.1.Bacteria.Acidobacteriota	2182.81	0.0	1091.405	2412.62	1953.0	0.0	0.0	1206.31
hgt	137	GCA.002255045.1.Archaea.Thermoproteota	2562.75	0.0	1281.375	2734.97	2390.53	0.0	0.0	1367.485
hgt	47	GCA.002494765.1.Archaea.Thermoplasmatota	2175.095	0.0	1087.5475	2371.63	1978.56	0.0	0.0	1185.815
hgt	1058	GCA.001443005.1.Bacteria.Synergistota	2874.585	0.0	1437.2925	3067.3	2681.87	0.0	0.0	1533.65
hgt	895	GCA.002897695.1.Bacteria.BMS3Abin14	2668.13	0.0	1334.065	2862.76	2473.5	0.0	0.0	1431.38
spe	1186	1185	3002.725	2913.82	2958.2725	3152.18	2853.27	3065.51	2762.13	2957.155
spe	1185	1184	2913.82	2836.38	2875.1	3065.51	2762.13	2994.12	2678.64	2872.075
spe	1184	1180	2836.38	2587.79	2712.085	2994.12	2678.64	2773.12	2402.46	2698.29
los	1180	GCF.001029505.1.Bacteria.Actinobacteriota	2587.79	0.0	1293.895	2773.12	2402.46	0.0	0.0	1386.56
spe	1180	1179	2587.79	2376.455	2482.1225	2773.12	2402.46	2575.79	2177.12	2475.12
los	1179	1173	2376.455	2194.99	2285.7225	2575.79	2177.12	2420.07	1969.91	2272.85
spe	1179	1178	2376.455	2241.835	2309.145	2575.79	2177.12	2458.12	2025.55	2300.67
los	1178	1177	2241.835	2055.195	2148.515	2458.12	2025.55	2300.55	1809.84	2133.98
hgt	397	GCF.000526155.1.Bacteria.Desulfobacterota	3038.98	0.0	1519.49	3186.65	2891.31	0.0	0.0	1593.325
los	1184	1183	2836.38	2457.105	2646.7425	2994.12	2678.64	2668.97	2245.24	2619.68
hgt	1462	GCA.002436065.1.Bacteria.Chloroflexota	2688.275	0.0	1344.1375	2865.83	2510.72	0.0	0.0	1432.915
hgt	None	dead	0.0	0.0	0.0	0.0	0.0	0.0	0.0	0.0
hgt	1296	GCF.900176005.1.Bacteria.Firmicutes.B	2280.145	0.0	1140.0725	2486.05	2074.24	0.0	0.0	1243.025
los	None	dead	0.0	0.0	0.0	0.0	0.0	0.0	0.0	0.0
hgt	1209	GCA.002452295.1.Bacteria.Firmicutes.G	2688.15	0.0	1344.075	2886.59	2489.71	0.0	0.0	1443.295
los	1185	1169	2913.82	2691.26	2802.54	3065.51	2762.13	2854.89	2527.63	2796.57
spe	1187	1133	3068.88	2731.5	2900.19	3215.81	2921.95	2922.33	2540.67	2878.24
hgt	376	GCA.002418835.1.Bacteria.Spirochaetota	2638.94	0.0	1319.47	2822.05	2455.83	0.0	0.0	1411.025
hgt	736	GCA.003454665.1.Bacteria.Nitrospirota	2435.77	0.0	1217.885	2649.26	2222.28	0.0	0.0	1324.63
hgt	1651	GCA.003242895.1.Bacteria.Margulisbacteria	2569.225	0.0	1284.6125	2778.38	2360.07	0.0	0.0	1389.19
hgt	90	89	2426.545	2320.405	2373.475	2587.9	2265.19	2487.89	2152.92	2370.41
los	1133	GCA.002366545.1.Bacteria.Actinobacteriota	2731.5	0.0	1365.75	2922.33	2540.67	0.0	0.0	1461.165
spe	90	89	2426.545	2320.405	2373.475	2587.9	2265.19	2487.89	2152.92	2370.41
spe	89	88	2320.405	2221.93	2271.1675	2487.89	2152.92	2396.19	2047.67	2267.78
los	88	80	2221.93	2032.885	2127.4075	2396.19	2047.67	2234.17	1831.6	2113.895
spe	88	87	2221.93	2144.39	2183.16	2396.19	2047.67	2323.79	1964.99	2180.59
los	87	GCA.002256595.1.Archaea.Halobacteriota	2144.39	0.0	1072.195	2323.79	1964.99	0.0	0.0	1161.895
spe	87	86	2144.39	2014.745	2079.5675	2323.79	1964.99	2208.35	1821.14	2072.465
los	86	GCA.001412335.1.Archaea.Halobacteriota	2014.745	0.0	1007.3725	2208.35	1821.14	0.0	0.0	1104.175
spe	86	84	2014.745	1868.445	1941.595	2208.35	1821.14	2080.58	1656.31	1932.33
los	84	GCF.000011005.1.Archaea.Euryarchaeota	1868.445	0.0	934.2225	2080.58	1656.31	0.0	0.0	1040.29
hgt	35	GCA.001587715.1.Archaea.Methanobacteriota.B	2625.215	0.0	1312.6075	2814.09	2436.34	0.0	0.0	1407.045
spe	89	77	2320.405	2081.03	2200.7175	2487.89	2152.92	2277.46	1884.6	2186.245
dup	77	GCA.003194435.1.Archaea.Halobacteriota	2081.03	0.0	1040.515	2277.46	1884.6	0.0	0.0	1138.73
hgt	914	GCA.002256535.1.Bacteria.WOR.3	2640.515	0.0	1320.2575	2841.11	2439.92	0.0	0.0	1420.555
hgt	124	123	2576.715	2509.405	2543.06	2744.68	2408.75	2676.61	2342.2	2543.44
los	1188	GCA.002779205.1.Bacteria.Actinobacteriota	3109.515	0.0	1554.7575	3255.47	2963.56	0.0	0.0	1627.735
spe	124	123	2576.715	2509.405	2543.06	2744.68	2408.75	2676.61	2342.2	2543.44
spe	123	113	2509.405	2352.095	2430.75	2676.61	2342.2	2536.91	2167.28	2421.945
los	113	GCA.001593865.1.Archaea.Thermoproteota	2352.095	0.0	1176.0475	2536.91	2167.28	0.0	0.0	1268.455
spe	123	122	2509.405	2416.7	2463.0525	2676.61	2342.2	2593.5	2239.9	2458.255
los	122	121	2416.7	2129.565	2273.1325	2593.5	2239.9	2347.3	1911.83	2252.665
spe	122	118	2416.7	2278.345	2347.5225	2593.5	2239.9	2478.81	2077.88	2335.69
los	118	116	2278.345	1726.54	2002.4425	2478.81	2077.88	2006.45	1446.63	1962.72
hgt	None	dead	0.0	0.0	0.0	0.0	0.0	0.0	0.0	0.0
hgt	None	dead	0.0	0.0	0.0	0.0	0.0	0.0	0.0	0.0
dup	1392	1391	3284.295	3133.07	3208.6825	3427.25	3141.34	3276.23	2989.91	3208.58
hgt	902	901	3241.035	3194.215	3217.625	3385.47	3096.6	3337.52	3050.91	3218.19
spe	1392	1391	3284.295	3133.07	3208.6825	3427.25	3141.34	3276.23	2989.91	3208.58
spe	1391	1211	3133.07	3013.88	3073.475	3276.23	2989.91	3161.44	2866.32	3071.275
los	1211	1199	3013.88	2856.305	2935.0925	3161.44	2866.32	3022.61	2690.0	2925.72
spe	1211	1210	3013.88	2923.75	2968.815	3161.44	2866.32	3079.2	2768.3	2964.87
los	1210	1204	2923.75	2772.985	2848.3675	3079.2	2768.3	2958.81	2587.16	2833.18
spe	1210	1209	2923.75	2688.15	2805.95	3079.2	2768.3	2886.59	2489.71	2784.455
los	1209	1208	2688.15	2545.345	2616.7475	2886.59	2489.71	2781.03	2309.66	2598.125
spe	1391	1390	3133.07	3070.6	3101.835	3276.23	2989.91	3212.43	2928.77	3102.5
spe	1390	1389	3070.6	3027.58	3049.09	3212.43	2928.77	3169.39	2885.77	3049.1
los	1389	1237	3027.58	2784.985	2906.2825	3169.39	2885.77	2940.94	2629.03	2899.21
spe	1389	1388	3027.58	2941.055	2984.3175	3169.39	2885.77	3082.24	2799.87	2984.63
los	1388	1387	2941.055	2902.155	2921.605	3082.24	2799.87	3045.04	2759.27	2920.755
spe	1388	1274	2941.055	2802.895	2871.975	3082.24	2799.87	2951.21	2654.58	2868.41
los	1274	1273	2802.895	2658.63	2730.7625	2951.21	2654.58	2811.6	2505.66	2728.435
spe	1274	1240	2802.895	2549.06	2675.9775	2951.21	2654.58	2730.4	2367.72	2659.465
los	1240	GCF.900142995.1.Bacteria.Firmicutes.A	2549.06	0.0	1274.53	2730.4	2367.72	0.0	0.0	1365.2
spe	1390	1218	3070.6	2947.155	3008.8775	3212.43	2928.77	3097.7	2796.61	3004.52
hgt	895	GCA.000739515.1.Bacteria.Moduliflexota	2668.13	0.0	1334.065	2862.76	2473.5	0.0	0.0	1431.38
los	1218	1216	2947.155	2550.05	2748.6025	3097.7	2796.61	2764.74	2335.36	2716.53
hgt	1296	GCA.001513545.1.Bacteria.Firmicutes.B	2280.145	0.0	1140.0725	2486.05	2074.24	0.0	0.0	1243.025
hgt	1227	GCA.003242675.1.Bacteria.Firmicutes.E	2407.625	0.0	1203.8125	2618.59	2196.66	0.0	0.0	1309.295
spe	902	901	3241.035	3194.215	3217.625	3385.47	3096.6	3337.52	3050.91	3218.19
spe	901	900	3194.215	3136.94	3165.5775	3337.52	3050.91	3280.99	2992.89	3165.205
los	900	716	3136.94	2935.17	3036.055	3280.99	2992.89	3084.96	2785.38	3033.185
spe	900	899	3136.94	3089.895	3113.4175	3280.99	2992.89	3234.81	2944.98	3112.985
los	899	743	3089.895	3035.675	3062.785	3234.81	2944.98	3181.51	2889.84	3062.325
spe	899	898	3089.895	3060.73	3075.3125	3234.81	2944.98	3206.1	2915.36	3075.085
los	898	897	3060.73	3021.29	3041.01	3206.1	2915.36	3166.46	2876.12	3041.11
spe	898	756	3060.73	2888.115	2974.4225	3206.1	2915.36	3046.49	2729.74	2967.92
los	756	754	2888.115	2746.525	2817.32	3046.49	2729.74	2912.14	2580.91	2813.7
spe	901	663	3194.215	3149.67	3171.9425	3337.52	3050.91	3293.35	3005.99	3171.755
los	663	662	3149.67	3108.12	3128.895	3293.35	3005.99	3252.87	2963.37	3128.36
spe	663	397	3149.67	3038.98	3094.325	3293.35	3005.99	3186.65	2891.31	3092.33
spe	397	396	3038.98	2831.62	2935.3	3186.65	2891.31	2997.63	2665.61	2926.13
hgt	887	886	2727.215	2570.925	2649.07	2881.55	2572.88	2733.26	2408.59	2645.07
hgt	529	GCA.002420425.1.Bacteria.Proteobacteria	2307.945	0.0	1153.9725	2475.73	2140.16	0.0	0.0	1237.865
los	396	GCF.000177635.2.Bacteria.Chrysiogenota	2831.62	0.0	1415.81	2997.63	2665.61	0.0	0.0	1498.815
dup	529	GCA.002420425.1.Bacteria.Proteobacteria	2307.945	0.0	1153.9725	2475.73	2140.16	0.0	0.0	1237.865
hgt	796	GCA.002238415.1.Bacteria.Desulfobacterota.B	2368.175	0.0	1184.0875	2549.94	2186.41	0.0	0.0	1274.97
hgt	560	GCA.001735895.1.Bacteria.Proteobacteria	2138.97	0.0	1069.485	2303.08	1974.86	0.0	0.0	1151.54
hgt	446	445	1951.09	1836.495	1893.7925	2125.17	1777.01	2032.31	1640.68	1882.925
spe	446	445	1951.09	1836.495	1893.7925	2125.17	1777.01	2032.31	1640.68	1882.925
spe	445	444	1836.495	1669.2	1752.8475	2032.31	1640.68	1892.76	1445.64	1738.975
los	444	GCA.002348425.1.Bacteria.Proteobacteria	1669.2	0.0	834.6	1892.76	1445.64	0.0	0.0	946.38
hgt	601	595	2005.515	1816.095	1910.805	2169.0	1842.03	2002.91	1629.28	1899.14
hgt	436	GCA.002722885.1.Bacteria.Proteobacteria	2217.14	0.0	1108.57	2372.03	2062.25	0.0	0.0	1186.015
hgt	462	GCF.006980715.1.Bacteria.Proteobacteria	1641.635	0.0	820.8175	1844.48	1438.79	0.0	0.0	922.24
hgt	560	GCA.001735895.1.Bacteria.Proteobacteria	2138.97	0.0	1069.485	2303.08	1974.86	0.0	0.0	1151.54
spe	601	595	2005.515	1816.095	1910.805	2169.0	1842.03	2002.91	1629.28	1899.14
hgt	581	GCA.002868855.1.Bacteria.Proteobacteria	1845.545	0.0	922.7725	2033.36	1657.73	0.0	0.0	1016.68
hgt	598	GCA.002292285.1.Bacteria.Proteobacteria	1497.41	0.0	748.705	1713.35	1281.47	0.0	0.0	856.675
dup	560	GCA.001735895.1.Bacteria.Proteobacteria	2138.97	0.0	1069.485	2303.08	1974.86	0.0	0.0	1151.54
hgt	436	GCA.002722885.1.Bacteria.Proteobacteria	2217.14	0.0	1108.57	2372.03	2062.25	0.0	0.0	1186.015
hgt	598	GCA.002292285.1.Bacteria.Proteobacteria	1497.41	0.0	748.705	1713.35	1281.47	0.0	0.0	856.675
hgt	445	GCA.002717225.1.Bacteria.Proteobacteria	1836.495	0.0	918.2475	2032.31	1640.68	0.0	0.0	1016.155
dup	436	GCA.002722885.1.Bacteria.Proteobacteria	2217.14	0.0	1108.57	2372.03	2062.25	0.0	0.0	1186.015
hgt	None	dead	0.0	0.0	0.0	0.0	0.0	0.0	0.0	0.0
hgt	1419	GCA.002352365.1.Bacteria.Chloroflexota	2163.145	0.0	1081.5725	2372.76	1953.53	0.0	0.0	1186.38
los	None	dead	0.0	0.0	0.0	0.0	0.0	0.0	0.0	0.0
spe	887	886	2727.215	2570.925	2649.07	2881.55	2572.88	2733.26	2408.59	2645.07
spe	886	874	2570.925	2502.96	2536.9425	2733.26	2408.59	2671.83	2334.09	2533.675
los	874	873	2502.96	2374.525	2438.7425	2671.83	2334.09	2555.16	2193.89	2432.86
spe	874	868	2502.96	2357.855	2430.4075	2671.83	2334.09	2546.99	2168.72	2420.275
los	868	GCA.002347095.1.Bacteria.Desulfobacterota	2357.855	0.0	1178.9275	2546.99	2168.72	0.0	0.0	1273.495
spe	868	866	2357.855	2095.425	2226.64	2546.99	2168.72	2320.01	1870.84	2208.915
los	866	GCA.002877985.1.Bacteria.Desulfobacterota	2095.425	0.0	1047.7125	2320.01	1870.84	0.0	0.0	1160.005
spe	886	885	2570.925	2490.35	2530.6375	2733.26	2408.59	2660.72	2319.98	2526.62
los	885	877	2490.35	2406.095	2448.2225	2660.72	2319.98	2589.76	2222.43	2441.575
spe	885	884	2490.35	2409.27	2449.81	2660.72	2319.98	2585.68	2232.86	2446.79
los	884	880	2409.27	2202.89	2306.08	2585.68	2232.86	2408.81	1996.97	2291.325
spe	884	883	2409.27	2107.355	2258.3125	2585.68	2232.86	2320.43	1894.28	2239.98
los	883	GCA.000961655.1.Bacteria.Desulfobacterota	2107.355	0.0	1053.6775	2320.43	1894.28	0.0	0.0	1160.215
spe	396	395	2831.62	2049.66	2440.64	2997.63	2665.61	2351.06	1748.26	2372.945
hgt	199	GCA.003527405.1.Bacteria.Atribacterota	2950.105	0.0	1475.0525	3113.46	2786.75	0.0	0.0	1556.73
hgt	1058	GCA.001443005.1.Bacteria.Synergistota	2874.585	0.0	1437.2925	3067.3	2681.87	0.0	0.0	1533.65
los	395	GCF.000487995.1.Bacteria.Deferribacterota	2049.66	0.0	1024.83	2351.06	1748.26	0.0	0.0	1175.53
spe	1392	1391	3284.295	3133.07	3208.6825	3427.25	3141.34	3276.23	2989.91	3208.58
spe	1391	1390	3133.07	3070.6	3101.835	3276.23	2989.91	3212.43	2928.77	3102.5
hgt	None	dead	0.0	0.0	0.0	0.0	0.0	0.0	0.0	0.0
los	1390	1218	3070.6	2947.155	3008.8775	3212.43	2928.77	3097.7	2796.61	3004.52
hgt	1325	1324	2604.385	2536.255	2570.32	2756.95	2451.82	2694.52	2377.99	2567.47
los	None	dead	0.0	0.0	0.0	0.0	0.0	0.0	0.0	0.0
spe	1325	1324	2604.385	2536.255	2570.32	2756.95	2451.82	2694.52	2377.99	2567.47
spe	1324	1308	2536.255	2377.745	2457.0	2694.52	2377.99	2550.36	2205.13	2449.825
spe	1308	1300	2377.745	2090.18	2233.9625	2550.36	2205.13	2311.51	1868.85	2209.605
los	1300	GCA.002418765.1.Bacteria.Firmicutes.B	2090.18	0.0	1045.09	2311.51	1868.85	0.0	0.0	1155.755
spe	1308	1307	2377.745	2196.38	2287.0625	2550.36	2205.13	2389.69	2003.07	2276.715
hgt	1292	GCF.001950325.1.Bacteria.Firmicutes.B	2370.88	0.0	1185.44	2569.61	2172.15	0.0	0.0	1284.805
los	1307	GCA.000987045.1.Bacteria.Firmicutes.B	2196.38	0.0	1098.19	2389.69	2003.07	0.0	0.0	1194.845
spe	1307	1305	2196.38	2012.42	2104.4	2389.69	2003.07	2240.7	1784.14	2086.915
hgt	1350	GCF.001742305.1.Bacteria.Firmicutes	1969.515	0.0	984.7575	2159.85	1779.18	0.0	0.0	1079.925
los	1305	1304	2012.42	1697.92	1855.17	2240.7	1784.14	1975.42	1420.42	1830.56
spe	1324	1323	2536.255	2478.3	2507.2775	2694.52	2377.99	2641.49	2315.11	2504.815
los	1323	1322	2478.3	2209.475	2343.8875	2641.49	2315.11	2414.01	2004.94	2323.215
spe	1323	1319	2478.3	2388.655	2433.4775	2641.49	2315.11	2562.17	2215.14	2428.315
spe	1319	1318	2388.655	2305.29	2346.9725	2562.17	2215.14	2488.59	2121.99	2342.08
los	1318	1317	2305.29	1778.785	2042.0375	2488.59	2121.99	2035.34	1522.23	2005.41
spe	1318	1312	2305.29	2058.365	2181.8275	2488.59	2121.99	2278.56	1838.17	2163.38
los	1312	GCF.002607855.1.Bacteria.Firmicutes.B	2058.365	0.0	1029.1825	2278.56	1838.17	0.0	0.0	1139.28
spe	1390	1389	3070.6	3027.58	3049.09	3212.43	2928.77	3169.39	2885.77	3049.1
los	1389	1237	3027.58	2784.985	2906.2825	3169.39	2885.77	2940.94	2629.03	2899.21
spe	1389	1388	3027.58	2941.055	2984.3175	3169.39	2885.77	3082.24	2799.87	2984.63
spe	1388	1387	2941.055	2902.155	2921.605	3082.24	2799.87	3045.04	2759.27	2920.755
spe	1387	1327	2902.155	2828.71	2865.4325	3045.04	2759.27	2972.74	2684.68	2864.86
los	1327	1289	2828.71	2635.61	2732.16	2972.74	2684.68	2795.95	2475.27	2724.005
spe	1327	1326	2828.71	2719.225	2773.9675	2972.74	2684.68	2868.22	2570.23	2771.485
los	1326	1292	2719.225	2370.88	2545.0525	2868.22	2570.23	2569.61	2172.15	2520.185
spe	1326	1325	2719.225	2604.385	2661.805	2868.22	2570.23	2756.95	2451.82	2660.02
los	1325	1297	2604.385	2420.65	2512.5175	2756.95	2451.82	2602.22	2239.08	2498.015
spe	1325	1324	2604.385	2536.255	2570.32	2756.95	2451.82	2694.52	2377.99	2567.47
los	1324	1323	2536.255	2478.3	2507.2775	2694.52	2377.99	2641.49	2315.11	2504.815
spe	1324	1308	2536.255	2377.745	2457.0	2694.52	2377.99	2550.36	2205.13	2449.825
los	1308	1307	2377.745	2196.38	2287.0625	2550.36	2205.13	2389.69	2003.07	2276.715
spe	1308	1300	2377.745	2090.18	2233.9625	2550.36	2205.13	2311.51	1868.85	2209.605
los	1300	GCF.000620305.1.Bacteria.Firmicutes.B	2090.18	0.0	1045.09	2311.51	1868.85	0.0	0.0	1155.755
spe	1387	1386	2902.155	2794.775	2848.465	3045.04	2759.27	2939.61	2649.94	2847.49
los	1386	1330	2794.775	2416.115	2605.445	2939.61	2649.94	2602.06	2230.17	2584.89
spe	1386	1385	2794.775	2733.33	2764.0525	2939.61	2649.94	2878.0	2588.66	2764.135
los	1385	1384	2733.33	2455.815	2594.5725	2878.0	2588.66	2606.71	2304.92	2591.46
spe	1385	1333	2733.33	2457.61	2595.47	2878.0	2588.66	2627.39	2287.83	2582.915
los	1333	GCA.002423965.1.Bacteria.Firmicutes.D	2457.61	0.0	1228.805	2627.39	2287.83	0.0	0.0	1313.695
spe	1388	1274	2941.055	2802.895	2871.975	3082.24	2799.87	2951.21	2654.58	2868.41
los	1274	1273	2802.895	2658.63	2730.7625	2951.21	2654.58	2811.6	2505.66	2728.435
spe	1274	1240	2802.895	2549.06	2675.9775	2951.21	2654.58	2730.4	2367.72	2659.465
hgt	None	dead	0.0	0.0	0.0	0.0	0.0	0.0	0.0	0.0
hgt	59	GCA.002878135.1.Archaea.Thermoplasmatota	1950.86	0.0	975.43	2148.2	1753.52	0.0	0.0	1074.1
los	None	dead	0.0	0.0	0.0	0.0	0.0	0.0	0.0	0.0
hgt	None	dead	0.0	0.0	0.0	0.0	0.0	0.0	0.0	0.0
hgt	38	GCF.002214485.1.Archaea.Methanobacteriota.B	2538.31	0.0	1269.155	2727.65	2348.97	0.0	0.0	1363.825
los	None	dead	0.0	0.0	0.0	0.0	0.0	0.0	0.0	0.0
hgt	None	dead	0.0	0.0	0.0	0.0	0.0	0.0	0.0	0.0
los	1391	1211	3133.07	3013.88	3073.475	3276.23	2989.91	3161.44	2866.32	3071.275
hgt	1058	GCF.000233775.1.Bacteria.Synergistota	2874.585	0.0	1437.2925	3067.3	2681.87	0.0	0.0	1533.65
los	None	dead	0.0	0.0	0.0	0.0	0.0	0.0	0.0	0.0
dup	None	dead	0.0	0.0	0.0	0.0	0.0	0.0	0.0	0.0
hgt	90	74	2426.545	2278.05	2352.2975	2587.9	2265.19	2455.2	2100.9	2344.4
los	None	dead	0.0	0.0	0.0	0.0	0.0	0.0	0.0	0.0
spe	90	74	2426.545	2278.05	2352.2975	2587.9	2265.19	2455.2	2100.9	2344.4
hgt	84	GCF.000970205.1.Archaea.Halobacteriota	1868.445	0.0	934.2225	2080.58	1656.31	0.0	0.0	1040.29
hgt	147	GCA.001940755.1.Archaea.Asgardarchaeota	2281.01	0.0	1140.505	2488.59	2073.43	0.0	0.0	1244.295
hgt	38	GCA.001515205.2.Archaea.Hadarchaeota	2538.31	0.0	1269.155	2727.65	2348.97	0.0	0.0	1363.825
hgt	176	140	2870.105	2794.965	2832.535	3029.57	2710.64	2954.89	2635.04	2832.305
los	None	dead	0.0	0.0	0.0	0.0	0.0	0.0	0.0	0.0
spe	176	140	2870.105	2794.965	2832.535	3029.57	2710.64	2954.89	2635.04	2832.305
hgt	116	GCA.001593875.1.Archaea.Thermoproteota	1726.54	0.0	863.27	2006.45	1446.63	0.0	0.0	1003.225
hgt	128	GCA.002011085.1.Archaea.Thermoproteota	1456.455	0.0	728.2275	1742.17	1170.74	0.0	0.0	871.085
spe	140	139	2794.965	2746.6	2770.7825	2954.89	2635.04	2906.36	2586.84	2770.865
spe	139	138	2746.6	2683.72	2715.16	2906.36	2586.84	2844.85	2522.59	2714.475
los	138	124	2683.72	2576.715	2630.2175	2844.85	2522.59	2744.68	2408.75	2626.8
spe	138	137	2683.72	2562.75	2623.235	2844.85	2522.59	2734.97	2390.53	2617.69
los	137	GCA.002255045.1.Archaea.Thermoproteota	2562.75	0.0	1281.375	2734.97	2390.53	0.0	0.0	1367.485
spe	137	136	2562.75	2489.555	2526.1525	2734.97	2390.53	2665.95	2313.16	2524.065
los	136	GCA.000375685.1.Archaea.Thermoproteota	2489.555	0.0	1244.7775	2665.95	2313.16	0.0	0.0	1332.975
spe	136	134	2489.555	2351.985	2420.77	2665.95	2313.16	2536.09	2167.88	2416.915
los	134	133	2351.985	2194.065	2273.025	2536.09	2167.88	2406.16	1981.97	2259.03
spe	134	130	2351.985	2259.135	2305.56	2536.09	2167.88	2456.17	2062.1	2299.095
los	130	GCA.001510295.1.Archaea.Thermoproteota	2259.135	0.0	1129.5675	2456.17	2062.1	0.0	0.0	1228.085
spe	130	128	2259.135	1456.455	1857.795	2456.17	2062.1	1742.17	1170.74	1813.455
los	128	GCA.002011085.1.Archaea.Thermoproteota	1456.455	0.0	728.2275	1742.17	1170.74	0.0	0.0	871.085
spe	139	109	2746.6	2611.625	2679.1125	2906.36	2586.84	2779.64	2443.61	2674.985
spe	109	108	2611.625	2433.705	2522.665	2779.64	2443.61	2622.16	2245.25	2512.445
los	108	107	2433.705	2229.765	2331.735	2622.16	2245.25	2447.7	2011.83	2316.995
spe	109	103	2611.625	2372.465	2492.045	2779.64	2443.61	2552.61	2192.32	2485.98
los	103	GCA.002254745.1.Archaea.Thermoproteota	2372.465	0.0	1186.2325	2552.61	2192.32	0.0	0.0	1276.305
spe	103	101	2372.465	2213.35	2292.9075	2552.61	2192.32	2410.41	2016.29	2284.45
los	101	GCF.000011205.1.Archaea.Thermoproteota	2213.35	0.0	1106.675	2410.41	2016.29	0.0	0.0	1205.205
spe	101	99	2213.35	2047.925	2130.6375	2410.41	2016.29	2262.48	1833.37	2121.89
los	99	GCF.000092185.1.Archaea.Thermoproteota	2047.925	0.0	1023.9625	2262.48	1833.37	0.0	0.0	1131.24
hgt	1449	GCA.002366595.1.Bacteria.Chloroflexota	2414.175	0.0	1207.0875	2615.97	2212.38	0.0	0.0	1307.985
los	None	dead	0.0	0.0	0.0	0.0	0.0	0.0	0.0	0.0
dup	1449	GCA.002366595.1.Bacteria.Chloroflexota	2414.175	0.0	1207.0875	2615.97	2212.38	0.0	0.0	1307.985
hgt	905	GCA.001412425.1.Bacteria.Cloacimonadota	2553.935	0.0	1276.9675	2780.82	2327.05	0.0	0.0	1390.41
hgt	143	GCA.001563325.1.Archaea.Asgardarchaeota	2511.185	0.0	1255.5925	2712.39	2309.98	0.0	0.0	1356.195
hgt	669	GCA.002335385.1.Bacteria.Acidobacteriota	2395.145	0.0	1197.5725	2603.05	2187.24	0.0	0.0	1301.525
dup	143	GCA.001563325.1.Archaea.Asgardarchaeota	2511.185	0.0	1255.5925	2712.39	2309.98	0.0	0.0	1356.195
spe	1725	1724	3410.995	3346.625	3378.81	3554.71	3267.28	3486.29	3206.96	3380.835
spe	1724	1642	3346.625	3305.11	3325.8675	3486.29	3206.96	3444.34	3165.88	3326.085
hgt	None	dead	0.0	0.0	0.0	0.0	0.0	0.0	0.0	0.0
los	1642	1641	3305.11	3138.575	3221.8425	3444.34	3165.88	3281.68	2995.47	3219.905
hgt	1347	GCF.001561915.1.Bacteria.Firmicutes	1852.54	0.0	926.27	2058.3	1646.78	0.0	0.0	1029.15
los	None	dead	0.0	0.0	0.0	0.0	0.0	0.0	0.0	0.0
spe	1642	1478	3305.11	3178.32	3241.715	3444.34	3165.88	3320.39	3036.25	3240.295
hgt	None	dead	0.0	0.0	0.0	0.0	0.0	0.0	0.0	0.0
hgt	None	dead	0.0	0.0	0.0	0.0	0.0	0.0	0.0	0.0
hgt	1227	GCA.003242675.1.Bacteria.Firmicutes.E	2407.625	0.0	1203.8125	2618.59	2196.66	0.0	0.0	1309.295
los	None	dead	0.0	0.0	0.0	0.0	0.0	0.0	0.0	0.0
spe	1478	1477	3178.32	3065.68	3122.0	3320.39	3036.25	3209.37	2921.99	3121.19
spe	1477	1476	3065.68	2948.885	3007.2825	3209.37	2921.99	3099.11	2798.66	3004.015
los	1476	1475	2948.885	2883.705	2916.295	3099.11	2798.66	3039.71	2727.7	2913.405
spe	1476	1454	2948.885	2633.59	2791.2375	3099.11	2798.66	2806.22	2460.96	2780.035
spe	1454	1446	2633.59	2467.265	2550.4275	2806.22	2460.96	2650.86	2283.67	2544.945
los	1446	1440	2467.265	2358.68	2412.9725	2650.86	2283.67	2549.6	2167.76	2409.31
spe	1446	1445	2467.265	2304.44	2385.8525	2650.86	2283.67	2498.38	2110.5	2380.68
los	1445	GCA.003130875.1.Bacteria.Chloroflexota	2304.44	0.0	1152.22	2498.38	2110.5	0.0	0.0	1249.19
spe	1445	1444	2304.44	2137.48	2220.96	2498.38	2110.5	2354.92	1920.04	2209.21
los	1444	GCA.002366755.1.Bacteria.Chloroflexota	2137.48	0.0	1068.74	2354.92	1920.04	0.0	0.0	1177.46
spe	1454	1453	2633.59	2571.245	2602.4175	2806.22	2460.96	2752.52	2389.97	2598.095
hgt	None	dead	0.0	0.0	0.0	0.0	0.0	0.0	0.0	0.0
los	1453	1452	2571.245	2204.94	2388.0925	2752.52	2389.97	2468.84	1941.04	2346.78
hgt	1438	GCA.002841995.1.Bacteria.Chloroflexota	1986.755	0.0	993.3775	2210.66	1762.85	0.0	0.0	1105.33
los	None	dead	0.0	0.0	0.0	0.0	0.0	0.0	0.0	0.0
spe	1453	1449	2571.245	2414.175	2492.71	2752.52	2389.97	2615.97	2212.38	2482.45
los	1449	GCA.002366595.1.Bacteria.Chloroflexota	2414.175	0.0	1207.0875	2615.97	2212.38	0.0	0.0	1307.985
spe	1477	1431	3065.68	2900.705	2983.1925	3209.37	2921.99	3055.74	2745.67	2977.52
los	1431	1427	2900.705	2775.63	2838.1675	3055.74	2745.67	2935.39	2615.87	2835.805
spe	1431	1430	2900.705	2636.055	2768.38	3055.74	2745.67	2857.47	2414.64	2735.19
hgt	80	GCF.002114285.1.Archaea.Halobacteriota	2032.885	0.0	1016.4425	2234.17	1831.6	0.0	0.0	1117.085
hgt	1385	1384	2733.33	2455.815	2594.5725	2878.0	2588.66	2606.71	2304.92	2591.46
los	None	dead	0.0	0.0	0.0	0.0	0.0	0.0	0.0	0.0
spe	1385	1384	2733.33	2455.815	2594.5725	2878.0	2588.66	2606.71	2304.92	2591.46
spe	1384	1338	2455.815	2111.765	2283.79	2606.71	2304.92	2295.35	1928.18	2267.445
los	1338	1337	2111.765	1832.425	1972.095	2295.35	1928.18	2086.82	1578.03	1936.69
dup	1384	1383	2455.815	2371.08	2413.4475	2606.71	2304.92	2525.62	2216.54	2411.625
spe	1384	1383	2455.815	2371.08	2413.4475	2606.71	2304.92	2525.62	2216.54	2411.625
los	1383	1341	2371.08	2078.19	2224.635	2525.62	2216.54	2272.57	1883.81	2204.715
spe	1383	1382	2371.08	2292.545	2331.8125	2525.62	2216.54	2446.92	2138.17	2331.895
los	1382	1381	2292.545	2205.155	2248.85	2446.92	2138.17	2360.66	2049.65	2248.285
spe	1382	1344	2292.545	2055.27	2173.9075	2446.92	2138.17	2234.39	1876.15	2161.535
los	1344	GCA.002159075.1.Bacteria.Firmicutes	2055.27	0.0	1027.635	2234.39	1876.15	0.0	0.0	1117.195
spe	1384	1383	2455.815	2371.08	2413.4475	2606.71	2304.92	2525.62	2216.54	2411.625
spe	1383	1382	2371.08	2292.545	2331.8125	2525.62	2216.54	2446.92	2138.17	2331.895
los	1382	1344	2292.545	2055.27	2173.9075	2446.92	2138.17	2234.39	1876.15	2161.535
spe	1382	1381	2292.545	2205.155	2248.85	2446.92	2138.17	2360.66	2049.65	2248.285
spe	1381	1351	2205.155	2134.51	2169.8325	2360.66	2049.65	2297.16	1971.86	2166.26
los	1351	1350	2134.51	1969.515	2052.0125	2297.16	1971.86	2159.85	1779.18	2038.17
spe	1351	1347	2134.51	1852.54	1993.525	2297.16	1971.86	2058.3	1646.78	1971.97
los	1347	GCF.001561915.1.Bacteria.Firmicutes	1852.54	0.0	926.27	2058.3	1646.78	0.0	0.0	1029.15
spe	1381	1380	2205.155	2120.065	2162.61	2360.66	2049.65	2280.16	1959.97	2160.315
los	1380	GCF.001049895.1.Bacteria.Firmicutes	2120.065	0.0	1060.0325	2280.16	1959.97	0.0	0.0	1140.08
spe	1380	1379	2120.065	2060.89	2090.4775	2280.16	1959.97	2221.1	1900.68	2090.42
los	1379	1378	2060.89	1789.555	1925.2225	2221.1	1900.68	1953.46	1625.65	1923.375
spe	1379	1355	2060.89	1845.21	1953.05	2221.1	1900.68	2026.05	1664.37	1942.735
spe	1383	1341	2371.08	2078.19	2224.635	2525.62	2216.54	2272.57	1883.81	2204.715
hgt	1355	GCF.004522215.1.Bacteria.Firmicutes	1845.21	0.0	922.605	2026.05	1664.37	0.0	0.0	1013.025
los	1341	GCF.001311905.1.Bacteria.Firmicutes	2078.19	0.0	1039.095	2272.57	1883.81	0.0	0.0	1136.285
hgt	None	dead	0.0	0.0	0.0	0.0	0.0	0.0	0.0	0.0
hgt	107	GCA.003019535.1.Archaea.Thermoproteota	2229.765	0.0	1114.8825	2447.7	2011.83	0.0	0.0	1223.85
los	None	dead	0.0	0.0	0.0	0.0	0.0	0.0	0.0	0.0
hgt	None	dead	0.0	0.0	0.0	0.0	0.0	0.0	0.0	0.0
los	1478	1396	3178.32	2525.675	2851.9975	3320.39	3036.25	2773.68	2277.67	2799.03
hgt	136	134	2489.555	2351.985	2420.77	2665.95	2313.16	2536.09	2167.88	2416.915
los	None	dead	0.0	0.0	0.0	0.0	0.0	0.0	0.0	0.0
spe	136	134	2489.555	2351.985	2420.77	2665.95	2313.16	2536.09	2167.88	2416.915
spe	134	133	2351.985	2194.065	2273.025	2536.09	2167.88	2406.16	1981.97	2259.03
los	133	GCA.002506605.1.Archaea.Thermoproteota	2194.065	0.0	1097.0325	2406.16	1981.97	0.0	0.0	1203.08
spe	134	130	2351.985	2259.135	2305.56	2536.09	2167.88	2456.17	2062.1	2299.095
los	130	GCA.001510295.1.Archaea.Thermoproteota	2259.135	0.0	1129.5675	2456.17	2062.1	0.0	0.0	1228.085
spe	130	128	2259.135	1456.455	1857.795	2456.17	2062.1	1742.17	1170.74	1813.455
los	128	GCA.002011085.1.Archaea.Thermoproteota	1456.455	0.0	728.2275	1742.17	1170.74	0.0	0.0	871.085
hgt	None	dead	0.0	0.0	0.0	0.0	0.0	0.0	0.0	0.0
hgt	113	GCA.002255025.1.Archaea.Thermoproteota	2352.095	0.0	1176.0475	2536.91	2167.28	0.0	0.0	1268.455
los	None	dead	0.0	0.0	0.0	0.0	0.0	0.0	0.0	0.0
hgt	None	dead	0.0	0.0	0.0	0.0	0.0	0.0	0.0	0.0
los	1724	1723	3346.625	3248.065	3297.345	3486.29	3206.96	3383.97	3112.16	3299.225
hgt	90	89	2426.545	2320.405	2373.475	2587.9	2265.19	2487.89	2152.92	2370.41
los	None	dead	0.0	0.0	0.0	0.0	0.0	0.0	0.0	0.0
spe	90	89	2426.545	2320.405	2373.475	2587.9	2265.19	2487.89	2152.92	2370.41
spe	89	77	2320.405	2081.03	2200.7175	2487.89	2152.92	2277.46	1884.6	2186.245
los	77	GCA.001766825.1.Archaea.Halobacteriota	2081.03	0.0	1040.515	2277.46	1884.6	0.0	0.0	1138.73
spe	89	88	2320.405	2221.93	2271.1675	2487.89	2152.92	2396.19	2047.67	2267.78
spe	88	87	2221.93	2144.39	2183.16	2396.19	2047.67	2323.79	1964.99	2180.59
los	87	GCA.002256595.1.Archaea.Halobacteriota	2144.39	0.0	1072.195	2323.79	1964.99	0.0	0.0	1161.895
spe	87	86	2144.39	2014.745	2079.5675	2323.79	1964.99	2208.35	1821.14	2072.465
los	86	GCA.001412335.1.Archaea.Halobacteriota	2014.745	0.0	1007.3725	2208.35	1821.14	0.0	0.0	1104.175
spe	86	84	2014.745	1868.445	1941.595	2208.35	1821.14	2080.58	1656.31	1932.33
los	84	GCF.000970205.1.Archaea.Halobacteriota	1868.445	0.0	934.2225	2080.58	1656.31	0.0	0.0	1040.29
hgt	669	668	2395.145	2182.81	2288.9775	2603.05	2187.24	2412.62	1953.0	2278.025
los	88	80	2221.93	2032.885	2127.4075	2396.19	2047.67	2234.17	1831.6	2113.895
spe	669	668	2395.145	2182.81	2288.9775	2603.05	2187.24	2412.62	1953.0	2278.025
hgt	887	863	2727.215	2597.055	2662.135	2881.55	2572.88	2762.98	2431.13	2656.34
los	None	dead	0.0	0.0	0.0	0.0	0.0	0.0	0.0	0.0
spe	887	863	2727.215	2597.055	2662.135	2881.55	2572.88	2762.98	2431.13	2656.34
hgt	None	dead	0.0	0.0	0.0	0.0	0.0	0.0	0.0	0.0
hgt	987	GCA.002085355.1.Bacteria.KSB1	2188.64	0.0	1094.32	2408.55	1968.73	0.0	0.0	1204.275
los	None	dead	0.0	0.0	0.0	0.0	0.0	0.0	0.0	0.0
dup	987	GCA.002085355.1.Bacteria.KSB1	2188.64	0.0	1094.32	2408.55	1968.73	0.0	0.0	1204.275
hgt	None	dead	0.0	0.0	0.0	0.0	0.0	0.0	0.0	0.0
hgt	113	GCA.001593865.1.Archaea.Thermoproteota	2352.095	0.0	1176.0475	2536.91	2167.28	0.0	0.0	1268.455
los	None	dead	0.0	0.0	0.0	0.0	0.0	0.0	0.0	0.0
hgt	1325	1324	2604.385	2536.255	2570.32	2756.95	2451.82	2694.52	2377.99	2567.47
spe	863	857	2597.055	2515.41	2556.2325	2762.98	2431.13	2699.69	2331.13	2547.055
los	857	GCA.001830835.1.Bacteria.Desulfobacterota	2515.41	0.0	1257.705	2699.69	2331.13	0.0	0.0	1349.845
spe	1325	1324	2604.385	2536.255	2570.32	2756.95	2451.82	2694.52	2377.99	2567.47
spe	1324	1323	2536.255	2478.3	2507.2775	2694.52	2377.99	2641.49	2315.11	2504.815
los	1323	1319	2478.3	2388.655	2433.4775	2641.49	2315.11	2562.17	2215.14	2428.315
spe	1323	1322	2478.3	2209.475	2343.8875	2641.49	2315.11	2414.01	2004.94	2323.215
los	1322	GCA.001512665.1.Bacteria.Firmicutes.B	2209.475	0.0	1104.7375	2414.01	2004.94	0.0	0.0	1207.005
spe	1324	1308	2536.255	2377.745	2457.0	2694.52	2377.99	2550.36	2205.13	2449.825
los	1308	1307	2377.745	2196.38	2287.0625	2550.36	2205.13	2389.69	2003.07	2276.715
spe	1308	1300	2377.745	2090.18	2233.9625	2550.36	2205.13	2311.51	1868.85	2209.605
los	1300	GCA.002418765.1.Bacteria.Firmicutes.B	2090.18	0.0	1045.09	2311.51	1868.85	0.0	0.0	1155.755
spe	863	862	2597.055	2368.33	2482.6925	2762.98	2431.13	2561.03	2175.63	2469.305
hgt	1178	GCA.002347645.1.Bacteria.Actinobacteriota	2241.835	0.0	1120.9175	2458.12	2025.55	0.0	0.0	1229.06
los	862	GCA.002782605.1.Bacteria.Desulfobacterota	2368.33	0.0	1184.165	2561.03	2175.63	0.0	0.0	1280.515
spe	862	861	2368.33	2265.965	2317.1475	2561.03	2175.63	2474.98	2056.95	2308.99
hgt	150	GCA.003144275.1.Archaea.Asgardarchaeota	2169.605	0.0	1084.8025	2389.82	1949.39	0.0	0.0	1194.91
los	861	GCA.002327985.1.Bacteria.Desulfobacterota	2265.965	0.0	1132.9825	2474.98	2056.95	0.0	0.0	1237.49
dup	861	GCA.001304105.1.Bacteria.Desulfobacterota	2265.965	0.0	1132.9825	2474.98	2056.95	0.0	0.0	1237.49
spe	1726	1725	3442.105	3410.995	3426.55	3587.74	3296.47	3554.71	3267.28	3427.51
spe	1725	1393	3410.995	3339.09	3375.0425	3554.71	3267.28	3482.84	3195.34	3375.025
los	1393	1129	3339.09	3221.86	3280.475	3482.84	3195.34	3366.34	3077.38	3280.11
spe	1393	1392	3339.09	3284.295	3311.6925	3482.84	3195.34	3427.25	3141.34	3312.09
spe	1392	1188	3284.295	3109.515	3196.905	3427.25	3141.34	3255.47	2963.56	3195.405
spe	1188	1187	3109.515	3068.88	3089.1975	3255.47	2963.56	3215.81	2921.95	3088.71
spe	1187	1186	3068.88	3002.725	3035.8025	3215.81	2921.95	3152.18	2853.27	3034.54
hgt	None	dead	0.0	0.0	0.0	0.0	0.0	0.0	0.0	0.0
los	1186	1185	3002.725	2913.82	2958.2725	3152.18	2853.27	3065.51	2762.13	2957.155
hgt	1452	GCA.002348045.1.Bacteria.Chloroflexota	2204.94	0.0	1102.47	2468.84	1941.04	0.0	0.0	1234.42
los	None	dead	0.0	0.0	0.0	0.0	0.0	0.0	0.0	0.0
dup	1186	1136	3002.725	2691.07	2846.8975	3152.18	2853.27	2887.94	2494.2	2823.19
hgt	1389	1237	3027.58	2784.985	2906.2825	3169.39	2885.77	2940.94	2629.03	2899.21
hgt	897	889	3021.29	2916.985	2969.1375	3166.46	2876.12	3062.93	2771.04	2968.75
spe	1186	1136	3002.725	2691.07	2846.8975	3152.18	2853.27	2887.94	2494.2	2823.19
dup	1136	GCA.001768645.1.Bacteria.Actinobacteriota	2691.07	0.0	1345.535	2887.94	2494.2	0.0	0.0	1443.97
spe	897	889	3021.29	2916.985	2969.1375	3166.46	2876.12	3062.93	2771.04	2968.75
spe	889	843	2916.985	2862.71	2889.8475	3062.93	2771.04	3010.27	2715.15	2889.04
los	843	783	2862.71	2802.765	2832.7375	3010.27	2715.15	2953.24	2652.29	2831.28
spe	843	842	2862.71	2805.65	2834.18	3010.27	2715.15	2954.3	2657.0	2833.635
los	842	798	2805.65	2657.78	2731.715	2954.3	2657.0	2816.13	2499.43	2726.865
spe	842	841	2805.65	2762.435	2784.0425	2954.3	2657.0	2914.26	2610.61	2782.455
los	841	840	2762.435	2651.205	2706.82	2914.26	2610.61	2807.06	2495.35	2704.805
spe	841	801	2762.435	2578.84	2670.6375	2914.26	2610.61	2754.6	2403.08	2658.67
los	801	GCA.002328485.1.Bacteria.Desulfobacterota.G	2578.84	0.0	1289.42	2754.6	2403.08	0.0	0.0	1377.3
hgt	None	dead	0.0	0.0	0.0	0.0	0.0	0.0	0.0	0.0
hgt	1425	GCA.003229915.1.Bacteria.Chloroflexota	2515.535	0.0	1257.7675	2693.95	2337.12	0.0	0.0	1346.975
los	None	dead	0.0	0.0	0.0	0.0	0.0	0.0	0.0	0.0
hgt	None	dead	0.0	0.0	0.0	0.0	0.0	0.0	0.0	0.0
hgt	727	GCA.001803815.1.Bacteria.Nitrospirota	2370.105	0.0	1185.0525	2586.88	2153.33	0.0	0.0	1293.44
los	None	dead	0.0	0.0	0.0	0.0	0.0	0.0	0.0	0.0
spe	889	888	2916.985	2827.975	2872.48	3062.93	2771.04	2977.09	2678.86	2870.895
spe	888	854	2827.975	2738.145	2783.06	2977.09	2678.86	2894.15	2582.14	2779.615
los	854	853	2738.145	2576.375	2657.26	2894.15	2582.14	2761.44	2391.31	2642.73
spe	854	850	2738.145	2713.455	2725.8	2894.15	2582.14	2872.64	2554.27	2724.21
los	850	846	2713.455	2541.4	2627.4275	2872.64	2554.27	2725.16	2357.64	2615.14
spe	850	849	2713.455	2490.935	2602.195	2872.64	2554.27	2688.39	2293.48	2583.06
los	849	GCF.000266945.1.Bacteria.Desulfobacterota	2490.935	0.0	1245.4675	2688.39	2293.48	0.0	0.0	1344.195
spe	888	887	2827.975	2727.215	2777.595	2977.09	2678.86	2881.55	2572.88	2774.985
los	887	886	2727.215	2570.925	2649.07	2881.55	2572.88	2733.26	2408.59	2645.07
spe	887	863	2727.215	2597.055	2662.135	2881.55	2572.88	2762.98	2431.13	2656.34
los	863	857	2597.055	2515.41	2556.2325	2762.98	2431.13	2699.69	2331.13	2547.055
spe	863	862	2597.055	2368.33	2482.6925	2762.98	2431.13	2561.03	2175.63	2469.305
los	862	GCA.002782605.1.Bacteria.Desulfobacterota	2368.33	0.0	1184.165	2561.03	2175.63	0.0	0.0	1280.515
spe	862	861	2368.33	2265.965	2317.1475	2561.03	2175.63	2474.98	2056.95	2308.99
los	861	GCA.001304105.1.Bacteria.Desulfobacterota	2265.965	0.0	1132.9825	2474.98	2056.95	0.0	0.0	1237.49
hgt	None	dead	0.0	0.0	0.0	0.0	0.0	0.0	0.0	0.0
hgt	1068	GCA.002877955.1.Bacteria.Caldisericota	2377.575	0.0	1188.7875	2621.46	2133.69	0.0	0.0	1310.73
los	None	dead	0.0	0.0	0.0	0.0	0.0	0.0	0.0	0.0
spe	1389	1237	3027.58	2784.985	2906.2825	3169.39	2885.77	2940.94	2629.03	2899.21
spe	1237	1221	2784.985	2447.11	2616.0475	2940.94	2629.03	2673.77	2220.45	2580.695
los	1221	GCA.002375925.1.Bacteria.Firmicutes.E	2447.11	0.0	1223.555	2673.77	2220.45	0.0	0.0	1336.885
spe	1237	1236	2784.985	2683.21	2734.0975	2940.94	2629.03	2852.16	2514.26	2727.6
los	1236	1228	2683.21	2573.425	2628.3175	2852.16	2514.26	2761.84	2385.01	2618.585
spe	1236	1235	2683.21	2501.715	2592.4625	2852.16	2514.26	2690.97	2312.46	2582.31
los	1235	GCA.002376005.1.Bacteria.Firmicutes.E	2501.715	0.0	1250.8575	2690.97	2312.46	0.0	0.0	1345.485
spe	1235	1234	2501.715	2299.215	2400.465	2690.97	2312.46	2516.49	2081.94	2386.455
spe	1234	1233	2299.215	2039.805	2169.51	2516.49	2081.94	2298.21	1781.4	2148.945
los	1233	GCA.003449495.1.Bacteria.Firmicutes.E	2039.805	0.0	1019.9025	2298.21	1781.4	0.0	0.0	1149.105
hgt	1116	GCA.002435745.1.Bacteria.UBP15	2746.26	0.0	1373.13	2951.68	2540.84	0.0	0.0	1475.84
hgt	None	dead	0.0	0.0	0.0	0.0	0.0	0.0	0.0	0.0
hgt	801	GCA.001797815.1.Bacteria.RBG.13.61.14	2578.84	0.0	1289.42	2754.6	2403.08	0.0	0.0	1377.3
los	None	dead	0.0	0.0	0.0	0.0	0.0	0.0	0.0	0.0
spe	1186	1136	3002.725	2691.07	2846.8975	3152.18	2853.27	2887.94	2494.2	2823.19
hgt	None	dead	0.0	0.0	0.0	0.0	0.0	0.0	0.0	0.0
los	1187	1133	3068.88	2731.5	2900.19	3215.81	2921.95	2922.33	2540.67	2878.24
hgt	887	863	2727.215	2597.055	2662.135	2881.55	2572.88	2762.98	2431.13	2656.34
los	None	dead	0.0	0.0	0.0	0.0	0.0	0.0	0.0	0.0
spe	887	863	2727.215	2597.055	2662.135	2881.55	2572.88	2762.98	2431.13	2656.34
spe	863	857	2597.055	2515.41	2556.2325	2762.98	2431.13	2699.69	2331.13	2547.055
los	857	GCA.001830835.1.Bacteria.Desulfobacterota	2515.41	0.0	1257.705	2699.69	2331.13	0.0	0.0	1349.845
spe	863	862	2597.055	2368.33	2482.6925	2762.98	2431.13	2561.03	2175.63	2469.305
spe	862	861	2368.33	2265.965	2317.1475	2561.03	2175.63	2474.98	2056.95	2308.99
los	861	GCA.002327985.1.Bacteria.Desulfobacterota	2265.965	0.0	1132.9825	2474.98	2056.95	0.0	0.0	1237.49
hgt	753	GCA.001803565.1.Bacteria.Nitrospinota.B	2583.27	0.0	1291.635	2768.8	2397.74	0.0	0.0	1384.4
hgt	1173	GCA.001768675.1.Bacteria.Actinobacteriota	2194.99	0.0	1097.495	2420.07	1969.91	0.0	0.0	1210.035
los	862	GCA.002782605.1.Bacteria.Desulfobacterota	2368.33	0.0	1184.165	2561.03	2175.63	0.0	0.0	1280.515
hgt	1476	1454	2948.885	2633.59	2791.2375	3099.11	2798.66	2806.22	2460.96	2780.035
los	1188	GCA.002779205.1.Bacteria.Actinobacteriota	3109.515	0.0	1554.7575	3255.47	2963.56	0.0	0.0	1627.735
dup	1476	1454	2948.885	2633.59	2791.2375	3099.11	2798.66	2806.22	2460.96	2780.035
hgt	None	dead	0.0	0.0	0.0	0.0	0.0	0.0	0.0	0.0
dup	None	dead	0.0	0.0	0.0	0.0	0.0	0.0	0.0	0.0
hgt	1292	GCF.001950325.1.Bacteria.Firmicutes.B	2370.88	0.0	1185.44	2569.61	2172.15	0.0	0.0	1284.805
los	None	dead	0.0	0.0	0.0	0.0	0.0	0.0	0.0	0.0
hgt	47	GCA.002495235.1.Archaea.Thermoplasmatota	2175.095	0.0	1087.5475	2371.63	1978.56	0.0	0.0	1185.815
los	None	dead	0.0	0.0	0.0	0.0	0.0	0.0	0.0	0.0
hgt	None	dead	0.0	0.0	0.0	0.0	0.0	0.0	0.0	0.0
hgt	59	GCA.002878135.1.Archaea.Thermoplasmatota	1950.86	0.0	975.43	2148.2	1753.52	0.0	0.0	1074.1
los	None	dead	0.0	0.0	0.0	0.0	0.0	0.0	0.0	0.0
spe	1476	1454	2948.885	2633.59	2791.2375	3099.11	2798.66	2806.22	2460.96	2780.035
spe	1454	1446	2633.59	2467.265	2550.4275	2806.22	2460.96	2650.86	2283.67	2544.945
los	1446	1445	2467.265	2304.44	2385.8525	2650.86	2283.67	2498.38	2110.5	2380.68
spe	1446	1440	2467.265	2358.68	2412.9725	2650.86	2283.67	2549.6	2167.76	2409.31
los	1440	GCF.001306175.1.Bacteria.Chloroflexota	2358.68	0.0	1179.34	2549.6	2167.76	0.0	0.0	1274.8
spe	1440	1439	2358.68	2159.315	2258.9975	2549.6	2167.76	2363.76	1954.87	2252.235
los	1439	1438	2159.315	1986.755	2073.035	2363.76	1954.87	2210.66	1762.85	2063.305
hgt	None	dead	0.0	0.0	0.0	0.0	0.0	0.0	0.0	0.0
hgt	113	GCA.002255025.1.Archaea.Thermoproteota	2352.095	0.0	1176.0475	2536.91	2167.28	0.0	0.0	1268.455
los	None	dead	0.0	0.0	0.0	0.0	0.0	0.0	0.0	0.0
spe	1454	1453	2633.59	2571.245	2602.4175	2806.22	2460.96	2752.52	2389.97	2598.095
spe	1453	1452	2571.245	2204.94	2388.0925	2752.52	2389.97	2468.84	1941.04	2346.78
los	1452	GCA.002423325.1.Bacteria.Chloroflexota	2204.94	0.0	1102.47	2468.84	1941.04	0.0	0.0	1234.42
spe	1453	1449	2571.245	2414.175	2492.71	2752.52	2389.97	2615.97	2212.38	2482.45
hgt	877	GCA.001797675.1.Bacteria.Desulfobacterota	2406.095	0.0	1203.0475	2589.76	2222.43	0.0	0.0	1294.88
hgt	143	GCA.001563325.1.Archaea.Asgardarchaeota	2511.185	0.0	1255.5925	2712.39	2309.98	0.0	0.0	1356.195
los	1449	GCA.002366595.1.Bacteria.Chloroflexota	2414.175	0.0	1207.0875	2615.97	2212.38	0.0	0.0	1307.985
dup	143	GCA.001563325.1.Archaea.Asgardarchaeota	2511.185	0.0	1255.5925	2712.39	2309.98	0.0	0.0	1356.195
hgt	47	GCA.002494765.1.Archaea.Thermoplasmatota	2175.095	0.0	1087.5475	2371.63	1978.56	0.0	0.0	1185.815
dup	143	GCA.001563325.1.Archaea.Asgardarchaeota	2511.185	0.0	1255.5925	2712.39	2309.98	0.0	0.0	1356.195
spe	1476	1454	2948.885	2633.59	2791.2375	3099.11	2798.66	2806.22	2460.96	2780.035
hgt	None	dead	0.0	0.0	0.0	0.0	0.0	0.0	0.0	0.0
los	1454	1446	2633.59	2467.265	2550.4275	2806.22	2460.96	2650.86	2283.67	2544.945
hgt	113	GCA.001593865.1.Archaea.Thermoproteota	2352.095	0.0	1176.0475	2536.91	2167.28	0.0	0.0	1268.455
los	None	dead	0.0	0.0	0.0	0.0	0.0	0.0	0.0	0.0
spe	1454	1453	2633.59	2571.245	2602.4175	2806.22	2460.96	2752.52	2389.97	2598.095
los	1453	1449	2571.245	2414.175	2492.71	2752.52	2389.97	2615.97	2212.38	2482.45
spe	1453	1452	2571.245	2204.94	2388.0925	2752.52	2389.97	2468.84	1941.04	2346.78
los	1452	GCA.002423325.1.Bacteria.Chloroflexota	2204.94	0.0	1102.47	2468.84	1941.04	0.0	0.0	1234.42
spe	1392	1391	3284.295	3133.07	3208.6825	3427.25	3141.34	3276.23	2989.91	3208.58
spe	1391	1390	3133.07	3070.6	3101.835	3276.23	2989.91	3212.43	2928.77	3102.5
hgt	None	dead	0.0	0.0	0.0	0.0	0.0	0.0	0.0	0.0
los	1390	1218	3070.6	2947.155	3008.8775	3212.43	2928.77	3097.7	2796.61	3004.52
hgt	741	GCA.001771285.1.Bacteria.Methylomirabilota	2582.55	0.0	1291.275	2791.15	2373.95	0.0	0.0	1395.575
los	None	dead	0.0	0.0	0.0	0.0	0.0	0.0	0.0	0.0
dup	741	GCA.001771285.1.Bacteria.Methylomirabilota	2582.55	0.0	1291.275	2791.15	2373.95	0.0	0.0	1395.575
hgt	185	GCA.001791795.1.Bacteria.Wallbacteria	3290.735	0.0	1645.3675	3466.68	3114.79	0.0	0.0	1733.34
spe	1390	1389	3070.6	3027.58	3049.09	3212.43	2928.77	3169.39	2885.77	3049.1
spe	1389	1388	3027.58	2941.055	2984.3175	3169.39	2885.77	3082.24	2799.87	2984.63
los	1388	1387	2941.055	2902.155	2921.605	3082.24	2799.87	3045.04	2759.27	2920.755
spe	1388	1274	2941.055	2802.895	2871.975	3082.24	2799.87	2951.21	2654.58	2868.41
los	1274	1273	2802.895	2658.63	2730.7625	2951.21	2654.58	2811.6	2505.66	2728.435
spe	1274	1240	2802.895	2549.06	2675.9775	2951.21	2654.58	2730.4	2367.72	2659.465
los	1240	GCF.900142995.1.Bacteria.Firmicutes.A	2549.06	0.0	1274.53	2730.4	2367.72	0.0	0.0	1365.2
spe	1389	1237	3027.58	2784.985	2906.2825	3169.39	2885.77	2940.94	2629.03	2899.21
spe	1237	1221	2784.985	2447.11	2616.0475	2940.94	2629.03	2673.77	2220.45	2580.695
los	1221	GCA.002375925.1.Bacteria.Firmicutes.E	2447.11	0.0	1223.555	2673.77	2220.45	0.0	0.0	1336.885
spe	1237	1236	2784.985	2683.21	2734.0975	2940.94	2629.03	2852.16	2514.26	2727.6
los	1236	1235	2683.21	2501.715	2592.4625	2852.16	2514.26	2690.97	2312.46	2582.31
spe	1236	1228	2683.21	2573.425	2628.3175	2852.16	2514.26	2761.84	2385.01	2618.585
los	1228	GCA.003023725.1.Bacteria.Firmicutes.E	2573.425	0.0	1286.7125	2761.84	2385.01	0.0	0.0	1380.92
spe	1228	1227	2573.425	2407.625	2490.525	2761.84	2385.01	2618.59	2196.66	2479.25
los	1227	GCA.003242675.1.Bacteria.Firmicutes.E	2407.625	0.0	1203.8125	2618.59	2196.66	0.0	0.0	1309.295
spe	1227	1226	2407.625	2297.705	2352.665	2618.59	2196.66	2529.25	2066.16	2342.375
los	1226	GCA.003242195.1.Bacteria.Firmicutes.E	2297.705	0.0	1148.8525	2529.25	2066.16	0.0	0.0	1264.625
hgt	250	249	2494.48	2408.17	2451.325	2662.61	2326.35	2580.96	2235.38	2448.995
hgt	1445	GCA.003130875.1.Bacteria.Chloroflexota	2304.44	0.0	1152.22	2498.38	2110.5	0.0	0.0	1249.19
hgt	857	GCA.002010915.1.Bacteria.Desulfobacterota	2515.41	0.0	1257.705	2699.69	2331.13	0.0	0.0	1349.845
spe	250	249	2494.48	2408.17	2451.325	2662.61	2326.35	2580.96	2235.38	2448.995
spe	249	245	2408.17	2346.24	2377.205	2580.96	2235.38	2522.01	2170.47	2375.715
hgt	198	GCA.002478245.1.Bacteria.UBP18	2808.635	0.0	1404.3175	2991.51	2625.76	0.0	0.0	1495.755
los	245	244	2346.24	2178.39	2262.315	2522.01	2170.47	2377.56	1979.22	2250.615
spe	245	241	2346.24	2226.475	2286.3575	2522.01	2170.47	2413.27	2039.68	2280.845
los	241	239	2226.475	2146.715	2186.595	2413.27	2039.68	2343.88	1949.55	2181.41
spe	249	248	2408.17	1920.715	2164.4425	2580.96	2235.38	2155.61	1685.82	2133.39
hgt	390	GCA.002780065.1.Bacteria.UBA8481	3122.13	0.0	1561.065	3271.16	2973.1	0.0	0.0	1635.58
los	248	GCA.001800245.1.Bacteria.Elusimicrobiota	1920.715	0.0	960.3575	2155.61	1685.82	0.0	0.0	1077.805
hgt	None	dead	0.0	0.0	0.0	0.0	0.0	0.0	0.0	0.0
los	1391	1211	3133.07	3013.88	3073.475	3276.23	2989.91	3161.44	2866.32	3071.275
hgt	1322	GCA.000961765.1.Bacteria.Firmicutes.B	2209.475	0.0	1104.7375	2414.01	2004.94	0.0	0.0	1207.005
los	None	dead	0.0	0.0	0.0	0.0	0.0	0.0	0.0	0.0
dup	1322	GCA.000961765.1.Bacteria.Firmicutes.B	2209.475	0.0	1104.7375	2414.01	2004.94	0.0	0.0	1207.005
hgt	741	GCA.001771285.1.Bacteria.Methylomirabilota	2582.55	0.0	1291.275	2791.15	2373.95	0.0	0.0	1395.575
hgt	74	GCA.002011165.1.Archaea.Halobacteriota	2278.05	0.0	1139.025	2455.2	2100.9	0.0	0.0	1227.6
hgt	1305	GCF.002207765.1.Bacteria.Firmicutes.B	2012.42	0.0	1006.21	2240.7	1784.14	0.0	0.0	1120.35
hgt	1269	GCF.002252565.1.Bacteria.Firmicutes.A	2051.8	0.0	1025.9	2236.36	1867.24	0.0	0.0	1118.18
hgt	1058	GCF.000233775.1.Bacteria.Synergistota	2874.585	0.0	1437.2925	3067.3	2681.87	0.0	0.0	1533.65
dup	1305	GCF.002207765.1.Bacteria.Firmicutes.B	2012.42	0.0	1006.21	2240.7	1784.14	0.0	0.0	1120.35
hgt	1221	GCA.002375925.1.Bacteria.Firmicutes.E	2447.11	0.0	1223.555	2673.77	2220.45	0.0	0.0	1336.885
hgt	1208	GCA.001513145.1.Bacteria.Firmicutes.G	2545.345	0.0	1272.6725	2781.03	2309.66	0.0	0.0	1390.515
hgt	128	GCA.002011085.1.Archaea.Thermoproteota	1456.455	0.0	728.2275	1742.17	1170.74	0.0	0.0	871.085
dup	1208	GCA.001513145.1.Bacteria.Firmicutes.G	2545.345	0.0	1272.6725	2781.03	2309.66	0.0	0.0	1390.515
hgt	174	GCA.001940665.1.Archaea.Asgardarchaeota	2722.305	0.0	1361.1525	2888.31	2556.3	0.0	0.0	1444.155
hgt	861	GCA.001304105.1.Bacteria.Desulfobacterota	2265.965	0.0	1132.9825	2474.98	2056.95	0.0	0.0	1237.49
hgt	905	GCA.001412425.1.Bacteria.Cloacimonadota	2553.935	0.0	1276.9675	2780.82	2327.05	0.0	0.0	1390.41
hgt	1645	GCF.000212395.1.Bacteria.Thermodesulfobiota	3078.905	0.0	1539.4525	3240.17	2917.64	0.0	0.0	1620.085
spe	1725	1724	3410.995	3346.625	3378.81	3554.71	3267.28	3486.29	3206.96	3380.835
los	1724	1723	3346.625	3248.065	3297.345	3486.29	3206.96	3383.97	3112.16	3299.225
spe	1724	1642	3346.625	3305.11	3325.8675	3486.29	3206.96	3444.34	3165.88	3326.085
los	1642	1641	3305.11	3138.575	3221.8425	3444.34	3165.88	3281.68	2995.47	3219.905
spe	1642	1478	3305.11	3178.32	3241.715	3444.34	3165.88	3320.39	3036.25	3240.295
los	1478	1396	3178.32	2525.675	2851.9975	3320.39	3036.25	2773.68	2277.67	2799.03
spe	1478	1477	3178.32	3065.68	3122.0	3320.39	3036.25	3209.37	2921.99	3121.19
hgt	None	dead	0.0	0.0	0.0	0.0	0.0	0.0	0.0	0.0
dup	1477	1476	3065.68	2948.885	3007.2825	3209.37	2921.99	3099.11	2798.66	3004.015
spe	1477	1476	3065.68	2948.885	3007.2825	3209.37	2921.99	3099.11	2798.66	3004.015
los	1476	1475	2948.885	2883.705	2916.295	3099.11	2798.66	3039.71	2727.7	2913.405
spe	1476	1454	2948.885	2633.59	2791.2375	3099.11	2798.66	2806.22	2460.96	2780.035
los	1454	1446	2633.59	2467.265	2550.4275	2806.22	2460.96	2650.86	2283.67	2544.945
dup	1454	1453	2633.59	2571.245	2602.4175	2806.22	2460.96	2752.52	2389.97	2598.095
spe	1454	1453	2633.59	2571.245	2602.4175	2806.22	2460.96	2752.52	2389.97	2598.095
spe	1453	1449	2571.245	2414.175	2492.71	2752.52	2389.97	2615.97	2212.38	2482.45
hgt	1344	GCF.000218765.1.Bacteria.Firmicutes	2055.27	0.0	1027.635	2234.39	1876.15	0.0	0.0	1117.195
los	1449	GCA.002366595.1.Bacteria.Chloroflexota	2414.175	0.0	1207.0875	2615.97	2212.38	0.0	0.0	1307.985
spe	1453	1452	2571.245	2204.94	2388.0925	2752.52	2389.97	2468.84	1941.04	2346.78
dup	1452	GCA.002348045.1.Bacteria.Chloroflexota	2204.94	0.0	1102.47	2468.84	1941.04	0.0	0.0	1234.42
hgt	861	GCA.001304105.1.Bacteria.Desulfobacterota	2265.965	0.0	1132.9825	2474.98	2056.95	0.0	0.0	1237.49
los	1452	GCA.002423325.1.Bacteria.Chloroflexota	2204.94	0.0	1102.47	2468.84	1941.04	0.0	0.0	1234.42
dup	861	GCA.001304105.1.Bacteria.Desulfobacterota	2265.965	0.0	1132.9825	2474.98	2056.95	0.0	0.0	1237.49
hgt	1462	GCA.002436065.1.Bacteria.Chloroflexota	2688.275	0.0	1344.1375	2865.83	2510.72	0.0	0.0	1432.915
hgt	857	GCA.002010915.1.Bacteria.Desulfobacterota	2515.41	0.0	1257.705	2699.69	2331.13	0.0	0.0	1349.845
dup	1462	GCA.002436065.1.Bacteria.Chloroflexota	2688.275	0.0	1344.1375	2865.83	2510.72	0.0	0.0	1432.915
dup	1462	GCA.002436065.1.Bacteria.Chloroflexota	2688.275	0.0	1344.1375	2865.83	2510.72	0.0	0.0	1432.915
spe	1454	1453	2633.59	2571.245	2602.4175	2806.22	2460.96	2752.52	2389.97	2598.095
hgt	None	dead	0.0	0.0	0.0	0.0	0.0	0.0	0.0	0.0
hgt	1438	GCA.002841995.1.Bacteria.Chloroflexota	1986.755	0.0	993.3775	2210.66	1762.85	0.0	0.0	1105.33
los	None	dead	0.0	0.0	0.0	0.0	0.0	0.0	0.0	0.0
spe	1453	1452	2571.245	2204.94	2388.0925	2752.52	2389.97	2468.84	1941.04	2346.78
dup	1452	GCA.002348045.1.Bacteria.Chloroflexota	2204.94	0.0	1102.47	2468.84	1941.04	0.0	0.0	1234.42
dup	1452	GCA.002348045.1.Bacteria.Chloroflexota	2204.94	0.0	1102.47	2468.84	1941.04	0.0	0.0	1234.42
hgt	None	dead	0.0	0.0	0.0	0.0	0.0	0.0	0.0	0.0
hgt	1424	GCA.002011475.1.Bacteria.Chloroflexota	2409.195	0.0	1204.5975	2595.11	2223.28	0.0	0.0	1297.555
los	None	dead	0.0	0.0	0.0	0.0	0.0	0.0	0.0	0.0
hgt	1236	1235	2683.21	2501.715	2592.4625	2852.16	2514.26	2690.97	2312.46	2582.31
spe	1453	1449	2571.245	2414.175	2492.71	2752.52	2389.97	2615.97	2212.38	2482.45
hgt	1289	GCA.002345475.1.Bacteria.Firmicutes.H	2635.61	0.0	1317.805	2795.95	2475.27	0.0	0.0	1397.975
los	1449	GCA.002400365.1.Bacteria.Chloroflexota	2414.175	0.0	1207.0875	2615.97	2212.38	0.0	0.0	1307.985
spe	1236	1235	2683.21	2501.715	2592.4625	2852.16	2514.26	2690.97	2312.46	2582.31
spe	1235	1234	2501.715	2299.215	2400.465	2690.97	2312.46	2516.49	2081.94	2386.455
spe	1234	1233	2299.215	2039.805	2169.51	2516.49	2081.94	2298.21	1781.4	2148.945
los	1233	GCA.003449495.1.Bacteria.Firmicutes.E	2039.805	0.0	1019.9025	2298.21	1781.4	0.0	0.0	1149.105
hgt	1221	GCA.002375895.1.Bacteria.Firmicutes.E	2447.11	0.0	1223.555	2673.77	2220.45	0.0	0.0	1336.885
hgt	None	dead	0.0	0.0	0.0	0.0	0.0	0.0	0.0	0.0
hgt	1092	1058	3257.545	2874.585	3066.065	3404.95	3110.14	3067.3	2681.87	3043.41
hgt	None	dead	0.0	0.0	0.0	0.0	0.0	0.0	0.0	0.0
spe	1477	1476	3065.68	2948.885	3007.2825	3209.37	2921.99	3099.11	2798.66	3004.015
hgt	None	dead	0.0	0.0	0.0	0.0	0.0	0.0	0.0	0.0
hgt	1307	GCA.000987045.1.Bacteria.Firmicutes.B	2196.38	0.0	1098.19	2389.69	2003.07	0.0	0.0	1194.845
los	None	dead	0.0	0.0	0.0	0.0	0.0	0.0	0.0	0.0
hgt	None	dead	0.0	0.0	0.0	0.0	0.0	0.0	0.0	0.0
hgt	1234	GCA.003599345.1.Bacteria.Firmicutes.E	2299.215	0.0	1149.6075	2516.49	2081.94	0.0	0.0	1258.245
los	None	dead	0.0	0.0	0.0	0.0	0.0	0.0	0.0	0.0
hgt	1058	GCA.001443005.1.Bacteria.Synergistota	2874.585	0.0	1437.2925	3067.3	2681.87	0.0	0.0	1533.65
spe	1476	1454	2948.885	2633.59	2791.2375	3099.11	2798.66	2806.22	2460.96	2780.035
spe	1454	1453	2633.59	2571.245	2602.4175	2806.22	2460.96	2752.52	2389.97	2598.095
los	1453	1449	2571.245	2414.175	2492.71	2752.52	2389.97	2615.97	2212.38	2482.45
spe	1453	1452	2571.245	2204.94	2388.0925	2752.52	2389.97	2468.84	1941.04	2346.78
los	1452	GCA.002348045.1.Bacteria.Chloroflexota	2204.94	0.0	1102.47	2468.84	1941.04	0.0	0.0	1234.42
hgt	None	dead	0.0	0.0	0.0	0.0	0.0	0.0	0.0	0.0
hgt	1300	GCA.002418765.1.Bacteria.Firmicutes.B	2090.18	0.0	1045.09	2311.51	1868.85	0.0	0.0	1155.755
los	None	dead	0.0	0.0	0.0	0.0	0.0	0.0	0.0	0.0
dup	1454	1446	2633.59	2467.265	2550.4275	2806.22	2460.96	2650.86	2283.67	2544.945
spe	1454	1446	2633.59	2467.265	2550.4275	2806.22	2460.96	2650.86	2283.67	2544.945
spe	1446	1445	2467.265	2304.44	2385.8525	2650.86	2283.67	2498.38	2110.5	2380.68
los	1445	GCA.003130875.1.Bacteria.Chloroflexota	2304.44	0.0	1152.22	2498.38	2110.5	0.0	0.0	1249.19
spe	1445	1444	2304.44	2137.48	2220.96	2498.38	2110.5	2354.92	1920.04	2209.21
los	1444	GCA.002366755.1.Bacteria.Chloroflexota	2137.48	0.0	1068.74	2354.92	1920.04	0.0	0.0	1177.46
spe	1446	1440	2467.265	2358.68	2412.9725	2650.86	2283.67	2549.6	2167.76	2409.31
los	1440	1439	2358.68	2159.315	2258.9975	2549.6	2167.76	2363.76	1954.87	2252.235
spe	1454	1446	2633.59	2467.265	2550.4275	2806.22	2460.96	2650.86	2283.67	2544.945
spe	1446	1445	2467.265	2304.44	2385.8525	2650.86	2283.67	2498.38	2110.5	2380.68
hgt	529	GCA.002420425.1.Bacteria.Proteobacteria	2307.945	0.0	1153.9725	2475.73	2140.16	0.0	0.0	1237.865
los	1445	1444	2304.44	2137.48	2220.96	2498.38	2110.5	2354.92	1920.04	2209.21
spe	1446	1440	2467.265	2358.68	2412.9725	2650.86	2283.67	2549.6	2167.76	2409.31
hgt	1452	GCA.002348045.1.Bacteria.Chloroflexota	2204.94	0.0	1102.47	2468.84	1941.04	0.0	0.0	1234.42
los	1440	GCF.001306175.1.Bacteria.Chloroflexota	2358.68	0.0	1179.34	2549.6	2167.76	0.0	0.0	1274.8
spe	1440	1439	2358.68	2159.315	2258.9975	2549.6	2167.76	2363.76	1954.87	2252.235
spe	1439	1438	2159.315	1986.755	2073.035	2363.76	1954.87	2210.66	1762.85	2063.305
los	1438	GCA.002841995.1.Bacteria.Chloroflexota	1986.755	0.0	993.3775	2210.66	1762.85	0.0	0.0	1105.33
spe	1438	1437	1986.755	1859.345	1923.05	2210.66	1762.85	2096.58	1622.11	1916.385
los	1437	GCA.002702065.1.Bacteria.Chloroflexota	1859.345	0.0	929.6725	2096.58	1622.11	0.0	0.0	1048.29
dup	1439	GCF.900187885.1.Bacteria.Chloroflexota	2159.315	0.0	1079.6575	2363.76	1954.87	0.0	0.0	1181.88
hgt	1116	GCA.002435745.1.Bacteria.UBP15	2746.26	0.0	1373.13	2951.68	2540.84	0.0	0.0	1475.84
hgt	None	dead	0.0	0.0	0.0	0.0	0.0	0.0	0.0	0.0
hgt	887	863	2727.215	2597.055	2662.135	2881.55	2572.88	2762.98	2431.13	2656.34
los	None	dead	0.0	0.0	0.0	0.0	0.0	0.0	0.0	0.0
spe	887	863	2727.215	2597.055	2662.135	2881.55	2572.88	2762.98	2431.13	2656.34
spe	863	862	2597.055	2368.33	2482.6925	2762.98	2431.13	2561.03	2175.63	2469.305
los	862	GCA.002782605.1.Bacteria.Desulfobacterota	2368.33	0.0	1184.165	2561.03	2175.63	0.0	0.0	1280.515
spe	862	861	2368.33	2265.965	2317.1475	2561.03	2175.63	2474.98	2056.95	2308.99
los	861	GCA.002327985.1.Bacteria.Desulfobacterota	2265.965	0.0	1132.9825	2474.98	2056.95	0.0	0.0	1237.49
spe	863	857	2597.055	2515.41	2556.2325	2762.98	2431.13	2699.69	2331.13	2547.055
los	857	GCA.001830835.1.Bacteria.Desulfobacterota	2515.41	0.0	1257.705	2699.69	2331.13	0.0	0.0	1349.845
spe	1476	1475	2948.885	2883.705	2916.295	3099.11	2798.66	3039.71	2727.7	2913.405
spe	1475	1463	2883.705	2750.56	2817.1325	3039.71	2727.7	2918.34	2582.78	2811.245
los	1463	1457	2750.56	2476.295	2613.4275	2918.34	2582.78	2697.47	2255.12	2586.73
spe	1463	1462	2750.56	2688.275	2719.4175	2918.34	2582.78	2865.83	2510.72	2714.53
los	1462	1461	2688.275	2433.39	2560.8325	2865.83	2510.72	2666.93	2199.85	2532.84
spe	1475	1474	2883.705	2804.86	2844.2825	3039.71	2727.7	2967.88	2641.84	2840.775
spe	1474	1470	2804.86	2595.865	2700.3625	2967.88	2641.84	2779.45	2412.28	2690.08
los	1470	GCF.000025005.1.Bacteria.Chloroflexota	2595.865	0.0	1297.9325	2779.45	2412.28	0.0	0.0	1389.725
spe	1470	1469	2595.865	2472.76	2534.3125	2779.45	2412.28	2679.0	2266.52	2522.985
los	1469	GCA.001898225.1.Bacteria.Chloroflexota	2472.76	0.0	1236.38	2679.0	2266.52	0.0	0.0	1339.5
spe	1469	1467	2472.76	2363.295	2418.0275	2679.0	2266.52	2590.38	2136.21	2407.605
los	1467	GCA.002440805.1.Bacteria.Chloroflexota	2363.295	0.0	1181.6475	2590.38	2136.21	0.0	0.0	1295.19
hgt	293	GCA.003246265.1.Bacteria.Verrucomicrobiota	2421.68	0.0	1210.84	2621.74	2221.62	0.0	0.0	1310.87
los	1474	1473	2804.86	2043.005	2423.9325	2967.88	2641.84	2324.44	1761.57	2364.725
hgt	1300	GCF.000620305.1.Bacteria.Firmicutes.B	2090.18	0.0	1045.09	2311.51	1868.85	0.0	0.0	1155.755
los	None	dead	0.0	0.0	0.0	0.0	0.0	0.0	0.0	0.0
dup	1300	GCF.000620305.1.Bacteria.Firmicutes.B	2090.18	0.0	1045.09	2311.51	1868.85	0.0	0.0	1155.755
hgt	1322	GCA.000961765.1.Bacteria.Firmicutes.B	2209.475	0.0	1104.7375	2414.01	2004.94	0.0	0.0	1207.005
spe	1092	1058	3257.545	2874.585	3066.065	3404.95	3110.14	3067.3	2681.87	3043.41
hgt	1240	GCA.002376045.1.Bacteria.Firmicutes.A	2549.06	0.0	1274.53	2730.4	2367.72	0.0	0.0	1365.2
dup	None	dead	0.0	0.0	0.0	0.0	0.0	0.0	0.0	0.0
hgt	116	GCA.001774245.1.Archaea.Thermoproteota	1726.54	0.0	863.27	2006.45	1446.63	0.0	0.0	1003.225
los	None	dead	0.0	0.0	0.0	0.0	0.0	0.0	0.0	0.0
hgt	99	GCF.000092185.1.Archaea.Thermoproteota	2047.925	0.0	1023.9625	2262.48	1833.37	0.0	0.0	1131.24
los	None	dead	0.0	0.0	0.0	0.0	0.0	0.0	0.0	0.0
dup	None	dead	0.0	0.0	0.0	0.0	0.0	0.0	0.0	0.0
hgt	1235	GCA.002376005.1.Bacteria.Firmicutes.E	2501.715	0.0	1250.8575	2690.97	2312.46	0.0	0.0	1345.485
los	None	dead	0.0	0.0	0.0	0.0	0.0	0.0	0.0	0.0
hgt	147	GCA.001940725.1.Archaea.Asgardarchaeota	2281.01	0.0	1140.505	2488.59	2073.43	0.0	0.0	1244.295
los	None	dead	0.0	0.0	0.0	0.0	0.0	0.0	0.0	0.0
spe	1477	1431	3065.68	2900.705	2983.1925	3209.37	2921.99	3055.74	2745.67	2977.52
hgt	None	dead	0.0	0.0	0.0	0.0	0.0	0.0	0.0	0.0
hgt	842	841	2805.65	2762.435	2784.0425	2954.3	2657.0	2914.26	2610.61	2782.455
hgt	None	dead	0.0	0.0	0.0	0.0	0.0	0.0	0.0	0.0
hgt	1183	GCA.002347365.1.Bacteria.Actinobacteriota	2457.105	0.0	1228.5525	2668.97	2245.24	0.0	0.0	1334.485
los	None	dead	0.0	0.0	0.0	0.0	0.0	0.0	0.0	0.0
hgt	1218	GCA.001513125.1.Bacteria.DTU030	2947.155	0.0	1473.5775	3097.7	2796.61	0.0	0.0	1548.85
hgt	None	dead	0.0	0.0	0.0	0.0	0.0	0.0	0.0	0.0
hgt	1476	1454	2948.885	2633.59	2791.2375	3099.11	2798.66	2806.22	2460.96	2780.035
hgt	None	dead	0.0	0.0	0.0	0.0	0.0	0.0	0.0	0.0
hgt	1173	GCA.001768675.1.Bacteria.Actinobacteriota	2194.99	0.0	1097.495	2420.07	1969.91	0.0	0.0	1210.035
los	None	dead	0.0	0.0	0.0	0.0	0.0	0.0	0.0	0.0
spe	1431	1430	2900.705	2636.055	2768.38	3055.74	2745.67	2857.47	2414.64	2735.19
spe	1476	1454	2948.885	2633.59	2791.2375	3099.11	2798.66	2806.22	2460.96	2780.035
spe	1454	1446	2633.59	2467.265	2550.4275	2806.22	2460.96	2650.86	2283.67	2544.945
spe	1446	1445	2467.265	2304.44	2385.8525	2650.86	2283.67	2498.38	2110.5	2380.68
los	1445	1444	2304.44	2137.48	2220.96	2498.38	2110.5	2354.92	1920.04	2209.21
hgt	1462	GCA.002436065.1.Bacteria.Chloroflexota	2688.275	0.0	1344.1375	2865.83	2510.72	0.0	0.0	1432.915
los	1446	1440	2467.265	2358.68	2412.9725	2650.86	2283.67	2549.6	2167.76	2409.31
spe	1454	1453	2633.59	2571.245	2602.4175	2806.22	2460.96	2752.52	2389.97	2598.095
spe	1453	1452	2571.245	2204.94	2388.0925	2752.52	2389.97	2468.84	1941.04	2346.78
los	1452	GCA.002423325.1.Bacteria.Chloroflexota	2204.94	0.0	1102.47	2468.84	1941.04	0.0	0.0	1234.42
hgt	None	dead	0.0	0.0	0.0	0.0	0.0	0.0	0.0	0.0
los	1453	1449	2571.245	2414.175	2492.71	2752.52	2389.97	2615.97	2212.38	2482.45
hgt	1322	GCA.000961765.1.Bacteria.Firmicutes.B	2209.475	0.0	1104.7375	2414.01	2004.94	0.0	0.0	1207.005
los	None	dead	0.0	0.0	0.0	0.0	0.0	0.0	0.0	0.0
dup	1322	GCA.000961765.1.Bacteria.Firmicutes.B	2209.475	0.0	1104.7375	2414.01	2004.94	0.0	0.0	1207.005
hgt	1221	GCA.002375925.1.Bacteria.Firmicutes.E	2447.11	0.0	1223.555	2673.77	2220.45	0.0	0.0	1336.885
dup	1322	GCA.000961765.1.Bacteria.Firmicutes.B	2209.475	0.0	1104.7375	2414.01	2004.94	0.0	0.0	1207.005
dup	None	dead	0.0	0.0	0.0	0.0	0.0	0.0	0.0	0.0
hgt	1355	GCF.004522215.1.Bacteria.Firmicutes	1845.21	0.0	922.605	2026.05	1664.37	0.0	0.0	1013.025
los	None	dead	0.0	0.0	0.0	0.0	0.0	0.0	0.0	0.0
hgt	1419	GCA.002352365.1.Bacteria.Chloroflexota	2163.145	0.0	1081.5725	2372.76	1953.53	0.0	0.0	1186.38
los	None	dead	0.0	0.0	0.0	0.0	0.0	0.0	0.0	0.0
hgt	1330	GCA.002385745.1.Bacteria.Firmicutes.D	2416.115	0.0	1208.0575	2602.06	2230.17	0.0	0.0	1301.03
hgt	None	dead	0.0	0.0	0.0	0.0	0.0	0.0	0.0	0.0
hgt	None	dead	0.0	0.0	0.0	0.0	0.0	0.0	0.0	0.0
dup	None	dead	0.0	0.0	0.0	0.0	0.0	0.0	0.0	0.0
hgt	753	GCA.001803565.1.Bacteria.Nitrospinota.B	2583.27	0.0	1291.635	2768.8	2397.74	0.0	0.0	1384.4
los	None	dead	0.0	0.0	0.0	0.0	0.0	0.0	0.0	0.0
hgt	91	GCA.003034855.1.Archaea.Halobacteriota	2548.71	0.0	1274.355	2710.79	2386.63	0.0	0.0	1355.395
los	None	dead	0.0	0.0	0.0	0.0	0.0	0.0	0.0	0.0
dup	91	GCA.003034855.1.Archaea.Halobacteriota	2548.71	0.0	1274.355	2710.79	2386.63	0.0	0.0	1355.395
spe	842	841	2805.65	2762.435	2784.0425	2954.3	2657.0	2914.26	2610.61	2782.455
spe	841	801	2762.435	2578.84	2670.6375	2914.26	2610.61	2754.6	2403.08	2658.67
hgt	759	GCA.003170555.1.Bacteria.FEN.1099	2578.375	0.0	1289.1875	2758.96	2397.79	0.0	0.0	1379.48
hgt	849	GCA.001896555.1.Bacteria.Desulfobacterota	2490.935	0.0	1245.4675	2688.39	2293.48	0.0	0.0	1344.195
hgt	1438	GCA.002841995.1.Bacteria.Chloroflexota	1986.755	0.0	993.3775	2210.66	1762.85	0.0	0.0	1105.33
los	801	GCA.002328485.1.Bacteria.Desulfobacterota.G	2578.84	0.0	1289.42	2754.6	2403.08	0.0	0.0	1377.3
spe	841	840	2762.435	2651.205	2706.82	2914.26	2610.61	2807.06	2495.35	2704.805
hgt	None	dead	0.0	0.0	0.0	0.0	0.0	0.0	0.0	0.0
los	840	804	2651.205	2545.8	2598.5025	2807.06	2495.35	2736.71	2354.89	2580.975
hgt	150	GCA.003144275.1.Archaea.Asgardarchaeota	2169.605	0.0	1084.8025	2389.82	1949.39	0.0	0.0	1194.91
los	None	dead	0.0	0.0	0.0	0.0	0.0	0.0	0.0	0.0
spe	840	839	2651.205	2599.34	2625.2725	2807.06	2495.35	2756.33	2442.35	2624.705
spe	839	829	2599.34	2568.27	2583.805	2756.33	2442.35	2727.21	2409.33	2582.83
spe	829	817	2568.27	2468.695	2518.4825	2727.21	2409.33	2633.61	2303.78	2515.495
los	817	816	2468.695	2057.94	2263.3175	2633.61	2303.78	2275.98	1839.9	2236.755
spe	817	813	2468.695	2371.52	2420.1075	2633.61	2303.78	2544.35	2198.69	2416.15
los	813	807	2371.52	2202.835	2287.1775	2544.35	2198.69	2393.11	2012.56	2278.455
spe	813	812	2371.52	2281.345	2326.4325	2544.35	2198.69	2464.68	2098.01	2321.18
los	812	811	2281.345	2134.02	2207.6825	2464.68	2098.01	2333.61	1934.43	2199.555
spe	829	828	2568.27	2398.31	2483.29	2727.21	2409.33	2568.84	2227.78	2477.495
los	828	GCA.002699025.1.Bacteria.Myxococcota	2398.31	0.0	1199.155	2568.84	2227.78	0.0	0.0	1284.42
spe	828	827	2398.31	2313.915	2356.1125	2568.84	2227.78	2488.25	2139.58	2354.21
los	827	821	2313.915	2160.835	2237.375	2488.25	2139.58	2359.5	1962.17	2225.21
spe	827	826	2313.915	2185.76	2249.8375	2488.25	2139.58	2375.3	1996.22	2242.235
los	826	GCA.002747355.1.Bacteria.Myxococcota	2185.76	0.0	1092.88	2375.3	1996.22	0.0	0.0	1187.65
spe	826	825	2185.76	1914.98	2050.37	2375.3	1996.22	2142.21	1687.75	2031.525
los	825	GCA.003170275.1.Bacteria.Myxococcota	1914.98	0.0	957.49	2142.21	1687.75	0.0	0.0	1071.105
hgt	None	dead	0.0	0.0	0.0	0.0	0.0	0.0	0.0	0.0
hgt	59	GCA.002878135.1.Archaea.Thermoplasmatota	1950.86	0.0	975.43	2148.2	1753.52	0.0	0.0	1074.1
los	None	dead	0.0	0.0	0.0	0.0	0.0	0.0	0.0	0.0
hgt	None	dead	0.0	0.0	0.0	0.0	0.0	0.0	0.0	0.0
los	839	838	2599.34	2486.025	2542.6825	2756.33	2442.35	2649.83	2322.22	2539.275
hgt	108	GCF.000148385.1.Archaea.Thermoproteota	2433.705	0.0	1216.8525	2622.16	2245.25	0.0	0.0	1311.08
los	None	dead	0.0	0.0	0.0	0.0	0.0	0.0	0.0	0.0
dup	None	dead	0.0	0.0	0.0	0.0	0.0	0.0	0.0	0.0
hgt	1330	GCA.002385745.1.Bacteria.Firmicutes.D	2416.115	0.0	1208.0575	2602.06	2230.17	0.0	0.0	1301.03
los	None	dead	0.0	0.0	0.0	0.0	0.0	0.0	0.0	0.0
dup	None	dead	0.0	0.0	0.0	0.0	0.0	0.0	0.0	0.0
hgt	1173	GCA.001768675.1.Bacteria.Actinobacteriota	2194.99	0.0	1097.495	2420.07	1969.91	0.0	0.0	1210.035
los	None	dead	0.0	0.0	0.0	0.0	0.0	0.0	0.0	0.0
hgt	686	GCA.002451015.1.Bacteria.Acidobacteriota	2295.75	0.0	1147.875	2486.27	2105.23	0.0	0.0	1243.135
los	None	dead	0.0	0.0	0.0	0.0	0.0	0.0	0.0	0.0
dup	686	GCA.002451015.1.Bacteria.Acidobacteriota	2295.75	0.0	1147.875	2486.27	2105.23	0.0	0.0	1243.135
dup	None	dead	0.0	0.0	0.0	0.0	0.0	0.0	0.0	0.0
hgt	1173	GCA.001768675.1.Bacteria.Actinobacteriota	2194.99	0.0	1097.495	2420.07	1969.91	0.0	0.0	1210.035
los	None	dead	0.0	0.0	0.0	0.0	0.0	0.0	0.0	0.0
hgt	686	GCA.002451015.1.Bacteria.Acidobacteriota	2295.75	0.0	1147.875	2486.27	2105.23	0.0	0.0	1243.135
los	None	dead	0.0	0.0	0.0	0.0	0.0	0.0	0.0	0.0
dup	686	GCA.002451015.1.Bacteria.Acidobacteriota	2295.75	0.0	1147.875	2486.27	2105.23	0.0	0.0	1243.135
hgt	None	dead	0.0	0.0	0.0	0.0	0.0	0.0	0.0	0.0
hgt	None	dead	0.0	0.0	0.0	0.0	0.0	0.0	0.0	0.0
spe	1431	1427	2900.705	2775.63	2838.1675	3055.74	2745.67	2935.39	2615.87	2835.805
spe	1427	1426	2775.63	2665.03	2720.33	2935.39	2615.87	2834.44	2495.62	2715.505
los	1426	GCF.001953175.1.Bacteria.Chloroflexota	2665.03	0.0	1332.515	2834.44	2495.62	0.0	0.0	1417.22
spe	1426	1425	2665.03	2515.535	2590.2825	2834.44	2495.62	2693.95	2337.12	2585.78
los	1425	GCA.003229915.1.Bacteria.Chloroflexota	2515.535	0.0	1257.7675	2693.95	2337.12	0.0	0.0	1346.975
spe	1425	1424	2515.535	2409.195	2462.365	2693.95	2337.12	2595.11	2223.28	2458.615
los	1424	1422	2409.195	2304.265	2356.73	2595.11	2223.28	2497.58	2110.95	2353.03
dup	1424	GCA.002011475.1.Bacteria.Chloroflexota	2409.195	0.0	1204.5975	2595.11	2223.28	0.0	0.0	1297.555
spe	1427	1413	2775.63	2608.425	2692.0275	2935.39	2615.87	2782.72	2434.13	2684.76
spe	1413	1412	2608.425	2456.73	2532.5775	2782.72	2434.13	2635.79	2277.67	2530.195
hgt	741	GCA.003220615.1.Bacteria.Methylomirabilota	2582.55	0.0	1291.275	2791.15	2373.95	0.0	0.0	1395.575
los	1412	1408	2456.73	2414.235	2435.4825	2635.79	2277.67	2597.86	2230.61	2433.2
spe	1412	1411	2456.73	2250.5	2353.615	2635.79	2277.67	2459.44	2041.56	2338.675
hgt	746	GCA.002238965.1.Bacteria.UBA8248	2548.44	0.0	1274.22	2767.72	2329.16	0.0	0.0	1383.86
los	1411	GCA.002450515.1.Bacteria.Chloroflexota	2250.5	0.0	1125.25	2459.44	2041.56	0.0	0.0	1229.72
dup	1411	GCA.002717805.1.Bacteria.Chloroflexota	2250.5	0.0	1125.25	2459.44	2041.56	0.0	0.0	1229.72
hgt	1462	GCA.002436065.1.Bacteria.Chloroflexota	2688.275	0.0	1344.1375	2865.83	2510.72	0.0	0.0	1432.915
los	1413	1399	2608.425	2391.86	2500.1425	2782.72	2434.13	2619.19	2164.53	2473.625
dup	1462	GCA.002436065.1.Bacteria.Chloroflexota	2688.275	0.0	1344.1375	2865.83	2510.72	0.0	0.0	1432.915
dup	None	dead	0.0	0.0	0.0	0.0	0.0	0.0	0.0	0.0
hgt	861	GCA.001304105.1.Bacteria.Desulfobacterota	2265.965	0.0	1132.9825	2474.98	2056.95	0.0	0.0	1237.49
los	None	dead	0.0	0.0	0.0	0.0	0.0	0.0	0.0	0.0
dup	None	dead	0.0	0.0	0.0	0.0	0.0	0.0	0.0	0.0
hgt	1173	GCA.001768675.1.Bacteria.Actinobacteriota	2194.99	0.0	1097.495	2420.07	1969.91	0.0	0.0	1210.035
los	None	dead	0.0	0.0	0.0	0.0	0.0	0.0	0.0	0.0
hgt	686	GCA.002451015.1.Bacteria.Acidobacteriota	2295.75	0.0	1147.875	2486.27	2105.23	0.0	0.0	1243.135
los	None	dead	0.0	0.0	0.0	0.0	0.0	0.0	0.0	0.0
dup	None	dead	0.0	0.0	0.0	0.0	0.0	0.0	0.0	0.0
hgt	1307	GCA.000987045.1.Bacteria.Firmicutes.B	2196.38	0.0	1098.19	2389.69	2003.07	0.0	0.0	1194.845
los	None	dead	0.0	0.0	0.0	0.0	0.0	0.0	0.0	0.0
dup	None	dead	0.0	0.0	0.0	0.0	0.0	0.0	0.0	0.0
hgt	445	GCA.002717225.1.Bacteria.Proteobacteria	1836.495	0.0	918.2475	2032.31	1640.68	0.0	0.0	1016.155
los	None	dead	0.0	0.0	0.0	0.0	0.0	0.0	0.0	0.0
hgt	133	GCA.000405685.1.Archaea.Thermoproteota	2194.065	0.0	1097.0325	2406.16	1981.97	0.0	0.0	1203.08
los	None	dead	0.0	0.0	0.0	0.0	0.0	0.0	0.0	0.0
spe	1726	1094	3442.105	3407.45	3424.7775	3587.74	3296.47	3553.34	3261.56	3424.65
spe	1094	1093	3407.45	3335.31	3371.38	3553.34	3261.56	3481.64	3188.98	3371.16
los	1093	1055	3335.31	3175.955	3255.6325	3481.64	3188.98	3349.14	3002.77	3242.205
spe	1093	1092	3335.31	3257.545	3296.4275	3481.64	3188.98	3404.95	3110.14	3295.89
hgt	None	dead	0.0	0.0	0.0	0.0	0.0	0.0	0.0	0.0
hgt	None	dead	0.0	0.0	0.0	0.0	0.0	0.0	0.0	0.0
spe	1092	1091	3257.545	3200.245	3228.895	3404.95	3110.14	3351.29	3049.2	3227.075
spe	1091	1090	3200.245	3052.03	3126.1375	3351.29	3049.2	3225.98	2878.08	3114.685
los	1090	GCA.000353875.1.Bacteria.Atribacterota	3052.03	0.0	1526.015	3225.98	2878.08	0.0	0.0	1612.99
spe	1090	1088	3052.03	2199.325	2625.6775	3225.98	2878.08	2463.66	1934.99	2580.485
los	1088	1087	2199.325	1892.775	2046.05	2463.66	1934.99	2196.66	1588.89	2026.275
spe	1091	1083	3200.245	3106.26	3153.2525	3351.29	3049.2	3261.47	2951.05	3151.17
spe	1083	1071	3106.26	2987.51	3046.885	3261.47	2951.05	3154.85	2820.17	3040.82
los	1071	1063	2987.51	2362.43	2674.97	3154.85	2820.17	2612.68	2112.18	2633.515
spe	1071	1070	2987.51	2818.7	2903.105	3154.85	2820.17	3006.51	2630.89	2892.87
los	1070	GCA.002878375.1.Bacteria.Dictyoglomota	2818.7	0.0	1409.35	3006.51	2630.89	0.0	0.0	1503.255
spe	1070	1069	2818.7	2559.465	2689.0825	3006.51	2630.89	2777.02	2341.91	2674.21
los	1069	1068	2559.465	2377.575	2468.52	2777.02	2341.91	2621.46	2133.69	2455.355
hgt	None	dead	0.0	0.0	0.0	0.0	0.0	0.0	0.0	0.0
los	1083	1082	3106.26	3015.205	3060.7325	3261.47	2951.05	3182.06	2848.35	3054.91
hgt	59	GCA.002878135.1.Archaea.Thermoplasmatota	1950.86	0.0	975.43	2148.2	1753.52	0.0	0.0	1074.1
los	None	dead	0.0	0.0	0.0	0.0	0.0	0.0	0.0	0.0
hgt	70	54	2480.265	2391.235	2435.75	2639.53	2321.0	2555.98	2226.49	2433.01
los	None	dead	0.0	0.0	0.0	0.0	0.0	0.0	0.0	0.0
spe	70	54	2480.265	2391.235	2435.75	2639.53	2321.0	2555.98	2226.49	2433.01
spe	54	53	2391.235	2158.385	2274.81	2555.98	2226.49	2345.41	1971.36	2263.67
los	53	52	2158.385	1947.675	2053.03	2345.41	1971.36	2172.33	1723.02	2034.215
spe	54	48	2391.235	2290.465	2340.85	2555.98	2226.49	2466.71	2114.22	2335.1
los	48	GCA.003009755.1.Archaea.Thermoplasmatota	2290.465	0.0	1145.2325	2466.71	2114.22	0.0	0.0	1233.355
spe	48	47	2290.465	2175.095	2232.78	2466.71	2114.22	2371.63	1978.56	2222.635
los	47	GCA.002495235.1.Archaea.Thermoplasmatota	2175.095	0.0	1087.5475	2371.63	1978.56	0.0	0.0	1185.815
hgt	177	176	2987.475	2870.105	2928.79	3145.38	2829.57	3029.57	2710.64	2928.01
los	None	dead	0.0	0.0	0.0	0.0	0.0	0.0	0.0	0.0
dup	177	176	2987.475	2870.105	2928.79	3145.38	2829.57	3029.57	2710.64	2928.01
dup	177	176	2987.475	2870.105	2928.79	3145.38	2829.57	3029.57	2710.64	2928.01
spe	177	176	2987.475	2870.105	2928.79	3145.38	2829.57	3029.57	2710.64	2928.01
hgt	None	dead	0.0	0.0	0.0	0.0	0.0	0.0	0.0	0.0
hgt	84	GCF.000970205.1.Archaea.Halobacteriota	1868.445	0.0	934.2225	2080.58	1656.31	0.0	0.0	1040.29
los	None	dead	0.0	0.0	0.0	0.0	0.0	0.0	0.0	0.0
hgt	None	dead	0.0	0.0	0.0	0.0	0.0	0.0	0.0	0.0
hgt	1203	GCA.002399265.1.Bacteria.Firmicutes.G	2369.03	0.0	1184.515	2635.9	2102.16	0.0	0.0	1317.95
los	None	dead	0.0	0.0	0.0	0.0	0.0	0.0	0.0	0.0
hgt	1327	1326	2828.71	2719.225	2773.9675	2972.74	2684.68	2868.22	2570.23	2771.485
los	176	175	2870.105	2794.775	2832.44	3029.57	2710.64	2957.01	2632.54	2831.055
spe	1327	1326	2828.71	2719.225	2773.9675	2972.74	2684.68	2868.22	2570.23	2771.485
spe	1326	1292	2719.225	2370.88	2545.0525	2868.22	2570.23	2569.61	2172.15	2520.185
los	1292	GCF.001950325.1.Bacteria.Firmicutes.B	2370.88	0.0	1185.44	2569.61	2172.15	0.0	0.0	1284.805
spe	1326	1325	2719.225	2604.385	2661.805	2868.22	2570.23	2756.95	2451.82	2660.02
spe	1325	1324	2604.385	2536.255	2570.32	2756.95	2451.82	2694.52	2377.99	2567.47
hgt	185	GCA.001791795.1.Bacteria.Wallbacteria	3290.735	0.0	1645.3675	3466.68	3114.79	0.0	0.0	1733.34
los	1324	1308	2536.255	2377.745	2457.0	2694.52	2377.99	2550.36	2205.13	2449.825
spe	1324	1323	2536.255	2478.3	2507.2775	2694.52	2377.99	2641.49	2315.11	2504.815
spe	1323	1319	2478.3	2388.655	2433.4775	2641.49	2315.11	2562.17	2215.14	2428.315
los	1319	1318	2388.655	2305.29	2346.9725	2562.17	2215.14	2488.59	2121.99	2342.08
hgt	1273	GCF.000166335.1.Bacteria.Firmicutes.A	2658.63	0.0	1329.315	2811.6	2505.66	0.0	0.0	1405.8
hgt	1069	GCF.000378005.1.Bacteria.Coprothermobacterota	2559.465	0.0	1279.7325	2777.02	2341.91	0.0	0.0	1388.51
los	1323	1322	2478.3	2209.475	2343.8875	2641.49	2315.11	2414.01	2004.94	2323.215
spe	1325	1297	2604.385	2420.65	2512.5175	2756.95	2451.82	2602.22	2239.08	2498.015
hgt	1350	GCF.001742305.1.Bacteria.Firmicutes	1969.515	0.0	984.7575	2159.85	1779.18	0.0	0.0	1079.925
hgt	1667	GCA.003503675.1.Bacteria.Cyanobacteria	2851.115	0.0	1425.5575	2991.25	2710.98	0.0	0.0	1495.625
hgt	873	871	2374.525	2172.555	2273.54	2555.16	2193.89	2382.24	1962.87	2259.015
los	1297	1296	2420.65	2280.145	2350.3975	2602.22	2239.08	2486.05	2074.24	2338.23
spe	873	871	2374.525	2172.555	2273.54	2555.16	2193.89	2382.24	1962.87	2259.015
hgt	861	GCA.001304105.1.Bacteria.Desulfobacterota	2265.965	0.0	1132.9825	2474.98	2056.95	0.0	0.0	1237.49
hgt	801	GCA.002328485.1.Bacteria.Desulfobacterota.G	2578.84	0.0	1289.42	2754.6	2403.08	0.0	0.0	1377.3
spe	176	140	2870.105	2794.965	2832.535	3029.57	2710.64	2954.89	2635.04	2832.305
spe	140	139	2794.965	2746.6	2770.7825	2954.89	2635.04	2906.36	2586.84	2770.865
los	139	109	2746.6	2611.625	2679.1125	2906.36	2586.84	2779.64	2443.61	2674.985
spe	139	138	2746.6	2683.72	2715.16	2906.36	2586.84	2844.85	2522.59	2714.475
los	138	137	2683.72	2562.75	2623.235	2844.85	2522.59	2734.97	2390.53	2617.69
spe	138	124	2683.72	2576.715	2630.2175	2844.85	2522.59	2744.68	2408.75	2626.8
los	124	GCA.002495485.1.Archaea.Thermoproteota	2576.715	0.0	1288.3575	2744.68	2408.75	0.0	0.0	1372.34
spe	124	123	2576.715	2509.405	2543.06	2744.68	2408.75	2676.61	2342.2	2543.44
los	123	122	2509.405	2416.7	2463.0525	2676.61	2342.2	2593.5	2239.9	2458.255
spe	123	113	2509.405	2352.095	2430.75	2676.61	2342.2	2536.91	2167.28	2421.945
los	113	GCA.002255025.1.Archaea.Thermoproteota	2352.095	0.0	1176.0475	2536.91	2167.28	0.0	0.0	1268.455
hgt	188	GCA.001787855.1.Bacteria.Riflebacteria	3243.0	0.0	1621.5	3424.72	3061.28	0.0	0.0	1712.36
hgt	91	90	2548.71	2426.545	2487.6275	2710.79	2386.63	2587.9	2265.19	2487.99
hgt	133	GCA.000405685.1.Archaea.Thermoproteota	2194.065	0.0	1097.0325	2406.16	1981.97	0.0	0.0	1203.08
spe	91	90	2548.71	2426.545	2487.6275	2710.79	2386.63	2587.9	2265.19	2487.99
spe	90	74	2426.545	2278.05	2352.2975	2587.9	2265.19	2455.2	2100.9	2344.4
spe	90	89	2426.545	2320.405	2373.475	2587.9	2265.19	2487.89	2152.92	2370.41
spe	89	77	2320.405	2081.03	2200.7175	2487.89	2152.92	2277.46	1884.6	2186.245
hgt	113	GCA.001593865.1.Archaea.Thermoproteota	2352.095	0.0	1176.0475	2536.91	2167.28	0.0	0.0	1268.455
los	77	GCA.001766825.1.Archaea.Halobacteriota	2081.03	0.0	1040.515	2277.46	1884.6	0.0	0.0	1138.73
hgt	1452	GCA.002423325.1.Bacteria.Chloroflexota	2204.94	0.0	1102.47	2468.84	1941.04	0.0	0.0	1234.42
hgt	1645	GCF.000212395.1.Bacteria.Thermodesulfobiota	3078.905	0.0	1539.4525	3240.17	2917.64	0.0	0.0	1620.085
hgt	895	GCA.002897695.1.Bacteria.BMS3Abin14	2668.13	0.0	1334.065	2862.76	2473.5	0.0	0.0	1431.38
hgt	None	dead	0.0	0.0	0.0	0.0	0.0	0.0	0.0	0.0
los	89	88	2320.405	2221.93	2271.1675	2487.89	2152.92	2396.19	2047.67	2267.78
hgt	52	GCA.001595945.1.Archaea.Thermoplasmatota	1947.675	0.0	973.8375	2172.33	1723.02	0.0	0.0	1086.165
los	None	dead	0.0	0.0	0.0	0.0	0.0	0.0	0.0	0.0
hgt	1477	1431	3065.68	2900.705	2983.1925	3209.37	2921.99	3055.74	2745.67	2977.52
spe	177	176	2987.475	2870.105	2928.79	3145.38	2829.57	3029.57	2710.64	2928.01
spe	176	175	2870.105	2794.775	2832.44	3029.57	2710.64	2957.01	2632.54	2831.055
spe	175	143	2794.775	2511.185	2652.98	2957.01	2632.54	2712.39	2309.98	2633.495
los	143	GCA.001563325.1.Archaea.Asgardarchaeota	2511.185	0.0	1255.5925	2712.39	2309.98	0.0	0.0	1356.195
hgt	None	dead	0.0	0.0	0.0	0.0	0.0	0.0	0.0	0.0
los	175	174	2794.775	2722.305	2758.54	2957.01	2632.54	2888.31	2556.3	2756.655
hgt	1136	GCA.003157385.1.Bacteria.Actinobacteriota	2691.07	0.0	1345.535	2887.94	2494.2	0.0	0.0	1443.97
los	None	dead	0.0	0.0	0.0	0.0	0.0	0.0	0.0	0.0
spe	176	140	2870.105	2794.965	2832.535	3029.57	2710.64	2954.89	2635.04	2832.305
los	140	GCF.000019605.1.Archaea.Thermoproteota	2794.965	0.0	1397.4825	2954.89	2635.04	0.0	0.0	1477.445
spe	140	139	2794.965	2746.6	2770.7825	2954.89	2635.04	2906.36	2586.84	2770.865
los	139	109	2746.6	2611.625	2679.1125	2906.36	2586.84	2779.64	2443.61	2674.985
spe	139	138	2746.6	2683.72	2715.16	2906.36	2586.84	2844.85	2522.59	2714.475
spe	138	124	2683.72	2576.715	2630.2175	2844.85	2522.59	2744.68	2408.75	2626.8
los	124	GCA.002495485.1.Archaea.Thermoproteota	2576.715	0.0	1288.3575	2744.68	2408.75	0.0	0.0	1372.34
spe	124	123	2576.715	2509.405	2543.06	2744.68	2408.75	2676.61	2342.2	2543.44
los	123	113	2509.405	2352.095	2430.75	2676.61	2342.2	2536.91	2167.28	2421.945
spe	123	122	2509.405	2416.7	2463.0525	2676.61	2342.2	2593.5	2239.9	2458.255
los	122	118	2416.7	2278.345	2347.5225	2593.5	2239.9	2478.81	2077.88	2335.69
spe	122	121	2416.7	2129.565	2273.1325	2593.5	2239.9	2347.3	1911.83	2252.665
los	121	GCA.001775995.1.Archaea.Thermoproteota	2129.565	0.0	1064.7825	2347.3	1911.83	0.0	0.0	1173.65
spe	138	137	2683.72	2562.75	2623.235	2844.85	2522.59	2734.97	2390.53	2617.69
los	137	136	2562.75	2489.555	2526.1525	2734.97	2390.53	2665.95	2313.16	2524.065
hgt	None	dead	0.0	0.0	0.0	0.0	0.0	0.0	0.0	0.0
hgt	1452	GCA.002348045.1.Bacteria.Chloroflexota	2204.94	0.0	1102.47	2468.84	1941.04	0.0	0.0	1234.42
los	None	dead	0.0	0.0	0.0	0.0	0.0	0.0	0.0	0.0
spe	1477	1431	3065.68	2900.705	2983.1925	3209.37	2921.99	3055.74	2745.67	2977.52
spe	1431	1427	2900.705	2775.63	2838.1675	3055.74	2745.67	2935.39	2615.87	2835.805
los	1427	1426	2775.63	2665.03	2720.33	2935.39	2615.87	2834.44	2495.62	2715.505
spe	1427	1413	2775.63	2608.425	2692.0275	2935.39	2615.87	2782.72	2434.13	2684.76
los	1413	1399	2608.425	2391.86	2500.1425	2782.72	2434.13	2619.19	2164.53	2473.625
spe	1413	1412	2608.425	2456.73	2532.5775	2782.72	2434.13	2635.79	2277.67	2530.195
los	1412	1411	2456.73	2250.5	2353.615	2635.79	2277.67	2459.44	2041.56	2338.675
spe	1412	1408	2456.73	2414.235	2435.4825	2635.79	2277.67	2597.86	2230.61	2433.2
spe	1408	1407	2414.235	2350.905	2382.57	2597.86	2230.61	2541.49	2160.32	2379.09
los	1407	GCA.002717565.1.Bacteria.Chloroflexota	2350.905	0.0	1175.4525	2541.49	2160.32	0.0	0.0	1270.745
spe	1407	1406	2350.905	2276.4	2313.6525	2541.49	2160.32	2475.71	2077.09	2309.29
los	1406	GCA.002717925.1.Bacteria.Chloroflexota	2276.4	0.0	1138.2	2475.71	2077.09	0.0	0.0	1237.855
spe	1408	1402	2414.235	2331.705	2372.97	2597.86	2230.61	2524.09	2139.32	2368.59
los	1402	GCA.003228115.1.Bacteria.Chloroflexota	2331.705	0.0	1165.8525	2524.09	2139.32	0.0	0.0	1262.045
spe	1431	1430	2900.705	2636.055	2768.38	3055.74	2745.67	2857.47	2414.64	2735.19
hgt	797	796	2488.59	2368.175	2428.3825	2661.77	2315.41	2549.94	2186.41	2424.09
los	1430	GCA.002239025.1.Bacteria.Chloroflexota	2636.055	0.0	1318.0275	2857.47	2414.64	0.0	0.0	1428.735
spe	797	796	2488.59	2368.175	2428.3825	2661.77	2315.41	2549.94	2186.41	2424.09
spe	796	795	2368.175	2229.875	2299.025	2549.94	2186.41	2422.94	2036.81	2293.375
los	795	791	2229.875	2015.09	2122.4825	2422.94	2036.81	2237.3	1792.88	2107.91
spe	795	794	2229.875	2136.5	2183.1875	2422.94	2036.81	2343.87	1929.13	2176.035
los	794	GCA.003161515.1.Bacteria.Desulfobacterota.B	2136.5	0.0	1068.25	2343.87	1929.13	0.0	0.0	1171.935
hgt	1163	GCF.000384115.1.Bacteria.Actinobacteriota	1488.035	0.0	744.0175	1730.27	1245.8	0.0	0.0	865.135
spe	177	176	2987.475	2870.105	2928.79	3145.38	2829.57	3029.57	2710.64	2928.01
spe	176	175	2870.105	2794.775	2832.44	3029.57	2710.64	2957.01	2632.54	2831.055
los	175	143	2794.775	2511.185	2652.98	2957.01	2632.54	2712.39	2309.98	2633.495
spe	175	174	2794.775	2722.305	2758.54	2957.01	2632.54	2888.31	2556.3	2756.655
los	174	173	2722.305	2663.205	2692.755	2888.31	2556.3	2836.93	2489.48	2688.895
dup	176	140	2870.105	2794.965	2832.535	3029.57	2710.64	2954.89	2635.04	2832.305
hgt	888	887	2827.975	2727.215	2777.595	2977.09	2678.86	2881.55	2572.88	2774.985
spe	176	140	2870.105	2794.965	2832.535	3029.57	2710.64	2954.89	2635.04	2832.305
spe	140	139	2794.965	2746.6	2770.7825	2954.89	2635.04	2906.36	2586.84	2770.865
spe	139	109	2746.6	2611.625	2679.1125	2906.36	2586.84	2779.64	2443.61	2674.985
los	109	103	2611.625	2372.465	2492.045	2779.64	2443.61	2552.61	2192.32	2485.98
spe	109	108	2611.625	2433.705	2522.665	2779.64	2443.61	2622.16	2245.25	2512.445
los	108	107	2433.705	2229.765	2331.735	2622.16	2245.25	2447.7	2011.83	2316.995
spe	139	138	2746.6	2683.72	2715.16	2906.36	2586.84	2844.85	2522.59	2714.475
los	138	124	2683.72	2576.715	2630.2175	2844.85	2522.59	2744.68	2408.75	2626.8
spe	138	137	2683.72	2562.75	2623.235	2844.85	2522.59	2734.97	2390.53	2617.69
los	137	GCA.002255045.1.Archaea.Thermoproteota	2562.75	0.0	1281.375	2734.97	2390.53	0.0	0.0	1367.485
spe	137	136	2562.75	2489.555	2526.1525	2734.97	2390.53	2665.95	2313.16	2524.065
los	136	GCA.000375685.1.Archaea.Thermoproteota	2489.555	0.0	1244.7775	2665.95	2313.16	0.0	0.0	1332.975
spe	136	134	2489.555	2351.985	2420.77	2665.95	2313.16	2536.09	2167.88	2416.915
los	134	133	2351.985	2194.065	2273.025	2536.09	2167.88	2406.16	1981.97	2259.03
spe	134	130	2351.985	2259.135	2305.56	2536.09	2167.88	2456.17	2062.1	2299.095
los	130	GCA.001510295.1.Archaea.Thermoproteota	2259.135	0.0	1129.5675	2456.17	2062.1	0.0	0.0	1228.085
spe	130	128	2259.135	1456.455	1857.795	2456.17	2062.1	1742.17	1170.74	1813.455
hgt	None	dead	0.0	0.0	0.0	0.0	0.0	0.0	0.0	0.0
hgt	397	GCF.000526155.1.Bacteria.Desulfobacterota	3038.98	0.0	1519.49	3186.65	2891.31	0.0	0.0	1593.325
hgt	None	dead	0.0	0.0	0.0	0.0	0.0	0.0	0.0	0.0
hgt	1240	GCA.002376045.1.Bacteria.Firmicutes.A	2549.06	0.0	1274.53	2730.4	2367.72	0.0	0.0	1365.2
los	None	dead	0.0	0.0	0.0	0.0	0.0	0.0	0.0	0.0
spe	888	887	2827.975	2727.215	2777.595	2977.09	2678.86	2881.55	2572.88	2774.985
spe	887	886	2727.215	2570.925	2649.07	2881.55	2572.88	2733.26	2408.59	2645.07
spe	886	885	2570.925	2490.35	2530.6375	2733.26	2408.59	2660.72	2319.98	2526.62
los	885	884	2490.35	2409.27	2449.81	2660.72	2319.98	2585.68	2232.86	2446.79
spe	885	877	2490.35	2406.095	2448.2225	2660.72	2319.98	2589.76	2222.43	2441.575
los	877	GCA.001797675.1.Bacteria.Desulfobacterota	2406.095	0.0	1203.0475	2589.76	2222.43	0.0	0.0	1294.88
spe	886	874	2570.925	2502.96	2536.9425	2733.26	2408.59	2671.83	2334.09	2533.675
los	874	868	2502.96	2357.855	2430.4075	2671.83	2334.09	2546.99	2168.72	2420.275
spe	874	873	2502.96	2374.525	2438.7425	2671.83	2334.09	2555.16	2193.89	2432.86
spe	873	871	2374.525	2172.555	2273.54	2555.16	2193.89	2382.24	1962.87	2259.015
hgt	883	GCA.000961655.1.Bacteria.Desulfobacterota	2107.355	0.0	1053.6775	2320.43	1894.28	0.0	0.0	1160.215
los	871	GCA.002899795.1.Bacteria.Desulfobacterota	2172.555	0.0	1086.2775	2382.24	1962.87	0.0	0.0	1191.12
spe	887	863	2727.215	2597.055	2662.135	2881.55	2572.88	2762.98	2431.13	2656.34
los	863	857	2597.055	2515.41	2556.2325	2762.98	2431.13	2699.69	2331.13	2547.055
spe	863	862	2597.055	2368.33	2482.6925	2762.98	2431.13	2561.03	2175.63	2469.305
los	862	GCA.002782605.1.Bacteria.Desulfobacterota	2368.33	0.0	1184.165	2561.03	2175.63	0.0	0.0	1280.515
spe	862	861	2368.33	2265.965	2317.1475	2561.03	2175.63	2474.98	2056.95	2308.99
los	861	GCA.001304105.1.Bacteria.Desulfobacterota	2265.965	0.0	1132.9825	2474.98	2056.95	0.0	0.0	1237.49
dup	861	GCA.002327985.1.Bacteria.Desulfobacterota	2265.965	0.0	1132.9825	2474.98	2056.95	0.0	0.0	1237.49
hgt	1234	GCA.003599345.1.Bacteria.Firmicutes.E	2299.215	0.0	1149.6075	2516.49	2081.94	0.0	0.0	1258.245
hgt	1308	1307	2377.745	2196.38	2287.0625	2550.36	2205.13	2389.69	2003.07	2276.715
los	None	dead	0.0	0.0	0.0	0.0	0.0	0.0	0.0	0.0
spe	1308	1307	2377.745	2196.38	2287.0625	2550.36	2205.13	2389.69	2003.07	2276.715
hgt	1292	GCF.001950325.1.Bacteria.Firmicutes.B	2370.88	0.0	1185.44	2569.61	2172.15	0.0	0.0	1284.805
spe	1307	1305	2196.38	2012.42	2104.4	2389.69	2003.07	2240.7	1784.14	2086.915
hgt	1178	GCA.002347645.1.Bacteria.Actinobacteriota	2241.835	0.0	1120.9175	2458.12	2025.55	0.0	0.0	1229.06
los	1305	1304	2012.42	1697.92	1855.17	2240.7	1784.14	1975.42	1420.42	1830.56
spe	176	140	2870.105	2794.965	2832.535	3029.57	2710.64	2954.89	2635.04	2832.305
los	140	GCF.000019605.1.Archaea.Thermoproteota	2794.965	0.0	1397.4825	2954.89	2635.04	0.0	0.0	1477.445
spe	140	139	2794.965	2746.6	2770.7825	2954.89	2635.04	2906.36	2586.84	2770.865
los	139	109	2746.6	2611.625	2679.1125	2906.36	2586.84	2779.64	2443.61	2674.985
spe	139	138	2746.6	2683.72	2715.16	2906.36	2586.84	2844.85	2522.59	2714.475
spe	138	124	2683.72	2576.715	2630.2175	2844.85	2522.59	2744.68	2408.75	2626.8
los	124	GCA.002495485.1.Archaea.Thermoproteota	2576.715	0.0	1288.3575	2744.68	2408.75	0.0	0.0	1372.34
spe	124	123	2576.715	2509.405	2543.06	2744.68	2408.75	2676.61	2342.2	2543.44
spe	123	122	2509.405	2416.7	2463.0525	2676.61	2342.2	2593.5	2239.9	2458.255
los	122	121	2416.7	2129.565	2273.1325	2593.5	2239.9	2347.3	1911.83	2252.665
spe	122	118	2416.7	2278.345	2347.5225	2593.5	2239.9	2478.81	2077.88	2335.69
los	118	116	2278.345	1726.54	2002.4425	2478.81	2077.88	2006.45	1446.63	1962.72
spe	123	113	2509.405	2352.095	2430.75	2676.61	2342.2	2536.91	2167.28	2421.945
los	113	GCA.001593865.1.Archaea.Thermoproteota	2352.095	0.0	1176.0475	2536.91	2167.28	0.0	0.0	1268.455
spe	138	137	2683.72	2562.75	2623.235	2844.85	2522.59	2734.97	2390.53	2617.69
spe	137	136	2562.75	2489.555	2526.1525	2734.97	2390.53	2665.95	2313.16	2524.065
los	136	GCA.000375685.1.Archaea.Thermoproteota	2489.555	0.0	1244.7775	2665.95	2313.16	0.0	0.0	1332.975
spe	136	134	2489.555	2351.985	2420.77	2665.95	2313.16	2536.09	2167.88	2416.915
los	134	130	2351.985	2259.135	2305.56	2536.09	2167.88	2456.17	2062.1	2299.095
spe	134	133	2351.985	2194.065	2273.025	2536.09	2167.88	2406.16	1981.97	2259.03
los	133	GCA.002506605.1.Archaea.Thermoproteota	2194.065	0.0	1097.0325	2406.16	1981.97	0.0	0.0	1203.08
hgt	74	GCA.002011165.1.Archaea.Halobacteriota	2278.05	0.0	1139.025	2455.2	2100.9	0.0	0.0	1227.6
los	137	GCA.002255045.1.Archaea.Thermoproteota	2562.75	0.0	1281.375	2734.97	2390.53	0.0	0.0	1367.485
dup	1092	1058	3257.545	2874.585	3066.065	3404.95	3110.14	3067.3	2681.87	3043.41
spe	1092	1058	3257.545	2874.585	3066.065	3404.95	3110.14	3067.3	2681.87	3043.41
hgt	1324	1308	2536.255	2377.745	2457.0	2694.52	2377.99	2550.36	2205.13	2449.825
los	1058	GCA.001443005.1.Bacteria.Synergistota	2874.585	0.0	1437.2925	3067.3	2681.87	0.0	0.0	1533.65
spe	1324	1308	2536.255	2377.745	2457.0	2694.52	2377.99	2550.36	2205.13	2449.825
spe	1308	1300	2377.745	2090.18	2233.9625	2550.36	2205.13	2311.51	1868.85	2209.605
los	1300	GCF.000620305.1.Bacteria.Firmicutes.B	2090.18	0.0	1045.09	2311.51	1868.85	0.0	0.0	1155.755
spe	1308	1307	2377.745	2196.38	2287.0625	2550.36	2205.13	2389.69	2003.07	2276.715
spe	1307	1305	2196.38	2012.42	2104.4	2389.69	2003.07	2240.7	1784.14	2086.915
los	1305	1304	2012.42	1697.92	1855.17	2240.7	1784.14	1975.42	1420.42	1830.56
hgt	1296	GCF.900176005.1.Bacteria.Firmicutes.B	2280.145	0.0	1140.0725	2486.05	2074.24	0.0	0.0	1243.025
los	1307	GCA.000987045.1.Bacteria.Firmicutes.B	2196.38	0.0	1098.19	2389.69	2003.07	0.0	0.0	1194.845
hgt	None	dead	0.0	0.0	0.0	0.0	0.0	0.0	0.0	0.0
hgt	11	GCA.002779595.1.Archaea.Nanoarchaeota	2614.34	0.0	1307.17	2829.24	2399.44	0.0	0.0	1414.62
los	None	dead	0.0	0.0	0.0	0.0	0.0	0.0	0.0	0.0
spe	1092	1058	3257.545	2874.585	3066.065	3404.95	3110.14	3067.3	2681.87	3043.41
spe	1094	1048	3407.45	3324.645	3366.0475	3553.34	3261.56	3468.94	3180.35	3366.845
los	1048	278	3324.645	3267.455	3296.05	3468.94	3180.35	3413.03	3121.88	3295.41
spe	1048	1047	3324.645	3317.54	3321.0925	3468.94	3180.35	3462.08	3173.0	3320.97
los	1047	365	3317.54	3204.425	3260.9825	3462.08	3173.0	3352.46	3056.39	3259.235
spe	1047	1046	3317.54	3288.18	3302.86	3462.08	3173.0	3432.51	3143.85	3302.965
los	1046	1045	3288.18	3193.355	3240.7675	3432.51	3143.85	3339.4	3047.31	3239.91
spe	1046	902	3288.18	3241.035	3264.6075	3432.51	3143.85	3385.47	3096.6	3264.555
los	902	390	3241.035	3122.13	3181.5825	3385.47	3096.6	3271.16	2973.1	3179.285
spe	902	901	3241.035	3194.215	3217.625	3385.47	3096.6	3337.52	3050.91	3218.19
spe	901	900	3194.215	3136.94	3165.5775	3337.52	3050.91	3280.99	2992.89	3165.205
hgt	None	dead	0.0	0.0	0.0	0.0	0.0	0.0	0.0	0.0
hgt	None	dead	0.0	0.0	0.0	0.0	0.0	0.0	0.0	0.0
spe	900	899	3136.94	3089.895	3113.4175	3280.99	2992.89	3234.81	2944.98	3112.985
spe	899	743	3089.895	3035.675	3062.785	3234.81	2944.98	3181.51	2889.84	3062.325
hgt	None	dead	0.0	0.0	0.0	0.0	0.0	0.0	0.0	0.0
los	743	721	3035.675	2908.09	2971.8825	3181.51	2889.84	3069.2	2746.98	2964.245
hgt	118	GCA.001593855.1.Archaea.Thermoproteota	2278.345	0.0	1139.1725	2478.81	2077.88	0.0	0.0	1239.405
los	None	dead	0.0	0.0	0.0	0.0	0.0	0.0	0.0	0.0
spe	743	742	3035.675	2922.825	2979.25	3181.51	2889.84	3076.13	2769.52	2975.515
los	742	738	2922.825	2756.645	2839.735	3076.13	2769.52	2919.0	2594.29	2835.21
spe	742	741	2922.825	2582.55	2752.6875	3076.13	2769.52	2791.15	2373.95	2725.04
los	741	GCA.003220615.1.Bacteria.Methylomirabilota	2582.55	0.0	1291.275	2791.15	2373.95	0.0	0.0	1395.575
spe	899	898	3089.895	3060.73	3075.3125	3234.81	2944.98	3206.1	2915.36	3075.085
spe	898	897	3060.73	3021.29	3041.01	3206.1	2915.36	3166.46	2876.12	3041.11
los	897	896	3021.29	2913.21	2967.25	3166.46	2876.12	3068.25	2758.17	2962.315
spe	897	889	3021.29	2916.985	2969.1375	3166.46	2876.12	3062.93	2771.04	2968.75
spe	889	888	2916.985	2827.975	2872.48	3062.93	2771.04	2977.09	2678.86	2870.895
los	888	854	2827.975	2738.145	2783.06	2977.09	2678.86	2894.15	2582.14	2779.615
spe	888	887	2827.975	2727.215	2777.595	2977.09	2678.86	2881.55	2572.88	2774.985
hgt	400	GCA.002401295.1.Bacteria.SAR324	2693.845	0.0	1346.9225	2881.53	2506.16	0.0	0.0	1440.765
dup	887	863	2727.215	2597.055	2662.135	2881.55	2572.88	2762.98	2431.13	2656.34
spe	887	863	2727.215	2597.055	2662.135	2881.55	2572.88	2762.98	2431.13	2656.34
los	863	857	2597.055	2515.41	2556.2325	2762.98	2431.13	2699.69	2331.13	2547.055
spe	863	862	2597.055	2368.33	2482.6925	2762.98	2431.13	2561.03	2175.63	2469.305
los	862	GCA.002782605.1.Bacteria.Desulfobacterota	2368.33	0.0	1184.165	2561.03	2175.63	0.0	0.0	1280.515
spe	862	861	2368.33	2265.965	2317.1475	2561.03	2175.63	2474.98	2056.95	2308.99
los	861	GCA.001304105.1.Bacteria.Desulfobacterota	2265.965	0.0	1132.9825	2474.98	2056.95	0.0	0.0	1237.49
hgt	None	dead	0.0	0.0	0.0	0.0	0.0	0.0	0.0	0.0
hgt	118	GCA.001593855.1.Archaea.Thermoproteota	2278.345	0.0	1139.1725	2478.81	2077.88	0.0	0.0	1239.405
los	None	dead	0.0	0.0	0.0	0.0	0.0	0.0	0.0	0.0
hgt	None	dead	0.0	0.0	0.0	0.0	0.0	0.0	0.0	0.0
hgt	150	GCA.003144275.1.Archaea.Asgardarchaeota	2169.605	0.0	1084.8025	2389.82	1949.39	0.0	0.0	1194.91
los	None	dead	0.0	0.0	0.0	0.0	0.0	0.0	0.0	0.0
spe	887	863	2727.215	2597.055	2662.135	2881.55	2572.88	2762.98	2431.13	2656.34
spe	863	862	2597.055	2368.33	2482.6925	2762.98	2431.13	2561.03	2175.63	2469.305
hgt	686	GCA.002451015.1.Bacteria.Acidobacteriota	2295.75	0.0	1147.875	2486.27	2105.23	0.0	0.0	1243.135
los	862	GCA.002782605.1.Bacteria.Desulfobacterota	2368.33	0.0	1184.165	2561.03	2175.63	0.0	0.0	1280.515
spe	862	861	2368.33	2265.965	2317.1475	2561.03	2175.63	2474.98	2056.95	2308.99
los	861	GCA.001304105.1.Bacteria.Desulfobacterota	2265.965	0.0	1132.9825	2474.98	2056.95	0.0	0.0	1237.49
spe	863	857	2597.055	2515.41	2556.2325	2762.98	2431.13	2699.69	2331.13	2547.055
hgt	397	GCF.000526155.1.Bacteria.Desulfobacterota	3038.98	0.0	1519.49	3186.65	2891.31	0.0	0.0	1593.325
los	857	GCA.001830835.1.Bacteria.Desulfobacterota	2515.41	0.0	1257.705	2699.69	2331.13	0.0	0.0	1349.845
hgt	65	GCA.001595885.1.Archaea.Thermoplasmatota	1926.01	0.0	963.005	2135.57	1716.45	0.0	0.0	1067.785
hgt	702	GCA.003223635.1.Bacteria.Acidobacteriota	2020.225	0.0	1010.1125	2250.44	1790.01	0.0	0.0	1125.22
hgt	529	GCA.002420425.1.Bacteria.Proteobacteria	2307.945	0.0	1153.9725	2475.73	2140.16	0.0	0.0	1237.865
hgt	150	GCA.001940645.1.Archaea.Asgardarchaeota	2169.605	0.0	1084.8025	2389.82	1949.39	0.0	0.0	1194.91
hgt	52	GCA.001595945.1.Archaea.Thermoplasmatota	1947.675	0.0	973.8375	2172.33	1723.02	0.0	0.0	1086.165
hgt	1449	GCA.002400365.1.Bacteria.Chloroflexota	2414.175	0.0	1207.0875	2615.97	2212.38	0.0	0.0	1307.985
spe	887	886	2727.215	2570.925	2649.07	2881.55	2572.88	2733.26	2408.59	2645.07
hgt	None	dead	0.0	0.0	0.0	0.0	0.0	0.0	0.0	0.0
los	886	874	2570.925	2502.96	2536.9425	2733.26	2408.59	2671.83	2334.09	2533.675
hgt	837	GCA.001768075.1.Bacteria.Myxococcota	2276.83	0.0	1138.415	2468.96	2084.7	0.0	0.0	1234.48
los	None	dead	0.0	0.0	0.0	0.0	0.0	0.0	0.0	0.0
spe	886	885	2570.925	2490.35	2530.6375	2733.26	2408.59	2660.72	2319.98	2526.62
hgt	1424	GCA.002011475.1.Bacteria.Chloroflexota	2409.195	0.0	1204.5975	2595.11	2223.28	0.0	0.0	1297.555
los	885	884	2490.35	2409.27	2449.81	2660.72	2319.98	2585.68	2232.86	2446.79
spe	885	877	2490.35	2406.095	2448.2225	2660.72	2319.98	2589.76	2222.43	2441.575
los	877	GCF.000620765.1.Bacteria.Desulfobacterota.I	2406.095	0.0	1203.0475	2589.76	2222.43	0.0	0.0	1294.88
dup	877	GCA.001797675.1.Bacteria.Desulfobacterota	2406.095	0.0	1203.0475	2589.76	2222.43	0.0	0.0	1294.88
spe	889	843	2916.985	2862.71	2889.8475	3062.93	2771.04	3010.27	2715.15	2889.04
los	843	783	2862.71	2802.765	2832.7375	3010.27	2715.15	2953.24	2652.29	2831.28
spe	843	842	2862.71	2805.65	2834.18	3010.27	2715.15	2954.3	2657.0	2833.635
spe	842	841	2805.65	2762.435	2784.0425	2954.3	2657.0	2914.26	2610.61	2782.455
hgt	None	dead	0.0	0.0	0.0	0.0	0.0	0.0	0.0	0.0
hgt	1315	GCF.002224645.1.Bacteria.Firmicutes.B	1580.985	0.0	790.4925	1858.57	1303.4	0.0	0.0	929.285
los	None	dead	0.0	0.0	0.0	0.0	0.0	0.0	0.0	0.0
hgt	None	dead	0.0	0.0	0.0	0.0	0.0	0.0	0.0	0.0
los	841	840	2762.435	2651.205	2706.82	2914.26	2610.61	2807.06	2495.35	2704.805
hgt	1269	GCF.002252565.1.Bacteria.Firmicutes.A	2051.8	0.0	1025.9	2236.36	1867.24	0.0	0.0	1118.18
los	None	dead	0.0	0.0	0.0	0.0	0.0	0.0	0.0	0.0
spe	841	801	2762.435	2578.84	2670.6375	2914.26	2610.61	2754.6	2403.08	2658.67
hgt	None	dead	0.0	0.0	0.0	0.0	0.0	0.0	0.0	0.0
hgt	116	GCA.001774245.1.Archaea.Thermoproteota	1726.54	0.0	863.27	2006.45	1446.63	0.0	0.0	1003.225
los	None	dead	0.0	0.0	0.0	0.0	0.0	0.0	0.0	0.0
hgt	863	857	2597.055	2515.41	2556.2325	2762.98	2431.13	2699.69	2331.13	2547.055
los	801	GCA.001797815.1.Bacteria.RBG.13.61.14	2578.84	0.0	1289.42	2754.6	2403.08	0.0	0.0	1377.3
dup	863	857	2597.055	2515.41	2556.2325	2762.98	2431.13	2699.69	2331.13	2547.055
hgt	None	dead	0.0	0.0	0.0	0.0	0.0	0.0	0.0	0.0
hgt	1305	GCF.002207765.1.Bacteria.Firmicutes.B	2012.42	0.0	1006.21	2240.7	1784.14	0.0	0.0	1120.35
los	None	dead	0.0	0.0	0.0	0.0	0.0	0.0	0.0	0.0
spe	863	857	2597.055	2515.41	2556.2325	2762.98	2431.13	2699.69	2331.13	2547.055
hgt	1424	GCA.002011475.1.Bacteria.Chloroflexota	2409.195	0.0	1204.5975	2595.11	2223.28	0.0	0.0	1297.555
hgt	1307	GCA.000987045.1.Bacteria.Firmicutes.B	2196.38	0.0	1098.19	2389.69	2003.07	0.0	0.0	1194.845
hgt	1235	GCA.002376005.1.Bacteria.Firmicutes.E	2501.715	0.0	1250.8575	2690.97	2312.46	0.0	0.0	1345.485
spe	863	857	2597.055	2515.41	2556.2325	2762.98	2431.13	2699.69	2331.13	2547.055
hgt	1307	GCA.000987045.1.Bacteria.Firmicutes.B	2196.38	0.0	1098.19	2389.69	2003.07	0.0	0.0	1194.845
los	857	GCA.002010915.1.Bacteria.Desulfobacterota	2515.41	0.0	1257.705	2699.69	2331.13	0.0	0.0	1349.845
spe	842	798	2805.65	2657.78	2731.715	2954.3	2657.0	2816.13	2499.43	2726.865
hgt	1058	GCF.000233775.1.Bacteria.Synergistota	2874.585	0.0	1437.2925	3067.3	2681.87	0.0	0.0	1533.65
los	798	786	2657.78	2388.665	2523.2225	2816.13	2499.43	2592.48	2184.85	2500.49
spe	798	797	2657.78	2488.59	2573.185	2816.13	2499.43	2661.77	2315.41	2565.77
hgt	38	GCA.001515205.2.Archaea.Hadarchaeota	2538.31	0.0	1269.155	2727.65	2348.97	0.0	0.0	1363.825
los	797	GCA.002311335.1.Bacteria.Desulfobacterota.B	2488.59	0.0	1244.295	2661.77	2315.41	0.0	0.0	1330.885
spe	797	796	2488.59	2368.175	2428.3825	2661.77	2315.41	2549.94	2186.41	2424.09
hgt	None	dead	0.0	0.0	0.0	0.0	0.0	0.0	0.0	0.0
los	796	795	2368.175	2229.875	2299.025	2549.94	2186.41	2422.94	2036.81	2293.375
hgt	598	GCA.002292285.1.Bacteria.Proteobacteria	1497.41	0.0	748.705	1713.35	1281.47	0.0	0.0	856.675
los	None	dead	0.0	0.0	0.0	0.0	0.0	0.0	0.0	0.0
hgt	1477	1476	3065.68	2948.885	3007.2825	3209.37	2921.99	3099.11	2798.66	3004.015
dup	898	756	3060.73	2888.115	2974.4225	3206.1	2915.36	3046.49	2729.74	2967.92
spe	898	756	3060.73	2888.115	2974.4225	3206.1	2915.36	3046.49	2729.74	2967.92
spe	756	754	2888.115	2746.525	2817.32	3046.49	2729.74	2912.14	2580.91	2813.7
los	754	746	2746.525	2548.44	2647.4825	2912.14	2580.91	2767.72	2329.16	2620.65
spe	754	753	2746.525	2583.27	2664.8975	2912.14	2580.91	2768.8	2397.74	2654.94
los	753	751	2583.27	2475.955	2529.6125	2768.8	2397.74	2677.33	2274.58	2521.69
spe	898	756	3060.73	2888.115	2974.4225	3206.1	2915.36	3046.49	2729.74	2967.92
hgt	None	dead	0.0	0.0	0.0	0.0	0.0	0.0	0.0	0.0
los	756	754	2888.115	2746.525	2817.32	3046.49	2729.74	2912.14	2580.91	2813.7
hgt	38	GCA.001515205.2.Archaea.Hadarchaeota	2538.31	0.0	1269.155	2727.65	2348.97	0.0	0.0	1363.825
los	None	dead	0.0	0.0	0.0	0.0	0.0	0.0	0.0	0.0
dup	756	GCA.001790645.1.Bacteria.Schekmanbacteria	2888.115	0.0	1444.0575	3046.49	2729.74	0.0	0.0	1523.245
spe	1477	1476	3065.68	2948.885	3007.2825	3209.37	2921.99	3099.11	2798.66	3004.015
spe	1476	1454	2948.885	2633.59	2791.2375	3099.11	2798.66	2806.22	2460.96	2780.035
spe	1454	1453	2633.59	2571.245	2602.4175	2806.22	2460.96	2752.52	2389.97	2598.095
spe	1453	1452	2571.245	2204.94	2388.0925	2752.52	2389.97	2468.84	1941.04	2346.78
los	1452	GCA.002423325.1.Bacteria.Chloroflexota	2204.94	0.0	1102.47	2468.84	1941.04	0.0	0.0	1234.42
hgt	None	dead	0.0	0.0	0.0	0.0	0.0	0.0	0.0	0.0
los	1453	1449	2571.245	2414.175	2492.71	2752.52	2389.97	2615.97	2212.38	2482.45
hgt	1258	GCA.003527145.1.Bacteria.Firmicutes.A	2095.365	0.0	1047.6825	2279.66	1911.07	0.0	0.0	1139.83
los	None	dead	0.0	0.0	0.0	0.0	0.0	0.0	0.0	0.0
hgt	None	dead	0.0	0.0	0.0	0.0	0.0	0.0	0.0	0.0
los	1454	1446	2633.59	2467.265	2550.4275	2806.22	2460.96	2650.86	2283.67	2544.945
hgt	861	GCA.001304105.1.Bacteria.Desulfobacterota	2265.965	0.0	1132.9825	2474.98	2056.95	0.0	0.0	1237.49
los	None	dead	0.0	0.0	0.0	0.0	0.0	0.0	0.0	0.0
dup	861	GCA.001304105.1.Bacteria.Desulfobacterota	2265.965	0.0	1132.9825	2474.98	2056.95	0.0	0.0	1237.49
hgt	116	GCA.001774245.1.Archaea.Thermoproteota	1726.54	0.0	863.27	2006.45	1446.63	0.0	0.0	1003.225
hgt	199	GCA.003527405.1.Bacteria.Atribacterota	2950.105	0.0	1475.0525	3113.46	2786.75	0.0	0.0	1556.73
spe	1476	1475	2948.885	2883.705	2916.295	3099.11	2798.66	3039.71	2727.7	2913.405
hgt	None	dead	0.0	0.0	0.0	0.0	0.0	0.0	0.0	0.0
los	1475	1474	2883.705	2804.86	2844.2825	3039.71	2727.7	2967.88	2641.84	2840.775
hgt	498	GCA.002731375.1.Bacteria.Proteobacteria	1734.36	0.0	867.18	1926.5	1542.22	0.0	0.0	963.25
los	None	dead	0.0	0.0	0.0	0.0	0.0	0.0	0.0	0.0
spe	1475	1463	2883.705	2750.56	2817.1325	3039.71	2727.7	2918.34	2582.78	2811.245
hgt	None	dead	0.0	0.0	0.0	0.0	0.0	0.0	0.0	0.0
los	1463	1457	2750.56	2476.295	2613.4275	2918.34	2582.78	2697.47	2255.12	2586.73
hgt	1322	GCA.000961765.1.Bacteria.Firmicutes.B	2209.475	0.0	1104.7375	2414.01	2004.94	0.0	0.0	1207.005
los	None	dead	0.0	0.0	0.0	0.0	0.0	0.0	0.0	0.0
spe	1463	1462	2750.56	2688.275	2719.4175	2918.34	2582.78	2865.83	2510.72	2714.53
los	1462	1461	2688.275	2433.39	2560.8325	2865.83	2510.72	2666.93	2199.85	2532.84
hgt	1322	GCA.000961765.1.Bacteria.Firmicutes.B	2209.475	0.0	1104.7375	2414.01	2004.94	0.0	0.0	1207.005
los	None	dead	0.0	0.0	0.0	0.0	0.0	0.0	0.0	0.0
dup	1322	GCA.000961765.1.Bacteria.Firmicutes.B	2209.475	0.0	1104.7375	2414.01	2004.94	0.0	0.0	1207.005
hgt	1300	GCF.000620305.1.Bacteria.Firmicutes.B	2090.18	0.0	1045.09	2311.51	1868.85	0.0	0.0	1155.755
hgt	1240	GCA.002376045.1.Bacteria.Firmicutes.A	2549.06	0.0	1274.53	2730.4	2367.72	0.0	0.0	1365.2
hgt	1209	GCA.002452295.1.Bacteria.Firmicutes.G	2688.15	0.0	1344.075	2886.59	2489.71	0.0	0.0	1443.295
los	None	dead	0.0	0.0	0.0	0.0	0.0	0.0	0.0	0.0
dup	1209	GCA.002452295.1.Bacteria.Firmicutes.G	2688.15	0.0	1344.075	2886.59	2489.71	0.0	0.0	1443.295
hgt	1236	1235	2683.21	2501.715	2592.4625	2852.16	2514.26	2690.97	2312.46	2582.31
hgt	1322	GCA.000961765.1.Bacteria.Firmicutes.B	2209.475	0.0	1104.7375	2414.01	2004.94	0.0	0.0	1207.005
spe	1236	1235	2683.21	2501.715	2592.4625	2852.16	2514.26	2690.97	2312.46	2582.31
spe	1235	1234	2501.715	2299.215	2400.465	2690.97	2312.46	2516.49	2081.94	2386.455
los	1234	1233	2299.215	2039.805	2169.51	2516.49	2081.94	2298.21	1781.4	2148.945
hgt	140	GCF.000019605.1.Archaea.Thermoproteota	2794.965	0.0	1397.4825	2954.89	2635.04	0.0	0.0	1477.445
hgt	1469	GCA.001898225.1.Bacteria.Chloroflexota	2472.76	0.0	1236.38	2679.0	2266.52	0.0	0.0	1339.5
hgt	147	GCA.001940755.1.Archaea.Asgardarchaeota	2281.01	0.0	1140.505	2488.59	2073.43	0.0	0.0	1244.295
hgt	None	dead	0.0	0.0	0.0	0.0	0.0	0.0	0.0	0.0
los	900	716	3136.94	2935.17	3036.055	3280.99	2992.89	3084.96	2785.38	3033.185
hgt	1326	1325	2719.225	2604.385	2661.805	2868.22	2570.23	2756.95	2451.82	2660.02
los	None	dead	0.0	0.0	0.0	0.0	0.0	0.0	0.0	0.0
spe	1326	1325	2719.225	2604.385	2661.805	2868.22	2570.23	2756.95	2451.82	2660.02
spe	1325	1297	2604.385	2420.65	2512.5175	2756.95	2451.82	2602.22	2239.08	2498.015
hgt	128	GCA.002011075.1.Archaea.Thermoproteota	1456.455	0.0	728.2275	1742.17	1170.74	0.0	0.0	871.085
hgt	143	GCA.001563325.1.Archaea.Asgardarchaeota	2511.185	0.0	1255.5925	2712.39	2309.98	0.0	0.0	1356.195
los	1297	GCA.002329495.1.Bacteria.Firmicutes.B	2420.65	0.0	1210.325	2602.22	2239.08	0.0	0.0	1301.11
dup	143	GCA.001563325.1.Archaea.Asgardarchaeota	2511.185	0.0	1255.5925	2712.39	2309.98	0.0	0.0	1356.195
hgt	236	GCA.002412545.1.Bacteria.Elusimicrobiota	2376.71	0.0	1188.355	2562.4	2191.02	0.0	0.0	1281.2
hgt	198	GCA.002478245.1.Bacteria.UBP18	2808.635	0.0	1404.3175	2991.51	2625.76	0.0	0.0	1495.755
dup	143	GCA.001563325.1.Archaea.Asgardarchaeota	2511.185	0.0	1255.5925	2712.39	2309.98	0.0	0.0	1356.195
hgt	198	GCA.002478245.1.Bacteria.UBP18	2808.635	0.0	1404.3175	2991.51	2625.76	0.0	0.0	1495.755
spe	1297	1296	2420.65	2280.145	2350.3975	2602.22	2239.08	2486.05	2074.24	2338.23
los	1296	GCA.001513545.1.Bacteria.Firmicutes.B	2280.145	0.0	1140.0725	2486.05	2074.24	0.0	0.0	1243.025
dup	1296	GCF.900176005.1.Bacteria.Firmicutes.B	2280.145	0.0	1140.0725	2486.05	2074.24	0.0	0.0	1243.025
hgt	38	GCA.001515205.2.Archaea.Hadarchaeota	2538.31	0.0	1269.155	2727.65	2348.97	0.0	0.0	1363.825
hgt	198	GCA.002478245.1.Bacteria.UBP18	2808.635	0.0	1404.3175	2991.51	2625.76	0.0	0.0	1495.755
hgt	1449	GCA.002400365.1.Bacteria.Chloroflexota	2414.175	0.0	1207.0875	2615.97	2212.38	0.0	0.0	1307.985
hgt	121	GCA.001775995.1.Archaea.Thermoproteota	2129.565	0.0	1064.7825	2347.3	1911.83	0.0	0.0	1173.65
hgt	1449	GCA.002400365.1.Bacteria.Chloroflexota	2414.175	0.0	1207.0875	2615.97	2212.38	0.0	0.0	1307.985
hgt	1300	GCA.002418765.1.Bacteria.Firmicutes.B	2090.18	0.0	1045.09	2311.51	1868.85	0.0	0.0	1155.755
hgt	199	GCA.003527405.1.Bacteria.Atribacterota	2950.105	0.0	1475.0525	3113.46	2786.75	0.0	0.0	1556.73
hgt	None	dead	0.0	0.0	0.0	0.0	0.0	0.0	0.0	0.0
hgt	80	GCF.002114285.1.Archaea.Halobacteriota	2032.885	0.0	1016.4425	2234.17	1831.6	0.0	0.0	1117.085
los	None	dead	0.0	0.0	0.0	0.0	0.0	0.0	0.0	0.0
hgt	None	dead	0.0	0.0	0.0	0.0	0.0	0.0	0.0	0.0
hgt	113	GCA.001593865.1.Archaea.Thermoproteota	2352.095	0.0	1176.0475	2536.91	2167.28	0.0	0.0	1268.455
los	None	dead	0.0	0.0	0.0	0.0	0.0	0.0	0.0	0.0
hgt	1236	1235	2683.21	2501.715	2592.4625	2852.16	2514.26	2690.97	2312.46	2582.31
spe	1325	1324	2604.385	2536.255	2570.32	2756.95	2451.82	2694.52	2377.99	2567.47
spe	1324	1308	2536.255	2377.745	2457.0	2694.52	2377.99	2550.36	2205.13	2449.825
spe	1308	1300	2377.745	2090.18	2233.9625	2550.36	2205.13	2311.51	1868.85	2209.605
los	1300	GCA.002418765.1.Bacteria.Firmicutes.B	2090.18	0.0	1045.09	2311.51	1868.85	0.0	0.0	1155.755
spe	1308	1307	2377.745	2196.38	2287.0625	2550.36	2205.13	2389.69	2003.07	2276.715
hgt	1296	GCF.900176005.1.Bacteria.Firmicutes.B	2280.145	0.0	1140.0725	2486.05	2074.24	0.0	0.0	1243.025
los	1307	1305	2196.38	2012.42	2104.4	2389.69	2003.07	2240.7	1784.14	2086.915
spe	1324	1323	2536.255	2478.3	2507.2775	2694.52	2377.99	2641.49	2315.11	2504.815
hgt	143	GCA.001563325.1.Archaea.Asgardarchaeota	2511.185	0.0	1255.5925	2712.39	2309.98	0.0	0.0	1356.195
los	1323	1319	2478.3	2388.655	2433.4775	2641.49	2315.11	2562.17	2215.14	2428.315
spe	1323	1322	2478.3	2209.475	2343.8875	2641.49	2315.11	2414.01	2004.94	2323.215
los	1322	GCA.001512665.1.Bacteria.Firmicutes.B	2209.475	0.0	1104.7375	2414.01	2004.94	0.0	0.0	1207.005
spe	1236	1235	2683.21	2501.715	2592.4625	2852.16	2514.26	2690.97	2312.46	2582.31
spe	1235	1234	2501.715	2299.215	2400.465	2690.97	2312.46	2516.49	2081.94	2386.455
los	1234	GCA.003599345.1.Bacteria.Firmicutes.E	2299.215	0.0	1149.6075	2516.49	2081.94	0.0	0.0	1258.245
spe	1234	1233	2299.215	2039.805	2169.51	2516.49	2081.94	2298.21	1781.4	2148.945
los	1233	GCA.003449495.1.Bacteria.Firmicutes.E	2039.805	0.0	1019.9025	2298.21	1781.4	0.0	0.0	1149.105
spe	901	663	3194.215	3149.67	3171.9425	3337.52	3050.91	3293.35	3005.99	3171.755
hgt	1391	1390	3133.07	3070.6	3101.835	3276.23	2989.91	3212.43	2928.77	3102.5
spe	663	397	3149.67	3038.98	3094.325	3293.35	3005.99	3186.65	2891.31	3092.33
los	397	396	3038.98	2831.62	2935.3	3186.65	2891.31	2997.63	2665.61	2926.13
hgt	None	dead	0.0	0.0	0.0	0.0	0.0	0.0	0.0	0.0
hgt	686	GCA.002451015.1.Bacteria.Acidobacteriota	2295.75	0.0	1147.875	2486.27	2105.23	0.0	0.0	1243.135
los	None	dead	0.0	0.0	0.0	0.0	0.0	0.0	0.0	0.0
hgt	None	dead	0.0	0.0	0.0	0.0	0.0	0.0	0.0	0.0
hgt	1307	GCA.000987045.1.Bacteria.Firmicutes.B	2196.38	0.0	1098.19	2389.69	2003.07	0.0	0.0	1194.845
los	None	dead	0.0	0.0	0.0	0.0	0.0	0.0	0.0	0.0
spe	1391	1390	3133.07	3070.6	3101.835	3276.23	2989.91	3212.43	2928.77	3102.5
spe	1390	1218	3070.6	2947.155	3008.8775	3212.43	2928.77	3097.7	2796.61	3004.52
spe	1218	1216	2947.155	2550.05	2748.6025	3097.7	2796.61	2764.74	2335.36	2716.53
hgt	883	GCA.000961655.1.Bacteria.Desulfobacterota	2107.355	0.0	1053.6775	2320.43	1894.28	0.0	0.0	1160.215
hgt	1289	1288	2635.61	2207.725	2421.6675	2795.95	2475.27	2392.63	2022.82	2409.385
los	1216	1215	2550.05	2030.585	2290.3175	2764.74	2335.36	2340.81	1720.36	2242.55
spe	1289	1288	2635.61	2207.725	2421.6675	2795.95	2475.27	2392.63	2022.82	2409.385
spe	1288	1287	2207.725	1965.585	2086.655	2392.63	2022.82	2175.83	1755.34	2073.985
los	1287	GCA.002329525.1.Bacteria.Firmicutes.C	1965.585	0.0	982.7925	2175.83	1755.34	0.0	0.0	1087.915
spe	1287	1285	1965.585	1868.68	1917.1325	2175.83	1755.34	2085.73	1651.63	1913.73
los	1285	1284	1868.68	1576.575	1722.6275	2085.73	1651.63	1830.37	1322.78	1704.255
spe	1285	1281	1868.68	1642.245	1755.4625	2085.73	1651.63	1876.63	1407.86	1746.795
los	1281	1280	1642.245	1441.56	1541.9025	1876.63	1407.86	1709.78	1173.34	1524.985
hgt	886	885	2570.925	2490.35	2530.6375	2733.26	2408.59	2660.72	2319.98	2526.62
hgt	347	GCA.002683135.1.Bacteria.Planctomycetota	2546.45	0.0	1273.225	2726.66	2366.24	0.0	0.0	1363.33
hgt	791	GCA.002898795.1.Bacteria.Desulfobacterota.B	2015.09	0.0	1007.545	2237.3	1792.88	0.0	0.0	1118.65
spe	886	885	2570.925	2490.35	2530.6375	2733.26	2408.59	2660.72	2319.98	2526.62
spe	885	877	2490.35	2406.095	2448.2225	2660.72	2319.98	2589.76	2222.43	2441.575
los	877	GCF.000620765.1.Bacteria.Desulfobacterota.I	2406.095	0.0	1203.0475	2589.76	2222.43	0.0	0.0	1294.88
spe	885	884	2490.35	2409.27	2449.81	2660.72	2319.98	2585.68	2232.86	2446.79
spe	884	883	2409.27	2107.355	2258.3125	2585.68	2232.86	2320.43	1894.28	2239.98
los	883	GCA.001751085.1.Bacteria.Desulfobacterota	2107.355	0.0	1053.6775	2320.43	1894.28	0.0	0.0	1160.215
hgt	861	GCA.002327985.1.Bacteria.Desulfobacterota	2265.965	0.0	1132.9825	2474.98	2056.95	0.0	0.0	1237.49
los	884	880	2409.27	2202.89	2306.08	2585.68	2232.86	2408.81	1996.97	2291.325
dup	1390	1389	3070.6	3027.58	3049.09	3212.43	2928.77	3169.39	2885.77	3049.1
dup	1390	1389	3070.6	3027.58	3049.09	3212.43	2928.77	3169.39	2885.77	3049.1
spe	1390	1389	3070.6	3027.58	3049.09	3212.43	2928.77	3169.39	2885.77	3049.1
hgt	None	dead	0.0	0.0	0.0	0.0	0.0	0.0	0.0	0.0
hgt	1280	GCF.000430605.1.Bacteria.Firmicutes.C	1441.56	0.0	720.78	1709.78	1173.34	0.0	0.0	854.89
los	None	dead	0.0	0.0	0.0	0.0	0.0	0.0	0.0	0.0
hgt	None	dead	0.0	0.0	0.0	0.0	0.0	0.0	0.0	0.0
hgt	150	GCA.003144275.1.Archaea.Asgardarchaeota	2169.605	0.0	1084.8025	2389.82	1949.39	0.0	0.0	1194.91
los	None	dead	0.0	0.0	0.0	0.0	0.0	0.0	0.0	0.0
dup	150	GCA.003144275.1.Archaea.Asgardarchaeota	2169.605	0.0	1084.8025	2389.82	1949.39	0.0	0.0	1194.91
spe	1389	1237	3027.58	2784.985	2906.2825	3169.39	2885.77	2940.94	2629.03	2899.21
spe	1237	1221	2784.985	2447.11	2616.0475	2940.94	2629.03	2673.77	2220.45	2580.695
hgt	1307	GCA.000987045.1.Bacteria.Firmicutes.B	2196.38	0.0	1098.19	2389.69	2003.07	0.0	0.0	1194.845
spe	1237	1236	2784.985	2683.21	2734.0975	2940.94	2629.03	2852.16	2514.26	2727.6
spe	1236	1235	2683.21	2501.715	2592.4625	2852.16	2514.26	2690.97	2312.46	2582.31
spe	1235	1234	2501.715	2299.215	2400.465	2690.97	2312.46	2516.49	2081.94	2386.455
hgt	1296	GCF.900176005.1.Bacteria.Firmicutes.B	2280.145	0.0	1140.0725	2486.05	2074.24	0.0	0.0	1243.025
los	1234	GCA.003599345.1.Bacteria.Firmicutes.E	2299.215	0.0	1149.6075	2516.49	2081.94	0.0	0.0	1258.245
spe	1234	1233	2299.215	2039.805	2169.51	2516.49	2081.94	2298.21	1781.4	2148.945
hgt	91	GCA.003034855.1.Archaea.Halobacteriota	2548.71	0.0	1274.355	2710.79	2386.63	0.0	0.0	1355.395
los	1233	GCA.003449495.1.Bacteria.Firmicutes.E	2039.805	0.0	1019.9025	2298.21	1781.4	0.0	0.0	1149.105
hgt	1087	GCA.003535305.1.Bacteria.Bipolaricaulota	1892.775	0.0	946.3875	2196.66	1588.89	0.0	0.0	1098.33
hgt	None	dead	0.0	0.0	0.0	0.0	0.0	0.0	0.0	0.0
hgt	1439	GCF.900187885.1.Bacteria.Chloroflexota	2159.315	0.0	1079.6575	2363.76	1954.87	0.0	0.0	1181.88
los	None	dead	0.0	0.0	0.0	0.0	0.0	0.0	0.0	0.0
hgt	1645	GCF.000212395.1.Bacteria.Thermodesulfobiota	3078.905	0.0	1539.4525	3240.17	2917.64	0.0	0.0	1620.085
los	1236	1228	2683.21	2573.425	2628.3175	2852.16	2514.26	2761.84	2385.01	2618.585
hgt	898	897	3060.73	3021.29	3041.01	3206.1	2915.36	3166.46	2876.12	3041.11
spe	1389	1388	3027.58	2941.055	2984.3175	3169.39	2885.77	3082.24	2799.87	2984.63
los	1388	1274	2941.055	2802.895	2871.975	3082.24	2799.87	2951.21	2654.58	2868.41
spe	1388	1387	2941.055	2902.155	2921.605	3082.24	2799.87	3045.04	2759.27	2920.755
los	1387	1386	2902.155	2794.775	2848.465	3045.04	2759.27	2939.61	2649.94	2847.49
spe	1387	1327	2902.155	2828.71	2865.4325	3045.04	2759.27	2972.74	2684.68	2864.86
spe	1327	1289	2828.71	2635.61	2732.16	2972.74	2684.68	2795.95	2475.27	2724.005
los	1289	GCA.002345475.1.Bacteria.Firmicutes.H	2635.61	0.0	1317.805	2795.95	2475.27	0.0	0.0	1397.975
spe	1289	1288	2635.61	2207.725	2421.6675	2795.95	2475.27	2392.63	2022.82	2409.385
spe	1288	1287	2207.725	1965.585	2086.655	2392.63	2022.82	2175.83	1755.34	2073.985
los	1287	GCA.002329525.1.Bacteria.Firmicutes.C	1965.585	0.0	982.7925	2175.83	1755.34	0.0	0.0	1087.915
spe	1287	1285	1965.585	1868.68	1917.1325	2175.83	1755.34	2085.73	1651.63	1913.73
los	1285	1284	1868.68	1576.575	1722.6275	2085.73	1651.63	1830.37	1322.78	1704.255
spe	1285	1281	1868.68	1642.245	1755.4625	2085.73	1651.63	1876.63	1407.86	1746.795
los	1281	1280	1642.245	1441.56	1541.9025	1876.63	1407.86	1709.78	1173.34	1524.985
spe	1327	1326	2828.71	2719.225	2773.9675	2972.74	2684.68	2868.22	2570.23	2771.485
spe	1326	1292	2719.225	2370.88	2545.0525	2868.22	2570.23	2569.61	2172.15	2520.185
hgt	1312	GCF.002607855.1.Bacteria.Firmicutes.B	2058.365	0.0	1029.1825	2278.56	1838.17	0.0	0.0	1139.28
los	1292	GCF.001950325.1.Bacteria.Firmicutes.B	2370.88	0.0	1185.44	2569.61	2172.15	0.0	0.0	1284.805
spe	1326	1325	2719.225	2604.385	2661.805	2868.22	2570.23	2756.95	2451.82	2660.02
hgt	1216	GCF.000020005.1.Bacteria.Firmicutes.D	2550.05	0.0	1275.025	2764.74	2335.36	0.0	0.0	1382.37
los	1325	1297	2604.385	2420.65	2512.5175	2756.95	2451.82	2602.22	2239.08	2498.015
spe	1325	1324	2604.385	2536.255	2570.32	2756.95	2451.82	2694.52	2377.99	2567.47
los	1324	1308	2536.255	2377.745	2457.0	2694.52	2377.99	2550.36	2205.13	2449.825
spe	1324	1323	2536.255	2478.3	2507.2775	2694.52	2377.99	2641.49	2315.11	2504.815
los	1323	1319	2478.3	2388.655	2433.4775	2641.49	2315.11	2562.17	2215.14	2428.315
spe	1323	1322	2478.3	2209.475	2343.8875	2641.49	2315.11	2414.01	2004.94	2323.215
los	1322	GCA.001512665.1.Bacteria.Firmicutes.B	2209.475	0.0	1104.7375	2414.01	2004.94	0.0	0.0	1207.005
dup	1322	GCA.000961765.1.Bacteria.Firmicutes.B	2209.475	0.0	1104.7375	2414.01	2004.94	0.0	0.0	1207.005
hgt	None	dead	0.0	0.0	0.0	0.0	0.0	0.0	0.0	0.0
dup	None	dead	0.0	0.0	0.0	0.0	0.0	0.0	0.0	0.0
hgt	1183	GCA.002347365.1.Bacteria.Actinobacteriota	2457.105	0.0	1228.5525	2668.97	2245.24	0.0	0.0	1334.485
los	None	dead	0.0	0.0	0.0	0.0	0.0	0.0	0.0	0.0
hgt	880	GCA.001577715.1.Bacteria.Desulfobacterota	2202.89	0.0	1101.445	2408.81	1996.97	0.0	0.0	1204.405
los	None	dead	0.0	0.0	0.0	0.0	0.0	0.0	0.0	0.0
dup	898	897	3060.73	3021.29	3041.01	3206.1	2915.36	3166.46	2876.12	3041.11
spe	898	897	3060.73	3021.29	3041.01	3206.1	2915.36	3166.46	2876.12	3041.11
los	897	896	3021.29	2913.21	2967.25	3166.46	2876.12	3068.25	2758.17	2962.315
spe	897	889	3021.29	2916.985	2969.1375	3166.46	2876.12	3062.93	2771.04	2968.75
los	889	843	2916.985	2862.71	2889.8475	3062.93	2771.04	3010.27	2715.15	2889.04
spe	889	888	2916.985	2827.975	2872.48	3062.93	2771.04	2977.09	2678.86	2870.895
los	888	854	2827.975	2738.145	2783.06	2977.09	2678.86	2894.15	2582.14	2779.615
spe	888	887	2827.975	2727.215	2777.595	2977.09	2678.86	2881.55	2572.88	2774.985
spe	887	863	2727.215	2597.055	2662.135	2881.55	2572.88	2762.98	2431.13	2656.34
los	863	862	2597.055	2368.33	2482.6925	2762.98	2431.13	2561.03	2175.63	2469.305
spe	863	857	2597.055	2515.41	2556.2325	2762.98	2431.13	2699.69	2331.13	2547.055
los	857	GCA.001830835.1.Bacteria.Desulfobacterota	2515.41	0.0	1257.705	2699.69	2331.13	0.0	0.0	1349.845
spe	887	886	2727.215	2570.925	2649.07	2881.55	2572.88	2733.26	2408.59	2645.07
los	886	885	2570.925	2490.35	2530.6375	2733.26	2408.59	2660.72	2319.98	2526.62
spe	886	874	2570.925	2502.96	2536.9425	2733.26	2408.59	2671.83	2334.09	2533.675
los	874	868	2502.96	2357.855	2430.4075	2671.83	2334.09	2546.99	2168.72	2420.275
spe	874	873	2502.96	2374.525	2438.7425	2671.83	2334.09	2555.16	2193.89	2432.86
los	873	GCA.002011835.1.Bacteria.Desulfobacterota	2374.525	0.0	1187.2625	2555.16	2193.89	0.0	0.0	1277.58
spe	873	871	2374.525	2172.555	2273.54	2555.16	2193.89	2382.24	1962.87	2259.015
los	871	GCA.007244385.1.Bacteria.Desulfobacterota	2172.555	0.0	1086.2775	2382.24	1962.87	0.0	0.0	1191.12
hgt	397	GCF.000526155.1.Bacteria.Desulfobacterota	3038.98	0.0	1519.49	3186.65	2891.31	0.0	0.0	1593.325
spe	898	897	3060.73	3021.29	3041.01	3206.1	2915.36	3166.46	2876.12	3041.11
spe	897	896	3021.29	2913.21	2967.25	3166.46	2876.12	3068.25	2758.17	2962.315
hgt	None	dead	0.0	0.0	0.0	0.0	0.0	0.0	0.0	0.0
los	896	892	2913.21	2624.55	2768.88	3068.25	2758.17	2832.73	2416.37	2742.31
hgt	837	GCA.001768075.1.Bacteria.Myxococcota	2276.83	0.0	1138.415	2468.96	2084.7	0.0	0.0	1234.48
los	None	dead	0.0	0.0	0.0	0.0	0.0	0.0	0.0	0.0
spe	896	895	2913.21	2668.13	2790.67	3068.25	2758.17	2862.76	2473.5	2770.875
los	895	GCA.000739515.1.Bacteria.Moduliflexota	2668.13	0.0	1334.065	2862.76	2473.5	0.0	0.0	1431.38
spe	897	889	3021.29	2916.985	2969.1375	3166.46	2876.12	3062.93	2771.04	2968.75
los	889	843	2916.985	2862.71	2889.8475	3062.93	2771.04	3010.27	2715.15	2889.04
spe	889	888	2916.985	2827.975	2872.48	3062.93	2771.04	2977.09	2678.86	2870.895
spe	888	854	2827.975	2738.145	2783.06	2977.09	2678.86	2894.15	2582.14	2779.615
los	854	853	2738.145	2576.375	2657.26	2894.15	2582.14	2761.44	2391.31	2642.73
spe	854	850	2738.145	2713.455	2725.8	2894.15	2582.14	2872.64	2554.27	2724.21
los	850	846	2713.455	2541.4	2627.4275	2872.64	2554.27	2725.16	2357.64	2615.14
spe	850	849	2713.455	2490.935	2602.195	2872.64	2554.27	2688.39	2293.48	2583.06
los	849	GCA.001896555.1.Bacteria.Desulfobacterota	2490.935	0.0	1245.4675	2688.39	2293.48	0.0	0.0	1344.195
spe	888	887	2827.975	2727.215	2777.595	2977.09	2678.86	2881.55	2572.88	2774.985
los	887	863	2727.215	2597.055	2662.135	2881.55	2572.88	2762.98	2431.13	2656.34
spe	887	886	2727.215	2570.925	2649.07	2881.55	2572.88	2733.26	2408.59	2645.07
spe	886	874	2570.925	2502.96	2536.9425	2733.26	2408.59	2671.83	2334.09	2533.675
spe	874	873	2502.96	2374.525	2438.7425	2671.83	2334.09	2555.16	2193.89	2432.86
los	873	GCA.002011835.1.Bacteria.Desulfobacterota	2374.525	0.0	1187.2625	2555.16	2193.89	0.0	0.0	1277.58
spe	873	871	2374.525	2172.555	2273.54	2555.16	2193.89	2382.24	1962.87	2259.015
los	871	GCA.002899795.1.Bacteria.Desulfobacterota	2172.555	0.0	1086.2775	2382.24	1962.87	0.0	0.0	1191.12
hgt	None	dead	0.0	0.0	0.0	0.0	0.0	0.0	0.0	0.0
los	874	868	2502.96	2357.855	2430.4075	2671.83	2334.09	2546.99	2168.72	2420.275
hgt	732	GCA.003153275.1.Bacteria.Nitrospirota	2077.52	0.0	1038.76	2333.23	1821.81	0.0	0.0	1166.615
los	None	dead	0.0	0.0	0.0	0.0	0.0	0.0	0.0	0.0
hgt	376	GCA.002418835.1.Bacteria.Spirochaetota	2638.94	0.0	1319.47	2822.05	2455.83	0.0	0.0	1411.025
spe	886	885	2570.925	2490.35	2530.6375	2733.26	2408.59	2660.72	2319.98	2526.62
spe	885	884	2490.35	2409.27	2449.81	2660.72	2319.98	2585.68	2232.86	2446.79
los	884	880	2409.27	2202.89	2306.08	2585.68	2232.86	2408.81	1996.97	2291.325
spe	884	883	2409.27	2107.355	2258.3125	2585.68	2232.86	2320.43	1894.28	2239.98
los	883	GCA.001751085.1.Bacteria.Desulfobacterota	2107.355	0.0	1053.6775	2320.43	1894.28	0.0	0.0	1160.215
spe	885	877	2490.35	2406.095	2448.2225	2660.72	2319.98	2589.76	2222.43	2441.575
los	877	GCA.001797675.1.Bacteria.Desulfobacterota	2406.095	0.0	1203.0475	2589.76	2222.43	0.0	0.0	1294.88
dup	397	GCF.000526155.1.Bacteria.Desulfobacterota	3038.98	0.0	1519.49	3186.65	2891.31	0.0	0.0	1593.325
spe	1390	1389	3070.6	3027.58	3049.09	3212.43	2928.77	3169.39	2885.77	3049.1
los	1389	1237	3027.58	2784.985	2906.2825	3169.39	2885.77	2940.94	2629.03	2899.21
spe	1389	1388	3027.58	2941.055	2984.3175	3169.39	2885.77	3082.24	2799.87	2984.63
los	1388	1387	2941.055	2902.155	2921.605	3082.24	2799.87	3045.04	2759.27	2920.755
spe	1388	1274	2941.055	2802.895	2871.975	3082.24	2799.87	2951.21	2654.58	2868.41
los	1274	1273	2802.895	2658.63	2730.7625	2951.21	2654.58	2811.6	2505.66	2728.435
spe	1274	1240	2802.895	2549.06	2675.9775	2951.21	2654.58	2730.4	2367.72	2659.465
los	1240	GCF.900142995.1.Bacteria.Firmicutes.A	2549.06	0.0	1274.53	2730.4	2367.72	0.0	0.0	1365.2
dup	1240	GCA.002376045.1.Bacteria.Firmicutes.A	2549.06	0.0	1274.53	2730.4	2367.72	0.0	0.0	1365.2
hgt	1307	GCA.000987045.1.Bacteria.Firmicutes.B	2196.38	0.0	1098.19	2389.69	2003.07	0.0	0.0	1194.845
hgt	None	dead	0.0	0.0	0.0	0.0	0.0	0.0	0.0	0.0
spe	1390	1389	3070.6	3027.58	3049.09	3212.43	2928.77	3169.39	2885.77	3049.1
spe	1389	1237	3027.58	2784.985	2906.2825	3169.39	2885.77	2940.94	2629.03	2899.21
spe	1237	1221	2784.985	2447.11	2616.0475	2940.94	2629.03	2673.77	2220.45	2580.695
los	1221	GCA.002375925.1.Bacteria.Firmicutes.E	2447.11	0.0	1223.555	2673.77	2220.45	0.0	0.0	1336.885
spe	1237	1236	2784.985	2683.21	2734.0975	2940.94	2629.03	2852.16	2514.26	2727.6
los	1236	1228	2683.21	2573.425	2628.3175	2852.16	2514.26	2761.84	2385.01	2618.585
spe	1236	1235	2683.21	2501.715	2592.4625	2852.16	2514.26	2690.97	2312.46	2582.31
los	1235	GCA.002376005.1.Bacteria.Firmicutes.E	2501.715	0.0	1250.8575	2690.97	2312.46	0.0	0.0	1345.485
spe	1235	1234	2501.715	2299.215	2400.465	2690.97	2312.46	2516.49	2081.94	2386.455
los	1234	1233	2299.215	2039.805	2169.51	2516.49	2081.94	2298.21	1781.4	2148.945
spe	1389	1388	3027.58	2941.055	2984.3175	3169.39	2885.77	3082.24	2799.87	2984.63
hgt	None	dead	0.0	0.0	0.0	0.0	0.0	0.0	0.0	0.0
los	1388	1387	2941.055	2902.155	2921.605	3082.24	2799.87	3045.04	2759.27	2920.755
hgt	143	GCA.001940655.1.Archaea.Asgardarchaeota	2511.185	0.0	1255.5925	2712.39	2309.98	0.0	0.0	1356.195
los	None	dead	0.0	0.0	0.0	0.0	0.0	0.0	0.0	0.0
spe	1388	1274	2941.055	2802.895	2871.975	3082.24	2799.87	2951.21	2654.58	2868.41
hgt	None	dead	0.0	0.0	0.0	0.0	0.0	0.0	0.0	0.0
los	1274	1273	2802.895	2658.63	2730.7625	2951.21	2654.58	2811.6	2505.66	2728.435
hgt	686	GCA.002451015.1.Bacteria.Acidobacteriota	2295.75	0.0	1147.875	2486.27	2105.23	0.0	0.0	1243.135
los	None	dead	0.0	0.0	0.0	0.0	0.0	0.0	0.0	0.0
spe	1274	1240	2802.895	2549.06	2675.9775	2951.21	2654.58	2730.4	2367.72	2659.465
hgt	1058	GCA.001443005.1.Bacteria.Synergistota	2874.585	0.0	1437.2925	3067.3	2681.87	0.0	0.0	1533.65
los	1240	GCA.002376045.1.Bacteria.Firmicutes.A	2549.06	0.0	1274.53	2730.4	2367.72	0.0	0.0	1365.2
hgt	1325	1324	2604.385	2536.255	2570.32	2756.95	2451.82	2694.52	2377.99	2567.47
los	None	dead	0.0	0.0	0.0	0.0	0.0	0.0	0.0	0.0
dup	1325	1324	2604.385	2536.255	2570.32	2756.95	2451.82	2694.52	2377.99	2567.47
spe	1325	1324	2604.385	2536.255	2570.32	2756.95	2451.82	2694.52	2377.99	2567.47
spe	1324	1323	2536.255	2478.3	2507.2775	2694.52	2377.99	2641.49	2315.11	2504.815
hgt	1385	1384	2733.33	2455.815	2594.5725	2878.0	2588.66	2606.71	2304.92	2591.46
los	1323	1319	2478.3	2388.655	2433.4775	2641.49	2315.11	2562.17	2215.14	2428.315
spe	1385	1384	2733.33	2455.815	2594.5725	2878.0	2588.66	2606.71	2304.92	2591.46
spe	1384	1338	2455.815	2111.765	2283.79	2606.71	2304.92	2295.35	1928.18	2267.445
los	1338	1337	2111.765	1832.425	1972.095	2295.35	1928.18	2086.82	1578.03	1936.69
spe	1384	1383	2455.815	2371.08	2413.4475	2606.71	2304.92	2525.62	2216.54	2411.625
los	1383	1341	2371.08	2078.19	2224.635	2525.62	2216.54	2272.57	1883.81	2204.715
spe	1383	1382	2371.08	2292.545	2331.8125	2525.62	2216.54	2446.92	2138.17	2331.895
los	1382	1344	2292.545	2055.27	2173.9075	2446.92	2138.17	2234.39	1876.15	2161.535
spe	1382	1381	2292.545	2205.155	2248.85	2446.92	2138.17	2360.66	2049.65	2248.285
spe	1381	1351	2205.155	2134.51	2169.8325	2360.66	2049.65	2297.16	1971.86	2166.26
los	1351	1350	2134.51	1969.515	2052.0125	2297.16	1971.86	2159.85	1779.18	2038.17
spe	1351	1347	2134.51	1852.54	1993.525	2297.16	1971.86	2058.3	1646.78	1971.97
los	1347	GCF.900099895.1.Bacteria.Firmicutes	1852.54	0.0	926.27	2058.3	1646.78	0.0	0.0	1029.15
spe	1381	1380	2205.155	2120.065	2162.61	2360.66	2049.65	2280.16	1959.97	2160.315
los	1380	GCF.001049895.1.Bacteria.Firmicutes	2120.065	0.0	1060.0325	2280.16	1959.97	0.0	0.0	1140.08
spe	1380	1379	2120.065	2060.89	2090.4775	2280.16	1959.97	2221.1	1900.68	2090.42
los	1379	1378	2060.89	1789.555	1925.2225	2221.1	1900.68	1953.46	1625.65	1923.375
spe	1379	1355	2060.89	1845.21	1953.05	2221.1	1900.68	2026.05	1664.37	1942.735
los	1355	GCF.000503775.1.Bacteria.Firmicutes	1845.21	0.0	922.605	2026.05	1664.37	0.0	0.0	1013.025
spe	1323	1322	2478.3	2209.475	2343.8875	2641.49	2315.11	2414.01	2004.94	2323.215
hgt	1216	GCF.000020005.1.Bacteria.Firmicutes.D	2550.05	0.0	1275.025	2764.74	2335.36	0.0	0.0	1382.37
los	1322	GCA.001512665.1.Bacteria.Firmicutes.B	2209.475	0.0	1104.7375	2414.01	2004.94	0.0	0.0	1207.005
spe	1324	1308	2536.255	2377.745	2457.0	2694.52	2377.99	2550.36	2205.13	2449.825
spe	1308	1300	2377.745	2090.18	2233.9625	2550.36	2205.13	2311.51	1868.85	2209.605
hgt	1296	GCF.900176005.1.Bacteria.Firmicutes.B	2280.145	0.0	1140.0725	2486.05	2074.24	0.0	0.0	1243.025
hgt	600	598	1814.2	1497.41	1655.805	1996.49	1631.91	1713.35	1281.47	1638.98
hgt	439	GCA.002723345.1.Bacteria.Proteobacteria	1983.035	0.0	991.5175	2153.66	1812.41	0.0	0.0	1076.83
hgt	741	GCA.003220615.1.Bacteria.Methylomirabilota	2582.55	0.0	1291.275	2791.15	2373.95	0.0	0.0	1395.575
hgt	1444	GCA.003451595.1.Bacteria.Chloroflexota	2137.48	0.0	1068.74	2354.92	1920.04	0.0	0.0	1177.46
los	1300	GCF.000620305.1.Bacteria.Firmicutes.B	2090.18	0.0	1045.09	2311.51	1868.85	0.0	0.0	1155.755
hgt	498	GCA.002731375.1.Bacteria.Proteobacteria	1734.36	0.0	867.18	1926.5	1542.22	0.0	0.0	963.25
spe	600	598	1814.2	1497.41	1655.805	1996.49	1631.91	1713.35	1281.47	1638.98
hgt	1209	GCA.002452295.1.Bacteria.Firmicutes.G	2688.15	0.0	1344.075	2886.59	2489.71	0.0	0.0	1443.295
dup	1308	1307	2377.745	2196.38	2287.0625	2550.36	2205.13	2389.69	2003.07	2276.715
spe	1308	1307	2377.745	2196.38	2287.0625	2550.36	2205.13	2389.69	2003.07	2276.715
los	1307	1305	2196.38	2012.42	2104.4	2389.69	2003.07	2240.7	1784.14	2086.915
spe	1308	1307	2377.745	2196.38	2287.0625	2550.36	2205.13	2389.69	2003.07	2276.715
spe	1307	1305	2196.38	2012.42	2104.4	2389.69	2003.07	2240.7	1784.14	2086.915
los	1305	1304	2012.42	1697.92	1855.17	2240.7	1784.14	1975.42	1420.42	1830.56
spe	1325	1324	2604.385	2536.255	2570.32	2756.95	2451.82	2694.52	2377.99	2567.47
los	1324	1323	2536.255	2478.3	2507.2775	2694.52	2377.99	2641.49	2315.11	2504.815
spe	1324	1308	2536.255	2377.745	2457.0	2694.52	2377.99	2550.36	2205.13	2449.825
spe	1308	1307	2377.745	2196.38	2287.0625	2550.36	2205.13	2389.69	2003.07	2276.715
los	1307	1305	2196.38	2012.42	2104.4	2389.69	2003.07	2240.7	1784.14	2086.915
spe	1308	1300	2377.745	2090.18	2233.9625	2550.36	2205.13	2311.51	1868.85	2209.605
los	1300	GCA.002418765.1.Bacteria.Firmicutes.B	2090.18	0.0	1045.09	2311.51	1868.85	0.0	0.0	1155.755
hgt	None	dead	0.0	0.0	0.0	0.0	0.0	0.0	0.0	0.0
hgt	84	GCF.000011005.1.Archaea.Euryarchaeota	1868.445	0.0	934.2225	2080.58	1656.31	0.0	0.0	1040.29
los	None	dead	0.0	0.0	0.0	0.0	0.0	0.0	0.0	0.0
hgt	None	dead	0.0	0.0	0.0	0.0	0.0	0.0	0.0	0.0
los	663	662	3149.67	3108.12	3128.895	3293.35	3005.99	3252.87	2963.37	3128.36
hgt	1326	1325	2719.225	2604.385	2661.805	2868.22	2570.23	2756.95	2451.82	2660.02
los	None	dead	0.0	0.0	0.0	0.0	0.0	0.0	0.0	0.0
spe	1326	1325	2719.225	2604.385	2661.805	2868.22	2570.23	2756.95	2451.82	2660.02
spe	1325	1297	2604.385	2420.65	2512.5175	2756.95	2451.82	2602.22	2239.08	2498.015
los	1297	GCA.002329495.1.Bacteria.Firmicutes.B	2420.65	0.0	1210.325	2602.22	2239.08	0.0	0.0	1301.11
spe	1297	1296	2420.65	2280.145	2350.3975	2602.22	2239.08	2486.05	2074.24	2338.23
los	1296	GCA.001513545.1.Bacteria.Firmicutes.B	2280.145	0.0	1140.0725	2486.05	2074.24	0.0	0.0	1243.025
dup	1325	1324	2604.385	2536.255	2570.32	2756.95	2451.82	2694.52	2377.99	2567.47
spe	1325	1324	2604.385	2536.255	2570.32	2756.95	2451.82	2694.52	2377.99	2567.47
los	1324	1323	2536.255	2478.3	2507.2775	2694.52	2377.99	2641.49	2315.11	2504.815
spe	1324	1308	2536.255	2377.745	2457.0	2694.52	2377.99	2550.36	2205.13	2449.825
los	1308	1307	2377.745	2196.38	2287.0625	2550.36	2205.13	2389.69	2003.07	2276.715
spe	1308	1300	2377.745	2090.18	2233.9625	2550.36	2205.13	2311.51	1868.85	2209.605
los	1300	GCA.002418765.1.Bacteria.Firmicutes.B	2090.18	0.0	1045.09	2311.51	1868.85	0.0	0.0	1155.755
spe	1325	1324	2604.385	2536.255	2570.32	2756.95	2451.82	2694.52	2377.99	2567.47
spe	1324	1323	2536.255	2478.3	2507.2775	2694.52	2377.99	2641.49	2315.11	2504.815
los	1323	1319	2478.3	2388.655	2433.4775	2641.49	2315.11	2562.17	2215.14	2428.315
spe	1323	1322	2478.3	2209.475	2343.8875	2641.49	2315.11	2414.01	2004.94	2323.215
los	1322	GCA.001512665.1.Bacteria.Firmicutes.B	2209.475	0.0	1104.7375	2414.01	2004.94	0.0	0.0	1207.005
spe	1324	1308	2536.255	2377.745	2457.0	2694.52	2377.99	2550.36	2205.13	2449.825
los	1308	1307	2377.745	2196.38	2287.0625	2550.36	2205.13	2389.69	2003.07	2276.715
spe	1308	1300	2377.745	2090.18	2233.9625	2550.36	2205.13	2311.51	1868.85	2209.605
los	1300	GCA.002418765.1.Bacteria.Firmicutes.B	2090.18	0.0	1045.09	2311.51	1868.85	0.0	0.0	1155.755
