event	left_node	right_node	left_date	right_date	midpoint_date	left_date_lower	left_date_upper	right_date_lower	right_date_upper	midpoint_date_all
spe	1727	189	3794.005	3549.04	3671.5225	3914.54	3673.47	3738.87	3359.21	3636.875
spe	189	185	3549.04	3359.525	3454.2825	3738.87	3359.21	3602.57	3116.48	3427.675
spe	185	183	3359.525	2942.325	3150.925	3602.57	3116.48	3395.25	2489.4	3045.985
los	183	GCA.002325765.1.Bacteria.Proteobacteria	2942.325	0.0	1471.1625	3395.25	2489.4	0.0	0.0	1697.625
dup	183	GCA.002402105.1.Bacteria.UBP17	2942.325	0.0	1471.1625	3395.25	2489.4	0.0	0.0	1697.625
hgt	955	GCA.001769655.1.Bacteria.Bacteroidota	1061.248	0.0	530.624	1249.77	872.726	0.0	0.0	624.885
spe	189	188	3549.04	3243.665	3396.3525	3738.87	3359.21	3519.48	2967.85	3353.36
hgt	None	dead	0.0	0.0	0.0	0.0	0.0	0.0	0.0	0.0
dup	None	dead	0.0	0.0	0.0	0.0	0.0	0.0	0.0	0.0
hgt	1032	GCA.002693325.1.Bacteria.Latescibacterota	1683.695	0.0	841.8475	1928.88	1438.51	0.0	0.0	964.44
los	None	dead	0.0	0.0	0.0	0.0	0.0	0.0	0.0	0.0
dup	None	dead	0.0	0.0	0.0	0.0	0.0	0.0	0.0	0.0
hgt	660	659	2520.845	1438.4	1979.6225	2755.25	2286.44	1756.87	1119.93	1937.59
los	None	dead	0.0	0.0	0.0	0.0	0.0	0.0	0.0	0.0
spe	660	659	2520.845	1438.4	1979.6225	2755.25	2286.44	1756.87	1119.93	1937.59
hgt	1078	1076	1937.95	1416.635	1677.2925	2224.85	1651.05	1692.52	1140.75	1682.8
los	None	dead	0.0	0.0	0.0	0.0	0.0	0.0	0.0	0.0
spe	1078	1076	1937.95	1416.635	1677.2925	2224.85	1651.05	1692.52	1140.75	1682.8
hgt	1657	1656	3284.32	3020.24	3152.28	3430.31	3138.33	3214.58	2825.9	3128.105
hgt	None	dead	0.0	0.0	0.0	0.0	0.0	0.0	0.0	0.0
hgt	1083	1082	3012.98	2820.665	2916.8225	3220.57	2805.39	3066.11	2575.22	2897.895
los	None	dead	0.0	0.0	0.0	0.0	0.0	0.0	0.0	0.0
spe	1083	1082	3012.98	2820.665	2916.8225	3220.57	2805.39	3066.11	2575.22	2897.895
hgt	768	767	1703.165	1544.31	1623.7375	1903.86	1502.47	1743.72	1344.9	1624.38
hgt	1008	GCA.000447245.1.Bacteria.Zixibacteria	1888.32	0.0	944.16	2123.29	1653.35	0.0	0.0	1061.645
hgt	227	GCA.001804315.1.Bacteria.Omnitrophota	2301.915	0.0	1150.9575	2511.57	2092.26	0.0	0.0	1255.785
hgt	961	GCA.001769385.1.Bacteria.Bacteroidota	648.9575	0.0	324.47875	800.436	497.479	0.0	0.0	400.218
hgt	1078	GCA.002898315.1.Bacteria.Calescibacterota	1937.95	0.0	968.975	2224.85	1651.05	0.0	0.0	1112.425
hgt	982	GCF.001535965.1.Bacteria.Bacteroidota	1868.295	0.0	934.1475	2047.24	1689.35	0.0	0.0	1023.62
hgt	220	GCA.001805375.1.Bacteria.Omnitrophota	1293.03	0.0	646.515	1485.84	1100.22	0.0	0.0	742.92
hgt	749	GCA.003229375.1.Bacteria.Nitrospinota	1737.095	0.0	868.5475	1995.38	1478.81	0.0	0.0	997.69
dup	1008	GCA.000447245.1.Bacteria.Zixibacteria	1888.32	0.0	944.16	2123.29	1653.35	0.0	0.0	1061.645
hgt	136	GCA.000375685.1.Archaea.Thermoproteota	1983.8	0.0	991.9	2174.3	1793.3	0.0	0.0	1087.15
spe	768	767	1703.165	1544.31	1623.7375	1903.86	1502.47	1743.72	1344.9	1624.38
spe	767	766	1544.31	1359.65	1451.98	1743.72	1344.9	1564.02	1155.28	1449.5
hgt	768	GCA.001798715.1.Bacteria.UBA10199	1703.165	0.0	851.5825	1903.86	1502.47	0.0	0.0	951.93
hgt	270	GCA.001567115.1.Bacteria.OLB16	2744.13	0.0	1372.065	3033.13	2455.13	0.0	0.0	1516.565
hgt	397	396	2952.9	2591.83	2772.365	3107.01	2798.79	2803.16	2380.5	2743.755
spe	1082	1080	2820.665	2542.65	2681.6575	3066.11	2575.22	2807.1	2278.2	2672.155
los	1080	1079	2542.65	2204.53	2373.59	2807.1	2278.2	2483.0	1926.06	2366.58
spe	397	396	2952.9	2591.83	2772.365	3107.01	2798.79	2803.16	2380.5	2743.755
spe	396	395	2591.83	1495.105	2043.4675	2803.16	2380.5	1791.3	1198.91	2001.035
los	395	GCF.000487995.1.Bacteria.Deferribacterota	1495.105	0.0	747.5525	1791.3	1198.91	0.0	0.0	895.65
hgt	551	GCA.002699105.1.Bacteria.Bacteroidota	1073.1825	0.0	536.59125	1248.71	897.655	0.0	0.0	624.355
hgt	926	GCA.001780825.1.Bacteria.Gemmatimonadota	2323.795	0.0	1161.8975	2580.04	2067.55	0.0	0.0	1290.02
hgt	1663	GCA.001464165.1.Bacteria.Cyanobacteria	2465.64	0.0	1232.82	2722.63	2208.65	0.0	0.0	1361.315
dup	926	GCA.001780825.1.Bacteria.Gemmatimonadota	2323.795	0.0	1161.8975	2580.04	2067.55	0.0	0.0	1290.02
hgt	None	dead	0.0	0.0	0.0	0.0	0.0	0.0	0.0	0.0
hgt	244	GCA.001800075.1.Bacteria.Elusimicrobiota	1459.21	0.0	729.605	1673.69	1244.73	0.0	0.0	836.845
los	None	dead	0.0	0.0	0.0	0.0	0.0	0.0	0.0	0.0
hgt	1642	1478	3511.74	3209.465	3360.6025	3641.83	3381.65	3376.81	3042.12	3341.975
hgt	None	dead	0.0	0.0	0.0	0.0	0.0	0.0	0.0	0.0
dup	None	dead	0.0	0.0	0.0	0.0	0.0	0.0	0.0	0.0
hgt	353	352	2130.965	1718.42	1924.6925	2351.41	1910.52	1950.1	1486.74	1919.075
los	None	dead	0.0	0.0	0.0	0.0	0.0	0.0	0.0	0.0
spe	353	352	2130.965	1718.42	1924.6925	2351.41	1910.52	1950.1	1486.74	1919.075
spe	352	350	1718.42	1478.92	1598.67	1950.1	1486.74	1725.22	1232.62	1591.36
los	350	GCA.002402755.1.Bacteria.Planctomycetota	1478.92	0.0	739.46	1725.22	1232.62	0.0	0.0	862.61
dup	None	dead	0.0	0.0	0.0	0.0	0.0	0.0	0.0	0.0
hgt	585	GCA.002688175.1.Bacteria.Proteobacteria	1064.929	0.0	532.4645	1229.08	900.778	0.0	0.0	614.54
los	None	dead	0.0	0.0	0.0	0.0	0.0	0.0	0.0	0.0
hgt	782	781	2215.715	2015.825	2115.77	2394.27	2037.16	2200.61	1831.04	2112.655
los	None	dead	0.0	0.0	0.0	0.0	0.0	0.0	0.0	0.0
spe	782	781	2215.715	2015.825	2115.77	2394.27	2037.16	2200.61	1831.04	2112.655
spe	781	775	2015.825	1808.405	1912.115	2200.61	1831.04	2005.79	1611.02	1905.815
hgt	None	dead	0.0	0.0	0.0	0.0	0.0	0.0	0.0	0.0
los	775	773	1808.405	1687.08	1747.7425	2005.79	1611.02	1898.02	1476.14	1740.965
hgt	568	GCA.002862435.1.Bacteria.Proteobacteria	1421.955	0.0	710.9775	1583.57	1260.34	0.0	0.0	791.785
los	None	dead	0.0	0.0	0.0	0.0	0.0	0.0	0.0	0.0
spe	781	780	2015.825	1753.025	1884.425	2200.61	1831.04	1959.77	1546.28	1873.445
hgt	518	GCA.002689455.1.Bacteria.Proteobacteria	2336.69	0.0	1168.345	2479.45	2193.93	0.0	0.0	1239.725
hgt	None	dead	0.0	0.0	0.0	0.0	0.0	0.0	0.0	0.0
los	780	778	1753.025	1573.38	1663.2025	1959.77	1546.28	1798.09	1348.67	1654.22
hgt	477	GCA.001897475.1.Bacteria.Proteobacteria	946.9555	0.0	473.47775	1106.86	787.051	0.0	0.0	553.43
los	None	dead	0.0	0.0	0.0	0.0	0.0	0.0	0.0	0.0
hgt	515	GCA.002632265.1.Bacteria.Proteobacteria	1939.7	0.0	969.85	2073.68	1805.72	0.0	0.0	1036.84
hgt	None	dead	0.0	0.0	0.0	0.0	0.0	0.0	0.0	0.0
dup	None	dead	0.0	0.0	0.0	0.0	0.0	0.0	0.0	0.0
dup	None	dead	0.0	0.0	0.0	0.0	0.0	0.0	0.0	0.0
hgt	834	832	1804.155	1570.54	1687.3475	1986.48	1621.83	1770.5	1370.58	1678.53
los	None	dead	0.0	0.0	0.0	0.0	0.0	0.0	0.0	0.0
spe	834	832	1804.155	1570.54	1687.3475	1986.48	1621.83	1770.5	1370.58	1678.53
hgt	812	GCA.002863065.1.Bacteria.Myxococcota	1577.595	0.0	788.7975	1758.46	1396.73	0.0	0.0	879.23
dup	None	dead	0.0	0.0	0.0	0.0	0.0	0.0	0.0	0.0
dup	None	dead	0.0	0.0	0.0	0.0	0.0	0.0	0.0	0.0
hgt	509	508	1371.54	1248.66	1310.1	1510.17	1232.91	1390.59	1106.73	1308.45
los	None	dead	0.0	0.0	0.0	0.0	0.0	0.0	0.0	0.0
spe	509	508	1371.54	1248.66	1310.1	1510.17	1232.91	1390.59	1106.73	1308.45
spe	508	498	1248.66	1100.442	1174.551	1390.59	1106.73	1252.56	948.324	1169.457
los	498	GCA.002731375.1.Bacteria.Proteobacteria	1100.442	0.0	550.221	1252.56	948.324	0.0	0.0	626.28
spe	508	507	1248.66	1032.028	1140.344	1390.59	1106.73	1172.29	891.766	1141.178
spe	507	503	1032.028	904.119	968.0735	1172.29	891.766	1050.27	757.968	965.129
los	503	501	904.119	722.0125	813.06575	1050.27	757.968	881.342	562.683	806.4765
spe	507	506	1032.028	986.4985	1009.26325	1172.29	891.766	1134.96	838.037	1005.1635
los	506	GCA.002480495.1.Bacteria.Proteobacteria	986.4985	0.0	493.24925	1134.96	838.037	0.0	0.0	567.48
hgt	514	513	1792.55	1728.66	1760.605	1924.0	1661.1	1860.39	1596.93	1760.465
los	None	dead	0.0	0.0	0.0	0.0	0.0	0.0	0.0	0.0
spe	514	513	1792.55	1728.66	1760.605	1924.0	1661.1	1860.39	1596.93	1760.465
spe	513	512	1728.66	1614.755	1671.7075	1860.39	1596.93	1750.68	1478.83	1669.61
spe	512	486	1614.755	1342.71	1478.7325	1750.68	1478.83	1498.9	1186.52	1468.6
los	486	GCA.002721365.1.Bacteria.Proteobacteria	1342.71	0.0	671.355	1498.9	1186.52	0.0	0.0	749.45
spe	512	511	1614.755	1534.63	1574.6925	1750.68	1478.83	1667.04	1402.22	1576.45
hgt	None	dead	0.0	0.0	0.0	0.0	0.0	0.0	0.0	0.0
los	511	510	1534.63	1468.305	1501.4675	1667.04	1402.22	1603.84	1332.77	1499.905
hgt	944	GCA.002712165.1.Bacteria.Proteobacteria	1392.82	0.0	696.41	1623.46	1162.18	0.0	0.0	811.73
los	None	dead	0.0	0.0	0.0	0.0	0.0	0.0	0.0	0.0
spe	511	489	1534.63	1174.55	1354.59	1667.04	1402.22	1332.19	1016.91	1341.975
hgt	458	GCA.002340345.1.Bacteria.Proteobacteria	1466.17	0.0	733.085	1610.52	1321.82	0.0	0.0	805.26
los	489	GCA.002348365.1.Bacteria.Proteobacteria	1174.55	0.0	587.275	1332.19	1016.91	0.0	0.0	666.095
hgt	517	GCA.002937675.1.Bacteria.Proteobacteria	2143.98	0.0	1071.99	2284.9	2003.06	0.0	0.0	1142.45
hgt	None	dead	0.0	0.0	0.0	0.0	0.0	0.0	0.0	0.0
spe	513	483	1728.66	1679.37	1704.015	1860.39	1596.93	1813.87	1544.87	1702.63
spe	483	482	1679.37	1587.505	1633.4375	1813.87	1544.87	1722.49	1452.52	1633.195
spe	482	458	1587.505	1466.17	1526.8375	1722.49	1452.52	1610.52	1321.82	1522.155
los	458	GCA.002340345.1.Bacteria.Proteobacteria	1466.17	0.0	733.085	1610.52	1321.82	0.0	0.0	805.26
spe	458	456	1466.17	1288.015	1377.0925	1610.52	1321.82	1439.86	1136.17	1373.345
spe	456	455	1288.015	945.418	1116.7165	1439.86	1136.17	1105.62	785.216	1112.538
hgt	486	GCA.002721365.1.Bacteria.Proteobacteria	1342.71	0.0	671.355	1498.9	1186.52	0.0	0.0	749.45
spe	455	454	945.418	825.9765	885.69725	1105.62	785.216	984.66	667.293	886.4565
spe	454	453	825.9765	706.861	766.41875	984.66	667.293	859.917	553.805	769.2325
los	453	GCA.002457765.1.Bacteria.Proteobacteria	706.861	0.0	353.4305	859.917	553.805	0.0	0.0	429.9585
spe	482	481	1587.505	1510.43	1548.9675	1722.49	1452.52	1645.81	1375.05	1548.77
spe	481	469	1510.43	1404.34	1457.385	1645.81	1375.05	1546.78	1261.9	1453.855
los	469	463	1404.34	1268.17	1336.255	1546.78	1261.9	1417.76	1118.58	1332.68
spe	469	468	1404.34	1227.095	1315.7175	1546.78	1261.9	1373.3	1080.89	1313.835
los	468	467	1227.095	1071.506	1149.3005	1373.3	1080.89	1222.83	920.182	1146.741
hgt	None	dead	0.0	0.0	0.0	0.0	0.0	0.0	0.0	0.0
los	481	480	1510.43	1386.405	1448.4175	1645.81	1375.05	1534.03	1238.78	1442.295
hgt	506	GCA.002480495.1.Bacteria.Proteobacteria	986.4985	0.0	493.24925	1134.96	838.037	0.0	0.0	567.48
los	None	dead	0.0	0.0	0.0	0.0	0.0	0.0	0.0	0.0
hgt	512	511	1614.755	1534.63	1574.6925	1750.68	1478.83	1667.04	1402.22	1576.45
spe	483	447	1679.37	1537.685	1608.5275	1813.87	1544.87	1679.47	1395.9	1604.885
spe	447	439	1537.685	1378.685	1458.185	1679.47	1395.9	1531.25	1226.12	1452.795
los	439	GCF.001613805.1.Bacteria.Proteobacteria	1378.685	0.0	689.3425	1531.25	1226.12	0.0	0.0	765.625
hgt	436	GCA.002722885.1.Bacteria.Proteobacteria	1682.45	0.0	841.225	1827.26	1537.64	0.0	0.0	913.63
spe	447	446	1537.685	1337.995	1437.84	1679.47	1395.9	1490.2	1185.79	1432.63
spe	446	445	1337.995	1219.785	1278.89	1490.2	1185.79	1382.11	1057.46	1273.83
los	445	GCA.002717225.1.Bacteria.Proteobacteria	1219.785	0.0	609.8925	1382.11	1057.46	0.0	0.0	691.055
spe	445	444	1219.785	1051.014	1135.3995	1382.11	1057.46	1222.56	879.468	1130.789
los	444	GCA.002348425.1.Bacteria.Proteobacteria	1051.014	0.0	525.507	1222.56	879.468	0.0	0.0	611.28
hgt	435	GCA.006969625.1.Bacteria.Proteobacteria	1491.68	0.0	745.84	1647.81	1335.55	0.0	0.0	823.905
hgt	463	GCF.002251795.1.Bacteria.Proteobacteria	1268.17	0.0	634.085	1417.76	1118.58	0.0	0.0	708.88
spe	512	511	1614.755	1534.63	1574.6925	1750.68	1478.83	1667.04	1402.22	1576.45
spe	511	510	1534.63	1468.305	1501.4675	1667.04	1402.22	1603.84	1332.77	1499.905
spe	510	492	1468.305	1215.16	1341.7325	1603.84	1332.77	1364.8	1065.52	1334.68
los	492	GCF.002798435.1.Bacteria.Proteobacteria	1215.16	0.0	607.58	1364.8	1065.52	0.0	0.0	682.4
spe	510	509	1468.305	1371.54	1419.9225	1603.84	1332.77	1510.17	1232.91	1418.375
los	509	508	1371.54	1248.66	1310.1	1510.17	1232.91	1390.59	1106.73	1308.45
spe	509	495	1371.54	1115.4635	1243.50175	1510.17	1232.91	1268.36	962.567	1236.3685
los	495	GCF.003173035.1.Bacteria.Proteobacteria	1115.4635	0.0	557.73175	1268.36	962.567	0.0	0.0	634.18
spe	511	489	1534.63	1174.55	1354.59	1667.04	1402.22	1332.19	1016.91	1341.975
hgt	498	GCA.002731375.1.Bacteria.Proteobacteria	1100.442	0.0	550.221	1252.56	948.324	0.0	0.0	626.28
los	489	GCA.002701885.1.Bacteria.Proteobacteria	1174.55	0.0	587.275	1332.19	1016.91	0.0	0.0	666.095
hgt	435	434	1491.68	1283.94	1387.81	1647.81	1335.55	1452.9	1114.98	1381.395
los	None	dead	0.0	0.0	0.0	0.0	0.0	0.0	0.0	0.0
spe	435	434	1491.68	1283.94	1387.81	1647.81	1335.55	1452.9	1114.98	1381.395
hgt	492	GCF.002798435.1.Bacteria.Proteobacteria	1215.16	0.0	607.58	1364.8	1065.52	0.0	0.0	682.4
hgt	467	GCF.003258945.1.Bacteria.Proteobacteria	1071.506	0.0	535.753	1222.83	920.182	0.0	0.0	611.415
hgt	453	GCA.002457765.1.Bacteria.Proteobacteria	706.861	0.0	353.4305	859.917	553.805	0.0	0.0	429.9585
hgt	501	GCA.003158585.1.Bacteria.Proteobacteria	722.0125	0.0	361.00625	881.342	562.683	0.0	0.0	440.671
hgt	495	GCF.003173035.1.Bacteria.Proteobacteria	1115.4635	0.0	557.73175	1268.36	962.567	0.0	0.0	634.18
hgt	829	828	1996.235	1753.18	1874.7075	2158.73	1833.74	1925.68	1580.68	1869.705
los	None	dead	0.0	0.0	0.0	0.0	0.0	0.0	0.0	0.0
spe	829	828	1996.235	1753.18	1874.7075	2158.73	1833.74	1925.68	1580.68	1869.705
hgt	406	GCA.001872725.1.Bacteria.Proteobacteria	2518.42	0.0	1259.21	2679.32	2357.52	0.0	0.0	1339.66
spe	828	827	1753.18	1632.18	1692.68	1925.68	1580.68	1807.48	1456.88	1691.28
spe	827	821	1632.18	1447.61	1539.895	1807.48	1456.88	1643.48	1251.74	1529.61
los	821	GCA.002841825.1.Bacteria.Myxococcota	1447.61	0.0	723.805	1643.48	1251.74	0.0	0.0	821.74
spe	827	826	1632.18	1472.31	1552.245	1807.48	1456.88	1647.9	1296.72	1552.1
spe	826	825	1472.31	1177.188	1324.749	1647.9	1296.72	1364.83	989.546	1318.723
los	825	GCA.003170275.1.Bacteria.Myxococcota	1177.188	0.0	588.594	1364.83	989.546	0.0	0.0	682.415
hgt	837	GCA.001768075.1.Bacteria.Myxococcota	1589.61	0.0	794.805	1791.58	1387.64	0.0	0.0	895.79
los	826	GCA.002747355.1.Bacteria.Myxococcota	1472.31	0.0	736.155	1647.9	1296.72	0.0	0.0	823.95
dup	None	dead	0.0	0.0	0.0	0.0	0.0	0.0	0.0	0.0
dup	None	dead	0.0	0.0	0.0	0.0	0.0	0.0	0.0	0.0
dup	None	dead	0.0	0.0	0.0	0.0	0.0	0.0	0.0	0.0
hgt	1143	GCA.002352645.1.Bacteria.Actinobacteriota	1774.67	0.0	887.335	2003.61	1545.73	0.0	0.0	1001.805
los	None	dead	0.0	0.0	0.0	0.0	0.0	0.0	0.0	0.0
dup	None	dead	0.0	0.0	0.0	0.0	0.0	0.0	0.0	0.0
hgt	1396	GCA.003244045.1.Bacteria.Dormibacterota	2023.82	0.0	1011.91	2389.98	1657.66	0.0	0.0	1194.99
los	None	dead	0.0	0.0	0.0	0.0	0.0	0.0	0.0	0.0
hgt	652	651	2343.17	2202.31	2272.74	2482.13	2204.21	2336.11	2068.51	2275.32
los	None	dead	0.0	0.0	0.0	0.0	0.0	0.0	0.0	0.0
spe	652	651	2343.17	2202.31	2272.74	2482.13	2204.21	2336.11	2068.51	2275.32
spe	651	533	2202.31	1994.64	2098.475	2336.11	2068.51	2150.09	1839.19	2087.65
spe	533	532	1994.64	1609.445	1802.0425	2150.09	1839.19	1820.16	1398.73	1774.41
los	532	GCA.002405475.1.Bacteria.Proteobacteria	1609.445	0.0	804.7225	1820.16	1398.73	0.0	0.0	910.08
spe	533	529	1994.64	1776.585	1885.6125	2150.09	1839.19	1957.62	1595.55	1872.82
hgt	653	GCF.001399755.1.Bacteria.Proteobacteria	2511.255	0.0	1255.6275	2643.2	2379.31	0.0	0.0	1321.6
los	529	GCA.002420425.1.Bacteria.Proteobacteria	1776.585	0.0	888.2925	1957.62	1595.55	0.0	0.0	978.81
spe	651	650	2202.31	2111.655	2156.9825	2336.11	2068.51	2245.39	1977.92	2157.015
spe	650	536	2111.655	1835.635	1973.645	2245.39	1977.92	2001.99	1669.28	1957.335
hgt	519	GCF.002109495.1.Bacteria.Proteobacteria	2563.7	0.0	1281.85	2703.63	2423.77	0.0	0.0	1351.815
los	536	GCF.900111015.1.Bacteria.Proteobacteria	1835.635	0.0	917.8175	2001.99	1669.28	0.0	0.0	1000.995
hgt	636	GCA.002840095.1.Bacteria.Proteobacteria	1563.065	0.0	781.5325	1706.55	1419.58	0.0	0.0	853.275
spe	650	649	2111.655	2046.605	2079.13	2245.39	1977.92	2179.57	1913.64	2079.515
los	649	543	2046.605	1880.315	1963.46	2179.57	1913.64	2032.2	1728.43	1954.0
spe	649	648	2046.605	1974.705	2010.655	2179.57	1913.64	2104.7	1844.71	2012.14
hgt	741	GCA.003220615.1.Bacteria.Methylomirabilota	2052.975	0.0	1026.4875	2337.08	1768.87	0.0	0.0	1168.54
hgt	None	dead	0.0	0.0	0.0	0.0	0.0	0.0	0.0	0.0
dup	None	dead	0.0	0.0	0.0	0.0	0.0	0.0	0.0	0.0
hgt	551	GCA.002746645.1.Bacteria.Proteobacteria	1073.1825	0.0	536.59125	1248.71	897.655	0.0	0.0	624.355
los	None	dead	0.0	0.0	0.0	0.0	0.0	0.0	0.0	0.0
hgt	542	GCA.002352565.1.Bacteria.Proteobacteria	1703.185	0.0	851.5925	1875.52	1530.85	0.0	0.0	937.76
los	None	dead	0.0	0.0	0.0	0.0	0.0	0.0	0.0	0.0
spe	648	647	1974.705	1898.035	1936.37	2104.7	1844.71	2027.5	1768.57	1936.635
spe	647	571	1898.035	1737.025	1817.53	2027.5	1768.57	1877.08	1596.97	1812.235
los	571	565	1737.025	1459.56	1598.2925	1877.08	1596.97	1636.29	1282.83	1579.955
spe	571	570	1737.025	1581.87	1659.4475	1877.08	1596.97	1730.52	1433.22	1655.15
los	570	GCA.002255365.1.Bacteria.Proteobacteria	1581.87	0.0	790.935	1730.52	1433.22	0.0	0.0	865.26
spe	570	568	1581.87	1421.955	1501.9125	1730.52	1433.22	1583.57	1260.34	1495.43
los	568	GCF.001051235.1.Bacteria.Proteobacteria	1421.955	0.0	710.9775	1583.57	1260.34	0.0	0.0	791.785
spe	647	646	1898.035	1850.35	1874.1925	2027.5	1768.57	1979.31	1721.39	1874.445
hgt	519	GCF.002109495.1.Bacteria.Proteobacteria	2563.7	0.0	1281.85	2703.63	2423.77	0.0	0.0	1351.815
hgt	None	dead	0.0	0.0	0.0	0.0	0.0	0.0	0.0	0.0
hgt	574	GCF.900112605.1.Bacteria.Proteobacteria	1337.465	0.0	668.7325	1503.53	1171.4	0.0	0.0	751.765
los	None	dead	0.0	0.0	0.0	0.0	0.0	0.0	0.0	0.0
hgt	None	dead	0.0	0.0	0.0	0.0	0.0	0.0	0.0	0.0
hgt	595	GCA.002454015.1.Bacteria.Proteobacteria	1179.98	0.0	589.99	1332.11	1027.85	0.0	0.0	666.055
los	None	dead	0.0	0.0	0.0	0.0	0.0	0.0	0.0	0.0
hgt	None	dead	0.0	0.0	0.0	0.0	0.0	0.0	0.0	0.0
hgt	553	552	1585.42	1355.9	1470.66	1735.79	1435.05	1526.56	1185.24	1460.515
los	None	dead	0.0	0.0	0.0	0.0	0.0	0.0	0.0	0.0
spe	553	552	1585.42	1355.9	1470.66	1735.79	1435.05	1526.56	1185.24	1460.515
spe	552	551	1355.9	1073.1825	1214.54125	1526.56	1185.24	1248.71	897.655	1212.1075
hgt	560	GCA.001735895.1.Bacteria.Proteobacteria	1548.725	0.0	774.3625	1698.95	1398.5	0.0	0.0	849.475
los	551	GCA.002699105.1.Bacteria.Bacteroidota	1073.1825	0.0	536.59125	1248.71	897.655	0.0	0.0	624.355
hgt	None	dead	0.0	0.0	0.0	0.0	0.0	0.0	0.0	0.0
hgt	581	GCA.002868855.1.Bacteria.Proteobacteria	1215.78	0.0	607.89	1373.53	1058.03	0.0	0.0	686.765
los	None	dead	0.0	0.0	0.0	0.0	0.0	0.0	0.0	0.0
spe	646	645	1850.35	1783.08	1816.715	1979.31	1721.39	1911.77	1654.39	1816.85
spe	645	644	1783.08	1640.815	1711.9475	1911.77	1654.39	1774.52	1507.11	1709.44
los	644	643	1640.815	1460.61	1550.7125	1774.52	1507.11	1604.84	1316.38	1545.45
spe	644	636	1640.815	1563.065	1601.94	1774.52	1507.11	1706.55	1419.58	1597.05
hgt	603	GCA.002085445.1.Bacteria.Proteobacteria	1631.14	0.0	815.57	1761.43	1500.85	0.0	0.0	880.715
hgt	562	546	1813.695	1450.69	1632.1925	1949.37	1678.02	1616.84	1284.54	1616.955
spe	636	634	1563.065	1398.775	1480.92	1706.55	1419.58	1567.28	1230.27	1468.41
los	634	GCF.001697225.1.Bacteria.Proteobacteria	1398.775	0.0	699.3875	1567.28	1230.27	0.0	0.0	783.64
spe	562	546	1813.695	1450.69	1632.1925	1949.37	1678.02	1616.84	1284.54	1616.955
spe	645	631	1783.08	1709.925	1746.5025	1911.77	1654.39	1841.09	1578.76	1745.265
los	631	630	1709.925	1575.32	1642.6225	1841.09	1578.76	1706.06	1444.58	1642.835
spe	631	603	1709.925	1631.14	1670.5325	1841.09	1578.76	1761.43	1500.85	1670.97
los	603	GCA.002085445.1.Bacteria.Proteobacteria	1631.14	0.0	815.57	1761.43	1500.85	0.0	0.0	880.715
spe	603	602	1631.14	1545.47	1588.305	1761.43	1500.85	1675.86	1415.08	1588.255
spe	602	601	1545.47	1388.16	1466.815	1675.86	1415.08	1524.4	1251.92	1463.89
spe	601	600	1388.16	1178.33	1283.245	1524.4	1251.92	1321.12	1035.54	1279.97
los	600	GCA.002007425.1.Bacteria.Proteobacteria	1178.33	0.0	589.165	1321.12	1035.54	0.0	0.0	660.56
spe	600	598	1178.33	872.755	1025.5425	1321.12	1035.54	1022.28	723.23	1022.175
los	598	GCA.002170535.1.Bacteria.Proteobacteria	872.755	0.0	436.3775	1022.28	723.23	0.0	0.0	511.14
spe	601	595	1388.16	1179.98	1284.07	1524.4	1251.92	1332.11	1027.85	1276.125
hgt	558	GCA.002386945.1.Bacteria.Proteobacteria	1383.43	0.0	691.715	1538.73	1228.13	0.0	0.0	769.365
los	595	GCA.002454015.1.Bacteria.Proteobacteria	1179.98	0.0	589.99	1332.11	1027.85	0.0	0.0	666.055
hgt	542	GCA.002631715.1.Bacteria.Proteobacteria	1703.185	0.0	851.5925	1875.52	1530.85	0.0	0.0	937.76
spe	602	592	1545.47	1238.975	1392.2225	1675.86	1415.08	1390.11	1087.84	1381.85
hgt	546	GCA.002747435.1.Bacteria.Proteobacteria	1450.69	0.0	725.345	1616.84	1284.54	0.0	0.0	808.42
hgt	598	GCA.002170535.1.Bacteria.Proteobacteria	872.755	0.0	436.3775	1022.28	723.23	0.0	0.0	511.14
hgt	529	GCA.002420425.1.Bacteria.Proteobacteria	1776.585	0.0	888.2925	1957.62	1595.55	0.0	0.0	978.81
hgt	557	GCA.002728355.1.Bacteria.Proteobacteria	1159.506	0.0	579.753	1333.32	985.692	0.0	0.0	666.66
spe	646	588	1850.35	1741.465	1795.9075	1979.31	1721.39	1880.38	1602.55	1790.93
hgt	634	GCF.001697225.1.Bacteria.Proteobacteria	1398.775	0.0	699.3875	1567.28	1230.27	0.0	0.0	783.64
los	588	587	1741.465	1367.14	1554.3025	1880.38	1602.55	1518.25	1216.03	1548.205
spe	588	576	1741.465	1593.015	1667.24	1880.38	1602.55	1746.04	1439.99	1660.185
hgt	None	dead	0.0	0.0	0.0	0.0	0.0	0.0	0.0	0.0
los	576	574	1593.015	1337.465	1465.24	1746.04	1439.99	1503.53	1171.4	1458.72
hgt	612	GCF.003612015.1.Bacteria.Proteobacteria	1154.76	0.0	577.38	1302.07	1007.45	0.0	0.0	651.035
los	None	dead	0.0	0.0	0.0	0.0	0.0	0.0	0.0	0.0
spe	648	562	1974.705	1813.695	1894.2	2104.7	1844.71	1949.37	1678.02	1891.36
spe	562	561	1813.695	1737.62	1775.6575	1949.37	1678.02	1874.45	1600.79	1775.08
spe	561	553	1737.62	1585.42	1661.52	1874.45	1600.79	1735.79	1435.05	1654.75
spe	553	552	1585.42	1355.9	1470.66	1735.79	1435.05	1526.56	1185.24	1460.515
los	552	551	1355.9	1073.1825	1214.54125	1526.56	1185.24	1248.71	897.655	1212.1075
hgt	None	dead	0.0	0.0	0.0	0.0	0.0	0.0	0.0	0.0
hgt	585	GCA.002338605.1.Bacteria.Proteobacteria	1064.929	0.0	532.4645	1229.08	900.778	0.0	0.0	614.54
los	None	dead	0.0	0.0	0.0	0.0	0.0	0.0	0.0	0.0
hgt	None	dead	0.0	0.0	0.0	0.0	0.0	0.0	0.0	0.0
hgt	643	642	1460.61	1315.1	1387.855	1604.84	1316.38	1468.25	1161.95	1383.395
los	None	dead	0.0	0.0	0.0	0.0	0.0	0.0	0.0	0.0
spe	643	642	1460.61	1315.1	1387.855	1604.84	1316.38	1468.25	1161.95	1383.395
hgt	570	GCA.002255365.1.Bacteria.Proteobacteria	1581.87	0.0	790.935	1730.52	1433.22	0.0	0.0	865.26
hgt	614	613	1428.05	1308.6	1368.325	1559.83	1296.27	1448.11	1169.09	1364.46
hgt	529	GCA.002420425.1.Bacteria.Proteobacteria	1776.585	0.0	888.2925	1957.62	1595.55	0.0	0.0	978.81
spe	614	613	1428.05	1308.6	1368.325	1559.83	1296.27	1448.11	1169.09	1364.46
spe	613	612	1308.6	1154.76	1231.68	1448.11	1169.09	1302.07	1007.45	1227.78
los	612	GCF.003612015.1.Bacteria.Proteobacteria	1154.76	0.0	577.38	1302.07	1007.45	0.0	0.0	651.035
spe	612	611	1154.76	873.257	1014.0085	1302.07	1007.45	1026.32	720.194	1011.132
hgt	565	GCF.002958735.1.Bacteria.Proteobacteria	1459.56	0.0	729.78	1636.29	1282.83	0.0	0.0	818.145
hgt	532	GCA.002405475.1.Bacteria.Proteobacteria	1609.445	0.0	804.7225	1820.16	1398.73	0.0	0.0	910.08
spe	561	560	1737.62	1548.725	1643.1725	1874.45	1600.79	1698.95	1398.5	1636.475
spe	560	558	1548.725	1383.43	1466.0775	1698.95	1398.5	1538.73	1228.13	1463.54
los	558	GCA.002386945.1.Bacteria.Proteobacteria	1383.43	0.0	691.715	1538.73	1228.13	0.0	0.0	769.365
spe	558	557	1383.43	1159.506	1271.468	1538.73	1228.13	1333.32	985.692	1262.211
los	557	GCA.002728355.1.Bacteria.Proteobacteria	1159.506	0.0	579.753	1333.32	985.692	0.0	0.0	666.66
hgt	639	GCA.003230085.1.Bacteria.Proteobacteria	1235.875	0.0	617.9375	1397.92	1073.83	0.0	0.0	698.96
hgt	None	dead	0.0	0.0	0.0	0.0	0.0	0.0	0.0	0.0
dup	None	dead	0.0	0.0	0.0	0.0	0.0	0.0	0.0	0.0
hgt	439	GCF.001613805.1.Bacteria.Proteobacteria	1378.685	0.0	689.3425	1531.25	1226.12	0.0	0.0	765.625
los	None	dead	0.0	0.0	0.0	0.0	0.0	0.0	0.0	0.0
hgt	568	GCF.001051235.1.Bacteria.Proteobacteria	1421.955	0.0	710.9775	1583.57	1260.34	0.0	0.0	791.785
los	None	dead	0.0	0.0	0.0	0.0	0.0	0.0	0.0	0.0
hgt	515	514	1939.7	1792.55	1866.125	2073.68	1805.72	1924.0	1661.1	1867.39
hgt	None	dead	0.0	0.0	0.0	0.0	0.0	0.0	0.0	0.0
los	562	546	1813.695	1450.69	1632.1925	1949.37	1678.02	1616.84	1284.54	1616.955
hgt	469	463	1404.34	1268.17	1336.255	1546.78	1261.9	1417.76	1118.58	1332.68
los	None	dead	0.0	0.0	0.0	0.0	0.0	0.0	0.0	0.0
spe	469	463	1404.34	1268.17	1336.255	1546.78	1261.9	1417.76	1118.58	1332.68
spe	463	462	1268.17	1029.85	1149.01	1417.76	1118.58	1187.35	872.35	1145.055
dup	462	GCF.006980715.1.Bacteria.Proteobacteria	1029.85	0.0	514.925	1187.35	872.35	0.0	0.0	593.675
hgt	462	GCF.000315795.1.Bacteria.Proteobacteria	1029.85	0.0	514.925	1187.35	872.35	0.0	0.0	593.675
hgt	486	GCF.000264455.2.Bacteria.Proteobacteria	1342.71	0.0	671.355	1498.9	1186.52	0.0	0.0	749.45
hgt	467	GCF.003258945.1.Bacteria.Proteobacteria	1071.506	0.0	535.753	1222.83	920.182	0.0	0.0	611.415
hgt	467	GCF.003258945.1.Bacteria.Proteobacteria	1071.506	0.0	535.753	1222.83	920.182	0.0	0.0	611.415
hgt	None	dead	0.0	0.0	0.0	0.0	0.0	0.0	0.0	0.0
hgt	None	dead	0.0	0.0	0.0	0.0	0.0	0.0	0.0	0.0
hgt	None	dead	0.0	0.0	0.0	0.0	0.0	0.0	0.0	0.0
hgt	None	dead	0.0	0.0	0.0	0.0	0.0	0.0	0.0	0.0
hgt	None	dead	0.0	0.0	0.0	0.0	0.0	0.0	0.0	0.0
hgt	495	GCA.002796975.1.Bacteria.Proteobacteria	1115.4635	0.0	557.73175	1268.36	962.567	0.0	0.0	634.18
los	None	dead	0.0	0.0	0.0	0.0	0.0	0.0	0.0	0.0
spe	515	514	1939.7	1792.55	1866.125	2073.68	1805.72	1924.0	1661.1	1867.39
spe	514	436	1792.55	1682.45	1737.5	1924.0	1661.1	1827.26	1537.64	1730.82
spe	436	435	1682.45	1491.68	1587.065	1827.26	1537.64	1647.81	1335.55	1581.405
los	435	434	1491.68	1283.94	1387.81	1647.81	1335.55	1452.9	1114.98	1381.395
spe	514	513	1792.55	1728.66	1760.605	1924.0	1661.1	1860.39	1596.93	1760.465
spe	513	512	1728.66	1614.755	1671.7075	1860.39	1596.93	1750.68	1478.83	1669.61
los	512	486	1614.755	1342.71	1478.7325	1750.68	1478.83	1498.9	1186.52	1468.6
spe	512	511	1614.755	1534.63	1574.6925	1750.68	1478.83	1667.04	1402.22	1576.45
los	511	510	1534.63	1468.305	1501.4675	1667.04	1402.22	1603.84	1332.77	1499.905
spe	511	489	1534.63	1174.55	1354.59	1667.04	1402.22	1332.19	1016.91	1341.975
los	489	GCA.002701885.1.Bacteria.Proteobacteria	1174.55	0.0	587.275	1332.19	1016.91	0.0	0.0	666.095
hgt	None	dead	0.0	0.0	0.0	0.0	0.0	0.0	0.0	0.0
hgt	445	GCA.002717225.1.Bacteria.Proteobacteria	1219.785	0.0	609.8925	1382.11	1057.46	0.0	0.0	691.055
los	None	dead	0.0	0.0	0.0	0.0	0.0	0.0	0.0	0.0
spe	513	483	1728.66	1679.37	1704.015	1860.39	1596.93	1813.87	1544.87	1702.63
spe	483	447	1679.37	1537.685	1608.5275	1813.87	1544.87	1679.47	1395.9	1604.885
spe	447	439	1537.685	1378.685	1458.185	1679.47	1395.9	1531.25	1226.12	1452.795
los	439	GCF.001613805.1.Bacteria.Proteobacteria	1378.685	0.0	689.3425	1531.25	1226.12	0.0	0.0	765.625
spe	447	446	1537.685	1337.995	1437.84	1679.47	1395.9	1490.2	1185.79	1432.63
los	446	GCA.002717185.1.Bacteria.Proteobacteria	1337.995	0.0	668.9975	1490.2	1185.79	0.0	0.0	745.1
spe	446	445	1337.995	1219.785	1278.89	1490.2	1185.79	1382.11	1057.46	1273.83
los	445	GCA.002717225.1.Bacteria.Proteobacteria	1219.785	0.0	609.8925	1382.11	1057.46	0.0	0.0	691.055
spe	445	444	1219.785	1051.014	1135.3995	1382.11	1057.46	1222.56	879.468	1130.789
spe	483	482	1679.37	1587.505	1633.4375	1813.87	1544.87	1722.49	1452.52	1633.195
spe	482	458	1587.505	1466.17	1526.8375	1722.49	1452.52	1610.52	1321.82	1522.155
los	458	GCA.002340345.1.Bacteria.Proteobacteria	1466.17	0.0	733.085	1610.52	1321.82	0.0	0.0	805.26
spe	458	456	1466.17	1288.015	1377.0925	1610.52	1321.82	1439.86	1136.17	1373.345
los	456	455	1288.015	945.418	1116.7165	1439.86	1136.17	1105.62	785.216	1112.538
hgt	None	dead	0.0	0.0	0.0	0.0	0.0	0.0	0.0	0.0
hgt	454	GCA.002709155.1.Bacteria.Proteobacteria	825.9765	0.0	412.98825	984.66	667.293	0.0	0.0	492.33
los	None	dead	0.0	0.0	0.0	0.0	0.0	0.0	0.0	0.0
hgt	517	GCA.002937675.1.Bacteria.Proteobacteria	2143.98	0.0	1071.99	2284.9	2003.06	0.0	0.0	1142.45
hgt	426	416	1758.225	1460.0	1609.1125	1916.1	1600.35	1629.23	1290.77	1603.435
los	482	481	1587.505	1510.43	1548.9675	1722.49	1452.52	1645.81	1375.05	1548.77
spe	426	416	1758.225	1460.0	1609.1125	1916.1	1600.35	1629.23	1290.77	1603.435
spe	416	415	1460.0	1236.27	1348.135	1629.23	1290.77	1416.58	1055.96	1342.595
los	415	GCA.003213135.1.Bacteria.Proteobacteria	1236.27	0.0	618.135	1416.58	1055.96	0.0	0.0	708.29
hgt	463	462	1268.17	1029.85	1149.01	1417.76	1118.58	1187.35	872.35	1145.055
los	None	dead	0.0	0.0	0.0	0.0	0.0	0.0	0.0	0.0
spe	463	462	1268.17	1029.85	1149.01	1417.76	1118.58	1187.35	872.35	1145.055
hgt	510	492	1468.305	1215.16	1341.7325	1603.84	1332.77	1364.8	1065.52	1334.68
los	None	dead	0.0	0.0	0.0	0.0	0.0	0.0	0.0	0.0
spe	510	492	1468.305	1215.16	1341.7325	1603.84	1332.77	1364.8	1065.52	1334.68
hgt	454	453	825.9765	706.861	766.41875	984.66	667.293	859.917	553.805	769.2325
los	None	dead	0.0	0.0	0.0	0.0	0.0	0.0	0.0	0.0
spe	454	453	825.9765	706.861	766.41875	984.66	667.293	859.917	553.805	769.2325
hgt	434	GCA.002238885.1.Bacteria.Proteobacteria	1283.94	0.0	641.97	1452.9	1114.98	0.0	0.0	726.45
hgt	455	GCF.900102465.1.Bacteria.Proteobacteria	945.418	0.0	472.709	1105.62	785.216	0.0	0.0	552.81
dup	None	dead	0.0	0.0	0.0	0.0	0.0	0.0	0.0	0.0
hgt	434	GCA.002898275.1.Bacteria.Proteobacteria	1283.94	0.0	641.97	1452.9	1114.98	0.0	0.0	726.45
los	None	dead	0.0	0.0	0.0	0.0	0.0	0.0	0.0	0.0
hgt	495	GCF.003173035.1.Bacteria.Proteobacteria	1115.4635	0.0	557.73175	1268.36	962.567	0.0	0.0	634.18
los	None	dead	0.0	0.0	0.0	0.0	0.0	0.0	0.0	0.0
hgt	1185	1169	2722.52	2330.49	2526.505	2913.33	2531.71	2541.69	2119.29	2516.31
los	None	dead	0.0	0.0	0.0	0.0	0.0	0.0	0.0	0.0
spe	1185	1169	2722.52	2330.49	2526.505	2913.33	2531.71	2541.69	2119.29	2516.31
spe	1169	1145	2330.49	1977.205	2153.8475	2541.69	2119.29	2204.63	1749.78	2145.735
spe	1145	1143	1977.205	1774.67	1875.9375	2204.63	1749.78	2003.61	1545.73	1875.18
los	1143	GCA.002352645.1.Bacteria.Actinobacteriota	1774.67	0.0	887.335	2003.61	1545.73	0.0	0.0	1001.805
spe	1143	1141	1774.67	1400.775	1587.7225	2003.61	1545.73	1633.42	1168.13	1585.87
spe	1141	1140	1400.775	1175.5635	1288.16925	1633.42	1168.13	1408.09	943.037	1288.2285
los	1140	GCA.003162395.1.Bacteria.Actinobacteriota	1175.5635	0.0	587.78175	1408.09	943.037	0.0	0.0	704.045
hgt	None	dead	0.0	0.0	0.0	0.0	0.0	0.0	0.0	0.0
dup	None	dead	0.0	0.0	0.0	0.0	0.0	0.0	0.0	0.0
hgt	1106	GCA.003134215.1.Bacteria.Armatimonadota	1625.995	0.0	812.9975	1906.9	1345.09	0.0	0.0	953.45
los	None	dead	0.0	0.0	0.0	0.0	0.0	0.0	0.0	0.0
hgt	1154	GCF.001591405.1.Bacteria.Actinobacteria	863.8915	0.0	431.94575	1069.86	657.923	0.0	0.0	534.93
los	None	dead	0.0	0.0	0.0	0.0	0.0	0.0	0.0	0.0
hgt	1474	1473	2422.145	1376.695	1899.42	2641.91	2202.38	1641.8	1111.59	1876.75
spe	1169	1168	2330.49	2240.195	2285.3425	2541.69	2119.29	2457.79	2022.6	2282.145
spe	1168	1148	2240.195	1798.435	2019.315	2457.79	2022.6	2044.72	1552.15	2004.97
los	1148	GCF.000969705.1.Bacteria.Actinobacteriota	1798.435	0.0	899.2175	2044.72	1552.15	0.0	0.0	1022.36
spe	1168	1167	2240.195	2045.68	2142.9375	2457.79	2022.6	2266.85	1824.51	2141.15
hgt	1148	GCF.000969705.1.Bacteria.Actinobacteriota	1798.435	0.0	899.2175	2044.72	1552.15	0.0	0.0	1022.36
spe	1167	1166	2045.68	1407.48	1726.58	2266.85	1824.51	1631.42	1183.54	1725.195
hgt	None	dead	0.0	0.0	0.0	0.0	0.0	0.0	0.0	0.0
hgt	1158	GCF.001942305.1.Bacteria.Actinobacteriota	864.931	0.0	432.4655	1069.94	659.922	0.0	0.0	534.97
los	None	dead	0.0	0.0	0.0	0.0	0.0	0.0	0.0	0.0
spe	1166	1165	1407.48	1265.28	1336.38	1631.42	1183.54	1482.81	1047.75	1339.585
spe	1165	1164	1265.28	1123.5635	1194.42175	1482.81	1047.75	1339.29	907.837	1195.3235
spe	1164	1163	1123.5635	951.694	1037.62875	1339.29	907.837	1153.97	749.418	1044.354
hgt	1158	GCF.001942305.1.Bacteria.Actinobacteriota	864.931	0.0	432.4655	1069.94	659.922	0.0	0.0	534.97
spe	1164	1160	1123.5635	971.4955	1047.5295	1339.29	907.837	1182.5	760.491	1049.8905
spe	1160	1158	971.4955	864.931	918.21325	1182.5	760.491	1069.94	659.922	921.211
los	1158	GCF.001942305.1.Bacteria.Actinobacteriota	864.931	0.0	432.4655	1069.94	659.922	0.0	0.0	534.97
spe	1165	1155	1265.28	1138.4215	1201.85075	1482.81	1047.75	1351.51	925.333	1204.0715
spe	1155	1154	1138.4215	863.8915	1001.1565	1351.51	925.333	1069.86	657.923	1004.7165
los	1154	GCF.001591405.1.Bacteria.Actinobacteria	863.8915	0.0	431.94575	1069.86	657.923	0.0	0.0	534.93
spe	1474	1473	2422.145	1376.695	1899.42	2641.91	2202.38	1641.8	1111.59	1876.75
dup	None	dead	0.0	0.0	0.0	0.0	0.0	0.0	0.0	0.0
hgt	977	GCA.001567195.1.Bacteria.Bacteroidota	1134.0835	0.0	567.04175	1328.54	939.627	0.0	0.0	664.27
los	None	dead	0.0	0.0	0.0	0.0	0.0	0.0	0.0	0.0
dup	None	dead	0.0	0.0	0.0	0.0	0.0	0.0	0.0	0.0
dup	None	dead	0.0	0.0	0.0	0.0	0.0	0.0	0.0	0.0
hgt	811	GCA.002728755.1.Bacteria.Myxococcota	1395.975	0.0	697.9875	1585.0	1206.95	0.0	0.0	792.5
los	None	dead	0.0	0.0	0.0	0.0	0.0	0.0	0.0	0.0
hgt	282	GCA.003219195.1.Bacteria.Verrucomicrobiota	1352.755	0.0	676.3775	1605.89	1099.62	0.0	0.0	802.945
los	None	dead	0.0	0.0	0.0	0.0	0.0	0.0	0.0	0.0
dup	None	dead	0.0	0.0	0.0	0.0	0.0	0.0	0.0	0.0
hgt	210	GCA.002796105.1.Bacteria.Omnitrophota	1714.94	0.0	857.47	1944.87	1485.01	0.0	0.0	972.435
los	None	dead	0.0	0.0	0.0	0.0	0.0	0.0	0.0	0.0
dup	None	dead	0.0	0.0	0.0	0.0	0.0	0.0	0.0	0.0
hgt	895	GCA.002897695.1.Bacteria.BMS3Abin14	2183.84	0.0	1091.92	2461.79	1905.89	0.0	0.0	1230.895
los	None	dead	0.0	0.0	0.0	0.0	0.0	0.0	0.0	0.0
hgt	846	GCF.001611275.1.Bacteria.Desulfobacterota	1968.67	0.0	984.335	2201.27	1736.07	0.0	0.0	1100.635
los	None	dead	0.0	0.0	0.0	0.0	0.0	0.0	0.0	0.0
hgt	1722	1721	3243.33	3160.365	3201.8475	3359.45	3127.21	3276.84	3043.89	3201.67
hgt	1325	1297	2206.925	1941.385	2074.155	2374.4	2039.45	2141.08	1741.69	2058.045
hgt	275	GCA.001784175.1.Bacteria.Lindowbacteria	2803.71	0.0	1401.855	3083.32	2524.1	0.0	0.0	1541.66
hgt	892	GCA.001873295.1.Bacteria.CG2.30.70.394	2105.205	0.0	1052.6025	2398.65	1811.76	0.0	0.0	1199.325
hgt	1178	1177	1623.895	1403.585	1513.74	1870.86	1376.93	1668.18	1138.99	1504.925
hgt	940	GCA.002898195.1.Bacteria.AABM5.125.24	1851.48	0.0	925.74	2096.71	1606.25	0.0	0.0	1048.355
hgt	1128	GCA.002898935.1.Bacteria.CSP1.3	3110.52	0.0	1555.26	3301.89	2919.15	0.0	0.0	1650.945
hgt	1226	GCA.003242195.1.Bacteria.Firmicutes.E	1761.44	0.0	880.72	2030.25	1492.63	0.0	0.0	1015.125
spe	1178	1177	1623.895	1403.585	1513.74	1870.86	1376.93	1668.18	1138.99	1504.925
hgt	1015	GCA.002790835.1.Bacteria.Krumholzibacteriota	2028.76	0.0	1014.38	2298.38	1759.14	0.0	0.0	1149.19
hgt	1087	GCA.001778455.1.Bacteria.Bipolaricaulota	1296.36	0.0	648.18	1574.11	1018.61	0.0	0.0	787.055
dup	1177	GCA.001464275.1.Bacteria.Actinobacteriota	1403.585	0.0	701.7925	1668.18	1138.99	0.0	0.0	834.09
hgt	574	GCF.000374645.1.Bacteria.Proteobacteria	1337.465	0.0	668.7325	1503.53	1171.4	0.0	0.0	751.765
hgt	536	GCF.900111015.1.Bacteria.Proteobacteria	1835.635	0.0	917.8175	2001.99	1669.28	0.0	0.0	1000.995
dup	1177	GCA.003138355.1.Bacteria.Actinobacteriota	1403.585	0.0	701.7925	1668.18	1138.99	0.0	0.0	834.09
hgt	265	GCA.003290465.1.Bacteria.Sumerlaeota	1925.84	0.0	962.92	2272.12	1579.56	0.0	0.0	1136.06
hgt	992	GCF.001886815.1.Bacteria.Calditrichota	1675.73	0.0	837.865	1903.04	1448.42	0.0	0.0	951.52
spe	1325	1297	2206.925	1941.385	2074.155	2374.4	2039.45	2141.08	1741.69	2058.045
hgt	746	GCF.900079095.1.Bacteria.Tectomicrobia	1971.165	0.0	985.5825	2267.78	1674.55	0.0	0.0	1133.89
hgt	886	874	1999.475	1902.135	1950.805	2174.59	1824.36	2083.11	1721.16	1947.875
spe	1297	1296	1941.385	1757.76	1849.5725	2141.08	1741.69	1982.79	1532.73	1836.905
los	1296	GCA.001513545.1.Bacteria.Firmicutes.B	1757.76	0.0	878.88	1982.79	1532.73	0.0	0.0	991.395
spe	886	874	1999.475	1902.135	1950.805	2174.59	1824.36	2083.11	1721.16	1947.875
spe	874	873	1902.135	1746.56	1824.3475	2083.11	1721.16	1934.16	1558.96	1821.035
spe	873	871	1746.56	1489.29	1617.925	1934.16	1558.96	1692.73	1285.85	1610.005
los	871	GCA.007244385.1.Bacteria.Desulfobacterota	1489.29	0.0	744.645	1692.73	1285.85	0.0	0.0	846.365
hgt	350	GCA.003509045.1.Bacteria.Planctomycetota	1478.92	0.0	739.46	1725.22	1232.62	0.0	0.0	862.61
hgt	741	GCA.001771285.1.Bacteria.Methylomirabilota	2052.975	0.0	1026.4875	2337.08	1768.87	0.0	0.0	1168.54
hgt	801	GCA.001797815.1.Bacteria.RBG.13.61.14	2014.795	0.0	1007.3975	2227.16	1802.43	0.0	0.0	1113.58
hgt	857	GCA.002010915.1.Bacteria.Desulfobacterota	1926.135	0.0	963.0675	2147.23	1705.04	0.0	0.0	1073.615
hgt	86	GCA.001412335.1.Archaea.Halobacteriota	1362.965	0.0	681.4825	1547.03	1178.9	0.0	0.0	773.515
hgt	849	GCF.000266945.1.Bacteria.Desulfobacterota	1883.095	0.0	941.5475	2117.85	1648.34	0.0	0.0	1058.925
spe	874	868	1902.135	1695.53	1798.8325	2083.11	1721.16	1892.42	1498.64	1790.875
hgt	871	GCA.007244385.1.Bacteria.Desulfobacterota	1489.29	0.0	744.645	1692.73	1285.85	0.0	0.0	846.365
los	868	866	1695.53	1370.345	1532.9375	1892.42	1498.64	1577.25	1163.44	1527.93
hgt	1155	GCF.003443735.1.Bacteria.Actinobacteriota	1138.4215	0.0	569.21075	1351.51	925.333	0.0	0.0	675.755
hgt	553	GCF.001641825.1.Bacteria.Proteobacteria	1585.42	0.0	792.71	1735.79	1435.05	0.0	0.0	867.895
hgt	1112	GCA.002898555.1.Bacteria.Armatimonadota	2118.02	0.0	1059.01	2447.88	1788.16	0.0	0.0	1223.94
hgt	1337	GCF.001399675.1.Bacteria.Firmicutes	1327.38	0.0	663.69	1542.2	1112.56	0.0	0.0	771.1
dup	1297	GCA.002329495.1.Bacteria.Firmicutes.B	1941.385	0.0	970.6925	2141.08	1741.69	0.0	0.0	1070.54
hgt	None	dead	0.0	0.0	0.0	0.0	0.0	0.0	0.0	0.0
hgt	None	dead	0.0	0.0	0.0	0.0	0.0	0.0	0.0	0.0
hgt	1341	GCF.001653195.1.Bacteria.Firmicutes	1532.885	0.0	766.4425	1733.11	1332.66	0.0	0.0	866.555
los	None	dead	0.0	0.0	0.0	0.0	0.0	0.0	0.0	0.0
hgt	None	dead	0.0	0.0	0.0	0.0	0.0	0.0	0.0	0.0
hgt	821	GCA.002841825.1.Bacteria.Myxococcota	1447.61	0.0	723.805	1643.48	1251.74	0.0	0.0	821.74
los	None	dead	0.0	0.0	0.0	0.0	0.0	0.0	0.0	0.0
hgt	None	dead	0.0	0.0	0.0	0.0	0.0	0.0	0.0	0.0
hgt	None	dead	0.0	0.0	0.0	0.0	0.0	0.0	0.0	0.0
hgt	328	GCF.002277955.1.Bacteria.Planctomycetota	1796.445	0.0	898.2225	2017.05	1575.84	0.0	0.0	1008.525
los	None	dead	0.0	0.0	0.0	0.0	0.0	0.0	0.0	0.0
hgt	None	dead	0.0	0.0	0.0	0.0	0.0	0.0	0.0	0.0
hgt	None	dead	0.0	0.0	0.0	0.0	0.0	0.0	0.0	0.0
hgt	932	GCA.002414805.1.Bacteria.Fibrobacterota	1648.045	0.0	824.0225	1898.79	1397.3	0.0	0.0	949.395
los	None	dead	0.0	0.0	0.0	0.0	0.0	0.0	0.0	0.0
hgt	None	dead	0.0	0.0	0.0	0.0	0.0	0.0	0.0	0.0
hgt	None	dead	0.0	0.0	0.0	0.0	0.0	0.0	0.0	0.0
hgt	380	GCF.000758165.1.Bacteria.Spirochaetota	1331.005	0.0	665.5025	1575.85	1086.16	0.0	0.0	787.925
los	None	dead	0.0	0.0	0.0	0.0	0.0	0.0	0.0	0.0
spe	1722	1721	3243.33	3160.365	3201.8475	3359.45	3127.21	3276.84	3043.89	3201.67
spe	1721	1720	3160.365	2612.48	2886.4225	3276.84	3043.89	2696.4	2528.56	2902.7
hgt	293	GCA.002429065.1.Bacteria.Verrucomicrobiota	1814.28	0.0	907.14	2062.54	1566.02	0.0	0.0	1031.27
hgt	288	GCA.002323895.1.Bacteria.Verrucomicrobiota	1623.24	0.0	811.62	1880.16	1366.32	0.0	0.0	940.08
los	1720	GCF.000484535.1.Bacteria.Cyanobacteria	2612.48	0.0	1306.24	2696.4	2528.56	0.0	0.0	1348.2
spe	1720	1719	2612.48	2501.03	2556.755	2696.4	2528.56	2593.62	2408.44	2552.42
spe	1719	1718	2501.03	2361.38	2431.205	2593.62	2408.44	2453.23	2269.53	2431.575
los	1718	1704	2361.38	2246.435	2303.9075	2453.23	2269.53	2332.27	2160.6	2306.915
spe	1718	1717	2361.38	2144.885	2253.1325	2453.23	2269.53	2273.85	2015.92	2234.575
los	1717	1716	2144.885	1743.295	1944.09	2273.85	2015.92	1898.83	1587.76	1930.805
spe	1721	1667	3160.365	2867.145	3013.755	3276.84	3043.89	3021.27	2713.02	2994.93
hgt	967	966	1788.815	1413.085	1600.95	1981.03	1596.6	1615.79	1210.38	1595.705
hgt	1026	GCA.002084765.1.Bacteria.4572.55	2235.5	0.0	1117.75	2487.03	1983.97	0.0	0.0	1243.515
hgt	220	GCA.001805375.1.Bacteria.Omnitrophota	1293.03	0.0	646.515	1485.84	1100.22	0.0	0.0	742.92
los	1667	GCA.003503675.1.Bacteria.Cyanobacteria	2867.145	0.0	1433.5725	3021.27	2713.02	0.0	0.0	1510.635
spe	967	966	1788.815	1413.085	1600.95	1981.03	1596.6	1615.79	1210.38	1595.705
spe	966	965	1413.085	1194.08	1303.5825	1615.79	1210.38	1381.47	1006.69	1311.24
los	965	964	1194.08	1047.5345	1120.80725	1381.47	1006.69	1230.36	864.709	1123.0895
spe	965	955	1194.08	1061.248	1127.664	1381.47	1006.69	1249.77	872.726	1127.098
los	955	GCA.001769655.1.Bacteria.Bacteroidota	1061.248	0.0	530.624	1249.77	872.726	0.0	0.0	624.885
hgt	305	303	1611.655	1541.925	1576.79	1845.13	1378.18	1780.09	1303.76	1574.445
hgt	778	GCA.002715375.1.Bacteria.Bdellovibrionota	1573.38	0.0	786.69	1798.09	1348.67	0.0	0.0	899.045
hgt	320	GCA.002746535.1.Bacteria.Planctomycetota	2201.875	0.0	1100.9375	2465.4	1938.35	0.0	0.0	1232.7
hgt	403	GCF.900177345.1.Bacteria.Proteobacteria	2470.89	0.0	1235.445	2681.53	2260.25	0.0	0.0	1340.765
spe	305	303	1611.655	1541.925	1576.79	1845.13	1378.18	1780.09	1303.76	1574.445
spe	303	302	1541.925	1366.155	1454.04	1780.09	1303.76	1596.93	1135.38	1457.735
hgt	588	587	1741.465	1367.14	1554.3025	1880.38	1602.55	1518.25	1216.03	1548.205
los	302	GCA.002340265.1.Bacteria.Verrucomicrobiota	1366.155	0.0	683.0775	1596.93	1135.38	0.0	0.0	798.465
spe	588	587	1741.465	1367.14	1554.3025	1880.38	1602.55	1518.25	1216.03	1548.205
spe	587	581	1367.14	1215.78	1291.46	1518.25	1216.03	1373.53	1058.03	1288.14
los	581	GCA.002868855.1.Bacteria.Proteobacteria	1215.78	0.0	607.89	1373.53	1058.03	0.0	0.0	686.765
spe	581	579	1215.78	935.164	1075.472	1373.53	1058.03	1112.18	758.148	1065.839
spe	587	586	1367.14	1254.4	1310.77	1518.25	1216.03	1410.43	1098.37	1308.31
los	586	GCA.003228965.1.Bacteria.Proteobacteria	1254.4	0.0	627.2	1410.43	1098.37	0.0	0.0	705.215
spe	586	585	1254.4	1064.929	1159.6645	1410.43	1098.37	1229.08	900.778	1155.604
dup	None	dead	0.0	0.0	0.0	0.0	0.0	0.0	0.0	0.0
hgt	846	GCA.002327765.1.Bacteria.Desulfobacterota.E	1968.67	0.0	984.335	2201.27	1736.07	0.0	0.0	1100.635
los	None	dead	0.0	0.0	0.0	0.0	0.0	0.0	0.0	0.0
dup	None	dead	0.0	0.0	0.0	0.0	0.0	0.0	0.0	0.0
hgt	374	GCF.000266885.1.Bacteria.Spirochaetota	1638.665	0.0	819.3325	1908.58	1368.75	0.0	0.0	954.29
los	None	dead	0.0	0.0	0.0	0.0	0.0	0.0	0.0	0.0
hgt	386	GCA.002450905.1.Bacteria.Spirochaetota	1962.46	0.0	981.23	2228.04	1696.88	0.0	0.0	1114.02
los	None	dead	0.0	0.0	0.0	0.0	0.0	0.0	0.0	0.0
dup	None	dead	0.0	0.0	0.0	0.0	0.0	0.0	0.0	0.0
hgt	326	GCF.900129635.1.Bacteria.Planctomycetota	1183.194	0.0	591.597	1405.44	960.948	0.0	0.0	702.72
los	None	dead	0.0	0.0	0.0	0.0	0.0	0.0	0.0	0.0
dup	None	dead	0.0	0.0	0.0	0.0	0.0	0.0	0.0	0.0
hgt	334	332	1403.32	994.0835	1198.70175	1623.36	1183.28	1195.01	793.157	1208.2585
los	None	dead	0.0	0.0	0.0	0.0	0.0	0.0	0.0	0.0
spe	334	332	1403.32	994.0835	1198.70175	1623.36	1183.28	1195.01	793.157	1208.2585
hgt	353	347	2130.965	1965.575	2048.27	2351.41	1910.52	2194.16	1736.99	2044.2
los	None	dead	0.0	0.0	0.0	0.0	0.0	0.0	0.0	0.0
spe	353	347	2130.965	1965.575	2048.27	2351.41	1910.52	2194.16	1736.99	2044.2
hgt	321	GCA.003136555.1.Bacteria.Planctomycetota	2405.83	0.0	1202.915	2641.62	2170.04	0.0	0.0	1320.81
spe	347	345	1965.575	1671.41	1818.4925	2194.16	1736.99	1909.09	1433.73	1813.945
hgt	1051	GCA.002501535.1.Bacteria.UBP7	2573.63	0.0	1286.815	3034.11	2113.15	0.0	0.0	1517.055
dup	None	dead	0.0	0.0	0.0	0.0	0.0	0.0	0.0	0.0
dup	None	dead	0.0	0.0	0.0	0.0	0.0	0.0	0.0	0.0
hgt	702	GCA.003152095.1.Bacteria.Acidobacteriota	1307.095	0.0	653.5475	1523.49	1090.7	0.0	0.0	761.745
los	None	dead	0.0	0.0	0.0	0.0	0.0	0.0	0.0	0.0
dup	None	dead	0.0	0.0	0.0	0.0	0.0	0.0	0.0	0.0
hgt	282	GCF.900105685.1.Bacteria.Verrucomicrobiota	1352.755	0.0	676.3775	1605.89	1099.62	0.0	0.0	802.945
los	None	dead	0.0	0.0	0.0	0.0	0.0	0.0	0.0	0.0
hgt	288	GCA.002382525.1.Bacteria.Verrucomicrobiota	1623.24	0.0	811.62	1880.16	1366.32	0.0	0.0	940.08
los	None	dead	0.0	0.0	0.0	0.0	0.0	0.0	0.0	0.0
hgt	714	713	2396.315	2232.07	2314.1925	2582.71	2209.92	2420.07	2044.07	2313.39
los	None	dead	0.0	0.0	0.0	0.0	0.0	0.0	0.0	0.0
spe	714	713	2396.315	2232.07	2314.1925	2582.71	2209.92	2420.07	2044.07	2313.39
spe	713	712	2232.07	2029.595	2130.8325	2420.07	2044.07	2222.24	1836.95	2128.51
los	712	706	2029.595	1754.72	1892.1575	2222.24	1836.95	1977.7	1531.74	1876.99
spe	712	711	2029.595	1840.1	1934.8475	2222.24	1836.95	2042.75	1637.45	1929.845
spe	711	709	1840.1	1543.01	1691.555	2042.75	1637.45	1779.22	1306.8	1674.775
los	709	GCA.003223145.1.Bacteria.Acidobacteriota	1543.01	0.0	771.505	1779.22	1306.8	0.0	0.0	889.61
hgt	305	GCA.001803235.1.Bacteria.Verrucomicrobiota	1611.655	0.0	805.8275	1845.13	1378.18	0.0	0.0	922.565
hgt	1119	GCA.002779825.1.Bacteria.Armatimonadota	1968.115	0.0	984.0575	2280.74	1655.49	0.0	0.0	1140.37
hgt	1015	GCA.002790835.1.Bacteria.Krumholzibacteriota	2028.76	0.0	1014.38	2298.38	1759.14	0.0	0.0	1149.19
hgt	270	GCA.002746185.1.Bacteria.Hydrogenedentota	2744.13	0.0	1372.065	3033.13	2455.13	0.0	0.0	1516.565
hgt	362	342	2406.61	2209.56	2308.085	2612.93	2200.29	2424.62	1994.5	2303.715
spe	713	699	2232.07	2103.185	2167.6275	2420.07	2044.07	2288.62	1917.75	2168.91
spe	699	681	2103.185	1875.565	1989.375	2288.62	1917.75	2076.39	1674.74	1981.68
los	681	GCA.002712885.1.Bacteria.Acidobacteriota	1875.565	0.0	937.7825	2076.39	1674.74	0.0	0.0	1038.195
spe	681	680	1875.565	1688.545	1782.055	2076.39	1674.74	1915.25	1461.84	1769.115
los	680	GCA.003155335.1.Bacteria.Acidobacteriota	1688.545	0.0	844.2725	1915.25	1461.84	0.0	0.0	957.625
spe	699	698	2103.185	1863.875	1983.53	2288.62	1917.75	2049.06	1678.69	1983.655
spe	698	686	1863.875	1646.29	1755.0825	2049.06	1678.69	1843.93	1448.65	1748.855
spe	686	684	1646.29	1286.44	1466.365	1843.93	1448.65	1493.16	1079.72	1461.825
spe	698	697	1863.875	1602.385	1733.13	2049.06	1678.69	1789.82	1414.95	1732.005
spe	697	696	1602.385	1391.24	1496.8125	1789.82	1414.95	1578.29	1204.19	1497.005
hgt	692	GCA.003152325.1.Bacteria.Acidobacteriota	1105.2925	0.0	552.64625	1299.2	911.385	0.0	0.0	649.6
los	696	GCA.003224665.1.Bacteria.Acidobacteriota	1391.24	0.0	695.62	1578.29	1204.19	0.0	0.0	789.145
spe	696	695	1391.24	1284.94	1338.09	1578.29	1204.19	1468.6	1101.28	1339.785
hgt	696	GCA.003224665.1.Bacteria.Acidobacteriota	1391.24	0.0	695.62	1578.29	1204.19	0.0	0.0	789.145
spe	695	694	1284.94	1206.005	1245.4725	1468.6	1101.28	1389.81	1022.2	1245.4
spe	694	692	1206.005	1105.2925	1155.64875	1389.81	1022.2	1299.2	911.385	1150.5975
los	692	GCA.003152325.1.Bacteria.Acidobacteriota	1105.2925	0.0	552.64625	1299.2	911.385	0.0	0.0	649.6
dup	694	GCA.001767075.1.Bacteria.Acidobacteriota	1206.005	0.0	603.0025	1389.81	1022.2	0.0	0.0	694.905
hgt	None	dead	0.0	0.0	0.0	0.0	0.0	0.0	0.0	0.0
hgt	834	GCA.001798605.1.Bacteria.Myxococcota	1804.155	0.0	902.0775	1986.48	1621.83	0.0	0.0	993.24
los	None	dead	0.0	0.0	0.0	0.0	0.0	0.0	0.0	0.0
spe	362	342	2406.61	2209.56	2308.085	2612.93	2200.29	2424.62	1994.5	2303.715
spe	342	328	2209.56	1796.445	2003.0025	2424.62	1994.5	2017.05	1575.84	2000.23
los	328	GCF.002277955.1.Bacteria.Planctomycetota	1796.445	0.0	898.2225	2017.05	1575.84	0.0	0.0	1008.525
spe	328	327	1796.445	1506.63	1651.5375	2017.05	1575.84	1727.92	1285.34	1651.195
spe	327	326	1506.63	1183.194	1344.912	1727.92	1285.34	1405.44	960.948	1344.434
spe	342	341	2209.56	1956.375	2082.9675	2424.62	1994.5	2170.86	1741.89	2083.255
los	341	GCA.003170085.1.Bacteria.Planctomycetota	1956.375	0.0	978.1875	2170.86	1741.89	0.0	0.0	1085.43
spe	341	340	1956.375	1604.15	1780.2625	2170.86	1741.89	1818.45	1389.85	1780.355
spe	340	339	1604.15	1460.73	1532.44	1818.45	1389.85	1676.51	1244.95	1531.7
los	339	337	1460.73	1295.535	1378.1325	1676.51	1244.95	1510.85	1080.22	1378.365
spe	340	334	1604.15	1403.32	1503.735	1818.45	1389.85	1623.36	1183.28	1500.865
hgt	807	GCA.002841945.1.Bacteria.Myxococcota	1480.85	0.0	740.425	1670.67	1291.03	0.0	0.0	835.335
los	334	332	1403.32	994.0835	1198.70175	1623.36	1183.28	1195.01	793.157	1208.2585
hgt	None	dead	0.0	0.0	0.0	0.0	0.0	0.0	0.0	0.0
dup	None	dead	0.0	0.0	0.0	0.0	0.0	0.0	0.0	0.0
hgt	669	GCA.002335385.1.Bacteria.Acidobacteriota	1783.33	0.0	891.665	2057.34	1509.32	0.0	0.0	1028.67
los	None	dead	0.0	0.0	0.0	0.0	0.0	0.0	0.0	0.0
hgt	709	GCA.003223145.1.Bacteria.Acidobacteriota	1543.01	0.0	771.505	1779.22	1306.8	0.0	0.0	889.61
los	None	dead	0.0	0.0	0.0	0.0	0.0	0.0	0.0	0.0
hgt	None	dead	0.0	0.0	0.0	0.0	0.0	0.0	0.0	0.0
hgt	1032	GCA.002727195.1.Bacteria.Latescibacterota	1683.695	0.0	841.8475	1928.88	1438.51	0.0	0.0	964.44
los	None	dead	0.0	0.0	0.0	0.0	0.0	0.0	0.0	0.0
hgt	360	359	2039.94	1819.66	1929.8	2267.32	1812.56	2067.21	1572.11	1919.715
hgt	751	GCA.002500605.1.Bacteria.Nitrospinota	1894.43	0.0	947.215	2141.93	1646.93	0.0	0.0	1070.965
hgt	935	GCA.001789205.1.Bacteria.Fibrobacterota	2051.05	0.0	1025.525	2302.83	1799.27	0.0	0.0	1151.415
hgt	293	GCA.003246265.1.Bacteria.Verrucomicrobiota	1814.28	0.0	907.14	2062.54	1566.02	0.0	0.0	1031.27
hgt	229	GCA.002791075.1.Bacteria.Ratteibacteria	2503.665	0.0	1251.8325	2705.55	2301.78	0.0	0.0	1352.775
spe	360	359	2039.94	1819.66	1929.8	2267.32	1812.56	2067.21	1572.11	1919.715
hgt	220	GCA.003451585.1.Bacteria.Omnitrophota	1293.03	0.0	646.515	1485.84	1100.22	0.0	0.0	742.92
dup	None	dead	0.0	0.0	0.0	0.0	0.0	0.0	0.0	0.0
hgt	670	GCA.002898535.1.Bacteria.Acidobacteriota	2337.75	0.0	1168.875	2571.79	2103.71	0.0	0.0	1285.895
los	None	dead	0.0	0.0	0.0	0.0	0.0	0.0	0.0	0.0
hgt	159	GCA.002049455.2.Eukaryota.Rhodophyta	1074.125	0.0	537.0625	1097.88	1050.37	0.0	0.0	548.94
los	None	dead	0.0	0.0	0.0	0.0	0.0	0.0	0.0	0.0
hgt	None	dead	0.0	0.0	0.0	0.0	0.0	0.0	0.0	0.0
spe	1642	1478	3511.74	3209.465	3360.6025	3641.83	3381.65	3376.81	3042.12	3341.975
hgt	1721	1720	3160.365	2612.48	2886.4225	3276.84	3043.89	2696.4	2528.56	2902.7
hgt	None	dead	0.0	0.0	0.0	0.0	0.0	0.0	0.0	0.0
hgt	741	GCA.003220615.1.Bacteria.Methylomirabilota	2052.975	0.0	1026.4875	2337.08	1768.87	0.0	0.0	1168.54
los	None	dead	0.0	0.0	0.0	0.0	0.0	0.0	0.0	0.0
hgt	1477	1476	2951.08	2705.185	2828.1325	3128.51	2773.65	2890.77	2519.6	2824.055
spe	1478	1396	3209.465	2023.82	2616.6425	3376.81	3042.12	2389.98	1657.66	2517.235
los	1396	GCA.003244045.1.Bacteria.Dormibacterota	2023.82	0.0	1011.91	2389.98	1657.66	0.0	0.0	1194.99
spe	1477	1476	2951.08	2705.185	2828.1325	3128.51	2773.65	2890.77	2519.6	2824.055
spe	1476	1475	2705.185	2571.35	2638.2675	2890.77	2519.6	2771.01	2371.69	2631.23
los	1475	1463	2571.35	2342.68	2457.015	2771.01	2371.69	2569.78	2115.58	2443.295
spe	1475	1474	2571.35	2422.145	2496.7475	2771.01	2371.69	2641.91	2202.38	2486.695
los	1474	1473	2422.145	1376.695	1899.42	2641.91	2202.38	1641.8	1111.59	1876.75
spe	1474	1470	2422.145	2082.735	2252.44	2641.91	2202.38	2316.34	1849.13	2245.52
los	1470	GCF.000025005.1.Bacteria.Chloroflexota	2082.735	0.0	1041.3675	2316.34	1849.13	0.0	0.0	1158.17
spe	1470	1469	2082.735	1899.175	1990.955	2316.34	1849.13	2149.99	1648.36	1982.35
spe	1469	1467	1899.175	1752.37	1825.7725	2149.99	1648.36	2017.47	1487.27	1818.63
hgt	1462	GCA.002436065.1.Bacteria.Chloroflexota	2240.595	0.0	1120.2975	2485.08	1996.11	0.0	0.0	1242.54
los	1467	GCA.002440805.1.Bacteria.Chloroflexota	1752.37	0.0	876.185	2017.47	1487.27	0.0	0.0	1008.735
hgt	None	dead	0.0	0.0	0.0	0.0	0.0	0.0	0.0	0.0
dup	None	dead	0.0	0.0	0.0	0.0	0.0	0.0	0.0	0.0
hgt	746	GCF.900079095.1.Bacteria.Tectomicrobia	1971.165	0.0	985.5825	2267.78	1674.55	0.0	0.0	1133.89
los	None	dead	0.0	0.0	0.0	0.0	0.0	0.0	0.0	0.0
hgt	167	166	1031.0195	815.5625	923.291	1134.18	927.859	940.789	690.336	912.258
los	None	dead	0.0	0.0	0.0	0.0	0.0	0.0	0.0	0.0
spe	167	166	1031.0195	815.5625	923.291	1134.18	927.859	940.789	690.336	912.258
spe	166	165	815.5625	570.5515	693.057	940.789	690.336	716.091	425.012	682.9005
spe	1476	1454	2705.185	2138.89	2422.0375	2890.77	2519.6	2343.0	1934.78	2412.775
spe	1454	1453	2138.89	2041.27	2090.08	2343.0	1934.78	2251.3	1831.24	2087.12
los	1453	1449	2041.27	1825.905	1933.5875	2251.3	1831.24	2055.21	1596.6	1923.95
spe	1453	1452	2041.27	1560.03	1800.65	2251.3	1831.24	1846.56	1273.5	1762.4
los	1452	GCA.002348045.1.Bacteria.Chloroflexota	1560.03	0.0	780.015	1846.56	1273.5	0.0	0.0	923.28
spe	1454	1446	2138.89	1892.56	2015.725	2343.0	1934.78	2094.3	1690.82	2016.91
spe	1446	1440	1892.56	1749.24	1820.9	2094.3	1690.82	1951.59	1546.89	1820.595
los	1440	1439	1749.24	1503.92	1626.58	1951.59	1546.89	1702.99	1304.85	1628.22
spe	1446	1445	1892.56	1683.66	1788.11	2094.3	1690.82	1884.49	1482.83	1788.565
los	1445	1444	1683.66	1493.995	1588.8275	1884.49	1482.83	1710.68	1277.31	1580.9
hgt	None	dead	0.0	0.0	0.0	0.0	0.0	0.0	0.0	0.0
hgt	1109	GCA.002898895.1.Bacteria.Armatimonadota	2109.385	0.0	1054.6925	2401.88	1816.89	0.0	0.0	1200.94
los	None	dead	0.0	0.0	0.0	0.0	0.0	0.0	0.0	0.0
hgt	None	dead	0.0	0.0	0.0	0.0	0.0	0.0	0.0	0.0
dup	None	dead	0.0	0.0	0.0	0.0	0.0	0.0	0.0	0.0
hgt	804	GCA.002731275.1.Bacteria.Myxococcota	1962.63	0.0	981.315	2181.42	1743.84	0.0	0.0	1090.71
los	None	dead	0.0	0.0	0.0	0.0	0.0	0.0	0.0	0.0
hgt	807	GCA.002789955.1.Bacteria.Myxococcota	1480.85	0.0	740.425	1670.67	1291.03	0.0	0.0	835.335
los	None	dead	0.0	0.0	0.0	0.0	0.0	0.0	0.0	0.0
hgt	None	dead	0.0	0.0	0.0	0.0	0.0	0.0	0.0	0.0
spe	1721	1720	3160.365	2612.48	2886.4225	3276.84	3043.89	2696.4	2528.56	2902.7
spe	1720	1719	2612.48	2501.03	2556.755	2696.4	2528.56	2593.62	2408.44	2552.42
los	1719	GCF.000013205.1.Bacteria.Cyanobacteria	2501.03	0.0	1250.515	2593.62	2408.44	0.0	0.0	1296.81
spe	1719	1718	2501.03	2361.38	2431.205	2593.62	2408.44	2453.23	2269.53	2431.575
los	1718	1717	2361.38	2144.885	2253.1325	2453.23	2269.53	2273.85	2015.92	2234.575
spe	1718	1704	2361.38	2246.435	2303.9075	2453.23	2269.53	2332.27	2160.6	2306.915
los	1704	1672	2246.435	1997.32	2121.8775	2332.27	2160.6	2145.69	1848.95	2090.61
spe	1704	1703	2246.435	2154.635	2200.535	2332.27	2160.6	2238.99	2070.28	2201.275
spe	1703	1702	2154.635	2080.605	2117.62	2238.99	2070.28	2162.02	1999.19	2119.09
spe	1702	1701	2080.605	2039.37	2059.9875	2162.02	1999.19	2114.89	1963.85	2062.935
spe	1701	1685	2039.37	1871.67	1955.52	2114.89	1963.85	1986.88	1756.46	1935.675
spe	1685	1684	1871.67	1655.535	1763.6025	1986.88	1756.46	1804.69	1506.38	1746.63
los	1684	GCA.001698445.1.Bacteria.Cyanobacteria	1655.535	0.0	827.7675	1804.69	1506.38	0.0	0.0	902.345
spe	1701	1700	2039.37	1958.955	1999.1625	2114.89	1963.85	2030.15	1887.76	2001.325
spe	1700	1699	1958.955	1903.47	1931.2125	2030.15	1887.76	1968.87	1838.07	1934.11
los	1699	1698	1903.47	1614.69	1759.08	1968.87	1838.07	1629.18	1600.2	1784.535
hgt	1672	GCF.002251945.1.Bacteria.Cyanobacteria	1997.32	0.0	998.66	2145.69	1848.95	0.0	0.0	1072.845
spe	1700	1688	1958.955	1633.475	1796.215	2030.15	1887.76	1770.82	1496.13	1763.14
hgt	1698	1697	1614.69	1292.96	1453.825	1629.18	1600.2	1415.06	1170.86	1400.02
spe	1698	1697	1614.69	1292.96	1453.825	1629.18	1600.2	1415.06	1170.86	1400.02
spe	1697	1695	1292.96	877.811	1085.3855	1415.06	1170.86	1063.17	692.452	1053.756
spe	1703	1679	2154.635	1817.625	1986.13	2238.99	2070.28	1965.65	1669.6	1954.295
spe	1679	1678	1817.625	881.825	1349.725	1965.65	1669.6	1106.31	657.34	1311.495
los	1678	1676	881.825	239.787	560.806	1106.31	657.34	341.05	138.524	622.417
hgt	1684	GCA.001698445.1.Bacteria.Cyanobacteria	1655.535	0.0	827.7675	1804.69	1506.38	0.0	0.0	902.345
dup	None	dead	0.0	0.0	0.0	0.0	0.0	0.0	0.0	0.0
hgt	702	GCA.003223635.1.Bacteria.Acidobacteriota	1307.095	0.0	653.5475	1523.49	1090.7	0.0	0.0	761.745
los	None	dead	0.0	0.0	0.0	0.0	0.0	0.0	0.0	0.0
hgt	825	GCA.003170275.1.Bacteria.Myxococcota	1177.188	0.0	588.594	1364.83	989.546	0.0	0.0	682.415
los	None	dead	0.0	0.0	0.0	0.0	0.0	0.0	0.0	0.0
hgt	None	dead	0.0	0.0	0.0	0.0	0.0	0.0	0.0	0.0
hgt	1022	1021	2556.01	2172.51	2364.26	2747.81	2364.21	2411.97	1933.05	2340.43
los	None	dead	0.0	0.0	0.0	0.0	0.0	0.0	0.0	0.0
spe	1022	1021	2556.01	2172.51	2364.26	2747.81	2364.21	2411.97	1933.05	2340.43
hgt	1184	1180	2566.03	2135.205	2350.6175	2768.44	2363.62	2374.94	1895.47	2331.955
hgt	797	796	1864.035	1703.52	1783.7775	2051.89	1676.18	1897.12	1509.92	1780.905
hgt	1462	1461	2240.595	1858.39	2049.4925	2485.08	1996.11	2155.55	1561.23	2023.155
hgt	1041	GCA.002686955.1.Bacteria.Gemmatimonadota.A	2636.74	0.0	1318.37	2813.51	2459.97	0.0	0.0	1406.755
hgt	924	GCA.002348465.1.Bacteria.Gemmatimonadota	1818.875	0.0	909.4375	2151.84	1485.91	0.0	0.0	1075.92
hgt	None	dead	0.0	0.0	0.0	0.0	0.0	0.0	0.0	0.0
hgt	706	GCA.002327305.1.Bacteria.Acidobacteriota	1754.72	0.0	877.36	1977.7	1531.74	0.0	0.0	988.85
los	None	dead	0.0	0.0	0.0	0.0	0.0	0.0	0.0	0.0
spe	1462	1461	2240.595	1858.39	2049.4925	2485.08	1996.11	2155.55	1561.23	2023.155
hgt	1457	GCA.002404055.1.Bacteria.Chloroflexota	1912.015	0.0	956.0075	2189.96	1634.07	0.0	0.0	1094.98
hgt	1667	GCA.003503675.1.Bacteria.Cyanobacteria	2867.145	0.0	1433.5725	3021.27	2713.02	0.0	0.0	1510.635
spe	797	796	1864.035	1703.52	1783.7775	2051.89	1676.18	1897.12	1509.92	1780.905
spe	796	795	1703.52	1521.62	1612.57	1897.12	1509.92	1718.38	1324.86	1610.99
los	795	791	1521.62	1279.55	1400.585	1718.38	1324.86	1476.89	1082.21	1400.295
spe	795	794	1521.62	1417.505	1469.5625	1718.38	1324.86	1621.04	1213.97	1466.175
los	794	GCA.001798565.1.Bacteria.Desulfobacterota.B	1417.505	0.0	708.7525	1621.04	1213.97	0.0	0.0	810.52
spe	1184	1180	2566.03	2135.205	2350.6175	2768.44	2363.62	2374.94	1895.47	2331.955
spe	1180	1179	2135.205	1811.215	1973.21	2374.94	1895.47	2055.86	1566.57	1970.755
spe	1179	1178	1811.215	1623.895	1717.555	2055.86	1566.57	1870.86	1376.93	1716.395
los	1178	1177	1623.895	1403.585	1513.74	1870.86	1376.93	1668.18	1138.99	1504.925
spe	1179	1173	1811.215	1583.875	1697.545	2055.86	1566.57	1841.44	1326.31	1691.085
los	1173	GCA.002897715.1.Bacteria.Actinobacteriota	1583.875	0.0	791.9375	1841.44	1326.31	0.0	0.0	920.72
spe	1021	1020	2172.51	1596.025	1884.2675	2411.97	1933.05	1872.6	1319.45	1865.71
hgt	284	GCA.003164675.1.Bacteria.Verrucomicrobiota	1735.725	0.0	867.8625	1976.84	1494.61	0.0	0.0	988.42
los	1020	GCA.003235575.1.Bacteria.Eisenbacteria	1596.025	0.0	798.0125	1872.6	1319.45	0.0	0.0	936.3
hgt	769	GCA.001798135.1.Bacteria.UBA10199	1840.365	0.0	920.1825	2034.65	1646.08	0.0	0.0	1017.325
hgt	1119	GCF.002973605.1.Bacteria.Armatimonadota	1968.115	0.0	984.0575	2280.74	1655.49	0.0	0.0	1140.37
hgt	None	dead	0.0	0.0	0.0	0.0	0.0	0.0	0.0	0.0
hgt	None	dead	0.0	0.0	0.0	0.0	0.0	0.0	0.0	0.0
hgt	241	GCA.002841695.1.Bacteria.Elusimicrobiota	1514.78	0.0	757.39	1721.08	1308.48	0.0	0.0	860.54
los	None	dead	0.0	0.0	0.0	0.0	0.0	0.0	0.0	0.0
hgt	None	dead	0.0	0.0	0.0	0.0	0.0	0.0	0.0	0.0
dup	None	dead	0.0	0.0	0.0	0.0	0.0	0.0	0.0	0.0
hgt	1004	GCA.001775395.1.Bacteria.Zixibacteria	1471.43	0.0	735.715	1709.05	1233.81	0.0	0.0	854.525
los	None	dead	0.0	0.0	0.0	0.0	0.0	0.0	0.0	0.0
hgt	816	GCA.002724675.1.Bacteria.Myxococcota.A	1315.445	0.0	657.7225	1517.68	1113.21	0.0	0.0	758.84
los	None	dead	0.0	0.0	0.0	0.0	0.0	0.0	0.0	0.0
hgt	None	dead	0.0	0.0	0.0	0.0	0.0	0.0	0.0	0.0
hgt	None	dead	0.0	0.0	0.0	0.0	0.0	0.0	0.0	0.0
hgt	None	dead	0.0	0.0	0.0	0.0	0.0	0.0	0.0	0.0
hgt	1183	GCA.002347365.1.Bacteria.Actinobacteriota	1976.055	0.0	988.0275	2250.56	1701.55	0.0	0.0	1125.28
los	None	dead	0.0	0.0	0.0	0.0	0.0	0.0	0.0	0.0
hgt	None	dead	0.0	0.0	0.0	0.0	0.0	0.0	0.0	0.0
hgt	1440	1439	1749.24	1503.92	1626.58	1951.59	1546.89	1702.99	1304.85	1628.22
los	None	dead	0.0	0.0	0.0	0.0	0.0	0.0	0.0	0.0
spe	1440	1439	1749.24	1503.92	1626.58	1951.59	1546.89	1702.99	1304.85	1628.22
spe	1439	1438	1503.92	1310.445	1407.1825	1702.99	1304.85	1509.7	1111.19	1407.09
los	1438	GCA.002841995.1.Bacteria.Chloroflexota	1310.445	0.0	655.2225	1509.7	1111.19	0.0	0.0	754.85
spe	1438	1437	1310.445	1179.4025	1244.92375	1509.7	1111.19	1379.79	979.015	1244.3575
spe	1478	1477	3209.465	2951.08	3080.2725	3376.81	3042.12	3128.51	2773.65	3075.23
spe	1477	1431	2951.08	2599.01	2775.045	3128.51	2773.65	2813.21	2384.81	2756.66
spe	1431	1427	2599.01	2362.135	2480.5725	2813.21	2384.81	2573.24	2151.03	2482.12
spe	1427	1413	2362.135	2076.485	2219.31	2573.24	2151.03	2295.25	1857.72	2215.48
spe	1413	1399	2076.485	1765.22	1920.8525	2295.25	1857.72	2036.35	1494.09	1894.67
hgt	1438	GCA.002841995.1.Bacteria.Chloroflexota	1310.445	0.0	655.2225	1509.7	1111.19	0.0	0.0	754.85
hgt	1411	GCA.002450515.1.Bacteria.Chloroflexota	1573.655	0.0	786.8275	1810.87	1336.44	0.0	0.0	905.435
hgt	1402	GCA.002721445.1.Bacteria.Chloroflexota	1674.055	0.0	837.0275	1896.47	1451.64	0.0	0.0	948.235
spe	1413	1412	2076.485	1844.64	1960.5625	2295.25	1857.72	2055.17	1634.11	1964.68
spe	1412	1411	1844.64	1573.655	1709.1475	2055.17	1634.11	1810.87	1336.44	1695.805
los	1411	GCA.002450515.1.Bacteria.Chloroflexota	1573.655	0.0	786.8275	1810.87	1336.44	0.0	0.0	905.435
spe	1412	1408	1844.64	1782.47	1813.555	2055.17	1634.11	1994.32	1570.62	1812.895
los	1408	1407	1782.47	1694.435	1738.4525	1994.32	1570.62	1910.57	1478.3	1736.31
spe	1408	1402	1782.47	1674.055	1728.2625	1994.32	1570.62	1896.47	1451.64	1722.98
los	1402	GCA.002721445.1.Bacteria.Chloroflexota	1674.055	0.0	837.0275	1896.47	1451.64	0.0	0.0	948.235
hgt	None	dead	0.0	0.0	0.0	0.0	0.0	0.0	0.0	0.0
los	1427	1426	2362.135	2179.07	2270.6025	2573.24	2151.03	2402.77	1955.37	2264.305
hgt	1408	1407	1782.47	1694.435	1738.4525	1994.32	1570.62	1910.57	1478.3	1736.31
los	None	dead	0.0	0.0	0.0	0.0	0.0	0.0	0.0	0.0
spe	1408	1407	1782.47	1694.435	1738.4525	1994.32	1570.62	1910.57	1478.3	1736.31
spe	1407	1406	1694.435	1589.865	1642.15	1910.57	1478.3	1810.7	1369.03	1639.8
los	1406	GCA.002717925.1.Bacteria.Chloroflexota	1589.865	0.0	794.9325	1810.7	1369.03	0.0	0.0	905.35
hgt	1426	1425	2179.07	1957.375	2068.2225	2402.77	1955.37	2183.94	1730.81	2066.79
spe	1431	1430	2599.01	2141.86	2370.435	2813.21	2384.81	2460.53	1823.19	2318.2
spe	1426	1425	2179.07	1957.375	2068.2225	2402.77	1955.37	2183.94	1730.81	2066.79
spe	1425	1424	1957.375	1821.17	1889.2725	2183.94	1730.81	2044.52	1597.82	1890.88
spe	1424	1422	1821.17	1675.19	1748.18	2044.52	1597.82	1898.81	1451.57	1748.045
los	1422	GCA.003484395.1.Bacteria.Chloroflexota	1675.19	0.0	837.595	1898.81	1451.57	0.0	0.0	949.405
spe	1422	1421	1675.19	1634.78	1654.985	1898.81	1451.57	1858.01	1411.55	1655.18
los	1421	GCA.002347295.1.Bacteria.Chloroflexota	1634.78	0.0	817.39	1858.01	1411.55	0.0	0.0	929.005
spe	1421	1419	1634.78	1500.065	1567.4225	1858.01	1411.55	1725.81	1274.32	1566.165
los	1419	GCA.002352365.1.Bacteria.Chloroflexota	1500.065	0.0	750.0325	1725.81	1274.32	0.0	0.0	862.905
dup	1425	GCA.003229915.1.Bacteria.Chloroflexota	1957.375	0.0	978.6875	2183.94	1730.81	0.0	0.0	1091.97
spe	1477	1476	2951.08	2705.185	2828.1325	3128.51	2773.65	2890.77	2519.6	2824.055
spe	1476	1454	2705.185	2138.89	2422.0375	2890.77	2519.6	2343.0	1934.78	2412.775
hgt	1469	GCA.001898225.1.Bacteria.Chloroflexota	1899.175	0.0	949.5875	2149.99	1648.36	0.0	0.0	1074.995
spe	1454	1446	2138.89	1892.56	2015.725	2343.0	1934.78	2094.3	1690.82	2016.91
spe	1446	1440	1892.56	1749.24	1820.9	2094.3	1690.82	1951.59	1546.89	1820.595
los	1440	1439	1749.24	1503.92	1626.58	1951.59	1546.89	1702.99	1304.85	1628.22
spe	1446	1445	1892.56	1683.66	1788.11	2094.3	1690.82	1884.49	1482.83	1788.565
los	1445	1444	1683.66	1493.995	1588.8275	1884.49	1482.83	1710.68	1277.31	1580.9
dup	1469	GCA.001898225.1.Bacteria.Chloroflexota	1899.175	0.0	949.5875	2149.99	1648.36	0.0	0.0	1074.995
spe	1454	1453	2138.89	2041.27	2090.08	2343.0	1934.78	2251.3	1831.24	2087.12
los	1453	1452	2041.27	1560.03	1800.65	2251.3	1831.24	1846.56	1273.5	1762.4
spe	1453	1449	2041.27	1825.905	1933.5875	2251.3	1831.24	2055.21	1596.6	1923.95
hgt	None	dead	0.0	0.0	0.0	0.0	0.0	0.0	0.0	0.0
hgt	1453	1452	2041.27	1560.03	1800.65	2251.3	1831.24	1846.56	1273.5	1762.4
los	None	dead	0.0	0.0	0.0	0.0	0.0	0.0	0.0	0.0
spe	1453	1452	2041.27	1560.03	1800.65	2251.3	1831.24	1846.56	1273.5	1762.4
hgt	None	dead	0.0	0.0	0.0	0.0	0.0	0.0	0.0	0.0
hgt	1228	GCA.003023725.1.Bacteria.Firmicutes.E	2160.575	0.0	1080.2875	2393.31	1927.84	0.0	0.0	1196.655
los	None	dead	0.0	0.0	0.0	0.0	0.0	0.0	0.0	0.0
spe	1476	1475	2705.185	2571.35	2638.2675	2890.77	2519.6	2771.01	2371.69	2631.23
spe	1475	1474	2571.35	2422.145	2496.7475	2771.01	2371.69	2641.91	2202.38	2486.695
los	1474	1473	2422.145	1376.695	1899.42	2641.91	2202.38	1641.8	1111.59	1876.75
spe	1474	1470	2422.145	2082.735	2252.44	2641.91	2202.38	2316.34	1849.13	2245.52
los	1470	1469	2082.735	1899.175	1990.955	2316.34	1849.13	2149.99	1648.36	1982.35
spe	1475	1463	2571.35	2342.68	2457.015	2771.01	2371.69	2569.78	2115.58	2443.295
los	1463	1462	2342.68	2240.595	2291.6375	2569.78	2115.58	2485.08	1996.11	2282.945
spe	1463	1457	2342.68	1912.015	2127.3475	2569.78	2115.58	2189.96	1634.07	2101.925
los	1457	GCA.002404055.1.Bacteria.Chloroflexota	1912.015	0.0	956.0075	2189.96	1634.07	0.0	0.0	1094.98
dup	None	dead	0.0	0.0	0.0	0.0	0.0	0.0	0.0	0.0
hgt	1462	GCA.002436065.1.Bacteria.Chloroflexota	2240.595	0.0	1120.2975	2485.08	1996.11	0.0	0.0	1242.54
los	None	dead	0.0	0.0	0.0	0.0	0.0	0.0	0.0	0.0
hgt	898	756	2936.14	2563.145	2749.6425	3088.09	2784.19	2763.41	2362.88	2725.485
los	None	dead	0.0	0.0	0.0	0.0	0.0	0.0	0.0	0.0
spe	898	756	2936.14	2563.145	2749.6425	3088.09	2784.19	2763.41	2362.88	2725.485
hgt	267	GCA.002428325.1.Bacteria.UBP4	2714.255	0.0	1357.1275	3000.58	2427.93	0.0	0.0	1500.29
hgt	738	728	2317.13	1980.89	2149.01	2529.7	2104.56	2218.53	1743.25	2136.475
spe	756	754	2563.145	2306.035	2434.59	2763.41	2362.88	2533.64	2078.43	2420.92
spe	754	753	2306.035	2050.24	2178.1375	2533.64	2078.43	2289.58	1810.9	2172.27
los	753	751	2050.24	1894.43	1972.335	2289.58	1810.9	2141.93	1646.93	1968.255
spe	754	746	2306.035	1971.165	2138.6	2533.64	2078.43	2267.78	1674.55	2104.095
hgt	895	GCA.002897695.1.Bacteria.BMS3Abin14	2183.84	0.0	1091.92	2461.79	1905.89	0.0	0.0	1230.895
los	746	GCF.900079095.1.Bacteria.Tectomicrobia	1971.165	0.0	985.5825	2267.78	1674.55	0.0	0.0	1133.89
hgt	850	849	2241.395	1883.095	2062.245	2441.02	2041.77	2117.85	1648.34	2044.68
spe	738	728	2317.13	1980.89	2149.01	2529.7	2104.56	2218.53	1743.25	2136.475
spe	728	727	1980.89	1736.985	1858.9375	2218.53	1743.25	1988.09	1485.88	1852.205
los	727	GCA.001803815.1.Bacteria.Nitrospirota	1736.985	0.0	868.4925	1988.09	1485.88	0.0	0.0	994.045
spe	728	724	1980.89	1584.32	1782.605	2218.53	1743.25	1849.0	1319.64	1769.085
hgt	746	GCF.900079095.1.Bacteria.Tectomicrobia	1971.165	0.0	985.5825	2267.78	1674.55	0.0	0.0	1133.89
spe	850	849	2241.395	1883.095	2062.245	2441.02	2041.77	2117.85	1648.34	2044.68
hgt	862	861	1719.125	1594.73	1656.9275	1930.25	1508.0	1807.63	1381.83	1656.04
hgt	895	GCA.000739515.1.Bacteria.Moduliflexota	2183.84	0.0	1091.92	2461.79	1905.89	0.0	0.0	1230.895
hgt	397	GCF.000526155.1.Bacteria.Desulfobacterota	2952.9	0.0	1476.45	3107.01	2798.79	0.0	0.0	1553.505
spe	862	861	1719.125	1594.73	1656.9275	1930.25	1508.0	1807.63	1381.83	1656.04
hgt	804	GCA.003247575.1.Bacteria.Myxococcota.A	1962.63	0.0	981.315	2181.42	1743.84	0.0	0.0	1090.71
hgt	853	GCA.001797415.1.Bacteria.Desulfobacterota	2005.945	0.0	1002.9725	2253.28	1758.61	0.0	0.0	1126.64
hgt	857	GCA.001830835.1.Bacteria.Desulfobacterota	1926.135	0.0	963.0675	2147.23	1705.04	0.0	0.0	1073.615
hgt	727	GCA.001803815.1.Bacteria.Nitrospirota	1736.985	0.0	868.4925	1988.09	1485.88	0.0	0.0	994.045
hgt	390	GCA.002780065.1.Bacteria.UBA8481	3073.69	0.0	1536.845	3239.89	2907.49	0.0	0.0	1619.945
hgt	223	222	1901.1	1623.035	1762.0675	2096.44	1705.76	1813.6	1432.47	1764.455
hgt	376	GCA.002418835.1.Bacteria.Spirochaetota	2123.16	0.0	1061.58	2358.98	1887.34	0.0	0.0	1179.49
hgt	198	GCA.001871015.1.Bacteria.Desantisbacteria	2391.375	0.0	1195.6875	2665.73	2117.02	0.0	0.0	1332.865
hgt	1133	GCA.002366545.1.Bacteria.Actinobacteriota	2425.095	0.0	1212.5475	2688.38	2161.81	0.0	0.0	1344.19
spe	223	222	1901.1	1623.035	1762.0675	2096.44	1705.76	1813.6	1432.47	1764.455
spe	222	216	1623.035	1438.35	1530.6925	1813.6	1432.47	1648.45	1228.25	1520.925
los	216	GCA.003154195.1.Bacteria.Omnitrophota	1438.35	0.0	719.175	1648.45	1228.25	0.0	0.0	824.225
spe	222	221	1623.035	1523.065	1573.05	1813.6	1432.47	1719.3	1326.83	1570.215
los	221	220	1523.065	1293.03	1408.0475	1719.3	1326.83	1485.84	1100.22	1409.76
hgt	668	GCA.002010665.1.Bacteria.Acidobacteriota	1532.235	0.0	766.1175	1800.98	1263.49	0.0	0.0	900.49
hgt	1188	GCA.002779205.1.Bacteria.Actinobacteriota	3093.335	0.0	1546.6675	3261.52	2925.15	0.0	0.0	1630.76
hgt	236	GCA.002412545.1.Bacteria.Elusimicrobiota	1711.295	0.0	855.6475	1934.56	1488.03	0.0	0.0	967.28
hgt	732	GCA.002011735.1.Bacteria.Nitrospirota	1363.035	0.0	681.5175	1611.92	1114.15	0.0	0.0	805.96
dup	None	dead	0.0	0.0	0.0	0.0	0.0	0.0	0.0	0.0
hgt	1116	GCA.002435745.1.Bacteria.UBP15	2323.38	0.0	1161.69	2645.15	2001.61	0.0	0.0	1322.575
los	None	dead	0.0	0.0	0.0	0.0	0.0	0.0	0.0	0.0
dup	None	dead	0.0	0.0	0.0	0.0	0.0	0.0	0.0	0.0
hgt	1136	GCA.001768645.1.Bacteria.Actinobacteriota	2343.38	0.0	1171.69	2620.61	2066.15	0.0	0.0	1310.305
los	None	dead	0.0	0.0	0.0	0.0	0.0	0.0	0.0	0.0
dup	None	dead	0.0	0.0	0.0	0.0	0.0	0.0	0.0	0.0
dup	None	dead	0.0	0.0	0.0	0.0	0.0	0.0	0.0	0.0
hgt	706	GCA.002327305.1.Bacteria.Acidobacteriota	1754.72	0.0	877.36	1977.7	1531.74	0.0	0.0	988.85
los	None	dead	0.0	0.0	0.0	0.0	0.0	0.0	0.0	0.0
hgt	1029	GCA.001777915.1.Bacteria.Edwardsbacteria	2028.8	0.0	1014.4	2272.61	1784.99	0.0	0.0	1136.305
los	None	dead	0.0	0.0	0.0	0.0	0.0	0.0	0.0	0.0
hgt	275	274	2803.71	2054.16	2428.935	3083.32	2524.1	2418.12	1690.2	2386.76
los	None	dead	0.0	0.0	0.0	0.0	0.0	0.0	0.0	0.0
spe	275	274	2803.71	2054.16	2428.935	3083.32	2524.1	2418.12	1690.2	2386.76
dup	None	dead	0.0	0.0	0.0	0.0	0.0	0.0	0.0	0.0
hgt	801	GCA.001797815.1.Bacteria.RBG.13.61.14	2014.795	0.0	1007.3975	2227.16	1802.43	0.0	0.0	1113.58
los	None	dead	0.0	0.0	0.0	0.0	0.0	0.0	0.0	0.0
dup	None	dead	0.0	0.0	0.0	0.0	0.0	0.0	0.0	0.0
hgt	668	GCA.001775755.1.Bacteria.Acidobacteriota	1532.235	0.0	766.1175	1800.98	1263.49	0.0	0.0	900.49
los	None	dead	0.0	0.0	0.0	0.0	0.0	0.0	0.0	0.0
hgt	248	GCA.001799695.1.Bacteria.Elusimicrobiota	1175.891	0.0	587.9455	1390.74	961.042	0.0	0.0	695.37
los	None	dead	0.0	0.0	0.0	0.0	0.0	0.0	0.0	0.0
hgt	1390	1389	3037.655	2954.69	2996.1725	3183.96	2891.35	3102.64	2806.74	2995.35
los	None	dead	0.0	0.0	0.0	0.0	0.0	0.0	0.0	0.0
spe	1390	1389	3037.655	2954.69	2996.1725	3183.96	2891.35	3102.64	2806.74	2995.35
hgt	178	177	3099.385	2898.43	2998.9075	3251.39	2947.38	3033.18	2763.68	3007.535
hgt	None	dead	0.0	0.0	0.0	0.0	0.0	0.0	0.0	0.0
hgt	None	dead	0.0	0.0	0.0	0.0	0.0	0.0	0.0	0.0
hgt	None	dead	0.0	0.0	0.0	0.0	0.0	0.0	0.0	0.0
hgt	1333	GCF.900111575.1.Bacteria.Firmicutes.D	2067.36	0.0	1033.68	2262.12	1872.6	0.0	0.0	1131.06
los	None	dead	0.0	0.0	0.0	0.0	0.0	0.0	0.0	0.0
hgt	None	dead	0.0	0.0	0.0	0.0	0.0	0.0	0.0	0.0
hgt	198	GCA.002478245.1.Bacteria.UBP18	2391.375	0.0	1195.6875	2665.73	2117.02	0.0	0.0	1332.865
los	None	dead	0.0	0.0	0.0	0.0	0.0	0.0	0.0	0.0
hgt	None	dead	0.0	0.0	0.0	0.0	0.0	0.0	0.0	0.0
hgt	1173	GCA.002897715.1.Bacteria.Actinobacteriota	1583.875	0.0	791.9375	1841.44	1326.31	0.0	0.0	920.72
los	None	dead	0.0	0.0	0.0	0.0	0.0	0.0	0.0	0.0
hgt	None	dead	0.0	0.0	0.0	0.0	0.0	0.0	0.0	0.0
dup	None	dead	0.0	0.0	0.0	0.0	0.0	0.0	0.0	0.0
hgt	1136	GCA.003157385.1.Bacteria.Actinobacteriota	2343.38	0.0	1171.69	2620.61	2066.15	0.0	0.0	1310.305
los	None	dead	0.0	0.0	0.0	0.0	0.0	0.0	0.0	0.0
dup	None	dead	0.0	0.0	0.0	0.0	0.0	0.0	0.0	0.0
hgt	746	GCA.002238965.1.Bacteria.UBA8248	1971.165	0.0	985.5825	2267.78	1674.55	0.0	0.0	1133.89
los	None	dead	0.0	0.0	0.0	0.0	0.0	0.0	0.0	0.0
hgt	1210	1209	2730.93	2349.065	2539.9975	2941.58	2520.28	2623.27	2074.86	2508.22
los	None	dead	0.0	0.0	0.0	0.0	0.0	0.0	0.0	0.0
spe	1210	1209	2730.93	2349.065	2539.9975	2941.58	2520.28	2623.27	2074.86	2508.22
spe	1209	1208	2349.065	2154.735	2251.9	2623.27	2074.86	2464.94	1844.53	2233.9
los	1208	GCA.900016865.1.Bacteria.Firmicutes.G	2154.735	0.0	1077.3675	2464.94	1844.53	0.0	0.0	1232.47
spe	1389	1388	2954.69	2796.04	2875.365	3102.64	2806.74	2947.92	2644.16	2873.4
spe	1388	1387	2796.04	2728.885	2762.4625	2947.92	2644.16	2879.75	2578.02	2762.97
spe	1387	1327	2728.885	2593.555	2661.22	2879.75	2578.02	2753.26	2433.85	2656.8
hgt	None	dead	0.0	0.0	0.0	0.0	0.0	0.0	0.0	0.0
dup	None	dead	0.0	0.0	0.0	0.0	0.0	0.0	0.0	0.0
dup	None	dead	0.0	0.0	0.0	0.0	0.0	0.0	0.0	0.0
hgt	1163	GCF.000384115.1.Bacteria.Actinobacteriota	951.694	0.0	475.847	1153.97	749.418	0.0	0.0	576.985
los	None	dead	0.0	0.0	0.0	0.0	0.0	0.0	0.0	0.0
hgt	1457	GCA.002404055.1.Bacteria.Chloroflexota	1912.015	0.0	956.0075	2189.96	1634.07	0.0	0.0	1094.98
los	None	dead	0.0	0.0	0.0	0.0	0.0	0.0	0.0	0.0
hgt	1440	1439	1749.24	1503.92	1626.58	1951.59	1546.89	1702.99	1304.85	1628.22
los	None	dead	0.0	0.0	0.0	0.0	0.0	0.0	0.0	0.0
spe	1440	1439	1749.24	1503.92	1626.58	1951.59	1546.89	1702.99	1304.85	1628.22
spe	1439	1438	1503.92	1310.445	1407.1825	1702.99	1304.85	1509.7	1111.19	1407.09
spe	1438	1437	1310.445	1179.4025	1244.92375	1509.7	1111.19	1379.79	979.015	1244.3575
hgt	1444	GCA.003451595.1.Bacteria.Chloroflexota	1493.995	0.0	746.9975	1710.68	1277.31	0.0	0.0	855.34
los	1437	GCA.002702065.1.Bacteria.Chloroflexota	1179.4025	0.0	589.70125	1379.79	979.015	0.0	0.0	689.895
hgt	1419	GCA.002352365.1.Bacteria.Chloroflexota	1500.065	0.0	750.0325	1725.81	1274.32	0.0	0.0	862.905
hgt	1406	GCA.002710215.1.Bacteria.Chloroflexota	1589.865	0.0	794.9325	1810.7	1369.03	0.0	0.0	905.35
hgt	1411	GCA.002717805.1.Bacteria.Chloroflexota	1573.655	0.0	786.8275	1810.87	1336.44	0.0	0.0	905.435
hgt	1402	GCA.002721445.1.Bacteria.Chloroflexota	1674.055	0.0	837.0275	1896.47	1451.64	0.0	0.0	948.235
hgt	None	dead	0.0	0.0	0.0	0.0	0.0	0.0	0.0	0.0
spe	1327	1326	2593.555	2394.985	2494.27	2753.26	2433.85	2562.74	2227.23	2490.245
spe	1326	1292	2394.985	1918.11	2156.5475	2562.74	2227.23	2144.78	1691.44	2127.09
los	1292	GCF.001950325.1.Bacteria.Firmicutes.B	1918.11	0.0	959.055	2144.78	1691.44	0.0	0.0	1072.39
spe	1326	1325	2394.985	2206.925	2300.955	2562.74	2227.23	2374.4	2039.45	2301.095
spe	1325	1297	2206.925	1941.385	2074.155	2374.4	2039.45	2141.08	1741.69	2058.045
los	1297	GCA.002329495.1.Bacteria.Firmicutes.B	1941.385	0.0	970.6925	2141.08	1741.69	0.0	0.0	1070.54
spe	1297	1296	1941.385	1757.76	1849.5725	2141.08	1741.69	1982.79	1532.73	1836.905
hgt	1218	GCA.001513125.1.Bacteria.DTU030	2844.535	0.0	1422.2675	3032.89	2656.18	0.0	0.0	1516.445
spe	1325	1324	2206.925	2099.855	2153.39	2374.4	2039.45	2268.52	1931.19	2152.795
spe	1324	1323	2099.855	2012.64	2056.2475	2268.52	1931.19	2185.24	1840.04	2054.28
los	1323	1322	2012.64	1664.355	1838.4975	2185.24	1840.04	1866.79	1461.92	1823.58
spe	1323	1319	2012.64	1887.42	1950.03	2185.24	1840.04	2065.19	1709.65	1947.445
spe	1319	1318	1887.42	1776.335	1831.8775	2065.19	1709.65	1960.49	1592.18	1828.685
hgt	1305	GCF.002207765.1.Bacteria.Firmicutes.B	1479.61	0.0	739.805	1675.63	1283.59	0.0	0.0	837.815
los	1318	1317	1776.335	1176.776	1476.5555	1960.49	1592.18	1371.35	982.202	1471.346
spe	1318	1312	1776.335	1489.285	1632.81	1960.49	1592.18	1697.39	1281.18	1620.835
hgt	862	GCA.002782605.1.Bacteria.Desulfobacterota	1719.125	0.0	859.5625	1930.25	1508.0	0.0	0.0	965.125
los	1312	GCF.000019165.1.Bacteria.Firmicutes.B	1489.285	0.0	744.6425	1697.39	1281.18	0.0	0.0	848.695
spe	1324	1308	2099.855	1873.47	1986.6625	2268.52	1931.19	2054.46	1692.48	1980.5
spe	1308	1300	1873.47	1522.13	1697.8	2054.46	1692.48	1724.92	1319.34	1686.9
los	1300	GCF.000620305.1.Bacteria.Firmicutes.B	1522.13	0.0	761.065	1724.92	1319.34	0.0	0.0	862.46
spe	1308	1307	1873.47	1657.525	1765.4975	2054.46	1692.48	1841.63	1473.42	1763.94
spe	1307	1305	1657.525	1479.61	1568.5675	1841.63	1473.42	1675.63	1283.59	1562.61
los	1305	GCF.002207765.1.Bacteria.Firmicutes.B	1479.61	0.0	739.805	1675.63	1283.59	0.0	0.0	837.815
spe	1305	1304	1479.61	1181.512	1330.561	1675.63	1283.59	1388.17	974.854	1325.242
los	1304	GCA.001508005.1.Bacteria.Firmicutes.B	1181.512	0.0	590.756	1388.17	974.854	0.0	0.0	694.085
dup	None	dead	0.0	0.0	0.0	0.0	0.0	0.0	0.0	0.0
hgt	1227	GCA.003242675.1.Bacteria.Firmicutes.E	1913.92	0.0	956.96	2160.15	1667.69	0.0	0.0	1080.075
los	None	dead	0.0	0.0	0.0	0.0	0.0	0.0	0.0	0.0
hgt	1234	1233	1778.17	1459.0	1618.585	2026.44	1529.9	1712.32	1205.68	1616.06
los	None	dead	0.0	0.0	0.0	0.0	0.0	0.0	0.0	0.0
spe	1234	1233	1778.17	1459.0	1618.585	2026.44	1529.9	1712.32	1205.68	1616.06
hgt	1221	GCA.002375925.1.Bacteria.Firmicutes.E	2008.115	0.0	1004.0575	2274.35	1741.88	0.0	0.0	1137.175
hgt	1198	GCA.002159155.1.Bacteria.Firmicutes.G	2339.625	0.0	1169.8125	2595.75	2083.5	0.0	0.0	1297.875
hgt	1226	GCA.003242195.1.Bacteria.Firmicutes.E	1761.44	0.0	880.72	2030.25	1492.63	0.0	0.0	1015.125
spe	1327	1289	2593.555	2267.365	2430.46	2753.26	2433.85	2466.28	2068.45	2410.855
hgt	1203	GCA.002399265.1.Bacteria.Firmicutes.G	1910.415	0.0	955.2075	2208.36	1612.47	0.0	0.0	1104.18
los	1289	GCA.002345475.1.Bacteria.Firmicutes.H	2267.365	0.0	1133.6825	2466.28	2068.45	0.0	0.0	1233.14
spe	1289	1288	2267.365	1693.72	1980.5425	2466.28	2068.45	1906.24	1481.2	1973.74
spe	1288	1287	1693.72	1417.98	1555.85	1906.24	1481.2	1642.01	1193.95	1550.095
los	1287	1285	1417.98	1310.93	1364.455	1642.01	1193.95	1527.17	1094.69	1368.35
hgt	1285	1281	1310.93	1090.0515	1200.49075	1527.17	1094.69	1297.44	882.663	1204.9165
spe	1285	1281	1310.93	1090.0515	1200.49075	1527.17	1094.69	1297.44	882.663	1204.9165
spe	1281	1280	1090.0515	922.663	1006.35725	1297.44	882.663	1124.05	721.276	1009.358
hgt	1312	GCF.000019165.1.Bacteria.Firmicutes.B	1489.285	0.0	744.6425	1697.39	1281.18	0.0	0.0	848.695
los	1280	GCF.900104455.1.Bacteria.Firmicutes.C	922.663	0.0	461.3315	1124.05	721.276	0.0	0.0	562.025
hgt	None	dead	0.0	0.0	0.0	0.0	0.0	0.0	0.0	0.0
hgt	1297	GCA.002329495.1.Bacteria.Firmicutes.B	1941.385	0.0	970.6925	2141.08	1741.69	0.0	0.0	1070.54
los	None	dead	0.0	0.0	0.0	0.0	0.0	0.0	0.0	0.0
hgt	None	dead	0.0	0.0	0.0	0.0	0.0	0.0	0.0	0.0
hgt	798	797	2140.29	1864.035	2002.1625	2320.21	1960.37	2051.89	1676.18	1998.195
los	None	dead	0.0	0.0	0.0	0.0	0.0	0.0	0.0	0.0
spe	798	797	2140.29	1864.035	2002.1625	2320.21	1960.37	2051.89	1676.18	1998.195
spe	797	796	1864.035	1703.52	1783.7775	2051.89	1676.18	1897.12	1509.92	1780.905
spe	796	795	1703.52	1521.62	1612.57	1897.12	1509.92	1718.38	1324.86	1610.99
los	795	794	1521.62	1417.505	1469.5625	1718.38	1324.86	1621.04	1213.97	1466.175
spe	795	791	1521.62	1279.55	1400.585	1718.38	1324.86	1476.89	1082.21	1400.295
los	791	GCA.002898795.1.Bacteria.Desulfobacterota.B	1279.55	0.0	639.775	1476.89	1082.21	0.0	0.0	738.445
hgt	791	GCA.002898795.1.Bacteria.Desulfobacterota.B	1279.55	0.0	639.775	1476.89	1082.21	0.0	0.0	738.445
hgt	None	dead	0.0	0.0	0.0	0.0	0.0	0.0	0.0	0.0
los	1387	1386	2728.885	2546.81	2637.8475	2879.75	2578.02	2700.19	2393.43	2636.59
hgt	886	885	1999.475	1880.5	1939.9875	2174.59	1824.36	2064.03	1696.97	1935.78
los	None	dead	0.0	0.0	0.0	0.0	0.0	0.0	0.0	0.0
spe	886	885	1999.475	1880.5	1939.9875	2174.59	1824.36	2064.03	1696.97	1935.78
spe	885	877	1880.5	1769.305	1824.9025	2064.03	1696.97	1968.93	1569.68	1816.855
hgt	193	GCA.001873945.1.Bacteria.UBA9089	2357.525	0.0	1178.7625	2650.07	2064.98	0.0	0.0	1325.035
los	877	GCA.001797675.1.Bacteria.Desulfobacterota	1769.305	0.0	884.6525	1968.93	1569.68	0.0	0.0	984.465
spe	885	884	1880.5	1765.875	1823.1875	2064.03	1696.97	1950.17	1581.58	1822.805
spe	884	880	1765.875	1499.355	1632.615	1950.17	1581.58	1702.42	1296.29	1623.23
hgt	857	GCA.002010915.1.Bacteria.Desulfobacterota	1926.135	0.0	963.0675	2147.23	1705.04	0.0	0.0	1073.615
los	880	GCA.001577715.1.Bacteria.Desulfobacterota	1499.355	0.0	749.6775	1702.42	1296.29	0.0	0.0	851.21
hgt	873	871	1746.56	1489.29	1617.925	1934.16	1558.96	1692.73	1285.85	1610.005
spe	884	883	1765.875	1384.92	1575.3975	1950.17	1581.58	1585.61	1184.23	1567.2
hgt	849	GCF.000266945.1.Bacteria.Desulfobacterota	1883.095	0.0	941.5475	2117.85	1648.34	0.0	0.0	1058.925
los	883	GCA.001751085.1.Bacteria.Desulfobacterota	1384.92	0.0	692.46	1585.61	1184.23	0.0	0.0	792.805
hgt	1133	GCA.001871795.1.Bacteria.Actinobacteriota	2425.095	0.0	1212.5475	2688.38	2161.81	0.0	0.0	1344.19
spe	873	871	1746.56	1489.29	1617.925	1934.16	1558.96	1692.73	1285.85	1610.005
hgt	877	GCA.001797675.1.Bacteria.Desulfobacterota	1769.305	0.0	884.6525	1968.93	1569.68	0.0	0.0	984.465
hgt	686	GCA.002451015.1.Bacteria.Acidobacteriota	1646.29	0.0	823.145	1843.93	1448.65	0.0	0.0	921.965
spe	1388	1274	2796.04	2556.69	2676.365	2947.92	2644.16	2724.36	2389.02	2668.47
hgt	1218	1216	2844.535	2236.855	2540.695	3032.89	2656.18	2504.52	1969.19	2501.04
spe	1274	1273	2556.69	2327.63	2442.16	2724.36	2389.02	2507.54	2147.72	2436.04
spe	1273	1272	2327.63	2162.05	2244.84	2507.54	2147.72	2342.42	1981.68	2244.61
los	1272	1246	2162.05	1810.695	1986.3725	2342.42	1981.68	2019.09	1602.3	1972.36
spe	1272	1271	2162.05	1864.085	2013.0675	2342.42	1981.68	2041.31	1686.86	2014.64
spe	1271	1270	1864.085	1672.825	1768.455	2041.31	1686.86	1850.44	1495.21	1768.26
hgt	1252	GCF.900107485.1.Bacteria.Firmicutes.A	1454.05	0.0	727.025	1642.28	1265.82	0.0	0.0	821.14
los	1270	1264	1672.825	1373.43	1523.1275	1850.44	1495.21	1561.57	1185.29	1517.865
spe	1270	1269	1672.825	1505.09	1588.9575	1850.44	1495.21	1679.35	1330.83	1590.635
los	1269	1268	1505.09	1268.035	1386.5625	1679.35	1330.83	1456.08	1079.99	1379.67
spe	1271	1259	1864.085	1790.12	1827.1025	2041.31	1686.86	1969.14	1611.1	1826.205
spe	1259	1258	1790.12	1529.515	1659.8175	1969.14	1611.1	1715.08	1343.95	1656.545
los	1258	1257	1529.515	1329.735	1429.625	1715.08	1343.95	1555.08	1104.39	1409.735
spe	1259	1253	1790.12	1647.265	1718.6925	1969.14	1611.1	1829.72	1464.81	1716.975
spe	1253	1252	1647.265	1454.05	1550.6575	1829.72	1464.81	1642.28	1265.82	1547.77
los	1252	GCF.900107485.1.Bacteria.Firmicutes.A	1454.05	0.0	727.025	1642.28	1265.82	0.0	0.0	821.14
spe	1252	1251	1454.05	1274.235	1364.1425	1642.28	1265.82	1470.58	1077.89	1360.085
los	1251	GCA.002478485.1.Bacteria.Firmicutes.A	1274.235	0.0	637.1175	1470.58	1077.89	0.0	0.0	735.29
hgt	1315	GCF.002224645.1.Bacteria.Firmicutes.B	994.8405	0.0	497.42025	1191.01	798.671	0.0	0.0	595.505
los	1253	GCF.900142265.1.Bacteria.Firmicutes.A	1647.265	0.0	823.6325	1829.72	1464.81	0.0	0.0	914.86
hgt	1382	1381	1778.165	1661.335	1719.75	1935.03	1621.3	1818.35	1504.32	1719.675
hgt	383	GCA.001829315.1.Bacteria.Spirochaetota	1865.655	0.0	932.8275	2107.47	1623.84	0.0	0.0	1053.735
hgt	1269	GCF.002252565.1.Bacteria.Firmicutes.A	1505.09	0.0	752.545	1679.35	1330.83	0.0	0.0	839.675
hgt	801	GCA.002328485.1.Bacteria.Desulfobacterota.G	2014.795	0.0	1007.3975	2227.16	1802.43	0.0	0.0	1113.58
spe	1382	1381	1778.165	1661.335	1719.75	1935.03	1621.3	1818.35	1504.32	1719.675
spe	1381	1380	1661.335	1558.37	1609.8525	1818.35	1504.32	1715.02	1401.72	1610.035
hgt	1344	GCF.000218765.1.Bacteria.Firmicutes	1496.385	0.0	748.1925	1674.98	1317.79	0.0	0.0	837.49
los	1380	1379	1558.37	1484.04	1521.205	1715.02	1401.72	1638.91	1329.17	1522.095
spe	1381	1351	1661.335	1566.59	1613.9625	1818.35	1504.32	1730.15	1403.03	1610.69
spe	1351	1347	1566.59	1266.54	1416.565	1730.15	1403.03	1442.62	1090.46	1410.305
hgt	1338	GCF.002335525.1.Bacteria.Firmicutes	1582.81	0.0	791.405	1773.63	1391.99	0.0	0.0	886.815
hgt	1379	1355	1484.04	1246.46	1365.25	1638.91	1329.17	1408.06	1084.86	1361.885
spe	1379	1355	1484.04	1246.46	1365.25	1638.91	1329.17	1408.06	1084.86	1361.885
spe	1351	1350	1566.59	1380.55	1473.57	1730.15	1403.03	1557.96	1203.14	1466.645
hgt	1322	GCA.000961765.1.Bacteria.Firmicutes.B	1664.355	0.0	832.1775	1866.79	1461.92	0.0	0.0	933.395
hgt	1317	GCA.002398485.1.Bacteria.Firmicutes.B	1176.776	0.0	588.388	1371.35	982.202	0.0	0.0	685.675
los	1350	GCF.000942395.1.Bacteria.Firmicutes	1380.55	0.0	690.275	1557.96	1203.14	0.0	0.0	778.98
spe	1218	1216	2844.535	2236.855	2540.695	3032.89	2656.18	2504.52	1969.19	2501.04
hgt	1058	GCA.001443005.1.Bacteria.Synergistota	2584.325	0.0	1292.1625	2896.49	2272.16	0.0	0.0	1448.245
hgt	None	dead	0.0	0.0	0.0	0.0	0.0	0.0	0.0	0.0
hgt	86	GCA.001412335.1.Archaea.Halobacteriota	1362.965	0.0	681.4825	1547.03	1178.9	0.0	0.0	773.515
los	None	dead	0.0	0.0	0.0	0.0	0.0	0.0	0.0	0.0
spe	1216	1215	2236.855	1553.665	1895.26	2504.52	1969.19	1859.72	1247.61	1876.065
hgt	1292	GCF.001950325.1.Bacteria.Firmicutes.B	1918.11	0.0	959.055	2144.78	1691.44	0.0	0.0	1072.39
hgt	1061	GCA.003538775.1.Bacteria.Thermotogota	1425.15	0.0	712.575	1721.74	1128.56	0.0	0.0	860.87
hgt	1069	GCF.000378005.1.Bacteria.Coprothermobacterota	2029.205	0.0	1014.6025	2331.6	1726.81	0.0	0.0	1165.8
hgt	1058	GCF.000233775.1.Bacteria.Synergistota	2584.325	0.0	1292.1625	2896.49	2272.16	0.0	0.0	1448.245
hgt	1300	GCF.000620305.1.Bacteria.Firmicutes.B	1522.13	0.0	761.065	1724.92	1319.34	0.0	0.0	862.46
hgt	738	737	2317.13	2105.695	2211.4125	2529.7	2104.56	2336.12	1875.27	2202.485
spe	1274	1240	2556.69	2176.58	2366.635	2724.36	2389.02	2395.16	1958.0	2341.18
spe	738	737	2317.13	2105.695	2211.4125	2529.7	2104.56	2336.12	1875.27	2202.485
spe	737	733	2105.695	1608.54	1857.1175	2336.12	1875.27	1850.52	1366.56	1851.34
los	733	732	1608.54	1363.035	1485.7875	1850.52	1366.56	1611.92	1114.15	1482.335
spe	737	736	2105.695	1826.19	1965.9425	2336.12	1875.27	2087.86	1564.52	1950.32
hgt	892	GCA.001873285.1.Bacteria.CG2.30.53.67	2105.205	0.0	1052.6025	2398.65	1811.76	0.0	0.0	1199.325
hgt	866	GCA.002877985.1.Bacteria.Desulfobacterota	1370.345	0.0	685.1725	1577.25	1163.44	0.0	0.0	788.625
hgt	732	GCA.003153275.1.Bacteria.Nitrospirota	1363.035	0.0	681.5175	1611.92	1114.15	0.0	0.0	805.96
hgt	139	109	2461.325	2207.27	2334.2975	2602.59	2320.06	2374.56	2039.98	2321.285
los	None	dead	0.0	0.0	0.0	0.0	0.0	0.0	0.0	0.0
spe	139	109	2461.325	2207.27	2334.2975	2602.59	2320.06	2374.56	2039.98	2321.285
spe	109	103	2207.27	1834.935	2021.1025	2374.56	2039.98	2030.26	1639.61	2007.085
spe	103	101	1834.935	1617.2	1726.0675	2030.26	1639.61	1821.11	1413.29	1721.775
spe	101	99	1617.2	1407.615	1512.4075	1821.11	1413.29	1615.68	1199.55	1510.33
los	99	GCF.000092185.1.Archaea.Thermoproteota	1407.615	0.0	703.8075	1615.68	1199.55	0.0	0.0	807.84
hgt	150	GCA.001940645.1.Archaea.Asgardarchaeota	1673.05	0.0	836.525	1896.3	1449.8	0.0	0.0	948.15
hgt	1289	GCA.002345475.1.Bacteria.Firmicutes.H	2267.365	0.0	1133.6825	2466.28	2068.45	0.0	0.0	1233.14
hgt	1099	1098	2846.765	1685.385	2266.075	3123.3	2570.23	2041.88	1328.89	2226.095
hgt	1235	GCA.002376005.1.Bacteria.Firmicutes.E	2052.91	0.0	1026.455	2283.89	1821.93	0.0	0.0	1141.945
hgt	1645	GCF.000212395.1.Bacteria.Thermodesulfobiota	3083.735	0.0	1541.8675	3307.6	2859.87	0.0	0.0	1653.8
los	103	GCA.002254745.1.Archaea.Thermoproteota	1834.935	0.0	917.4675	2030.26	1639.61	0.0	0.0	1015.13
spe	1099	1098	2846.765	1685.385	2266.075	3123.3	2570.23	2041.88	1328.89	2226.095
hgt	720	GCA.002347965.1.Bacteria.UBA2233	2294.32	0.0	1147.16	2574.63	2014.01	0.0	0.0	1287.315
spe	109	108	2207.27	1901.755	2054.5125	2374.56	2039.98	2111.5	1692.01	2033.285
spe	108	107	1901.755	1609.36	1755.5575	2111.5	1692.01	1848.64	1370.08	1740.79
los	107	GCA.001717025.1.Archaea.Thermoproteota	1609.36	0.0	804.68	1848.64	1370.08	0.0	0.0	924.32
hgt	35	GCF.002201895.1.Archaea.Euryarchaeota	2226.53	0.0	1113.265	2455.5	1997.56	0.0	0.0	1227.75
hgt	134	133	1773.37	1545.885	1659.6275	1966.71	1580.03	1756.6	1335.17	1650.94
hgt	1317	GCA.002398485.1.Bacteria.Firmicutes.B	1176.776	0.0	588.388	1371.35	982.202	0.0	0.0	685.675
hgt	797	GCA.002311335.1.Bacteria.Desulfobacterota.B	1864.035	0.0	932.0175	2051.89	1676.18	0.0	0.0	1025.945
hgt	1088	GCA.002010365.1.Bacteria.Bipolaricaulota	1639.23	0.0	819.615	1926.36	1352.1	0.0	0.0	963.18
hgt	1287	GCA.002329525.1.Bacteria.Firmicutes.C	1417.98	0.0	708.99	1642.01	1193.95	0.0	0.0	821.005
hgt	86	GCA.001412335.1.Archaea.Halobacteriota	1362.965	0.0	681.4825	1547.03	1178.9	0.0	0.0	773.515
hgt	1330	GCA.003444595.1.Bacteria.Firmicutes.D	1974.4	0.0	987.2	2194.26	1754.54	0.0	0.0	1097.13
hgt	1438	GCA.002841995.1.Bacteria.Chloroflexota	1310.445	0.0	655.2225	1509.7	1111.19	0.0	0.0	754.85
hgt	1304	GCA.002352935.1.Bacteria.Firmicutes.B	1181.512	0.0	590.756	1388.17	974.854	0.0	0.0	694.085
hgt	1235	GCA.002376005.1.Bacteria.Firmicutes.E	2052.91	0.0	1026.455	2283.89	1821.93	0.0	0.0	1141.945
hgt	1098	GCA.003244105.1.Bacteria.Eremiobacterota	1685.385	0.0	842.6925	2041.88	1328.89	0.0	0.0	1020.94
hgt	1215	GCF.000328625.1.Bacteria.Firmicutes.F	1553.665	0.0	776.8325	1859.72	1247.61	0.0	0.0	929.86
hgt	1163	GCF.000384115.1.Bacteria.Actinobacteriota	951.694	0.0	475.847	1153.97	749.418	0.0	0.0	576.985
hgt	1380	GCF.001049895.1.Bacteria.Firmicutes	1558.37	0.0	779.185	1715.02	1401.72	0.0	0.0	857.51
hgt	1273	GCF.000166335.1.Bacteria.Firmicutes.A	2327.63	0.0	1163.815	2507.54	2147.72	0.0	0.0	1253.77
hgt	68	GCA.002495185.1.Archaea.Thermoplasmatota	1652.035	0.0	826.0175	1840.09	1463.98	0.0	0.0	920.045
spe	134	133	1773.37	1545.885	1659.6275	1966.71	1580.03	1756.6	1335.17	1650.94
hgt	128	GCA.002011075.1.Archaea.Thermoproteota	786.4855	0.0	393.24275	988.339	584.632	0.0	0.0	494.1695
hgt	107	GCA.003019535.1.Archaea.Thermoproteota	1609.36	0.0	804.68	1848.64	1370.08	0.0	0.0	924.32
dup	133	GCA.002506605.1.Archaea.Thermoproteota	1545.885	0.0	772.9425	1756.6	1335.17	0.0	0.0	878.3
hgt	101	GCF.000011205.1.Archaea.Thermoproteota	1617.2	0.0	808.6	1821.11	1413.29	0.0	0.0	910.555
dup	None	dead	0.0	0.0	0.0	0.0	0.0	0.0	0.0	0.0
dup	None	dead	0.0	0.0	0.0	0.0	0.0	0.0	0.0	0.0
hgt	853	GCA.003232385.1.Bacteria.SZUA.79	2005.945	0.0	1002.9725	2253.28	1758.61	0.0	0.0	1126.64
los	None	dead	0.0	0.0	0.0	0.0	0.0	0.0	0.0	0.0
hgt	1228	GCA.003023725.1.Bacteria.Firmicutes.E	2160.575	0.0	1080.2875	2393.31	1927.84	0.0	0.0	1196.655
los	None	dead	0.0	0.0	0.0	0.0	0.0	0.0	0.0	0.0
dup	None	dead	0.0	0.0	0.0	0.0	0.0	0.0	0.0	0.0
hgt	643	642	1460.61	1315.1	1387.855	1604.84	1316.38	1468.25	1161.95	1383.395
los	None	dead	0.0	0.0	0.0	0.0	0.0	0.0	0.0	0.0
spe	643	642	1460.61	1315.1	1387.855	1604.84	1316.38	1468.25	1161.95	1383.395
hgt	738	728	2317.13	1980.89	2149.01	2529.7	2104.56	2218.53	1743.25	2136.475
los	None	dead	0.0	0.0	0.0	0.0	0.0	0.0	0.0	0.0
spe	738	728	2317.13	1980.89	2149.01	2529.7	2104.56	2218.53	1743.25	2136.475
spe	728	727	1980.89	1736.985	1858.9375	2218.53	1743.25	1988.09	1485.88	1852.205
los	727	GCA.001803815.1.Bacteria.Nitrospirota	1736.985	0.0	868.4925	1988.09	1485.88	0.0	0.0	994.045
spe	728	724	1980.89	1584.32	1782.605	2218.53	1743.25	1849.0	1319.64	1769.085
los	724	GCA.001914955.1.Bacteria.Nitrospirota	1584.32	0.0	792.16	1849.0	1319.64	0.0	0.0	924.5
spe	178	177	3099.385	2898.43	2998.9075	3251.39	2947.38	3033.18	2763.68	3007.535
spe	177	95	2898.43	2719.62	2809.025	3033.18	2763.68	2867.1	2572.14	2802.66
hgt	None	dead	0.0	0.0	0.0	0.0	0.0	0.0	0.0	0.0
hgt	1068	GCA.002428295.1.Bacteria.Caldisericota	1762.385	0.0	881.1925	2070.1	1454.67	0.0	0.0	1035.05
los	None	dead	0.0	0.0	0.0	0.0	0.0	0.0	0.0	0.0
hgt	None	dead	0.0	0.0	0.0	0.0	0.0	0.0	0.0	0.0
hgt	113	GCA.002255025.1.Archaea.Thermoproteota	1818.745	0.0	909.3725	2020.8	1616.69	0.0	0.0	1010.4
los	None	dead	0.0	0.0	0.0	0.0	0.0	0.0	0.0	0.0
spe	95	39	2719.62	2491.15	2605.385	2867.1	2572.14	2670.09	2312.21	2589.655
spe	39	38	2491.15	2097.27	2294.21	2670.09	2312.21	2336.37	1858.17	2264.13
los	38	GCA.001515205.2.Archaea.Hadarchaeota	2097.27	0.0	1048.635	2336.37	1858.17	0.0	0.0	1168.185
spe	39	35	2491.15	2226.53	2358.84	2670.09	2312.21	2455.5	1997.56	2333.825
hgt	143	GCA.001940655.1.Archaea.Asgardarchaeota	2114.17	0.0	1057.085	2330.65	1897.69	0.0	0.0	1165.325
los	35	GCF.002201895.1.Archaea.Euryarchaeota	2226.53	0.0	1113.265	2455.5	1997.56	0.0	0.0	1227.75
spe	95	94	2719.62	2684.395	2702.0075	2867.1	2572.14	2833.14	2535.65	2701.375
hgt	None	dead	0.0	0.0	0.0	0.0	0.0	0.0	0.0	0.0
hgt	137	GCA.002255045.1.Archaea.Thermoproteota	2115.72	0.0	1057.86	2294.19	1937.25	0.0	0.0	1147.095
los	None	dead	0.0	0.0	0.0	0.0	0.0	0.0	0.0	0.0
hgt	None	dead	0.0	0.0	0.0	0.0	0.0	0.0	0.0	0.0
dup	None	dead	0.0	0.0	0.0	0.0	0.0	0.0	0.0	0.0
dup	None	dead	0.0	0.0	0.0	0.0	0.0	0.0	0.0	0.0
hgt	65	GCA.001800745.1.Archaea.Thermoplasmatota	1254.445	0.0	627.2225	1446.91	1061.98	0.0	0.0	723.455
los	None	dead	0.0	0.0	0.0	0.0	0.0	0.0	0.0	0.0
hgt	1116	GCA.002898575.1.Bacteria.Armatimonadota	2323.38	0.0	1161.69	2645.15	2001.61	0.0	0.0	1322.575
los	None	dead	0.0	0.0	0.0	0.0	0.0	0.0	0.0	0.0
dup	None	dead	0.0	0.0	0.0	0.0	0.0	0.0	0.0	0.0
hgt	1426	GCF.001953175.1.Bacteria.Chloroflexota	2179.07	0.0	1089.535	2402.77	1955.37	0.0	0.0	1201.385
los	None	dead	0.0	0.0	0.0	0.0	0.0	0.0	0.0	0.0
dup	None	dead	0.0	0.0	0.0	0.0	0.0	0.0	0.0	0.0
hgt	681	GCA.002712885.1.Bacteria.Acidobacteriota	1875.565	0.0	937.7825	2076.39	1674.74	0.0	0.0	1038.195
los	None	dead	0.0	0.0	0.0	0.0	0.0	0.0	0.0	0.0
hgt	741	GCA.001771285.1.Bacteria.Methylomirabilota	2052.975	0.0	1026.4875	2337.08	1768.87	0.0	0.0	1168.54
los	None	dead	0.0	0.0	0.0	0.0	0.0	0.0	0.0	0.0
spe	94	93	2684.395	2518.68	2601.5375	2833.14	2535.65	2671.84	2365.52	2599.33
hgt	32	26	2666.455	482.601	1574.528	2880.09	2452.82	673.097	292.105	1586.0975
spe	32	26	2666.455	482.601	1574.528	2880.09	2452.82	673.097	292.105	1586.0975
spe	93	92	2518.68	2403.395	2461.0375	2671.84	2365.52	2557.42	2249.37	2460.605
los	92	91	2403.395	2116.885	2260.14	2557.42	2249.37	2292.27	1941.5	2249.46
spe	92	70	2403.395	2001.665	2202.53	2557.42	2249.37	2168.39	1834.94	2196.18
los	70	69	2001.665	1843.005	1922.335	2168.39	1834.94	2013.01	1673.0	1920.695
spe	70	54	2001.665	1859.245	1930.455	2168.39	1834.94	2034.77	1683.72	1926.055
spe	54	48	1859.245	1706.4	1782.8225	2034.77	1683.72	1899.92	1512.88	1773.825
los	48	GCA.003009755.1.Archaea.Thermoplasmatota	1706.4	0.0	853.2	1899.92	1512.88	0.0	0.0	949.96
spe	48	47	1706.4	1547.68	1627.04	1899.92	1512.88	1769.19	1326.17	1613.045
spe	54	53	1859.245	1535.695	1697.47	2034.77	1683.72	1730.95	1340.44	1687.605
hgt	None	dead	0.0	0.0	0.0	0.0	0.0	0.0	0.0	0.0
los	53	52	1535.695	1285.845	1410.77	1730.95	1340.44	1493.85	1077.84	1404.395
hgt	116	GCA.001774245.1.Archaea.Thermoproteota	1076.3105	0.0	538.15525	1309.64	842.981	0.0	0.0	654.82
los	None	dead	0.0	0.0	0.0	0.0	0.0	0.0	0.0	0.0
hgt	176	140	2700.395	2557.41	2628.9025	2833.76	2567.03	2699.59	2415.23	2624.495
spe	94	42	2684.395	2229.015	2456.705	2833.14	2535.65	2495.46	1962.57	2397.855
hgt	38	GCA.001515205.2.Archaea.Hadarchaeota	2097.27	0.0	1048.635	2336.37	1858.17	0.0	0.0	1168.185
hgt	400	GCA.002707655.1.Bacteria.SAR324	2337.685	0.0	1168.8425	2593.16	2082.21	0.0	0.0	1296.58
hgt	837	GCA.001768075.1.Bacteria.Myxococcota	1589.61	0.0	794.805	1791.58	1387.64	0.0	0.0	895.79
los	42	GCA.002502135.1.Archaea.Undinarchaeota	2229.015	0.0	1114.5075	2495.46	1962.57	0.0	0.0	1247.73
spe	176	140	2700.395	2557.41	2628.9025	2833.76	2567.03	2699.59	2415.23	2624.495
hgt	86	84	1362.965	1194.24	1278.6025	1547.03	1178.9	1377.79	1010.69	1278.86
spe	86	84	1362.965	1194.24	1278.6025	1547.03	1178.9	1377.79	1010.69	1278.86
hgt	74	GCA.002011165.1.Archaea.Halobacteriota	1703.245	0.0	851.6225	1896.74	1509.75	0.0	0.0	948.37
hgt	80	GCF.002114285.1.Archaea.Halobacteriota	1389.95	0.0	694.975	1591.35	1188.55	0.0	0.0	795.675
hgt	91	GCA.003034855.1.Archaea.Halobacteriota	2116.885	0.0	1058.4425	2292.27	1941.5	0.0	0.0	1146.135
hgt	None	dead	0.0	0.0	0.0	0.0	0.0	0.0	0.0	0.0
hgt	118	GCA.001593855.1.Archaea.Thermoproteota	1695.4	0.0	847.7	1909.26	1481.54	0.0	0.0	954.63
los	None	dead	0.0	0.0	0.0	0.0	0.0	0.0	0.0	0.0
hgt	None	dead	0.0	0.0	0.0	0.0	0.0	0.0	0.0	0.0
hgt	174	GCA.001940665.1.Archaea.Asgardarchaeota	2507.51	0.0	1253.755	2637.51	2377.51	0.0	0.0	1318.755
spe	140	139	2557.41	2461.325	2509.3675	2699.59	2415.23	2602.59	2320.06	2509.825
spe	139	109	2461.325	2207.27	2334.2975	2602.59	2320.06	2374.56	2039.98	2321.285
los	109	103	2207.27	1834.935	2021.1025	2374.56	2039.98	2030.26	1639.61	2007.085
spe	109	108	2207.27	1901.755	2054.5125	2374.56	2039.98	2111.5	1692.01	2033.285
spe	108	107	1901.755	1609.36	1755.5575	2111.5	1692.01	1848.64	1370.08	1740.79
los	107	GCA.003019535.1.Archaea.Thermoproteota	1609.36	0.0	804.68	1848.64	1370.08	0.0	0.0	924.32
spe	139	138	2461.325	2340.985	2401.155	2602.59	2320.06	2491.84	2190.13	2396.36
hgt	None	dead	0.0	0.0	0.0	0.0	0.0	0.0	0.0	0.0
los	138	124	2340.985	2144.515	2242.75	2491.84	2190.13	2314.43	1974.6	2233.22
hgt	150	GCA.001940645.1.Archaea.Asgardarchaeota	1673.05	0.0	836.525	1896.3	1449.8	0.0	0.0	948.15
los	None	dead	0.0	0.0	0.0	0.0	0.0	0.0	0.0	0.0
spe	138	137	2340.985	2115.72	2228.3525	2491.84	2190.13	2294.19	1937.25	2214.545
los	137	GCA.002255045.1.Archaea.Thermoproteota	2115.72	0.0	1057.86	2294.19	1937.25	0.0	0.0	1147.095
spe	137	136	2115.72	1983.8	2049.76	2294.19	1937.25	2174.3	1793.3	2043.745
los	136	GCA.000375685.1.Archaea.Thermoproteota	1983.8	0.0	991.9	2174.3	1793.3	0.0	0.0	1087.15
spe	136	134	1983.8	1773.37	1878.585	2174.3	1793.3	1966.71	1580.03	1877.165
spe	134	133	1773.37	1545.885	1659.6275	1966.71	1580.03	1756.6	1335.17	1650.94
hgt	59	GCA.002878135.1.Archaea.Thermoplasmatota	1280.64	0.0	640.32	1473.77	1087.51	0.0	0.0	736.885
los	133	GCA.002506605.1.Archaea.Thermoproteota	1545.885	0.0	772.9425	1756.6	1335.17	0.0	0.0	878.3
hgt	113	GCA.001593865.1.Archaea.Thermoproteota	1818.745	0.0	909.3725	2020.8	1616.69	0.0	0.0	1010.4
spe	134	130	1773.37	1634.235	1703.8025	1966.71	1580.03	1841.07	1427.4	1697.055
hgt	99	GCF.000092185.1.Archaea.Thermoproteota	1407.615	0.0	703.8075	1615.68	1199.55	0.0	0.0	807.84
los	130	GCA.001510295.1.Archaea.Thermoproteota	1634.235	0.0	817.1175	1841.07	1427.4	0.0	0.0	920.535
spe	130	128	1634.235	786.4855	1210.36025	1841.07	1427.4	988.339	584.632	1212.851
hgt	93	GCF.000025525.1.Archaea.Methanobacteriota.A	2518.68	0.0	1259.34	2671.84	2365.52	0.0	0.0	1335.92
hgt	91	90	2116.885	1918.545	2017.715	2292.27	1941.5	2091.75	1745.34	2018.805
los	None	dead	0.0	0.0	0.0	0.0	0.0	0.0	0.0	0.0
spe	91	90	2116.885	1918.545	2017.715	2292.27	1941.5	2091.75	1745.34	2018.805
spe	90	74	1918.545	1703.245	1810.895	2091.75	1745.34	1896.74	1509.75	1800.75
los	74	GCA.002011165.1.Archaea.Halobacteriota	1703.245	0.0	851.6225	1896.74	1509.75	0.0	0.0	948.37
spe	90	89	1918.545	1761.97	1840.2575	2091.75	1745.34	1945.96	1577.98	1834.865
los	89	88	1761.97	1623.18	1692.575	1945.96	1577.98	1801.29	1445.07	1695.515
spe	89	77	1761.97	1438.885	1600.4275	1945.96	1577.98	1634.55	1243.22	1594.59
hgt	121	GCA.001775995.1.Archaea.Thermoproteota	1500.96	0.0	750.48	1721.42	1280.5	0.0	0.0	860.71
hgt	31	GCA.001723855.1.Archaea.Altiarchaeota	2249.94	0.0	1124.97	2519.52	1980.36	0.0	0.0	1259.76
hgt	147	GCA.001940725.1.Archaea.Asgardarchaeota	1821.225	0.0	910.6125	2036.11	1606.34	0.0	0.0	1018.055
hgt	None	dead	0.0	0.0	0.0	0.0	0.0	0.0	0.0	0.0
hgt	31	GCA.001723855.1.Archaea.Altiarchaeota	2249.94	0.0	1124.97	2519.52	1980.36	0.0	0.0	1259.76
los	None	dead	0.0	0.0	0.0	0.0	0.0	0.0	0.0	0.0
hgt	None	dead	0.0	0.0	0.0	0.0	0.0	0.0	0.0	0.0
hgt	90	89	1918.545	1761.97	1840.2575	2091.75	1745.34	1945.96	1577.98	1834.865
los	None	dead	0.0	0.0	0.0	0.0	0.0	0.0	0.0	0.0
spe	90	89	1918.545	1761.97	1840.2575	2091.75	1745.34	1945.96	1577.98	1834.865
spe	89	77	1761.97	1438.885	1600.4275	1945.96	1577.98	1634.55	1243.22	1594.59
hgt	400	GCA.002707655.1.Bacteria.SAR324	2337.685	0.0	1168.8425	2593.16	2082.21	0.0	0.0	1296.58
hgt	74	GCA.002011165.1.Archaea.Halobacteriota	1703.245	0.0	851.6225	1896.74	1509.75	0.0	0.0	948.37
spe	89	88	1761.97	1623.18	1692.575	1945.96	1577.98	1801.29	1445.07	1695.515
spe	88	87	1623.18	1522.785	1572.9825	1801.29	1445.07	1701.29	1344.28	1572.785
los	87	86	1522.785	1362.965	1442.875	1701.29	1344.28	1547.03	1178.9	1440.095
hgt	None	dead	0.0	0.0	0.0	0.0	0.0	0.0	0.0	0.0
hgt	84	GCF.000970205.1.Archaea.Halobacteriota	1194.24	0.0	597.12	1377.79	1010.69	0.0	0.0	688.895
los	None	dead	0.0	0.0	0.0	0.0	0.0	0.0	0.0	0.0
hgt	None	dead	0.0	0.0	0.0	0.0	0.0	0.0	0.0	0.0
hgt	84	GCF.000011005.1.Archaea.Euryarchaeota	1194.24	0.0	597.12	1377.79	1010.69	0.0	0.0	688.895
los	None	dead	0.0	0.0	0.0	0.0	0.0	0.0	0.0	0.0
spe	88	80	1623.18	1389.95	1506.565	1801.29	1445.07	1591.35	1188.55	1494.92
hgt	91	GCA.003034855.1.Archaea.Halobacteriota	2116.885	0.0	1058.4425	2292.27	1941.5	0.0	0.0	1146.135
hgt	326	GCF.900129635.1.Bacteria.Planctomycetota	1183.194	0.0	591.597	1405.44	960.948	0.0	0.0	702.72
hgt	837	GCA.001768075.1.Bacteria.Myxococcota	1589.61	0.0	794.805	1791.58	1387.64	0.0	0.0	895.79
spe	177	176	2898.43	2700.395	2799.4125	3033.18	2763.68	2833.76	2567.03	2800.105
spe	176	140	2700.395	2557.41	2628.9025	2833.76	2567.03	2699.59	2415.23	2624.495
spe	140	139	2557.41	2461.325	2509.3675	2699.59	2415.23	2602.59	2320.06	2509.825
los	139	109	2461.325	2207.27	2334.2975	2602.59	2320.06	2374.56	2039.98	2321.285
spe	139	138	2461.325	2340.985	2401.155	2602.59	2320.06	2491.84	2190.13	2396.36
los	138	137	2340.985	2115.72	2228.3525	2491.84	2190.13	2294.19	1937.25	2214.545
spe	138	124	2340.985	2144.515	2242.75	2491.84	2190.13	2314.43	1974.6	2233.22
los	124	GCA.002495485.1.Archaea.Thermoproteota	2144.515	0.0	1072.2575	2314.43	1974.6	0.0	0.0	1157.215
spe	124	123	2144.515	2043.585	2094.05	2314.43	1974.6	2216.58	1870.59	2092.51
spe	123	113	2043.585	1818.745	1931.165	2216.58	1870.59	2020.8	1616.69	1916.635
hgt	101	99	1617.2	1407.615	1512.4075	1821.11	1413.29	1615.68	1199.55	1510.33
hgt	133	GCA.000405685.1.Archaea.Thermoproteota	1545.885	0.0	772.9425	1756.6	1335.17	0.0	0.0	878.3
hgt	108	GCF.000148385.1.Archaea.Thermoproteota	1901.755	0.0	950.8775	2111.5	1692.01	0.0	0.0	1055.75
hgt	59	GCA.002878135.1.Archaea.Thermoplasmatota	1280.64	0.0	640.32	1473.77	1087.51	0.0	0.0	736.885
hgt	107	GCA.001717025.1.Archaea.Thermoproteota	1609.36	0.0	804.68	1848.64	1370.08	0.0	0.0	924.32
spe	101	99	1617.2	1407.615	1512.4075	1821.11	1413.29	1615.68	1199.55	1510.33
hgt	147	GCA.001940725.1.Archaea.Asgardarchaeota	1821.225	0.0	910.6125	2036.11	1606.34	0.0	0.0	1018.055
hgt	None	dead	0.0	0.0	0.0	0.0	0.0	0.0	0.0	0.0
hgt	130	128	1634.235	786.4855	1210.36025	1841.07	1427.4	988.339	584.632	1212.851
los	None	dead	0.0	0.0	0.0	0.0	0.0	0.0	0.0	0.0
spe	130	128	1634.235	786.4855	1210.36025	1841.07	1427.4	988.339	584.632	1212.851
hgt	None	dead	0.0	0.0	0.0	0.0	0.0	0.0	0.0	0.0
hgt	74	GCF.000194625.1.Archaea.Halobacteriota	1703.245	0.0	851.6225	1896.74	1509.75	0.0	0.0	948.37
los	None	dead	0.0	0.0	0.0	0.0	0.0	0.0	0.0	0.0
spe	123	122	2043.585	1894.935	1969.26	2216.58	1870.59	2081.81	1708.06	1962.32
spe	122	121	1894.935	1500.96	1697.9475	2081.81	1708.06	1721.42	1280.5	1681.155
los	121	GCA.001273335.1.Archaea.Thermoproteota	1500.96	0.0	750.48	1721.42	1280.5	0.0	0.0	860.71
spe	122	118	1894.935	1695.4	1795.1675	2081.81	1708.06	1909.26	1481.54	1781.675
los	118	116	1695.4	1076.3105	1385.85525	1909.26	1481.54	1309.64	842.981	1376.1205
spe	176	175	2700.395	2596.565	2648.48	2833.76	2567.03	2729.77	2463.36	2648.56
hgt	None	dead	0.0	0.0	0.0	0.0	0.0	0.0	0.0	0.0
hgt	60	GCF.002078355.1.Archaea.Thermoplasmatota	1520.155	0.0	760.0775	1712.05	1328.26	0.0	0.0	856.025
los	None	dead	0.0	0.0	0.0	0.0	0.0	0.0	0.0	0.0
hgt	93	GCF.000025525.1.Archaea.Methanobacteriota.A	2518.68	0.0	1259.34	2671.84	2365.52	0.0	0.0	1335.92
spe	175	174	2596.565	2507.51	2552.0375	2729.77	2463.36	2637.51	2377.51	2553.64
spe	174	173	2507.51	2412.845	2460.1775	2637.51	2377.51	2537.94	2287.75	2462.63
los	173	172	2412.845	1503.255	1958.05	2537.94	2287.75	1606.54	1399.97	1968.955
spe	173	151	2412.845	2246.95	2329.8975	2537.94	2287.75	2387.45	2106.45	2322.195
los	151	150	2246.95	1673.05	1960.0	2387.45	2106.45	1896.3	1449.8	1918.625
spe	151	147	2246.95	1821.225	2034.0875	2387.45	2106.45	2036.11	1606.34	1996.895
los	147	GCA.001940755.1.Archaea.Asgardarchaeota	1821.225	0.0	910.6125	2036.11	1606.34	0.0	0.0	1018.055
hgt	95	39	2719.62	2491.15	2605.385	2867.1	2572.14	2670.09	2312.21	2589.655
spe	95	39	2719.62	2491.15	2605.385	2867.1	2572.14	2670.09	2312.21	2589.655
spe	39	35	2491.15	2226.53	2358.84	2670.09	2312.21	2455.5	1997.56	2333.825
los	35	GCF.002201895.1.Archaea.Euryarchaeota	2226.53	0.0	1113.265	2455.5	1997.56	0.0	0.0	1227.75
spe	39	38	2491.15	2097.27	2294.21	2670.09	2312.21	2336.37	1858.17	2264.13
los	38	GCA.001515205.2.Archaea.Hadarchaeota	2097.27	0.0	1048.635	2336.37	1858.17	0.0	0.0	1168.185
spe	175	143	2596.565	2114.17	2355.3675	2729.77	2463.36	2330.65	1897.69	2313.73
hgt	31	GCA.001723855.1.Archaea.Altiarchaeota	2249.94	0.0	1124.97	2519.52	1980.36	0.0	0.0	1259.76
los	143	GCA.001563325.1.Archaea.Asgardarchaeota	2114.17	0.0	1057.085	2330.65	1897.69	0.0	0.0	1165.325
hgt	38	GCA.001515205.2.Archaea.Hadarchaeota	2097.27	0.0	1048.635	2336.37	1858.17	0.0	0.0	1168.185
hgt	150	GCA.001940645.1.Archaea.Asgardarchaeota	1673.05	0.0	836.525	1896.3	1449.8	0.0	0.0	948.15
hgt	60	GCF.002078355.1.Archaea.Thermoplasmatota	1520.155	0.0	760.0775	1712.05	1328.26	0.0	0.0	856.025
spe	1389	1237	2954.69	2499.645	2727.1675	3102.64	2806.74	2691.67	2307.62	2705.13
hgt	1385	1384	2448.17	2016.48	2232.325	2603.9	2292.44	2177.1	1855.86	2229.88
hgt	1325	1324	2206.925	2099.855	2153.39	2374.4	2039.45	2268.52	1931.19	2152.795
spe	1237	1221	2499.645	2008.115	2253.88	2691.67	2307.62	2274.35	1741.88	2216.775
hgt	1305	GCF.002207765.1.Bacteria.Firmicutes.B	1479.61	0.0	739.805	1675.63	1283.59	0.0	0.0	837.815
hgt	1285	1281	1310.93	1090.0515	1200.49075	1527.17	1094.69	1297.44	882.663	1204.9165
spe	1285	1281	1310.93	1090.0515	1200.49075	1527.17	1094.69	1297.44	882.663	1204.9165
spe	1281	1280	1090.0515	922.663	1006.35725	1297.44	882.663	1124.05	721.276	1009.358
los	1280	GCF.000430605.1.Bacteria.Firmicutes.C	922.663	0.0	461.3315	1124.05	721.276	0.0	0.0	562.025
dup	1280	GCF.900104455.1.Bacteria.Firmicutes.C	922.663	0.0	461.3315	1124.05	721.276	0.0	0.0	562.025
dup	1281	GCF.002257705.1.Bacteria.Firmicutes.C	1090.0515	0.0	545.02575	1297.44	882.663	0.0	0.0	648.72
spe	1325	1324	2206.925	2099.855	2153.39	2374.4	2039.45	2268.52	1931.19	2152.795
spe	1324	1308	2099.855	1873.47	1986.6625	2268.52	1931.19	2054.46	1692.48	1980.5
los	1308	1300	1873.47	1522.13	1697.8	2054.46	1692.48	1724.92	1319.34	1686.9
spe	1308	1307	1873.47	1657.525	1765.4975	2054.46	1692.48	1841.63	1473.42	1763.94
los	1307	1305	1657.525	1479.61	1568.5675	1841.63	1473.42	1675.63	1283.59	1562.61
spe	1324	1323	2099.855	2012.64	2056.2475	2268.52	1931.19	2185.24	1840.04	2054.28
spe	1323	1322	2012.64	1664.355	1838.4975	2185.24	1840.04	1866.79	1461.92	1823.58
hgt	1216	GCF.000020005.1.Bacteria.Firmicutes.D	2236.855	0.0	1118.4275	2504.52	1969.19	0.0	0.0	1252.26
los	1322	GCA.001512665.1.Bacteria.Firmicutes.B	1664.355	0.0	832.1775	1866.79	1461.92	0.0	0.0	933.395
hgt	1330	GCA.003444595.1.Bacteria.Firmicutes.D	1974.4	0.0	987.2	2194.26	1754.54	0.0	0.0	1097.13
hgt	1333	GCF.900111575.1.Bacteria.Firmicutes.D	2067.36	0.0	1033.68	2262.12	1872.6	0.0	0.0	1131.06
hgt	1300	GCF.000620305.1.Bacteria.Firmicutes.B	1522.13	0.0	761.065	1724.92	1319.34	0.0	0.0	862.46
hgt	1292	GCF.001950325.1.Bacteria.Firmicutes.B	1918.11	0.0	959.055	2144.78	1691.44	0.0	0.0	1072.39
spe	1323	1319	2012.64	1887.42	1950.03	2185.24	1840.04	2065.19	1709.65	1947.445
spe	1319	1318	1887.42	1776.335	1831.8775	2065.19	1709.65	1960.49	1592.18	1828.685
spe	1318	1317	1776.335	1176.776	1476.5555	1960.49	1592.18	1371.35	982.202	1471.346
hgt	1380	GCF.001049895.1.Bacteria.Firmicutes	1558.37	0.0	779.185	1715.02	1401.72	0.0	0.0	857.51
los	1317	GCA.002398485.1.Bacteria.Firmicutes.B	1176.776	0.0	588.388	1371.35	982.202	0.0	0.0	685.675
spe	1317	1315	1176.776	994.8405	1085.80825	1371.35	982.202	1191.01	798.671	1085.0105
hgt	880	GCA.001577715.1.Bacteria.Desulfobacterota	1499.355	0.0	749.6775	1702.42	1296.29	0.0	0.0	851.21
los	1315	GCA.002482535.1.Bacteria.Firmicutes.B	994.8405	0.0	497.42025	1191.01	798.671	0.0	0.0	595.505
hgt	None	dead	0.0	0.0	0.0	0.0	0.0	0.0	0.0	0.0
los	1318	1312	1776.335	1489.285	1632.81	1960.49	1592.18	1697.39	1281.18	1620.835
hgt	1285	1281	1310.93	1090.0515	1200.49075	1527.17	1094.69	1297.44	882.663	1204.9165
los	None	dead	0.0	0.0	0.0	0.0	0.0	0.0	0.0	0.0
spe	1285	1281	1310.93	1090.0515	1200.49075	1527.17	1094.69	1297.44	882.663	1204.9165
spe	1281	1280	1090.0515	922.663	1006.35725	1297.44	882.663	1124.05	721.276	1009.358
los	1280	GCF.900104455.1.Bacteria.Firmicutes.C	922.663	0.0	461.3315	1124.05	721.276	0.0	0.0	562.025
dup	1281	GCF.002257705.1.Bacteria.Firmicutes.C	1090.0515	0.0	545.02575	1297.44	882.663	0.0	0.0	648.72
dup	1281	GCF.002257705.1.Bacteria.Firmicutes.C	1090.0515	0.0	545.02575	1297.44	882.663	0.0	0.0	648.72
hgt	1375	GCF.000178255.1.Bacteria.Firmicutes	767.299	0.0	383.6495	885.979	648.619	0.0	0.0	442.9895
spe	1385	1384	2448.17	2016.48	2232.325	2603.9	2292.44	2177.1	1855.86	2229.88
spe	1384	1383	2016.48	1891.44	1953.96	2177.1	1855.86	2053.21	1729.67	1953.385
hgt	None	dead	0.0	0.0	0.0	0.0	0.0	0.0	0.0	0.0
spe	1383	1382	1891.44	1778.165	1834.8025	2053.21	1729.67	1935.03	1621.3	1837.255
spe	1382	1381	1778.165	1661.335	1719.75	1935.03	1621.3	1818.35	1504.32	1719.675
los	1381	1351	1661.335	1566.59	1613.9625	1818.35	1504.32	1730.15	1403.03	1610.69
spe	1381	1380	1661.335	1558.37	1609.8525	1818.35	1504.32	1715.02	1401.72	1610.035
spe	1380	1379	1558.37	1484.04	1521.205	1715.02	1401.72	1638.91	1329.17	1522.095
los	1379	1378	1484.04	1182.795	1333.4175	1638.91	1329.17	1325.65	1039.94	1339.425
spe	1379	1355	1484.04	1246.46	1365.25	1638.91	1329.17	1408.06	1084.86	1361.885
los	1355	GCF.000503775.1.Bacteria.Firmicutes	1246.46	0.0	623.23	1408.06	1084.86	0.0	0.0	704.03
spe	1382	1344	1778.165	1496.385	1637.275	1935.03	1621.3	1674.98	1317.79	1626.41
hgt	1360	GCF.002902625.1.Bacteria.Firmicutes	802.226	0.0	401.113	934.065	670.387	0.0	0.0	467.0325
los	1344	GCA.002159075.1.Bacteria.Firmicutes	1496.385	0.0	748.1925	1674.98	1317.79	0.0	0.0	837.49
dup	None	dead	0.0	0.0	0.0	0.0	0.0	0.0	0.0	0.0
hgt	1355	GCF.000503775.1.Bacteria.Firmicutes	1246.46	0.0	623.23	1408.06	1084.86	0.0	0.0	704.03
los	None	dead	0.0	0.0	0.0	0.0	0.0	0.0	0.0	0.0
hgt	1347	GCF.900099895.1.Bacteria.Firmicutes	1266.54	0.0	633.27	1442.62	1090.46	0.0	0.0	721.31
los	None	dead	0.0	0.0	0.0	0.0	0.0	0.0	0.0	0.0
spe	1383	1341	1891.44	1532.885	1712.1625	2053.21	1729.67	1733.11	1332.66	1692.935
hgt	1355	GCF.004522215.1.Bacteria.Firmicutes	1246.46	0.0	623.23	1408.06	1084.86	0.0	0.0	704.03
hgt	1347	GCF.900099895.1.Bacteria.Firmicutes	1266.54	0.0	633.27	1442.62	1090.46	0.0	0.0	721.31
los	1341	GCF.001653195.1.Bacteria.Firmicutes	1532.885	0.0	766.4425	1733.11	1332.66	0.0	0.0	866.555
spe	1384	1338	2016.48	1582.81	1799.645	2177.1	1855.86	1773.63	1391.99	1784.545
hgt	1350	GCF.001742305.1.Bacteria.Firmicutes	1380.55	0.0	690.275	1557.96	1203.14	0.0	0.0	778.98
spe	1338	1337	1582.81	1327.38	1455.095	1773.63	1391.99	1542.2	1112.56	1443.095
hgt	1191	GCA.002408345.1.Bacteria.Firmicutes.G	2182.46	0.0	1091.23	2502.41	1862.51	0.0	0.0	1251.205
los	1337	GCF.001399675.1.Bacteria.Firmicutes	1327.38	0.0	663.69	1542.2	1112.56	0.0	0.0	771.1
hgt	1341	GCF.001653195.1.Bacteria.Firmicutes	1532.885	0.0	766.4425	1733.11	1332.66	0.0	0.0	866.555
dup	1341	GCF.001653195.1.Bacteria.Firmicutes	1532.885	0.0	766.4425	1733.11	1332.66	0.0	0.0	866.555
spe	1237	1236	2499.645	2327.67	2413.6575	2691.67	2307.62	2536.63	2118.71	2405.19
los	1236	1235	2327.67	2052.91	2190.29	2536.63	2118.71	2283.89	1821.93	2179.28
spe	1236	1228	2327.67	2160.575	2244.1225	2536.63	2118.71	2393.31	1927.84	2232.235
spe	1228	1227	2160.575	1913.92	2037.2475	2393.31	1927.84	2160.15	1667.69	2030.5
los	1227	1226	1913.92	1761.44	1837.68	2160.15	1667.69	2030.25	1492.63	1826.39
hgt	1004	GCA.002791595.1.Bacteria.Zixibacteria	1471.43	0.0	735.715	1709.05	1233.81	0.0	0.0	854.525
hgt	1284	GCF.001553315.1.Bacteria.Firmicutes.C	1020.5295	0.0	510.26475	1232.09	808.969	0.0	0.0	616.045
hgt	1645	GCF.000212395.1.Bacteria.Thermodesulfobiota	3083.735	0.0	1541.8675	3307.6	2859.87	0.0	0.0	1653.8
hgt	None	dead	0.0	0.0	0.0	0.0	0.0	0.0	0.0	0.0
hgt	None	dead	0.0	0.0	0.0	0.0	0.0	0.0	0.0	0.0
hgt	1063	GCA.002878315.1.Bacteria.Thermotogota	1761.17	0.0	880.585	2059.15	1463.19	0.0	0.0	1029.575
los	None	dead	0.0	0.0	0.0	0.0	0.0	0.0	0.0	0.0
dup	1063	GCA.002878315.1.Bacteria.Thermotogota	1761.17	0.0	880.585	2059.15	1463.19	0.0	0.0	1029.575
spe	1657	1656	3284.32	3020.24	3152.28	3430.31	3138.33	3214.58	2825.9	3128.105
spe	1656	1655	3020.24	2252.155	2636.1975	3214.58	2825.9	2572.62	1931.69	2573.135
los	1655	GCA.001771365.1.Bacteria.Margulisbacteria	2252.155	0.0	1126.0775	2572.62	1931.69	0.0	0.0	1286.31
spe	1656	1652	3020.24	2447.44	2733.84	3214.58	2825.9	2734.05	2160.83	2687.705
spe	1652	1651	2447.44	2128.215	2287.8275	2734.05	2160.83	2447.17	1809.26	2271.655
hgt	183	GCA.002402105.1.Bacteria.UBP17	2942.325	0.0	1471.1625	3395.25	2489.4	0.0	0.0	1697.625
los	1651	GCA.001783275.1.Bacteria.Margulisbacteria	2128.215	0.0	1064.1075	2447.17	1809.26	0.0	0.0	1223.585
hgt	370	GCF.000092845.1.Bacteria.Spirochaetota	2080.07	0.0	1040.035	2365.12	1795.02	0.0	0.0	1182.56
hgt	941	GCA.003477045.1.Bacteria.Delongbacteria	2279.38	0.0	1139.69	2492.79	2065.97	0.0	0.0	1246.395
los	1652	1648	2447.44	1832.07	2139.755	2734.05	2160.83	2165.77	1498.37	2116.21
dup	None	dead	0.0	0.0	0.0	0.0	0.0	0.0	0.0	0.0
hgt	674	GCA.002747255.1.Bacteria.Acidobacteriota	1880.64	0.0	940.32	2129.25	1632.03	0.0	0.0	1064.625
los	None	dead	0.0	0.0	0.0	0.0	0.0	0.0	0.0	0.0
hgt	1006	1004	1667.645	1471.43	1569.5375	1902.27	1433.02	1709.05	1233.81	1568.04
los	None	dead	0.0	0.0	0.0	0.0	0.0	0.0	0.0	0.0
spe	1006	1004	1667.645	1471.43	1569.5375	1902.27	1433.02	1709.05	1233.81	1568.04
hgt	940	GCA.002127415.1.Bacteria.AABM5.125.24	1851.48	0.0	925.74	2096.71	1606.25	0.0	0.0	1048.355
hgt	396	395	2591.83	1495.105	2043.4675	2803.16	2380.5	1791.3	1198.91	2001.035
hgt	660	659	2520.845	1438.4	1979.6225	2755.25	2286.44	1756.87	1119.93	1937.59
hgt	853	GCA.003232385.1.Bacteria.SZUA.79	2005.945	0.0	1002.9725	2253.28	1758.61	0.0	0.0	1126.64
spe	660	659	2520.845	1438.4	1979.6225	2755.25	2286.44	1756.87	1119.93	1937.59
spe	396	395	2591.83	1495.105	2043.4675	2803.16	2380.5	1791.3	1198.91	2001.035
